bnum,gene,gen,Glucose,LB,Glucosamine,Glycerol,Xylose,Succinate,Mannose,Galactose,Fructose,Acetate,Pyruvate
b4053,alr,alr,0.0009455096618765,0.0009452857287286,0.0007556103543809,0.0004752577083561,0.0010334403881441,0.0006056153536984,0.0004754634781654,0.000530784997613,0.0007984262534327,0.0011044553794019,0.0008531184806688
b3639,dfp,coaB,0.0181573018227195,0.0429175637705855,0.0248352258880158,0.0176901701443781,0.0192031674453528,0.01324455768923,0.0163542104311445,0.0132362136261151,0.0204231383991447,0.0160876359345569,0.0308839320382434
b0006,yaaA,yaaA,0.0394218757232158,0.0542138928843099,0.0366360342500764,0.0293987411844633,0.0361931413828884,0.0263849447912585,0.0319344477418194,0.0189811627578302,0.0409915728444795,0.021173247561512,0.0279629762714129
b0886,cydC,cydC,0.0080225340468566,0.0165506576207511,0.0107464667205441,0.010724418542259,0.007274686972182,0.0064227885691942,0.0072571545624367,0.0048676173904535,0.0114941372902468,0.00538059891632,0.0107736190269517
b2470,acrD,acrD,0.0001695988582126,3.60494899764643e-05,5.90546412955574e-05,0.0003647419122306,0.0002581604154146,8.82873412005372e-05,5.9641299320805e-07,5.86253309094448e-05,0.0002520191946673,0.0002600680381861,0.0005465708976149
b2516,rodZ,rodZ,0.0926474845662907,0.123108873572567,0.0854346564761261,0.0915689614760092,0.103792673351646,0.0973913003784936,0.095831014947046,0.0993388496774643,0.112427241296735,0.0610542181357436,0.0977082557461147
b3126,garL,garL,0.0001497052147437,0.0109586562320855,0.0002227840258482,0.0004973087303453,5.89414228065589e-05,0.000352653560054,0.000247321300845,0.0001857382157099,0.0003701570662259,0.0003569089686785,0.000181295665568
b3187,ispB,ispB,0.0047941579285541,0.0057653484623197,0.0049992517663636,0.0034718287840004,0.002970876966715,0.0028431648041417,0.0031337040507597,0.001884572424684,0.0032333957703899,0.0037855784000223,0.0043551767182165
b3912,cpxR,cpxR,0.0407311791483073,0.03817346730725,0.0375665070204535,0.0342034422859123,0.0438531116299822,0.0480704125453407,0.0484391448216524,0.0593845640619255,0.0499135011342198,0.0416253968835923,0.0499929781314349
b4352,yjiA,yjiA,0.0097449153279357,0.0266466030385378,0.0149367742366348,0.0159307852665649,0.0120286554848696,0.0136617155414774,0.0136372604689035,0.0097153601162307,0.0128734379830269,0.0123694169831502,0.031955848110404
b4015,aceA,aceA,2.22094172766522,1.20481460428042,6.9330967771186,5.90510523086276,2.21031082857314,9.58130836334876,10.9564884732684,15.4497149312486,2.62688054211552,19.1352831582075,3.84091173235243
b4014,aceB,aceB,0.439226677645509,0.242137169399979,1.08965563079216,0.830771568506746,0.505726013772802,0.900736399725105,1.27247034916768,1.63068788824551,0.484122394904257,2.03485650581403,0.469997757561856
b0114,aceE,aceE,0.961555386271253,1.95461155707264,0.694257352966388,0.672533264173639,1.69379080340267,0.783641136778173,0.811060370135279,0.539617184159142,1.55671591692835,0.404363970391031,2.6113381569634
b0115,aceF,aceF,0.993200038750394,2.44984288836963,0.624555512660945,0.619483959432095,1.49440579575096,0.755587065260445,0.747221172841116,0.535948688031017,1.23234286837653,0.391088728443973,2.4047072627616
b4016,aceK,aceK,0.0003476814637877,0.0005940782496693,0.0045322844483916,0.0018137274366028,0.0005635695875934,0.0010366533211867,0.001393944124717,0.0029483146303464,0.0003350668915453,0.005301623216343,0.0009766700805414
b2296,ackA,ackA,0.219862487171862,0.618428965041023,0.148371289173699,0.185751401651839,0.359415111817718,0.245904246939781,0.264599397481143,0.214157279358063,0.34324843677211,0.104728815331917,0.594360515936539
b0902,pflA,pflA,0.008844482116486,0.0144663666520002,0.0073324321245709,0.0072080685646164,0.0057131814745328,0.0052434016951236,0.0057024348952136,0.0059261302239844,0.0057943196902403,0.0061908580665314,0.00642982280786
b1623,add,add,0.0152877299043347,0.0967843132616634,0.008554239333423,0.0123757643386601,0.0217992196885422,0.0146225837372878,0.0203466217413267,0.0361975183624512,0.0139582713393383,0.0071244074442746,0.0074795653268538
b1241,adhE,adhE,0.773707236197049,0.872679883792785,1.17399843692085,0.827061261123051,1.3383216527164,0.646311830627918,0.95331911798717,1.00859805621852,3.18893134920576,0.7193591717484,0.525098336817895
b0474,adk,adk,0.20662250581181,0.320677843527624,0.147959393888839,0.143717315629711,0.181601767202082,0.229888994765409,0.156954400430258,0.110793989015127,0.174324502598793,0.157713180912179,0.201338741654762
b1002,agp,agp,0.0379890869919288,0.103572516868989,0.0721374828104231,0.0643009345812079,0.049028745175999,0.0722064569397773,0.0939255581875869,0.120669178943639,0.0688829826182028,0.10460902759468,0.0688656862560878
b2697,alaS,alaS,0.310432407909553,0.518745562941896,0.265518857703363,0.272449152032553,0.380671072144292,0.290170951093867,0.283353724235541,0.201603481835212,0.416328131601926,0.180558670943041,0.294165928964116
b1415,aldA,aldA,0.303623915489003,0.973699313218112,1.48843146099985,1.42282544099454,0.519807675284795,2.34630661431591,2.65011269891494,2.48201465487039,0.822654748676016,1.49301163131429,2.37190528740003
b1300,puuC,puuC,0.0102472083918518,0.0038004629609323,0.014943387740355,0.0064095566384661,0.0083979770600942,0.0061887662902719,0.0326877053341637,0.0024058039104918,0.0146829208389431,0.0024750394954552,0.0051700092218513
b2212,alkB,alkB,0.0005382601792039,0.000203237936095,0.0002402513363662,0.000179669526496,,0.0001447407162004,,6.92393838941898e-05,,8.39879711619255e-05,0.0001961755169335
b1982,amn,amn,0.0381484518490659,0.0280014535859697,0.0392336854790894,0.0399644831709656,0.0475006010828965,0.0309069264728636,0.0356492913983417,0.031443314611046,0.0401261404606039,0.0352123931202643,0.0402708767543783
b4150,ampC,ampC,0.0013434973773736,0.0025634543267551,0.0009048166252934,0.000770487502875,0.0007013529667352,0.0006262949278914,0.0004766860491242,0.0003810196990599,0.0003579962175753,0.0005785954488801,0.0007549335379155
b0110,ampD,ampD,0.0056943108330671,0.0056412979577476,0.0098631938222083,0.0036119200146597,,0.0043831377642006,,0.0034249029738464,,0.0039894776298223,0.0041197630564103
b0111,ampE,ampE,0.0002191460015961,0.0005471652894477,0.0001291153933782,0.0001899695925693,1.01249298175343e-05,2.78217438268298e-05,2.70141296364991e-05,5.18373005150233e-06,2.10734548085998e-05,0.0003100723019566,0.0003691337106204
b4214,cysQ,cysQ,0.0413092646878792,0.0440936599731022,0.0481241921796952,0.0387895006594756,0.0310972305359623,0.0306646403367267,0.0416655722188761,0.0498333868306797,0.0329171587871181,0.0370706373533555,0.0377014006017018
b1739,osmE,osmE,0.0918219197904414,0.0658149346365845,0.120553731533354,0.105687837241654,0.107636489425899,0.0943566551888852,0.109597532650956,0.23359635925537,0.0616984208426,0.137084591710929,0.0750611014209827
b1767,ansA,ansA,0.0341093273718657,0.0387980873571421,0.0244843883508822,0.0192660503691987,0.0242383192838126,0.0192366460881062,0.0227731115022717,0.0155408581999146,0.0277470551047018,0.0172399272004453,0.0168338592213969
b2957,ansB,ansB,0.000287974126515,0.0039378501618976,0.0001124693928786,0.0001991578445677,0.0001573778437583,6.07601073256383e-05,9.2214519230905e-05,0.0001684461160244,7.34812694823211e-05,9.19746171356259e-05,0.0002104079692668
b0050,apaG,apaG,0.0002987106207515,0.0003808033598007,0.000449880230401,0.0003137805122803,0.0004256471912769,0.0002666757585657,0.0004705114533192,0.0004128777456448,0.0002376477918242,0.0004512639680598,0.0003671592080609
b0049,apaH,apaH,0.0029676239716599,0.0047708991175658,0.0021326217691177,0.0021205876950859,0.0021744399866145,0.0020728364691788,0.0020897486280575,0.0018655419067759,0.0016075574056339,0.0026204166389227,0.0023558883624287
b0980,appA,appA,0.0007091263202077,0.0011207378288191,0.0006413532328922,0.0004307761683524,0.0004273046707156,0.0004931565827036,0.0005059767533787,0.000670958497581,0.0005646600207127,0.0003970949668179,0.0005412818672083
b0469,apt,apt,0.100798093945558,0.209781958767523,0.0505122648591536,0.0588338286663415,0.0646915230939154,0.0480865823252989,0.0454537885929009,0.0223586195574182,0.0632454972242751,0.0320448040299083,0.0435803076543573
b1901,araF,araF,0.0020606748438234,0.0059350242185395,0.0081784574791333,0.0052364917101601,0.0052272654378376,0.0096157212931146,0.0104009827116843,0.0199574225100164,0.0017114692400582,0.0085434814102589,0.006410129698783
b4401,arcA,arcA,0.152412604989746,0.247305711584063,0.202893917955746,0.178516818462855,0.151085874118189,0.193038894898683,0.195472367759636,0.269834289602282,0.152210389960496,0.138399807452755,0.13573654141309
b3210,arcB,arcB,0.0072294654920508,0.0177463214779192,0.0094202018997136,0.0074138970057022,0.0094500538354459,0.008075508767199,0.0078806249512057,0.0072630213893214,0.0078954471263391,0.0080136759321678,0.0097329991281789
b2818,argA,argA,0.0271448942785919,0.0180839383301132,0.0161820828262217,0.0206798870528621,0.0222223941663247,0.0158299607322171,0.0191691584045557,0.0098213621087847,0.0260755657631265,0.0128409922799595,0.020105897331767
b3959,argB,argB,0.287850429833386,0.0182440547754134,0.153761585152821,0.174019122163839,0.165560208751438,0.163453285341031,0.159769270226799,0.124275202344379,0.247077518335385,0.105528499341231,0.175866971101102
b3958,argC,argC,0.102430353924505,0.0138016356604021,0.0576347991048619,0.0741054428080435,0.0938232329093242,0.062406840232443,0.0547821395921895,0.0484604271012999,0.0936283677351604,0.0496825375863787,0.0640826584458685
b3359,argD,argD,0.284532522504084,0.0375677057983572,0.189391680978601,0.165943982885636,0.151338722683893,0.146890579331269,0.144635439171396,0.209385195416475,0.212546950355507,0.112452899621638,0.180192718527333
b0273,argF,argF,0.0091239411770787,0.0006581972467189,0.0026771763051647,0.0031724163962234,0.0027456133264817,0.0022205166275551,0.002135187722551,0.0014611924856907,0.0032771336640918,0.0024249427167994,0.0019588533921857
b3172,argG,argG,0.689099682033355,0.0856982785585276,0.337901588935048,0.355543599809477,0.403450984675636,0.316745100761936,0.328064382184705,0.238393110681191,0.489588536445621,0.198068282158683,0.27659120101407
b4254,argI,argI,0.0492596192572928,0.0043402316151574,0.0208832277686292,0.0252905628445067,0.0325378251074491,0.0225545239044522,0.0221549645251428,0.017006876816427,0.0283474070137514,0.0205722186404143,0.0172089443126109
b3237,argR,argR,0.0182671055682812,0.0262280267701998,0.0158275837106135,0.0151297511637362,0.0171160438639726,0.0183443612492721,0.0168361945818103,0.0122725405282074,0.0170557538325543,0.0117629954813561,0.0248946007502683
b1876,argS,argS,0.101002029008712,0.156337011041093,0.0688010076788208,0.0700327799318679,0.0771344762057262,0.0697480689996246,0.0648463644735689,0.0575033444276549,0.0884802640103181,0.0477217265070129,0.0622383868612946
b2310,argT,argT,0.286020571342277,0.211380545768943,0.652294547332276,0.608975282293502,0.243421566077098,0.942704360380427,1.04211586182568,1.36773391422803,0.360819072116547,0.589583685360286,0.755256554463292
b0908,aroA,aroA,0.157246790720207,0.0503473617828793,0.098028544848015,0.0879968743184763,0.124888491849388,0.0696953337650166,0.06324489081275,0.0662140796946988,0.125708391823564,0.0487325714810496,0.0778135738909718
b3389,aroB,aroB,0.0196653483402835,0.0159778212516407,0.0153321223983119,0.0161539501823834,0.0178019796611476,0.0159466362252287,0.0166233163603027,0.0157296699849166,0.0167601159330297,0.0136998753024425,0.0174665300955566
b2329,aroC,aroC,0.0517960133689768,0.0304788449701892,0.0405404705338493,0.044765892814868,0.0542630625725116,0.0438645115683376,0.0383452469516218,0.0397773050967612,0.0502364444858979,0.0336089416111047,0.0414286834304831
b1693,aroD,aroD,0.0401363941657966,0.0216480601196486,0.0323136652587953,0.0274879633535284,0.0367259344648475,0.023820966511834,0.0260463395229083,0.0218882496508339,0.036093997425505,0.0195559373857125,0.0276561861804562
b3281,aroE,aroE,0.0059139492855725,0.0107946903481419,0.0054004516556405,0.0076055224356538,0.0078639970823092,0.0049175184873966,0.0044332830794992,0.0051701753194313,0.0080137089360997,0.0061034493569233,0.0056341430996182
b2601,aroF,aroF,0.133647428967509,0.0292323712075849,0.0705711458785734,0.127470884741493,0.0210660994999848,0.0829477128993601,0.0665970881931893,0.0717064289941544,0.217369742827,0.0916000083055532,0.273220943790979
b0754,aroG,aroG,0.421041707267065,0.108594317647882,0.262221734953715,0.227944517925451,0.477361805466218,0.228280543549654,0.21058584341217,0.200323408531394,0.427426453460404,0.173607002013828,0.165501839113594
b1704,aroH,aroH,0.0192796147564037,0.0112719371319315,0.0107581495494864,0.0106411650340359,0.0142098951031822,0.0120353360978973,0.0091806265559984,0.0095605096893032,0.0162980911950484,0.0063938777641194,0.0087552224817243
b3390,aroK,aroK,0.0684027097695457,0.103833517778936,0.0422343733374311,0.0395882068487186,0.048931567772544,0.0421255202862953,0.0404007959497033,0.0262136150113968,0.0503599375358755,0.0287494577983048,0.0342871022298319
b0388,aroL,aroL,0.0215846982900353,0.0113143012623356,0.0166734974109598,0.0113813930383085,0.0097891297464955,0.0132679354006607,0.0101583397256004,0.0082793501512026,0.0137830729553881,0.0128417746662149,0.0181189862561453
b0390,aroM,aroM,0.0044109258244626,0.0051317303449528,0.0043511366355457,0.0048939670797715,0.0038355286934431,0.0034229226408371,0.0059083359332852,0.0071095651190615,0.0040694347903231,0.0079565496838155,0.0041682857647401
b0112,aroP,aroP,0.0164711511193623,0.002063010137471,0.0127113779049641,0.0114481636543404,0.0057359369751815,0.0093279309243001,0.0078596716027061,0.0035632809690143,0.0112595097756456,0.0071685855347526,0.0091728938365901
b2714,ascG,ascG,0.0010187110763604,0.002716239742642,0.0020247089468483,0.001837922885548,,0.0012434716725276,,0.0008547376279223,,0.0008041559377925,0.0014443075090217
b3433,asd,asd,0.91400203584343,0.25551026315165,0.410601206595399,0.59345616668271,0.686765944381513,0.410770138037375,0.388858605856675,0.309103889483431,0.716368779584194,0.552441544991869,0.547365936573335
b3744,asnA,asnA,0.107349431093114,0.0365392979206218,0.0433122781720656,0.0504718781006251,0.0560785064362584,0.0356908038626633,0.0492674224927156,0.0220745221985142,0.074744469184457,0.032533423595413,0.0625917561554553
b0674,asnB,asnB,0.119957710222795,0.0861226634033112,0.102069782472715,0.123885311333585,0.126888719411884,0.0810621193793416,0.115282752287921,0.0716397758594436,0.160294791808006,0.101037709410952,0.135604696717687
b3743,asnC,asnC,0.0031947913182965,0.0032453999809733,0.0020685620366173,0.0014504018834146,,0.0016180140007548,,0.000906374001893,,0.0009773566388011,0.0012414119844394
b0930,asnS,asnS,0.482130445319709,0.50740618276012,0.349091215962602,0.346261886294146,0.423101444306908,0.350970609194574,0.364678250349459,0.254575259591722,0.4751648082455,0.277635250390572,0.304909635286568
b4139,aspA,aspA,0.0095678714004363,0.484458311329986,0.0327226127616131,0.0387836493580262,0.0228760802565311,0.0682169851926611,0.0586834228009625,0.0276274757254786,0.0191026456763783,0.0677728815080989,0.0478395458680547
b0928,aspC,aspC,0.504858536716953,0.299596857280183,0.657856371835704,0.628881755844055,0.721618641920183,0.717035935282097,0.624761508211538,0.48414785992027,0.662907178586363,0.567590638015684,0.593997939231397
b1866,aspS,aspS,0.248421084479008,0.476288253779406,0.191096313018719,0.200878363953182,0.300337350871392,0.215096331929333,0.22183023756206,0.152774536977554,0.283219638901257,0.164540793601525,0.175520344770506
b3734,atpA,atpA,1.33314910565895,2.19574581442701,1.73977765228076,1.64671004456703,1.51067456530645,1.83388770107141,1.56699540161403,1.07813882362301,1.74977997392384,1.01187163615009,1.77439387414951
b3738,atpB,atpB,0.0580560211321945,0.0945117337801438,0.0680980155409312,0.105975920440165,0.117548888727015,0.145896378052452,0.119905875033434,0.0794750104547112,0.160345870815657,0.038708757897448,0.158777004790915
b3731,atpC,atpC,0.252561718299835,0.383863584518145,0.286509325674474,0.299922323876562,0.258230599420553,0.282268796209415,0.281396376510865,0.175958744625806,0.319113790702069,0.178275907782895,0.322028778524542
b3732,atpD,atpD,2.01661953871896,3.54114751591118,2.10037854761462,2.20804597283156,1.984456279784,2.16097269767844,2.02691142094649,1.21107676234714,2.00494016411806,1.33710371973771,2.54903920132779
b3737,atpE,atpE,0.0039093971568419,0.0077199496256494,0.0049299416994846,0.0051422701531142,0.0044091895316988,0.0041879499887117,0.0043834101545813,0.0025801052810628,0.0047935501384278,0.0019785922152087,0.0050701778663173
b3736,atpF,atpF,0.257228558546404,0.398784806863285,0.261794236084252,0.284932951409306,0.262054118217622,0.253034836234495,0.245405193963001,0.150220070241793,0.262089497579176,0.15725885026933,0.322467718083059
b3733,atpG,atpG,0.120799886328469,0.199642498926986,0.118392781989573,0.126420373379926,0.109414173010177,0.115862741881666,0.112120384496167,0.0813359624859677,0.11781463096305,0.0858674353930784,0.145541386403155
b3735,atpH,atpH,0.246810406261766,0.380951999295916,0.26683758165947,0.254529727913714,0.255741573555646,0.2639776795996,0.234078960977074,0.169102379191407,0.281715701963272,0.182031625184468,0.295936294061806
b3572,avtA,avtA,0.0428674260954175,0.0296433767834064,0.0277847932205723,0.0287996641616798,0.0294757918821838,0.0212000936937024,0.0183462599580814,0.0192024588349074,0.0279457195250976,0.0281550548487021,0.0254660746814374
b2480,bcp,bcp,0.222033223347588,0.225590935133669,0.169291180631751,0.194763938191299,0.216105751181475,0.144692482711148,0.1547727871563,0.118138907927742,0.221687226645984,0.102902582234038,0.202001896686579
b0312,betB,betB,0.0074986105427448,0.0127655247547639,0.0038763735269516,0.0055320804057688,0.0058112091001739,0.0044731954657813,0.0061946128743388,0.0039553983966045,0.0079777614001845,0.0055665305192964,0.0034970755818315
b3336,bfr,bfr,0.104650969613858,0.0931870679790863,0.211634325695487,0.173272711666404,0.0667975606018888,0.147122168960966,0.229026865978594,0.298699116537758,0.0903311759339358,0.252330190179734,0.0907387594430211
b0774,bioA,bioA,0.0108837280020731,0.0026062184806096,0.0085609182043412,0.0071096940416095,0.0112815815011695,0.008309760972667,0.0072632906828294,0.0068208603476622,0.0078025819139507,0.0098073554651906,0.006519015284925
b0775,bioB,bioB,0.0234655367590593,0.0060266371572277,0.0089778284877528,0.0119419865467906,0.0126941437264297,0.0142558645711365,0.0079917720324147,0.0068759464621964,0.0155153622994633,0.0059794857837861,0.0046872574813359
b0777,bioC,bioC,0.0002893132079092,5.47774182110273e-05,0.0006283882879901,0.0006893346998036,,0.0004853733757248,,0.0001521501554795,,0.0001708258666943,0.0004814573926055
b0778,bioD,bioD,0.000174604588886,0.0004501013684679,0.0003150993765226,0.0001847208171169,0.0001653788919162,0.0004239672346311,0.0003714163921955,0.000353186452895,0.0003222626836797,9.52041546679497e-05,0.0001396084062964
b0776,bioF,bioF,0.0049761468953111,0.0067646738991854,0.0056133080033444,0.0057909281035264,0.0088691685589259,0.0051989812849419,0.006172859824531,0.0045465354045827,0.0076943206625898,0.006764512770695,0.0091558097290877
b3412,bioH,bioH,0.0032165954357068,0.0032015624976298,0.0010025679223537,0.0012494166950694,0.0012923355057261,0.0010948573250016,0.0008607765077034,0.0008801886074584,0.0014125815867751,0.0028617908386804,0.0016799392740916
b3973,birA,birA,0.0010929552428728,0.0021956349704456,0.0008742906608492,0.0009690635315076,0.0006120406563652,0.0011377395765276,0.0008976830480043,0.0007901886100856,0.001354772700302,0.0005020531312766,0.0012699868111093
b3551,bisC,bisC,0.0043890003296155,0.0019767738951264,0.0027015760341092,0.0034976685832252,0.0072081138049881,0.0036169805146257,0.0034114613462887,0.003383132692999,0.0063504843007688,0.0016739492339597,0.0025107628334798
b0435,bolA,bolA,0.0055511563872216,0.0147936645108709,0.0040137913690893,0.0045627001983948,0.0042326938624016,0.0023979473683592,0.002719306275434,0.002946373588707,0.0032860539275308,0.0028106665265212,0.00245747909382
b3966,btuB,btuB,0.0767439017090519,0.0944212843066625,0.0660296921551538,0.0570846933742313,0.0566590830821825,0.0575100196377981,0.0510415567073056,0.0292288059443565,0.0592225248583441,0.0494525868683117,0.0554519415995222
b1709,btuD,btuD,0.0028222869505814,0.0047446037271072,0.0031006584112949,0.0074840299222289,,0.0053658033591775,,0.0021735041399203,,0.0021141673626558,0.0020644597725531
b1710,btuE,btuE,0.0393073678756295,0.030194338749692,0.0439261773072944,0.0401957250979959,0.0290883322657296,0.0297962993526979,0.0350263093231512,0.0447658769659388,0.0264236855621514,0.0414392394788173,0.0249670080985675
b1270,btuR,btuR,0.0060052316213265,0.0198664527725667,0.0048741651075387,0.0143407567355352,0.0047656201605857,0.0063229611300669,0.0073533597194108,0.0060915888160413,0.0083059609794559,0.0045517031764015,0.0068371466978132
b0032,carA,carA,0.636126122663142,0.0544294229564582,0.322355262448172,0.400080319339349,0.410959013503604,0.380544958818242,0.288494936669374,0.237005166870018,0.517083270596517,0.203512830317538,0.274513935781633
b0033,carB,carB,0.869066916398893,0.0804052438004949,0.435640318572431,0.557733903999939,0.525395449489752,0.50970364370887,0.497991366755382,0.327412058642997,0.722520745948489,0.2961034782914,0.361225973966619
b3056,cca,cca,0.0049310132658034,0.006760777056485,0.0029081472392932,0.0028662052124388,0.0038499712620362,0.0033622823929361,0.0029756779601743,0.0042784365530314,0.0034361881453088,0.003975522767883,0.0034917312823675
b2143,cdd,cdd,0.013422837982742,0.176809753536731,0.0147601402272836,0.0110366542833033,0.0172474795732905,0.0122157635964615,0.0169694282192613,0.0103472536224254,0.0103967563227627,0.0128351811953531,0.0097439511871413
b0175,cdsA,cdsA,0.0023008752064704,0.0042356852492273,0.003145367041289,0.0020928463203675,0.0048959564403678,0.0037831309977494,0.0041987461242974,0.0035005825189681,0.0066583958837235,0.0015302143074634,0.0023641823936818
b1738,chbB,chbB,0.0095647413137224,0.0251832734477765,0.0283695802062069,0.0126284492339178,0.0069518752433157,0.0083126853141175,0.0196725510159196,0.0104018341276623,0.0056778297317262,0.0136848398439296,0.0143281149772631
b1736,chbA,chbA,1.32047861418721e-05,0.0006039004341737,3.23447083234302e-05,0.000252270233382,,0.0001712744473153,,1.52455107883487e-05,,3.70525757019694e-06,1.08020039457303e-05
b1888,cheA,cheA,0.0001115804061923,0.0003516527618596,0.001772759986953,0.0001556463728551,7.26616298051069e-05,0.0002317450470892,4.59751860986903e-05,1.38434379531483e-05,8.58121634964943e-05,7.90311972871631e-05,3.04909597350163e-05
b1887,cheW,cheW,0.0001605051166416,0.0005615819760218,0.0014634452206552,0.0002243557301427,9.10275124618903e-05,0.0001137523398419,0.0001831741368262,0.0001206479484428,0.0001431796551613,3.74439491258856e-05,5.85311041472735e-05
b1882,cheY,cheY,0.0006500143942017,0.0004763948746711,0.0031654446738564,0.0005010004163899,0.000630589370898,0.0010120768614001,0.000983906681285,0.0005549449916545,0.0009087921544722,0.0004896304970177,0.0004005377427454
b1881,cheZ,cheZ,6.897363642415e-05,2.53024750377513e-06,3.30873802404121e-05,1.74767960714661e-05,,7.34141527720645e-05,,4.17099402867464e-06,,8.29482366820815e-06,0.0
b0765,modC,modC,0.0004170060255184,0.0007845052849496,0.0006132514778834,0.0005109797410359,0.0003306657169522,0.0003611039404065,0.000597243352066,0.0004498831461136,0.0003283154453036,0.0004177505271541,0.0009917289533638
b0827,moeA,moeA,0.0393706664999332,0.0514182686360467,0.0326546334876762,0.0313899068794549,0.0381657796944199,0.0240017196972103,0.0303889662857278,0.0300925675942572,0.0309773781305462,0.0317771633442288,0.0320914251054306
b0826,moeB,moeB,0.004156259418888,0.0046925591007913,0.002556770461904,0.0015661919863498,,0.0024502231572469,,0.0013783261113748,,0.0028792314052417,0.0019108858754614
b2155,cirA,cirA,0.0704797133575017,0.0333907637109372,0.102951878229541,0.0581491351210903,0.307975149136894,0.0530118498728018,0.0454548857967105,0.0220463393690265,0.106218693181598,0.0287085825649841,0.0431757003664927
b0882,clpA,clpA,0.0739975545089128,0.205999709243315,0.069749896708944,0.0702148289607114,0.0880960411469511,0.0536834742912416,0.0797748835455616,0.0456337816263232,0.0935856731682351,0.0498652241229566,0.0610174223688754
b2592,clpB,clpB,3.10320201069042e-05,0.0001693638562764,1.84499028266498e-05,2.83019420668343e-05,2.55465433537522e-05,2.5845365856252e-05,6.14828139011863e-05,6.97158070407125e-06,3.68308539053168e-05,4.517182442752e-05,2.63946496356552e-05
b0437,clpP,clpP,0.339141310187536,0.465427637326572,0.258776219494109,0.275863452069858,0.317939020018924,0.20228314030865,0.307478245926384,0.164799048702487,0.235924216717261,0.238318947351223,0.243984414483921
b0438,clpX,clpX,0.249992751092983,0.422457020628444,0.162140673764059,0.203683361381843,0.256629207889344,0.150246470673434,0.165612801356518,0.131281865506698,0.244625174213645,0.120567194478167,0.155412515713629
b4213,cpdB,cpdB,0.0157500163469999,0.0629624316181848,0.0292125654374812,0.0232130987818244,0.0237090896023162,0.0336041166212353,0.0311706241608093,0.0221968554004341,0.021469664490281,0.0308413826286208,0.02596982064219
b3911,cpxA,cpxA,0.0038553083233072,0.0042974944062432,0.0031618881891559,0.0040574962807101,0.0036992348637391,0.0045149601384834,0.0057063075947788,0.0040349473599114,0.0058901875653545,0.0034078275642664,0.0057296175571782
b3357,crp,crp,0.0802851550483687,0.135228923445259,0.124829133004513,0.104076382218733,0.0926855739675608,0.135578641914941,0.0994016247802199,0.125339778041264,0.0939759103689496,0.0948898917621676,0.148009203739447
b2417,crr,crr,1.01435823482902,0.762803095226004,0.893835867053402,0.751210826034555,0.699622299070502,0.59652032004648,0.767276793553014,0.754347083605698,0.886811701387995,0.517648015652819,0.621026797655445
b3556,cspA,cspA,0.02910802806427,0.0912283839155196,0.0140015181855757,0.010789780162249,0.017723129993956,0.012218064227089,0.0112587409429121,0.0087012755516479,0.0146411307438257,0.0083746303092395,0.0104966438432161
b0598,cstA,cstA,0.0449291695595026,0.121835601916617,0.250497457272089,0.264162017499397,0.0581223724113461,0.307059799354461,0.397823618507319,0.235040479695723,0.15362917025877,0.243181119700178,0.264066711594584
b0657,lnt,lnt,0.0044674512673152,0.0067282696604091,0.0044000827386205,0.0028432807005366,0.0031431061771825,0.0019556880289679,0.0031273710865092,0.0019434498210108,0.0040796776645201,0.0017470007701988,0.0026991229844002
b2313,cvpA,cvpA,0.0002448922627762,0.000341215419635,0.0002450797052853,0.0003439742273434,0.0001546128477956,0.0002272385259391,0.0001285959550393,0.0002687995288863,0.000303669289809,0.000193449922092,0.0003753315889896
b3806,cyaA,cyaA,0.0005164673557352,8.45316677467103e-07,0.0006701308362875,0.0003215339958261,0.0002651642046661,9.12584260978471e-05,7.26811909296228e-05,0.000322707515705,0.0002397716735633,0.0004360167672546,0.0001219479345329
b0733,cydA,cydA,0.0332565679368444,0.135069024989323,0.0639915384332467,0.0500480010595267,0.0637947607439405,0.0424004298052434,0.0453909146113365,0.038249439839896,0.0660618293756471,0.041317188857623,0.0326505156856151
b0734,cydB,cydB,0.0030042542172832,0.0138535694307822,0.006173007348823,0.0047439707829426,0.0045646159257262,0.0034572044089022,0.0031348868141797,0.0039383317224792,0.0055295415792612,0.0036920135595741,0.0056781660600093
b0432,cyoA,cyoA,0.15145582832068,0.443259844518178,0.126002837981717,0.127729405158384,0.149397068584209,0.14453236612163,0.123263257456433,0.0513716604582769,0.159545276742246,0.121793877551071,0.253853008733554
b0431,cyoB,cyoB,0.118015484870203,0.299103457772057,0.137379566274495,0.114561495884878,0.133981133335114,0.135353482715837,0.12647092535121,0.0450530712084088,0.165326344904823,0.104673607067153,0.214621660362074
b0430,cyoC,cyoC,0.0006728930367093,0.0021657062525041,0.0006042909578365,0.0011258832961741,0.0024915583978298,0.0035475182544717,0.0020114493484008,0.0006992533919422,0.0043658560854605,0.0013790676026347,0.0041687717972049
b0429,cyoD,cyoD,0.0027126961962111,0.0064604200197378,0.0012502353599855,0.0006625638261715,0.0009609499328638,0.0008709903865873,0.0014547693385235,0.0003059237930119,0.0016780549854811,0.0011841189112982,0.0012154482575618
b2422,cysA,cysA,0.0480438742442492,0.013794141856899,0.039299173879745,0.0563823466627768,0.0512039857842238,0.0549568237119069,0.0444480566361754,0.0309532925028649,0.057218672939266,0.0384400815659352,0.0659449724399365
b1275,cysB,cysB,0.0313800280499462,0.0371678281286042,0.0326425351939361,0.0241534891943007,0.0214816564097095,0.0210719892417013,0.0189904482188119,0.0166962011131902,0.0215708056368036,0.0181828261053233,0.0202880597559545
b2750,cysC,cysC,0.0308788892015828,0.0076122851893531,0.0179418126239841,0.020115507470503,0.0195964084706701,0.0166626754389402,0.0145853940999412,0.0101174928379136,0.0222391877225977,0.0174648512346946,0.017583595483547
b2752,cysD,cysD,0.0758925653800384,0.0211446550746367,0.0435948067787429,0.049823512371559,0.0486577470053464,0.0366351345044596,0.0365097776908852,0.024534246599232,0.0649795988716616,0.0343705639761228,0.0429732374619738
b3607,cysE,cysE,0.0194466097508153,0.0240001647244444,0.0292924543239752,0.0257840977241846,0.0259235187290583,0.0234122081454818,0.0251724166149781,0.0201149807076161,0.028316837235906,0.0191442846235636,0.0234293812942168
b3368,cysG,cysG,0.0024593752038719,0.0033514497413575,0.0035302046113388,0.0032880607001961,0.0044847033840265,0.0036710035260727,0.0036854793351453,0.0031916650165162,0.0044123910401342,0.0023513045791821,0.0033410463221759
b2762,cysH,cysH,0.0863348291937295,0.0220940942823834,0.0669757453530627,0.0729497403264312,0.0487365718755252,0.0439659929547102,0.0426835263357618,0.0381404371984879,0.0710943707948092,0.0327963149129863,0.0578590162271098
b2763,cysI,cysI,0.319731168773024,0.0658042678446267,0.230915409355324,0.271027776747199,0.190159992957864,0.185618053298941,0.196309104480225,0.14150790396166,0.286609258886196,0.167188972648743,0.204993069486448
b2764,cysJ,cysJ,0.364707248830585,0.0806173659767096,0.229483136470482,0.284346681124298,0.272855158463302,0.226968599697822,0.222962781033474,0.155457647873005,0.407844448235234,0.172669236801659,0.205976109519491
b2414,cysK,cysK,4.19366594496376,1.24768748496649,3.72004824366927,3.94144787023679,3.94117090674701,4.2318462619539,3.81825463959492,2.92418318990863,4.31893231785242,3.81928581439928,3.53155969530321
b2421,cysM,cysM,0.083052676718842,0.0331442058373372,0.0611218705726035,0.0526651124720139,0.0743360618788211,0.063030491176443,0.0433875310080629,0.0347450654603746,0.0640007709348387,0.0464823342204963,0.0527680434358254
b2751,cysN,cysN,0.132517790865207,0.0326354439358015,0.0903446570179136,0.10112523261368,0.0900383614805651,0.0740330084692734,0.0715892341004264,0.0508664533549531,0.140944385649521,0.0600417625020214,0.0872848685793499
b2425,cysP,cysP,0.244191573881068,0.0501374075570287,0.17076741918781,0.198851052774607,0.132311250984525,0.194017343440498,0.193637491530834,0.153704875451058,0.197532135081723,0.167200570388138,0.214023461861552
b0526,cysS,cysS,0.0476546145334587,0.074128912116193,0.0330452494834094,0.0329869118826959,0.0511364667096873,0.0293353445599613,0.0307306993349436,0.0354709533809517,0.0494966080138519,0.0239921944246864,0.0338592758629199
b2424,cysU,cysU,0.0130417302596318,0.0053440842790087,0.00985314957228,0.0143320082851919,0.0091530972826181,0.0091848082527991,0.01439293887675,0.0071582350183877,0.0169091731289346,0.0115304127135728,0.0135547283703706
b2423,cysW,cysW,0.0021165368186406,0.0004720508416699,0.0018470945786871,0.0022648511184363,0.0020797018891323,0.0025373074509781,0.0016206734798076,0.0011446031411603,0.0038133938137999,0.001434453400686,0.0024132604772205
b3934,cytR,cytR,0.000555961642782,0.0013807067870344,0.0003533381625654,0.0003681192046962,0.0001941585134715,0.0002252114627258,0.0002608288393871,0.0007640454751578,0.0001895465901062,0.0003260274098827,0.0004586827584642
b0632,dacA,dacA,0.0994492085730336,0.144503965001876,0.0649477273931591,0.081893240803272,0.089967079484278,0.0636861890834932,0.0668492193029066,0.0463858107284267,0.0875851741941127,0.0452345473099411,0.0742264095464381
b3182,dacB,dacB,0.0007180611942708,0.0010106699635616,0.0004665447562797,0.0004158731797152,0.0005315835172099,0.0005513514306308,0.0003407449691838,0.0001934701973789,0.0005031385249781,0.0003222024035654,0.0004718066188237
b0839,dacC,dacC,0.0714423130156971,0.0691571635187766,0.0725778464936511,0.127752362173651,0.084742150189085,0.0900145620548618,0.108949939836247,0.0947569589101219,0.111416526691482,0.0743558530658307,0.125471744093134
b3387,dam,dam,0.0039647938137788,0.0006390698878473,0.0003532865212594,0.0005247908473191,,0.0002212885068831,,0.0001348493754058,,0.0001181185225487,0.0001765393618287
b2478,dapA,dapA,0.18613720163801,0.205482269095835,0.178578942922511,0.197456528887913,0.256689948932656,0.208806057573973,0.188737133503538,0.120278511022451,0.255600962973371,0.118009832927815,0.172018675701404
b0031,dapB,dapB,0.146974326695988,0.120433087160313,0.0788144975261308,0.083603105389848,0.0970319528462538,0.0531900221874301,0.0738911260783324,0.0509558325415574,0.108835338732563,0.0772323823594258,0.0788924123374143
b0166,dapD,dapD,0.545132995997536,0.413548866753844,0.282031718457145,0.362217886847199,0.481296710806632,0.245987502809877,0.339473714128106,0.201340832179489,0.502273217449892,0.226894853387444,0.342329670656338
b2472,dapE,dapE,0.0050352719057018,0.0105579731305341,0.0040173960503198,0.0041211007307489,0.0058155213935896,0.0047443267148725,0.0030486902307497,0.0027589624500946,0.0064739568953748,0.0034828983850115,0.0037295219455447
b3809,dapF,dapF,0.0181302744452764,0.0156725458807421,0.0148160460067602,0.0117858563733074,,0.0115179831929659,,0.008036338456237,,0.010829548048597,0.0091630992343053
b1343,dbpA,dbpA,0.000791312571016,0.0022701328098853,0.0001046702214749,0.000218032022988,,0.0002153719287637,,2.32687747136322e-05,,4.73672877757207e-05,9.65753226520309e-05
b1961,dcm,dcm,0.0017971507921235,0.0026165099610559,0.0015164314648102,0.0015055235064704,0.0015578862123137,0.0012057859862276,0.0013925364092042,0.0008968038718556,0.0010909090169792,0.0011242556474471,0.0014816486038452
b1538,dcp,dcp,0.0759597485633892,0.052835140727753,0.0700703622652235,0.0685093704835761,0.0882929922204714,0.0528160153206974,0.0663578102236183,0.0627010808476005,0.0643126655145421,0.0684337427041513,0.0505059410615636
b0381,ddlA,ddlA,0.0091614631870144,0.0585031732167015,0.0070768673369925,0.005929247498418,0.0160028354285254,0.0063994795368067,0.0053308257224242,0.0040679191866708,0.0084925293612354,0.0063078453084778,0.0073616184658565
b0092,ddlB,ddlB,0.0278420611245185,0.0496989932888021,0.0249028002738001,0.0257092289372581,0.0338540277730551,0.0251690013136173,0.0288848519177861,0.0242703058595671,0.0286572456356142,0.0271468736293981,0.0281195145694864
b3162,deaD,deaD,0.0655056730776612,0.222206350824645,0.0343850591385615,0.0368868106768198,0.0349663271861365,0.0327991162164112,0.032813366543551,0.0180643472581325,0.0560538422988576,0.0181587175939011,0.0244180616076709
b2316,accD,accD,0.0917574945217691,0.190091072380269,0.0785375451560047,0.0959274527344253,0.0682662464486177,0.0878396778753833,0.0930980281554149,0.0469239518407501,0.10882092233408,0.0473957830749499,0.0772269469316577
b2314,dedD,dedD,0.0015074884999979,0.0032027743999108,0.0015477982787614,0.0013438683779988,0.0007848053326461,0.00109822033657,0.0010752511386709,0.0013712344221823,0.0011362703705561,0.0007819967345833,0.0012868902340227
b4382,deoA,deoA,0.0105857411084072,0.12183966069183,0.0118479107518274,0.0072585899727669,0.0143450112136679,0.0105651611211008,0.0113120130848767,0.0096250714534834,0.0096512763126445,0.0074384760379398,0.0095587035593643
b4383,deoB,deoB,0.074501627093873,0.43989009110116,0.0907116497396018,0.0872783989993237,0.105122910846804,0.0926756881977462,0.101365023625511,0.126423956374585,0.0894617924065436,0.0976520844856827,0.0755691766300031
b4381,deoC,deoC,0.0534518236700931,0.329786989024561,0.0499041595750314,0.0384800622007383,0.067002406246813,0.0323273813556684,0.0416992253807431,0.0401418834542825,0.0423682105983572,0.0393342099177406,0.0359016665093179
b4384,deoD,deoD,0.118927755955675,0.802522985075256,0.115977206645539,0.145926234881348,0.124053310566974,0.140261705890938,0.133892046280747,0.117965101258565,0.138927886972154,0.0964681283300989,0.0941169176359038
b0840,deoR,deoR,0.0012483690711782,0.0016166989108293,0.0017125240259384,0.0016050332939973,0.0014130255434922,0.0016675895417515,0.0014314013325766,0.0007792057124545,0.0023378320087808,0.0011028842096742,0.0014862928462604
b0160,dgt,dgt,0.0002390614057977,0.0003291643432762,0.0003395708463872,0.0003094750832576,0.0001942161280925,0.0003038834725794,0.0003739463634348,0.0004981999614879,0.0002342480730098,0.0003143647401498,0.0003724320053918
b1570,dicA,dicA,0.000510262128829,0.000643122886896,0.0005499361668367,0.0003243705299456,0.0004728109177381,0.0002403944874528,8.88307725680172e-05,0.0003475015540675,1.53697857062383e-05,0.0005412165857596,0.0003624137874042
b0145,dksA,dksA,0.169802272527725,0.5693487403689,0.202468066096829,0.188851644716327,0.202991312005713,0.1591146479516,0.164928951194982,0.11822772934307,0.170509604264597,0.105880639045358,0.135127172289361
b2133,dld,dld,0.0651925148688788,0.0481451806939642,0.0618462002608702,0.0597002699396258,0.0801124305632358,0.064740009408008,0.0614249029330427,0.0550786015415309,0.0587153795580271,0.0719908899883913,0.0618771335904988
b0894,dmsA,dmsA,0.0002091408911845,0.0013654028088001,0.000224610989638,0.0003501237183911,0.0001928252903568,0.0002728692774816,0.0001150823935427,0.0002115438499236,0.0001939379970682,0.0001303734771601,0.0002946985919093
b3702,dnaA,dnaA,0.0057755642245202,0.0116920325247264,0.0059166601519482,0.0066938335908039,0.0064462076276128,0.0057447427708856,0.0065487718918853,0.0040154118868449,0.006848687481545,0.0044060553487452,0.0051036784508849
b4052,dnaB,dnaB,0.018021392804219,0.0278488866274334,0.0118730710430893,0.0111456687497942,0.0133520016614077,0.0112171766731675,0.0108600140644501,0.0094144102304465,0.0142322727115783,0.0140522536202713,0.0113422375270368
b4361,dnaC,dnaC,0.0027531135153708,0.00307825870237,0.0025118757763421,0.0015931069808458,,0.001413647524545,,0.0014400592661267,,0.0020077015729699,0.0014142830633111
b0184,dnaE,dnaE,0.0007142816704691,0.0060288541614566,0.0015273912514692,0.0009272518961012,0.0013698027194892,0.0011250784637839,0.0013372513934622,0.0017150609855931,0.0015560478142791,0.000837941766856,0.0010491223122507
b3066,dnaG,dnaG,0.0006910621366057,0.0014905870503295,0.000942509871857,0.0011355498154737,0.0011155523138664,0.0017231107964652,0.0020734279884925,0.0015250631718073,0.0010993589644784,0.0004621559452506,0.0010382413276114
b0015,dnaJ,dnaJ,0.0469318064739739,0.137068843387371,0.0490980966889022,0.0505540258518446,0.0527162960177601,0.0407400789979227,0.0401328058538615,0.0290087515686478,0.0412576171955757,0.0336902054603143,0.0401533372754869
b0014,dnaK,dnaK,2.13341398632025,6.85368600077489,1.99960642695681,2.02951565454221,2.11639184932979,2.25506563535295,2.07510543655847,1.26481571116787,2.1489035446609,1.62532805675438,1.5180421877687
b3701,dnaN,dnaN,0.0388422493906387,0.0609992360569248,0.0339819983806195,0.0359517949955996,0.0436248689178173,0.0259872008517712,0.0300228114602688,0.0266466306706894,0.0350184419640056,0.0259371630528292,0.031170466834794
b0215,dnaQ,dnaQ,0.0006543984232397,0.0015810785252457,0.0010122914973522,0.0005994282891999,0.0006947462923067,0.0006040266517454,0.0006675339752325,0.0003457123690818,0.0006568273715633,0.0005886339316602,0.0006263589092696
b4362,dnaT,dnaT,0.0017790168277066,0.0045086778001141,0.0013481345887117,0.0011955124636497,0.0030470187729891,0.0019969738148443,0.0022588179461915,0.0018492927013422,0.002675194352205,0.0012058874701938,0.0011959705934009
b0470,dnaX,dnaX,0.0011929538920864,0.002209044129018,0.0008344003646478,0.0013207164060437,0.0023106627117378,0.0017076389315548,0.0017960440491385,0.0015921679932995,0.0023166194726818,0.0008257665516596,0.0013835631724742
b2563,acpS,acpS,0.0010799898268328,0.0019281910486324,0.0011897286769461,0.000865155939556,0.0012226047366486,0.0011383564393226,0.0009327077150467,0.0011434798233287,0.0015277705555431,0.0009416085964773,0.0008969623140253
b3544,dppA,dppA,0.493983020493553,0.247643634743309,0.86633148880774,0.985568960734275,0.77000183707875,1.10968459175563,1.04534793853016,0.800359436664575,0.746379597187971,0.81724175874717,1.16552320058022
b2366,dsdA,dsdA,0.0053037418882674,0.113680844164336,0.002559366263157,0.0023165240598783,0.002288078436631,0.0012716497284831,0.0019876683128815,0.0011867987776618,0.0018467652270765,0.0022629953050664,0.001733342045509
b3640,dut,dut,0.0846548739492364,0.154107304198264,0.0581308757268951,0.0614488743663117,0.0717223168926783,0.0652864807132223,0.0535199513149063,0.0427344119113889,0.0692065997734926,0.0295619087121064,0.0631192602118616
b3075,ebgR,ebgR,0.00142377993888,0.0018800613994101,0.0008596394254929,0.0008702369839407,0.0006099024413426,0.0005740620518083,0.0005915981619429,0.0003797144131565,0.0003699999858691,0.0007285556077436,0.0007850227289949
b2209,eco,eco,0.0064688901269318,0.116912451873154,0.0052875447301079,0.0040974630732606,0.0070764039203353,0.0060169088871804,0.0043263631760207,0.0023939929644333,0.0035390269359768,0.0060394145448668,0.0040397383337767
b1850,eda,eda,0.134315848003063,0.180267778565139,0.110966084869735,0.0805479817135968,0.125416118697553,0.100712869224511,0.0875046194435748,0.0752633448558391,0.132243089600692,0.0869231679397331,0.0941969884981729
b1851,edd,edd,0.0087281235440533,0.0117018810360883,0.213154968270459,0.0044712273255948,,0.0027756835057677,,0.0026729815611297,,0.0033045041202668,0.003751765956802
b2779,eno,eno,2.73775565503478,3.03218566555008,2.3386354211694,2.00873336661752,3.59199394327448,1.78026011577654,2.02249720910928,1.97081613885411,3.98276418062436,1.45762465751979,1.48174279761588
b0596,entA,entA,0.0061654154058604,0.0017989814981698,0.0035697070855064,0.0038153027093435,0.0156877121329712,0.0060879549907567,0.0041882175923598,0.00248726783835,0.0065332692209701,0.0022728756678951,0.0051927735974959
b0595,entB,entB,0.0130974520797782,0.0049382484301547,0.0074843489149201,0.0088449909987357,0.0550002905157777,0.0089754967263143,0.0066118499184282,0.006663470932466,0.0096771534975818,0.0053532859286454,0.0109414802965753
b0593,entC,entC,0.0137332639710334,0.0040923137631181,0.0042162032269403,0.0043218359196135,0.0287053056975073,0.0039908065197493,0.0040583554210793,0.0014123899591096,0.0051997595651517,0.0051824031502397,0.0059667504339269
b0594,entE,entE,0.009049807515341,0.002591789358371,0.007355878058354,0.0056651274523511,0.0283161434135493,0.0111626435769152,0.0073767107743182,0.0049429703044254,0.0099510627968913,0.0047293926828582,0.0084697844190879
b0586,entF,entF,0.0100649915706872,0.0074463844346336,0.0103104908033658,0.0074839805543263,0.0392761198047023,0.0054249866734652,0.004525502889081,0.0060828336224777,0.0075906033363631,0.0077949295621577,0.0075300246152086
b0096,lpxC,lpxC,0.0074037731305753,0.0074879435729176,0.0066991100418054,0.0064577416807133,0.006101418341208,0.0061243445979328,0.0071341646304535,0.0074830121871235,0.0056497467493491,0.0050676827826455,0.0061551983326258
b2566,era,era,0.0025498684804088,0.0058399333446578,0.0021509305056754,0.0019985892304074,0.0046785444870785,0.0038902649807557,0.0033600517592671,0.0024974119019457,0.0042375739678628,0.0011934160083191,0.0020804742208835
b3006,exbB,exbB,0.0356948546046478,0.0244721879064407,0.0304280168280849,0.0303834094516602,0.0597406187427421,0.0375743117275778,0.0277533928791874,0.0161617135002368,0.0587281527757787,0.0198772298083352,0.0320244402113504
b3005,exbD,exbD,0.0094758804001417,0.0068598954093123,0.0055373444221773,0.0072676291366897,0.014632368458068,0.0067315167350607,0.0049651692222498,0.0040399313762993,0.0087178269769484,0.0036464003497907,0.0061413963458435
b0954,fabA,fabA,0.0650174719317389,0.183684674750906,0.0976432911927291,0.066737868998961,0.0605655255201236,0.0711185126579846,0.0655378065141949,0.0518567505559905,0.0692162826794572,0.0316725140318181,0.0436215525583759
b2323,fabB,fabB,0.951956237582574,1.64511567214672,0.95868182213471,0.986786498310197,0.871861600439232,1.00065025669012,0.889286164425096,0.847443449024929,0.877043872807967,0.772746975747623,0.997889270887299
b3255,accB,accB,0.0711926570288224,0.168231100798705,0.0559714078216832,0.0608940961789287,0.063834509389922,0.0624109188343105,0.0572973910842949,0.0458565510337076,0.0658574009586525,0.0381791458969356,0.0559459153322509
b3256,accC,accC,0.148111869794396,0.437878471397203,0.10903171412116,0.129753882509762,0.118730746724072,0.1282099540696,0.114291958316062,0.085479377159036,0.145493688845383,0.0855819877385476,0.11258565892887
b1091,fabH,fabH,0.117866976703321,0.197863629316751,0.0989548610230893,0.105307791581145,0.0913240694937681,0.0677481653377407,0.0763565195095761,0.0647460360514033,0.0877808097073507,0.0823413994538925,0.108491933317288
b3845,fadA,fadA,0.0287892966855987,0.0356929051785141,0.0571217449559871,0.0344488867172805,0.0241936806505131,0.065253914201676,0.0850116075594097,0.0873139335315617,0.0239240950600346,0.0565451460818694,0.0707779303193778
b3846,fadB,fadB,0.0229022628110086,0.0721939106203385,0.0917217020316729,0.0367993077077772,0.0382300861998125,0.121354101453708,0.163174475297753,0.155416975360646,0.0436368456520679,0.0807260323854417,0.135992418581397
b2344,fadL,fadL,0.0380398806871117,0.254253359351005,0.132824644744528,0.106976120475405,0.0447756555500864,0.171502532524775,0.20775752697331,0.264556570382876,0.0512407897451762,0.175224914770445,0.197991756989412
b1187,fadR,fadR,0.0083147922371172,0.0191520731019585,0.0137724732021345,0.0096219474010494,0.0103719403620818,0.0088490161987,0.0098499694614121,0.0083443037757934,0.0098252188599492,0.006617343832975,0.0099683427424247
b2925,fbaA,fbaA,1.3018651811804,1.52088308308175,0.926881252307384,1.01450743125338,1.13019089416152,0.81253625014358,0.695313368867969,0.733596008507688,1.5917076736705,0.737139704937592,0.905365561312458
b4232,fbp,fbp,0.0576671932067424,0.197655003392574,0.0683100721435813,0.0663059137347672,0.0817644737724492,0.111268442796791,0.0741601083369559,0.0591487914326238,0.0548996489759527,0.113572996026588,0.148407664165317
b3891,fdhE,fdhE,0.0215231279038623,0.0912279290075836,0.0192277838696682,0.0136173982154281,0.0162207514918217,0.016147222978407,0.016030658109706,0.0133147414601606,0.0143270633043776,0.0119650288209415,0.0168793303831652
b4291,fecA,fecA,0.0002215292602219,0.0004992733247981,0.0002470050512099,0.0002743015835764,0.0008962609937649,0.000528028102107,0.0006409783466256,0.0004577329986988,0.0001696860782365,0.0005816260468633,0.0005682236474504
b4290,fecB,fecB,0.000600344469538,0.0297319436182528,0.0006177460457403,0.0001513360158144,,0.0001985153400258,,0.0001480070122936,,0.0002257964435048,0.0003840379633369
b4287,fecE,fecE,0.0006449432499739,0.0110629595392638,0.0003556307231145,0.0002851515537624,,0.000214906379306,,6.51314657224412e-05,,8.14732215439494e-05,0.0002235279516056
b4292,fecR,fecR,0.0001760360078646,3.29849925469893e-05,0.0002041817438292,0.0001748672883519,,8.12124677715095e-05,,7.70276866808536e-05,,7.25634661943819e-05,0.0001956734195755
b0584,fepA,fepA,0.0509308029726496,0.0302033635783413,0.0449852906738416,0.0247773246793151,0.114427199781325,0.0275316571746935,0.0237555235487151,0.0147992906916795,0.0325528671482432,0.0177990293750259,0.028846005794912
b0592,fepB,fepB,0.0043517334247833,0.0019180078637499,0.0035968077453126,0.0039062291597452,0.0045067974011155,0.0026479831594403,0.0025022607551529,0.0017778041497223,0.0034061031976975,0.0039825935341234,0.0049693251596904
b0588,fepC,fepC,0.0005727738850166,0.0003022758124106,0.0006714410509477,0.0007358396206246,0.0039802294979883,0.0008732220959809,0.0005510107418811,0.0007668749759189,0.0009951041537403,0.0008697980201202,0.0009082519244469
b0585,fes,fes,0.000353819011382,0.0001300126896423,8.38816512849293e-05,0.0001297119201127,0.0032599271795763,0.0002554809626488,0.000139075613055,0.0001566654732188,0.0002216211311049,0.000141304666112,0.0001232339254727
b2610,ffh,ffh,0.0764007262668839,0.13754306105334,0.0464654905711034,0.0588441436934205,0.0632807716925712,0.0430216688827262,0.0560242743231781,0.0396233883239689,0.0677733974934247,0.0386981798196804,0.051363681719043
b0150,fhuA,fhuA,0.119033764689527,0.074991976545743,0.114419214167268,0.121260094801187,0.137388939271453,0.121064293878779,0.117369358199859,0.103917526393139,0.125722357264753,0.0796882259090235,0.110675032463427
b0151,fhuC,fhuC,0.0074008972771329,0.0096077809516768,0.0053834597939066,0.0060939935661568,,0.0039391600769397,,0.0015652821630601,,0.0024009916515791,0.0015140517435184
b0152,fhuD,fhuD,0.0024986440446589,0.0021726592604082,0.0026790391100547,0.0016473177138636,,0.0025528907028453,,0.0007851173571049,,0.0011475660114206,0.0017593535184741
b1102,fhuE,fhuE,0.0025089215316589,0.0017958073309409,0.0025338847085117,0.0015241216695657,0.0090161067738364,0.0012506314943498,0.0013232567179453,0.0015997067076825,0.0013179553336365,0.0021769110238094,0.0016110331842537
b3361,fic,fic,0.0107930842936238,0.0053996492444452,0.0091768495555666,0.0063780882070696,,0.0031246795894501,,0.0074367286854853,,0.007231620837455,0.0049684051488786
b4316,fimC,fimC,2.19309517418398e-05,0.0003714248751585,1.23730095940852e-05,4.27311689436595e-07,4.46559505979027e-07,4.5479491882041e-05,3.68870527043522e-05,3.5137562440529e-07,4.72069728218518e-07,6.56419225332451e-05,4.00034055271757e-07
b4320,fimH,fimH,0.0008658070715795,0.0011324821052313,0.0007784236452174,0.0014897195063753,,0.0008000915304537,,0.0003014564190872,,8.07277727103121e-05,3.79644365510142e-05
b0179,lpxD,lpxD,0.0050915098217555,0.0093799454152741,0.0054528974831924,0.0056899480369134,0.0029151918344455,0.0042093902691543,0.0037429620423941,0.0025877630943044,0.0034549918439357,0.0028739300396231,0.0043290007493828
b3261,fis,fis,0.0655996895747856,0.222746961316166,0.0320686332492046,0.0309847483584001,0.0332861390117822,0.0344341171627024,0.0284468779862844,0.0120580482727827,0.0453711225272234,0.0186174631857373,0.0174101655480557
b0684,fldA,fldA,0.283094548720429,0.400226986407747,0.317959367090151,0.261422892323177,0.289288219426726,0.255429551905317,0.264148732352045,0.233555904461333,0.312294529870191,0.181766426566613,0.226686572626054
b1923,fliC,fliC,0.0002598606750764,0.0004275763651863,0.0169047829142831,0.001428308946059,0.000413781055289,0.003519493591715,0.002296304959312,0.0013578297145066,0.0008376349549692,0.0002893527840034,0.0003440326459435
b1945,fliM,fliM,9.01965331063261e-05,0.0014917939597972,0.0002856182976378,0.0004353893733675,,0.0002290360838611,,2.04715366516478e-05,,6.61651506185734e-06,2.35745949820132e-05
b1334,fnr,fnr,0.0282282972156723,0.0510642968969975,0.0280774403813977,0.0291250967443412,0.0284095741998671,0.0354371317446293,0.0256315614407322,0.0178205381926366,0.0319612148770767,0.0150747512527422,0.0184840476267832
b0048,folA,folA,0.0087966317610609,0.0170296687503201,0.0072877156199566,0.0088721610722522,0.006525281221732,0.006875608359662,0.0069126662276411,0.0051976776077868,0.0078807263219805,0.0052804101701639,0.0084667806033948
b2315,folC,folC,0.0274503205101046,0.0476549961029454,0.0210429843483048,0.0210151122701626,0.0159571616308104,0.018156318770246,0.0159730232743412,0.0104349531373582,0.0200049634976702,0.0130129476977756,0.0178832976770657
b0529,folD,folD,0.0958068613600515,0.0747797826897459,0.0960210650674718,0.0818299902891171,0.105008818987155,0.071311576171229,0.0675482360633293,0.0579402704492251,0.0911023197829388,0.063151500403412,0.0707930952677093
b3635,mutM,mutM,0.0001359842515905,0.0010505093941937,4.17753847695063e-07,4.23303974721909e-07,2.45650488092483e-05,4.14209592665102e-07,4.27471742762778e-07,5.03823490065948e-06,1.28734857582139e-05,2.3143631028978e-05,9.87255287947901e-06
b4154,frdA,frdA,0.0040005794778414,0.0446576379066731,0.0059340294073407,0.00670186333362,0.0060664291878107,0.0242484092094597,0.0086840193083078,0.007025037107121,0.0071608533711678,0.0115270709656909,0.0070310217098656
b4153,frdB,frdB,0.0074102434074959,0.0266457004124785,0.0078984854978517,0.0068911024682179,0.0047706461845806,0.0124575103606525,0.0054523287326676,0.005387183074834,0.0076297197836276,0.0062021262535959,0.0094556424544935
b3844,fre,fre,0.0279811587493918,0.0566610591562475,0.0354742491836462,0.0313074044518327,0.0333957238770319,0.0379322009818091,0.032484611270342,0.0311465322661723,0.0361004141524935,0.027384359828266,0.0329616985962487
b0172,frr,frr,0.193313510518045,0.285017150262489,0.12868997739987,0.142250432318398,0.157251967262511,0.121139871314439,0.122097700772464,0.0895191264631162,0.144124124360347,0.106799183729049,0.133861562482439
b2167,fruA,fruA,0.0164503722812425,0.0272021244639143,0.0279036534932595,0.0157688256046889,0.0218793355525343,0.0132728558570758,0.0199028359551333,0.0166698390109577,0.321011519073396,0.0114932437349443,0.011402888535771
b2168,fruK,fruK,0.0031601959981565,0.0093040170582841,0.005417593899813,0.0046774280673808,0.008034618906261,0.0046888388047882,0.004339505414538,0.0047778584308568,0.137991714113962,0.0013317067403069,0.0023349951806897
b0080,cra,fruR,0.0093448436381388,0.0233869477546549,0.0136523708891492,0.0159246207948497,0.0112173485001501,0.0201877830499408,0.0183296032510341,0.0151048809027842,0.0174813562513149,0.0162849947657018,0.0202131122692062
b0094,ftsA,ftsA,0.0429739515738747,0.0595391925155756,0.033481304034277,0.0408317810372172,0.0476914977256608,0.0337453991725205,0.0366990188796909,0.0292710737347325,0.042429637451765,0.0435299909783543,0.0405785045775679
b3463,ftsE,ftsE,0.0101134829183247,0.0133887800181924,0.0100251719981516,0.0107845341407077,0.0129945156272981,0.0125132174220148,0.0126945954356784,0.0111664906302861,0.0152857062318506,0.0058541696187542,0.0116520789412471
b0084,ftsI,ftsI,0.001217039414193,0.0027818125723514,0.0019663140937901,0.0014555084747545,0.001755359836152,0.0015552140179235,0.0021601187551432,0.0009460694448259,0.0014974552183489,0.0015749136116344,0.0026428462338262
b3465,rsmD,rsmD,0.0017835593182664,0.0026851819138299,0.001521702033478,0.0013969388194886,0.0015177408296418,0.0011936113980356,0.0009479448843992,0.0009574567219744,0.0014225207244343,0.0009638720154707,0.0016566166843686
b3462,ftsX,ftsX,0.0021498457411912,0.0037520394956238,0.0040050319800724,0.0019103135045405,0.0034669617890343,0.0025468095253525,0.0037156134253278,0.0030074736507241,0.0044074085380082,0.0016522190248913,0.0022149394708853
b3464,ftsY,ftsY,0.10393323502257,0.163052800391398,0.083675850762938,0.0812161179775578,0.0791399727584009,0.065367615315501,0.0831506405090446,0.0605788998063905,0.0804064426773837,0.0624132453284487,0.0795379876714958
b0095,ftsZ,ftsZ,0.405979946754719,0.528259662643289,0.295833686906932,0.289039460740598,0.400487892643271,0.291805566452612,0.315160198764876,0.207195008827937,0.34532816168508,0.212784863785407,0.278740543151528
b2800,fucA,fucA,2.45656435039952e-05,0.0005128584911419,3.25060318462857e-05,0.0011527828972279,,0.0002947277346114,,0.0001552746234936,,1.25861033512706e-05,4.6290539269402e-05
b2802,fucI,fucI,0.0002733667650531,0.0114581150633759,0.0006384689574922,0.0005436590363673,0.0002615014326497,0.000544592027725,0.0008290495137833,0.0002170572334207,0.0003032175323737,0.0021894963572858,0.0005081416201734
b2799,fucO,fucO,0.0027874465894273,0.0157475094212466,0.0079505048296348,0.0056106112819031,0.0035866463648867,0.0089668319933821,0.0090838410281759,0.0127597461706551,0.0033691217736594,0.0142301570526031,0.006864415789705
b2805,fucR,fucR,0.0003297058470273,0.0051186880063266,0.0015789012308769,0.0015363671612668,5.80465030846858e-05,0.0004857836615378,0.0003302164121288,0.0002356430040091,0.0001817813318145,0.0006942686864308,0.0012294357005472
b2804,fucU,fucU,0.0068082081273465,0.0079302269306713,0.0082703460875873,0.0109816552487521,0.008899865940374,0.0087692216980878,0.0126669364937262,0.0092037265818218,0.0081963944549675,0.0046256979097391,0.0130444292191083
b1612,fumA,fumA,0.13519750328703,0.623958644708501,0.280783744167272,0.252347615335085,0.214964375995565,0.441763075659295,0.433765606345812,0.208839607105273,0.27504124568646,0.47848629467559,0.3290579678136
b4122,fumB,fumB,0.0015283359474846,0.0026013868564983,0.0007638749093408,0.0004654906138757,,0.001287976599886,,0.0001471499629224,,0.0001862351178597,0.0002357437167674
b1611,fumC,fumC,0.0417284722694714,0.0834190314306277,0.148216661453698,0.0474728272151416,0.0357561671977378,0.0789425641203088,0.106418596975012,0.170186344618569,0.0561265334210417,0.0802091193264725,0.0512654398138943
b0683,fur,fur,0.180745757544679,0.299230931689728,0.185462504181975,0.160355040573318,0.199870856709092,0.150925452703512,0.160986695146574,0.124623018938813,0.179669717493152,0.105921735438286,0.156390041860727
b3340,fusA,fusA,5.0233409619063,11.1496250841398,4.02408222759224,4.01908672364003,4.50217895429064,4.20541474595376,3.52231028007406,2.63880418094965,4.90597258187834,2.7492958184558,3.6855075239851
b2662,gabT,gabT,0.0455209260751634,0.0717255704911352,0.12709617569612,0.0983385794824498,0.0570385758025645,0.0662809222500188,0.104576716065682,0.111666934135576,0.0684748438542085,0.0805661351528996,0.115715701076881
b0759,galE,galE,0.0383811565904819,0.108319989444484,0.0477738650891618,0.0374640785134527,0.0323562268026723,0.0377248636026442,0.0462414964032628,0.326819865511459,0.0387936844535058,0.032521070360058,0.0401366743130801
b0757,galK,galK,0.0253662667405524,0.12277979131698,0.0546330360965348,0.0406481642595384,0.0296777213181313,0.0490009990435044,0.0534068490787791,0.32846258907152,0.0343148669936791,0.0357569493564065,0.0355320728511733
b2837,galR,galR,0.0039671973673338,0.005973863372734,0.0032646825132951,0.0041707058642922,,0.0014103826521341,,0.001591299685155,,0.0022895346686593,0.0029612576212865
b2151,galS,galS,5.27654669635171e-07,8.1506946366925e-07,4.91119654697581e-07,4.82884269488427e-07,5.21327108419292e-07,1.06498392873005e-05,4.96156953516014e-07,0.0001733618834324,5.52954392688917e-07,3.09309405063311e-05,4.6292766606907e-07
b0758,galT,galT,0.00990655481506,0.0316919848915216,0.0098502850040209,0.0096675635705866,0.0089449096068057,0.0076074114264042,0.0090426630245312,0.0520200205813934,0.0072163087505595,0.0067101697128916,0.0113019956524218
b1779,gapA,gapA,2.77490139777837,2.86692348882871,1.77275481125898,1.91924275547017,2.34254174036105,1.4399211237133,1.60123901501464,0.981223744334415,3.69892569662527,1.19358037910489,1.24187903295591
b2927,epd,epd,0.006924422132828,0.0129903175485329,0.0039461722333187,0.0068407292905144,0.0040037627240553,0.0028939303642682,0.0019595125950317,0.0017231396109536,0.0043550406217556,0.0034373471680456,0.0050693479401176
b0124,gcd,gcd,0.0062322527467982,0.0122815370827184,0.0125287468064882,0.003135691200438,0.0112903859589012,0.0038320375969956,0.0047816853871681,0.0053615515085151,0.0051338084118308,0.0040299580102694,0.0025807495622683
b2515,ispG,ispG,0.0398294631235687,0.0654234307481889,0.0277919923801142,0.0306937954287739,0.0283533780680823,0.0216878329935298,0.0209573656956922,0.0149927675511736,0.0265535898890617,0.0240893207302707,0.0269765451974673
b2904,gcvH,gcvH,0.0148296427197026,0.0248425655031885,0.0091684708216072,0.0117454687171496,0.0134708952626497,0.0094555277251593,0.0109421613946495,0.0062729783578477,0.0133537610551697,0.007321103227872,0.0091420875827202
b1761,gdhA,gdhA,0.511171647018776,0.0916114512275365,0.407499802368311,0.334573598326238,0.436603120141898,0.28367193540836,0.341373923958082,0.193862264241376,0.498366509637242,0.294146299828518,0.304297327933445
b3447,ggt,ggt,0.0176444451217733,0.0275725604043909,0.0289717097254186,0.0286099188270554,0.0133369253511639,0.0225897491409404,0.0215610081369868,0.0215707385974777,0.0148125384617607,0.015667831797112,0.0218216248042539
b3741,mnmG,mnmG,0.009646673628522,0.0197439763804415,0.0085706744306207,0.0088602766318837,0.0122506053686695,0.0101548618635361,0.0086310464119565,0.0071756663801196,0.0116954711586737,0.005767731587497,0.007540723753977
b3740,rsmG,rsmG,0.0158929188577708,0.0278364138434611,0.0105932549957466,0.0100236816202461,0.0150621557073323,0.0092335170396753,0.009020751676029,0.007093929374858,0.0124666964907065,0.010466609082671,0.0082562798057151
b3429,glgA,glgA,0.0289752727530513,0.0279282741040666,0.0426982640402638,0.0341627934971575,0.0350203909992817,0.0283139601975469,0.0372098107309446,0.0297576439052839,0.0419883778777796,0.0364525681290912,0.0372672144516323
b3432,glgB,glgB,0.0106145475613004,0.0147549869787261,0.010335082201116,0.0108873062434926,0.0129504517185706,0.0104867814837852,0.0114271484220577,0.009774898370812,0.0122198232408503,0.0092970495891986,0.0115355604221525
b3430,glgC,glgC,0.0193751508129905,0.0249233296721025,0.0207586486247044,0.023572023686501,0.0217120269177495,0.0171971837087326,0.0210284804708325,0.0146456928644657,0.022164785997303,0.0232336190294263,0.0250197401709841
b3428,glgP,glgP,0.0208169235032336,0.0179550125095089,0.0204731090487638,0.0225392684632362,0.0236408935504169,0.0181105891202308,0.0239158603821916,0.020482707466281,0.0250596808580832,0.0253565590847189,0.029412431125986
b3431,glgX,glgX,0.013536376613929,0.009153281927622,0.0098516265756521,0.0115571175370703,0.0103090908264017,0.0094613159643924,0.009963795726174,0.0115573769169572,0.0077219614568844,0.013520409550077,0.0120832817380114
b3729,glmS,glmS,0.44664272039247,0.584945073563998,0.211062591104852,0.399582179727275,0.447872776407838,0.371217442263681,0.268817234241618,0.234141519941038,0.464448113045793,0.184359093578265,0.310429428822986
b3870,glnA,glnA,1.53507878375532,0.627324362341871,0.61144418964911,0.882668346344545,0.918686325101359,0.55294465178946,0.798998203593248,0.517409919764161,1.14096640774791,0.429072498633423,0.618688330340364
b2553,glnB,glnB,0.0262676400857882,0.0437177149271169,0.0210842191439838,0.0312081398276189,0.0282638137970005,0.0248283770097314,0.0167510524606004,0.0183299778274011,0.0270660205931644,0.0176374582746911,0.0272479055739119
b3868,glnG,glnG,0.0111821280980322,0.0061030727717875,0.0049736467137935,0.0055482456249236,0.0047212284225331,0.0043635088305177,0.0056654464198038,0.0072695283915385,0.0058356337159317,0.0035064497032154,0.0044488057801891
b0811,glnH,glnH,0.30476578606157,0.253326054647066,0.476658496621253,0.478929319868943,0.235175735871226,0.649046058530024,0.656656487151647,0.485725237495652,0.354671176332945,0.305912302566028,0.622939345082165
b3869,glnL,glnL,0.0042256258760126,0.000986828678533,0.0010594936033525,0.0015578530758413,0.001174701124082,0.0011203336319636,0.0015736708901971,0.0018658615726988,0.0020012697229739,0.0006674805281963,0.000829900298597
b0810,glnP,glnP,0.0013841714258621,0.0017563733776835,0.0031956819781426,0.0023815646861255,0.001785376609807,0.0026466708575094,0.002829684172321,0.0016059539745737,0.0029623177862075,0.0015243934015742,0.0036331308754263
b0809,glnQ,glnQ,0.0309335700021422,0.0355819775303448,0.0421712366572714,0.0444783201274221,0.0428210593320524,0.0495796099222129,0.0472512617723632,0.0367271245360273,0.0381608677458385,0.0329070425905871,0.0490855138007271
b0680,glnS,glnS,0.105214010706676,0.180243403047443,0.0674901126600204,0.0889482925728303,0.0895465866724563,0.0680575919708885,0.0739313840336085,0.0573703831676242,0.102688935945921,0.0624906322880918,0.0813670198700455
b2241,glpA,glpA,0.0013914826459396,0.0453338128891853,0.0015572121039061,0.0465424328052681,0.0036692114799456,0.001531502952663,0.0015828598176186,0.0022514944299497,0.0010308119900199,0.0014974464493542,0.0018429607499278
b2242,glpB,glpB,0.0002706199036217,0.0285597881998603,0.0007410033363315,0.0194119754619749,0.0016059443261061,0.0012075831315202,0.0007466909170526,0.0005629209866038,0.0008806577809362,0.0004745625321436,0.0002097540739734
b2243,glpC,glpC,4.73401505736768e-07,0.002958172285316,1.60983409621715e-05,0.0002785981628232,8.11943549152042e-06,4.25517999799506e-07,6.8139486383904e-06,8.46139765622629e-06,9.96891664723046e-06,3.78541832118602e-07,4.11508674734022e-07
b3426,glpD,glpD,0.0127312828058261,0.362693496756851,0.0091252348902282,0.559803359316817,0.0162568603595104,0.01245047278284,0.0152185515436137,0.0112879292681168,0.0163608084673234,0.01009951181375,0.0078928070965248
b3425,glpE,glpE,0.0002573690273929,0.0007444105951068,0.0001624660092677,0.0003083908785848,0.0001132775563968,3.51999497490209e-05,5.65510039894822e-05,2.66971064474703e-05,2.9173341396193e-05,9.06210919990249e-05,0.0001370285317442
b3927,glpF,glpF,0.0022551340002356,0.0310567249279691,0.0029935880855406,0.0636570974829892,0.0061610959845825,0.0025216095827607,0.0039732044770865,0.003820592687361,0.0038156743526596,0.0034742703782238,0.0040725597447015
b3926,glpK,glpK,0.0462662884076792,1.23075293054696,0.0397358119074359,2.59866888402451,0.0381273063267445,0.0531846898654072,0.0730846750474557,0.0386504099505887,0.039600499467779,0.0491690111089959,0.0570681417555799
b2239,glpQ,glpQ,0.0111237785763031,0.0879551809649886,0.0088315444058407,0.0422480188246505,0.0035831135641608,0.0043603090798982,0.0050963365601455,0.0028374234717525,0.0056042054095467,0.0062638676593324,0.0058581335360781
b3423,glpR,glpR,0.0034887559772667,0.0067370850420604,0.0028048392142254,0.0041863731628704,0.0044647200129771,0.0042047395605752,0.0042620839199648,0.0037719863460349,0.0057424911384173,0.002381650294675,0.0031609173179941
b2240,glpT,glpT,0.0044594779756488,0.0872016227536613,0.0059977188852692,0.0344381041496248,0.0064656538775005,0.0052809696740264,0.0056693835399659,0.0043039503665079,0.0045367648189686,0.0042553322751233,0.0070488800919461
b0720,gltA,gltA,0.770315388238847,1.3031169236741,1.76863836743739,1.40192575518305,1.32730410815151,1.54545332770655,2.24856108173626,1.44401783947361,1.5983076680941,2.70917720379242,2.95942134139257
b3212,gltB,gltB,0.774653462238572,0.163742211770848,0.53576231342437,0.597161139881112,0.676350569742148,0.420765453289489,0.563196707846943,0.378829413087671,1.04540635186627,0.369211940623522,0.458132314655585
b3213,gltD,gltD,0.255864456527452,0.0278879863092757,0.144540418812377,0.20076359607421,0.200821979565494,0.120278320357175,0.127712660302109,0.142341692242825,0.259551983102831,0.111574486478971,0.133994053488078
b4077,gltP,gltP,0.000514719137435,0.0005226672562941,7.63950987925692e-05,4.50204945913609e-05,6.61228879144107e-05,2.63919991381071e-05,5.35738990792282e-05,4.42885338895195e-05,5.01209027182539e-05,5.91324212969366e-05,0.000100580361975
b2400,gltX,gltX,0.228616213974353,0.387215840275434,0.162803094654948,0.169827836586762,0.193183321626675,0.151719826080563,0.14382574593476,0.102668621897713,0.194272958075421,0.129904097030219,0.148936533570262
b2551,glyA,glyA,1.84244070476003,0.779813488861439,1.25674691130061,1.05695739114455,1.63852419505998,1.24694785362565,1.2070036982992,0.941854870076763,1.58068749171153,0.68342095277719,1.14852709438535
b3560,glyQ,glyQ,0.0957376061996184,0.212373406056695,0.0758187643063523,0.0703481181790477,0.0864183922011912,0.0826978680538285,0.0700397678991548,0.0610382761137885,0.092794672298982,0.0526569592660101,0.0661169847353323
b3559,glyS,glyS,0.371315272064713,0.828170352555249,0.322768600099078,0.34190189828385,0.421048726233255,0.311931738011101,0.35597808935953,0.252472018823627,0.417048033192907,0.249661316575222,0.343180770855014
b2029,gnd,gnd,1.20421610371311,1.48485030115841,0.720833078907693,0.71153346762323,1.06720606147035,0.685296615794965,0.622185201577498,0.409984561074865,0.881179804354687,0.469821156483473,0.598003266043507
b3500,gor,gor,0.0797605414521505,0.113084804581259,0.0987647784789792,0.0806215651064291,0.0998974318681481,0.0864812262967673,0.0925908930341673,0.0785096101948202,0.0917199417266655,0.0619233697186483,0.0783959783648452
b3779,gpp,gppA,0.0054927289963662,0.0038463421256666,0.0040412776895883,0.0027463390560377,0.0023045568941448,0.0032946073412807,0.0025005116613686,0.002815606000372,0.003551466886777,0.0018894370571083,0.0035526100688384
b0238,gpt,gpt,0.0951630332087899,0.162091462349624,0.0799011700391597,0.100201467394861,0.110004485607296,0.0838678054503103,0.0658069054548836,0.0472704024995768,0.0836572526971479,0.0712419817860646,0.0952434037766274
b3181,greA,greA,0.0716209645516954,0.192005675510253,0.0688564097287158,0.0711436861121593,0.0730977197880551,0.0620655150822712,0.0583378422487957,0.0434206246538338,0.0779048442683658,0.047808810415748,0.0581649749362576
b2614,grpE,grpE,0.213431532891322,0.608275145560437,0.215999662168392,0.212725882312034,0.17859361143873,0.172096925819672,0.182631381356111,0.126672387780787,0.20869478459573,0.153081887031854,0.164304630342156
b0849,grxA,grxA,0.0022823836674046,0.0026440287810843,0.0038813112825126,0.00045247013686,0.0023317814106096,0.0015044982379178,0.0016347194552535,0.0010356191534261,0.0020729839800279,0.0022252136173089,0.0013307200613155
b2688,gshA,gshA,0.0531479997425054,0.0590504692337522,0.0377751424062943,0.0409593363117218,0.0386677280462967,0.0314596285848807,0.0340445617927304,0.032677568421296,0.0381139294176604,0.0323506940759215,0.0357617077253706
b2947,gshB,gshB,0.0754343269281773,0.0940438428896886,0.0625133087976776,0.0680747476715911,0.0767177639011462,0.0656792670530585,0.0682664348093197,0.063861608912365,0.0750721786010293,0.0658205229175477,0.0632982980881739
b2507,guaA,guaA,0.376777666289474,0.371673091194573,0.246819436620341,0.225616027517509,0.260357358773318,0.239401965460135,0.164138886754193,0.126089097007038,0.291363908624984,0.135507058371943,0.159660402031835
b2508,guaB,guaB,0.969769589119314,0.50994896538999,0.513661048795755,0.479462141750419,0.757088771077889,0.576382614542346,0.401762694272346,0.279590726202984,0.655996408394015,0.348769276233234,0.379711781871481
b0104,guaC,guaC,0.0709783971270868,0.0753092859035292,0.0640269983188539,0.0712203395447809,0.0688510737933184,0.0717550813904834,0.0556956907550119,0.0451995565719393,0.0722241379354374,0.0403079785252616,0.0754745888950331
b2231,gyrA,gyrA,0.120731057181994,0.301283199387298,0.125353839265345,0.114349286497099,0.114490344948061,0.102406619304192,0.116757288532988,0.0652019838015653,0.14413006371081,0.0770497016653561,0.097586920383439
b3699,gyrB,gyrB,0.125729691821275,0.253736840684946,0.11687623310797,0.112412157679611,0.117285030929286,0.0921000727529939,0.105211677904696,0.0708154829959359,0.149818329774448,0.0787808428093369,0.103995505038828
b1619,hdhA,hdhA,0.008749514013061,0.008888464167426,0.0118939027690704,0.0103957142575681,0.0133612289522762,0.0113267872857136,0.0132482731892388,0.0141185926694067,0.0093717721384792,0.0161252043784727,0.0088757554065652
b0962,helD,helD,0.004973782165185,0.007944376070387,0.0051234893777622,0.0047304783775964,0.0057590957696981,0.0043996324342784,0.0040611265884966,0.0025254506783447,0.0061136669849091,0.004397082973487,0.0047443068101654
b1210,hemA,hemA,0.0004643080443153,0.0017563850897499,1.61219066845556e-05,0.0003243215535727,2.03480823934198e-05,0.0003743311707395,0.000348797866946,0.0003236131122877,0.0002340948461253,2.60428648843281e-05,0.0005580305710109
b0369,hemB,hemB,0.0260067020408577,0.0484003518919996,0.0259392240117302,0.0221290743708331,0.0295647777776052,0.0205549463896361,0.0206801680132816,0.0201482189467217,0.0235666147271011,0.019378076548777,0.0222913552911763
b3805,hemC,hemC,0.0125788274612686,0.0410896065847936,0.0126202087885569,0.0244607463565015,0.0109105774604088,0.0110698194120414,0.0113212955142122,0.0105417795149532,0.0105166396252502,0.0075954179748711,0.0125117630035467
b3804,hemD,hemD,0.000544749007495,0.0008406073800042,0.0007351269389944,0.0006188341209317,0.0004332072641225,0.0006355853030523,0.0004890951425832,0.0006432720479283,0.0005736849251301,0.0006165505205736,0.0007700326102618
b0475,hemH,hemH,0.001118070422603,0.0036376974613171,0.0014478612543664,0.0005473917308053,0.0002386017259057,0.000388787823632,0.0002213477793143,0.0004160724197418,0.0002994457802566,0.0004530539986905,0.0003916313136842
b0154,hemL,hemL,0.21893805537315,0.284810438870756,0.164953729890174,0.191199255880223,0.197907048065159,0.155658232869313,0.154064608075338,0.131023650374475,0.202103942734549,0.115706150765166,0.162189070409379
b3803,hemX,hemX,0.0418093640287229,0.0710153377030777,0.0413754992841896,0.0443293871659685,0.0422615677058756,0.045081170358409,0.0438288521280176,0.0419701983567848,0.037566382083449,0.0306058630002794,0.0428708502536751
b3802,hemY,hemY,0.0107877790595521,0.0242295816265705,0.0131683486403371,0.0132323522482658,0.0113070048500183,0.0127218339340162,0.0139185017770382,0.010455487167272,0.0120998498853456,0.0093849799877106,0.015021591397668
b4175,hflC,hflC,0.0805881681607356,0.132881217398526,0.0559680250689207,0.0880845502832685,0.0819487022081785,0.0653477618867613,0.0766960579840239,0.0536452741632202,0.08734255480512,0.0452831669190618,0.0743906249390995
b4174,hflK,hflK,0.10194768455526,0.177266235573504,0.0834871434311525,0.113971178652307,0.0907059078346217,0.0828455804241825,0.0992454027555587,0.0678946337546067,0.114144485467317,0.074022607378056,0.106209804301064
b4173,hflX,hflX,0.0191714108275322,0.0350137089589399,0.01528187515119,0.0239648661953093,0.017984765621605,0.018292723113375,0.0237422910935326,0.0157864045946535,0.0274891663457138,0.0136762935010295,0.0213096863705484
b4172,hfq,hfq,0.0280024211013916,0.0420586216238383,0.0270854669125154,0.0308868888150114,0.0294415358785419,0.0300895340962214,0.0219546241256771,0.0225885279393424,0.0282180868562132,0.0200539530030696,0.026473548825262
b0460,hha,hha,0.0028329258013105,0.003389678829097,0.0005622071135389,0.0015767056743123,0.0006483521987502,0.0003911565801097,0.0006319914678661,0.0002563081160843,0.0006284018175078,0.0007112192912037,0.0009022111567598
b1712,ihfA,ihfA,0.0879640375181965,0.0904947039672407,0.09396292640435,0.094216340276391,0.0926380637488124,0.0745013993433495,0.087993329516962,0.095805580816875,0.0874187962933915,0.0642408617685431,0.0796578160030203
b0912,ihfB,ihfB,0.0945779544637474,0.0773429829553896,0.0870901646393397,0.0805103540291015,0.075935963577136,0.0652792892097933,0.0798886306746033,0.0788152477658696,0.0794299452453847,0.060567579962406,0.0774986879242519
b2024,hisA,hisA,0.0915499829526939,0.0258984428554636,0.0512254079545725,0.0704962569047166,0.032369472828607,0.0424937650372709,0.0403863279916666,0.0333765378680068,0.0463541641183238,0.0297880735205557,0.056766250555823
b2022,hisB,hisB,0.186660754636647,0.0462455032547688,0.0864562253794245,0.152089519023526,0.10661112027671,0.0968539129747316,0.125405454029317,0.0922809083483844,0.128569301645306,0.0576810889703103,0.0985740374078111
b2021,hisC,hisC,0.143818504275847,0.0222036238058416,0.0813408081540279,0.105377764162675,0.09652677349336,0.0715794009263108,0.0881385450562434,0.094187958290953,0.0993541401498205,0.0426014328415988,0.0658167876462919
b2020,hisD,hisD,0.26368048321109,0.05949911618564,0.131714224468946,0.188394721637607,0.161057192171541,0.10517929378225,0.142931492398892,0.105797647537399,0.150689918587615,0.0814946001871129,0.132407786937697
b2025,hisF,hisF,0.0485395700884825,0.0085150658807192,0.0280353549659174,0.0395418333563365,0.0310925263033069,0.0262562061501207,0.0310294374678501,0.0261808118400762,0.0355634099092082,0.0131530643870689,0.0282041683930736
b2019,hisG,hisG,0.222766588694505,0.0279163348974516,0.0924282006526949,0.155973100133694,0.153920963431863,0.110247820357186,0.138286981379249,0.0936362826301702,0.166270407735973,0.055644935879969,0.0938256332010787
b2023,hisH,hisH,0.0565530582428942,0.0270528404556929,0.0316040811840847,0.0441299863603133,0.034429073950203,0.0308305164003739,0.0356545038903205,0.0283242674675975,0.0376720801016083,0.0158559865175792,0.0317047934782368
b2026,hisI,hisI,0.0718163858467084,0.0163033969323046,0.0383032580738295,0.0491652891636461,0.0536664992647006,0.037941729397757,0.0403374627674356,0.0274089630071575,0.0571689803649928,0.0164469677567273,0.0334965803561067
b2306,hisP,hisP,0.0067709026519639,0.0012270332099395,0.0068779615628352,0.0052439823258581,0.0039339048257741,0.0051767521742008,0.0045206172379223,0.0056452033706813,0.005211620710495,0.0028468945619418,0.0058952503878773
b2514,hisS,hisS,0.147370248701948,0.221956250716531,0.0970271654407643,0.103625091107966,0.127385785009488,0.10019367174532,0.0997923627228968,0.0848962567422896,0.13016779217973,0.0764115168994115,0.0919937035976972
b2318,truA,truA,0.0022916536135092,0.0103913121007658,0.0027926621486503,0.0016140732905187,,0.0021588661336695,,0.001041169877803,,0.0015163095172974,0.0291680875168505
b0178,skp,skp,0.24114796177607,0.388518002330598,0.273637463990191,0.156678703114951,0.260002882582652,0.190440588329123,0.189364891667378,0.193167563047277,0.227973686738566,0.111195841480685,0.172241788255419
b2552,hmp,hmp,0.0108323074103524,0.0254071990339839,0.0078623552286999,0.0060894007707266,0.0121962224058059,0.0077317885353826,0.0102406137879462,0.0039131975744991,0.0094320306930199,0.0032139657117384,0.0061648261754193
b1237,hns,hns,0.58062430549309,1.21405762648738,0.636527454170679,0.905405463900046,0.701493339589036,0.670769056084747,0.711296494206003,0.607503806170096,0.932983631630036,0.649011741551792,0.861972898412945
b4349,hsdM,hsdM,0.0340244386732249,0.0755846528564678,0.0212570502423633,0.0222243156417788,0.0237039609747705,0.0220685819429696,0.01677600928677,0.0120424130669545,0.027193834301353,0.0103765495659765,0.0193469948506549
b4350,hsdR,hsdR,0.0009370763136292,0.0079688099930056,0.0013693402574572,0.001447647849359,0.001238042835938,0.0026976962607981,0.0019104344354554,0.0014548224988304,0.0013704460019076,0.0010815052065216,0.0012209404493108
b4348,hsdS,hsdS,0.0016390167782491,0.0056504452028971,0.0008706392681733,0.0012132439868643,0.0004945554831187,0.0009272728889742,0.0009764171926997,0.0002424470474424,0.0011623998211047,0.0004735115581152,0.0010711318439275
b0473,htpG,htpG,0.248312577179318,0.962363681652671,0.231196690960938,0.233757905102266,0.266914101212291,0.249597325257786,0.235225718962711,0.137686885450991,0.245132223997598,0.157647614991854,0.184135569506563
b1829,htpX,htpX,0.0238722127708441,0.028549324094925,0.0243290828870133,0.0209051613187444,0.0155899444366514,0.0161169144778328,0.0181577178747951,0.010365930323211,0.0219200858885948,0.0134765202049731,0.024525954406201
b0161,degP,degP,0.27328637032162,0.211721574012027,0.11738881158822,0.274971097967331,0.187028899015765,0.178418366082338,0.228704655206277,0.139595867968512,0.335337094647755,0.125340555288479,0.503791948666078
b1054,lpxL,htrB,2.06270424088016e-05,0.0006947548133086,2.46073284435541e-05,6.60559805041612e-05,,3.01124284094822e-05,,9.52171043025961e-06,,6.22398921968865e-06,1.48912047478322e-05
b3041,ribB,ribB,0.0143605557171256,0.0535239357167773,0.0173911995857685,0.0244270588371293,0.0128691528605318,0.0086485753656566,0.0092834922178913,0.0102270413484259,0.010787754105933,0.0089310239014941,0.0180255758188997
b4000,hupA,hupA,2.0994733481494,4.40061126562205,1.72014608021391,2.14401543142846,2.12017958266113,1.91534418936343,1.94737205907275,1.4491257885796,1.87399843346826,1.16795138132438,1.98400013673136
b0440,hupB,hupB,0.640519861674178,1.22290340109449,0.730596112995469,0.584599570010568,0.527285888961347,0.494304464813722,0.653023911684629,0.387536352809498,0.39842137039664,0.444333225989857,0.634588334081515
b0972,hyaA,hyaA,6.36993958858558e-07,0.0001624333708606,2.35823976413423e-05,4.18885750861766e-05,6.15552573949383e-06,9.22681869334742e-06,1.52552236362357e-05,2.70281659781443e-05,1.11930571155292e-06,1.90653780805364e-05,4.41965477061947e-05
b0973,hyaB,hyaB,0.0001251273452021,0.0003701401204429,0.000234274283431,0.0001328058535887,0.0001347387745527,6.28358300012378e-05,9.42008781063554e-05,8.12208516331163e-05,0.0001146583725014,7.51495614832254e-05,0.0001239666981956
b2725,hycA,hycA,0.001913492284181,0.0047024362892818,0.0003039953515641,0.0003959097410252,1.64080993780843e-06,6.20300528116079e-05,0.0001185392290717,5.35994133562506e-05,0.0001244692592492,0.0005079562488729,0.0002150526479605
b2721,hycE,hycE,0.0001175599947204,3.26285919626938e-05,0.0001303859923549,0.0001911651463182,0.0001035437487694,0.000275439284712,0.0001795790696369,0.0001068508718543,0.000382016339168,3.80093545343836e-05,9.18447294593188e-05
b2727,hypB,hypB,0.0012371467197219,0.0033710443235667,0.0009454817529427,0.0008108762194453,0.0013388311748328,0.0013072332461457,0.0020372795654089,0.0011103144356658,0.0013665055607795,0.0012216615260076,0.0009110200662657
b2730,hypE,hypE,0.0009403462377209,0.0010355448148811,0.0005080666755341,0.0006809832889063,0.0012716334258478,0.0009290903911732,0.0012019113921119,0.0012790399717142,0.0008093991830215,0.0004393201787973,0.0005760753856802
b2753,iap,iap,0.0009675795003938,6.17079012246543e-05,0.0001455817362474,8.92373516067686e-06,,0.0001381771641206,,7.78912815188826e-05,,8.18541624563127e-05,4.12637086906793e-05
b1136,icd,icd,2.55563562130583,1.47591551136695,2.4082029832633,1.86651885571352,2.44568140146369,2.13440103533064,2.55428820774836,1.65262263550503,1.79881018273786,2.28117532994495,2.69032276833983
b2916,argP,iciA,0.0346764927412235,0.0216921733005089,0.0304386214755836,0.0302586715133154,0.0376895833879984,0.0247061600281133,0.0331410149140605,0.0293015052339898,0.0347478020096834,0.0227707698687933,0.0347113787528898
b4018,iclR,iclR,0.0003235091907484,0.0006681007835409,0.0002692191400078,0.0003786489405071,0.0001078583284781,0.0001931300244402,0.0001325708536475,0.0002293826986823,0.0001892494521705,4.33638458594776e-05,0.0005388730081797
b0026,ileS,ileS,0.374859990797785,0.499475434689821,0.280559851454384,0.313921994126004,0.424596946687305,0.271443510362521,0.281247614285093,0.234778341525878,0.349807871660576,0.233283877447354,0.332373207703675
b3772,ilvA,ilvA,0.0130330736365741,0.0091072238924252,0.013782216938235,0.0093349332716535,0.0214145688649763,0.0100038169792519,0.0097120884774129,0.0074006849843191,0.0156916616251281,0.0058213075168283,0.014023646818315
b3671,ilvB,ilvB,0.182752605155639,0.217977950839345,0.158838660094035,0.20422982255846,0.165463033154507,0.17102087313245,0.195958423197579,0.0918413596547613,0.165252833372961,0.140835928857613,0.0763600721105014
b3774,ilvC,ilvC,2.9902605120334,0.306947192820442,1.88249225725609,2.60697985090149,2.63212240464376,2.22211833903654,2.13953203108188,1.2177473900405,3.2101828542347,1.39961089096281,1.262835924019
b3771,ilvD,ilvD,0.130341128140555,0.0538086549807928,0.0976829290579475,0.0772057590938459,0.160521203399721,0.0781477023840107,0.0874585878037913,0.0483192986663529,0.132099453706484,0.0548086422339651,0.108082758368322
b3770,ilvE,ilvE,0.147535677429963,0.0785494912510707,0.103707190749675,0.107382517661115,0.227365382724165,0.111232385718475,0.0926198356531587,0.0654791183521132,0.166415311004864,0.0709469138468658,0.111382308475243
b0078,ilvH,ilvH,0.045682398431731,0.0130878539832458,0.0432432086235375,0.0371479696157998,0.0543214098165065,0.0417600097084767,0.0474290379328351,0.0383457826636674,0.0575560270407702,0.0268764159509543,0.0397926562381059
b0077,ilvI,ilvI,0.0460483966756843,0.0118791019690254,0.0424710895148969,0.0492860979611818,0.0468459972580946,0.0318720557976197,0.0379227130806678,0.0290785608755158,0.0463328367307887,0.0321207992296495,0.0482794834539264
b3670,ilvN,ilvN,0.0197799494588581,0.0517196836925042,0.0382996905225021,0.040528774572223,0.0380644001908874,0.0327650651417622,0.024771524980666,0.0254197186305592,0.0295064564965525,0.0339749408118595,0.0116646998476983
b3773,ilvY,ilvY,0.0004264106775923,0.0023322031148491,0.0003440598760843,0.0002248238852882,,5.89674355298035e-05,,0.0003306364845503,,8.76864679721706e-05,9.426594431039e-07
b0884,infA,infA,0.0614011823739309,0.123811423790983,0.0444054292646221,0.0331092177102796,0.0446158973221192,0.0354101494935311,0.0330369684623356,0.0285599495341716,0.0409395883833841,0.0261112501491999,0.0284737248665775
b3168,infB,infB,0.403175528323997,0.898043627194993,0.354150879288912,0.373982917855587,0.405108712932632,0.336869606736625,0.368418013585512,0.242329502788149,0.467614650027229,0.252929245629696,0.351745410977125
b1718,infC,infC,0.236297962998361,0.460157102811772,0.187413055080765,0.225128685129868,0.332880442921611,0.286877337275167,0.235905322655687,0.249836150431026,0.358295776553427,0.133570823244901,0.185314350025029
b0421,ispA,ispA,0.000594620719105,0.0009932199212948,0.0002172385289051,0.0003316449407503,0.0004302207589549,0.0002602136611304,0.0002703657640142,8.48517428265395e-05,0.0002477286726682,0.000397386436839,0.0003298204205565
b1732,katE,katE,0.164838687218821,0.106300293492593,0.254376285901784,0.260182619512336,0.123396590289977,0.295012541831569,0.250150493915743,0.464668508303854,0.156535887318359,0.287761393181327,0.160651437765014
b2741,rpoS,rpoS,0.0138195504279886,0.0848212258333358,0.0095247721150211,0.0117241551630752,0.0066211176494825,0.0060809785363362,0.0076808441068209,0.009022203576281,0.009236772139208,0.007201624839003,0.0047819502077593
b3942,katG,katG,0.291999475616873,0.294031341001778,0.733701440919496,0.422153141557663,0.289768594208214,0.432048182253202,0.517835176393036,0.523601761528338,0.388636459682175,0.356283833284989,0.486120383102657
b3617,kbl,kbl,0.0122817835841135,0.164255076041506,0.0080702225045994,0.0077066093683787,0.0128847640012787,0.0090255906311785,0.0082043913092948,0.0062002024673448,0.0102991620499897,0.0104192973422612,0.0086901355359637
b0695,kdpD,kdpD,0.0004656783515157,0.0002898468796468,0.000347993337029,0.000441011519177,0.0007120612633985,0.0003370455735516,0.0006200237597729,0.000489059602907,0.0006740236540882,0.0003540193854342,0.0005611949945617
b0694,kdpE,kdpE,0.0024850190358854,0.0025050016014067,0.0029497764084523,0.0010910987321306,,0.0010700741339293,,0.001364563892243,,0.0014561003545903,0.0008856403883685
b1215,kdsA,kdsA,0.135260469258564,0.210831917632348,0.14348744259374,0.164029983609069,0.151619653494159,0.122117931107822,0.105281126823794,0.118528638451067,0.147355997205017,0.137194114462528,0.126511920528562
b0918,kdsB,kdsB,0.0249878526747725,0.0417891149398133,0.0196162766527669,0.0186423281365479,0.0200390415436415,0.0215352024823415,0.0152870494900393,0.014568327568401,0.0251754319060251,0.0132906943280324,0.0208261780167191
b3633,waaA,waaA,0.0024142727699486,0.0042540116679148,0.0027371437665328,0.0029093960380461,0.0010617533057555,0.0020674893659728,0.0011379503918215,0.0010271968748287,0.0021698340962308,0.0015079821871366,0.0025369508319159
b0047,kefC,kefC,0.0002513156192856,0.0004067988532099,0.0008717807335285,0.0004417797356543,0.0001425867747993,0.0004937972824277,0.0004548223818977,0.000272188134096,0.0003759712136177,0.0003936698276847,0.0002950463828515
b2587,kgtP,kgtP,0.0097119643637423,0.0180659400022146,0.0239367898932831,0.007261483980304,0.0187773407268587,0.0104613045396102,0.012180472878915,0.0114142943343809,0.0101716400526864,0.008746743137751,0.0105952921330307
b0051,rsmA,rsmA,0.0127459924344639,0.0227441106086551,0.0059676457096004,0.0086547556110822,0.0077531680492812,0.0073992622445334,0.0059700526263314,0.0037267194452701,0.0089974882278251,0.0055932468382969,0.0070392058676884
b0345,lacI,lacI,0.0014586825684702,0.0002992847217068,0.0011227508970352,0.0006650005448848,,0.0009116645965779,,0.0005813925469717,,0.000561130352517,0.0008551224163514
b4036,lamB,lamB,0.0747479624760451,0.214005034113037,0.274244129194219,0.138315405352187,0.039882987897647,0.125783692891749,0.165051628642263,0.095969232270709,0.0987503400672419,0.0854414604548093,0.0998850857949165
b2569,lepA,lepA,0.0826026421720176,0.174369364253004,0.0815281880789775,0.0724346911568046,0.0746059299458678,0.0624856524704249,0.0764962279028638,0.054312325819693,0.103266164698026,0.038576118088773,0.106735415381446
b2568,lepB,lepB,0.0087581160434202,0.01533164545179,0.0083304461044494,0.0081372146136082,0.0087750177924267,0.0064909537343106,0.0076822940969437,0.0059662129841703,0.0088411884785502,0.0048767523501295,0.007836204447142
b0642,leuS,leuS,0.297866018028589,0.434265424164557,0.23537923572407,0.242787830518645,0.271623815115636,0.237432959737743,0.221147105195156,0.177388274812575,0.289895489973336,0.193947054515335,0.211543621191747
b4043,lexA,lexA,0.0207546263228233,0.0380884875678967,0.0235668142367435,0.0232238988912217,0.0207541374627541,0.0236114009834874,0.0267838361851394,0.0189628312881921,0.0245306888986022,0.0177714974826113,0.0164027421447804
b2411,ligA,ligA,0.0354523654912614,0.0790417435836665,0.0423093029462187,0.0374684867479495,0.0452707661922788,0.0475580582932932,0.0438192159565308,0.0315887646917593,0.0533921445989452,0.0262800573970264,0.0291577251975269
b3454,livF,livF,0.009583721012851,0.0029408990355287,0.0100655273095621,0.0122781390964109,0.0085944602669972,0.0097322396497369,0.0068383718089665,0.0098300196954991,0.0086842764843654,0.0045063859911457,0.0113331725306886
b3455,livG,livG,0.0095571416986253,0.0080841596307619,0.0164760266131997,0.0143857227906914,0.0117476603503129,0.0169282449744225,0.011719652594854,0.0122010879107945,0.0169134453413778,0.007984772207018,0.0112639426830462
b3460,livJ,livJ,1.48870026238541,0.123032240116582,2.13426531194395,1.52484553540067,1.14736508370619,1.93749255182779,1.80034782531501,1.49158098998932,1.62678222874831,1.36918929675679,1.42818433291574
b3458,livK,livK,0.172928065440204,0.025551528411601,0.176413167441915,0.152107891877603,0.122431542587069,0.156532194511867,0.128498841657273,0.110921985348716,0.15110651315684,0.0724039999864126,0.119991235553384
b3456,livM,livM,0.0054148327221521,0.0010137550156187,0.0071795328967529,0.0065315098589046,0.0065272641903715,0.0091943578123355,0.0077660255669373,0.0054755893981525,0.0101747907373953,0.0025654020214714,0.0069560139309896
b0439,lon,lon,0.165259623729206,0.494844877600118,0.162588508400344,0.179168246844406,0.199148357023936,0.173332727445541,0.203293334442117,0.126075953926219,0.229978537420185,0.098330225968081,0.171533474151461
b0116,lpd,lpdA,1.05912108554558,2.53109570263113,1.08746866460343,0.866953221805501,1.26815728552992,1.20393174099856,1.07936376532612,0.757880216493734,1.18508084346286,0.762417140299593,2.04152028371617
b1677,lpp,lpp,0.674526745234547,0.906487037938479,1.0841956925421,0.649091269050126,0.98451822224489,0.707409374222796,0.619201003181325,0.518528848349689,0.731663493053381,0.577438421956941,0.559914771695355
b0181,lpxA,lpxA,0.0453725629367845,0.0692089287079796,0.0439119869803205,0.0467785792980505,0.0476390099051722,0.0455669917459498,0.0462508726014513,0.0390990978951615,0.0517879987306852,0.0296833506418378,0.0470574341465565
b0182,lpxB,lpxB,0.0021753224257793,0.0045139107431489,0.0020948049557667,0.0021435778777738,0.00177338759283,0.0013713662058223,0.001284481776549,0.0019597756815864,0.0020934546121523,0.0016296200478913,0.0023432413920466
b0889,lrp,lrp,0.190748580330157,0.111313514434943,0.213340948391637,0.219298870043995,0.239246035631087,0.181944382761946,0.176887455521882,0.234854280526996,0.252276205154205,0.169584202388507,0.18091211343839
b2838,lysA,lysA,0.0555760969462156,0.0129693780658605,0.0392997825600304,0.0545760670603838,0.058963211164788,0.0554345491255529,0.0376575596640231,0.0289077960954118,0.0735304209524124,0.028290395693913,0.0417631273775278
b4024,lysC,lysC,0.299507355845983,0.0308497468061458,0.112831531009212,0.147527234985891,0.223066250075216,0.0888552672451148,0.175060411984824,0.0822179207529267,0.262773020630474,0.106078520195585,0.173249591181738
b2890,lysS,lysS,0.245135622116071,0.462276699792356,0.191356031916461,0.191068759301832,0.270423867067807,0.185858550872225,0.186370130932934,0.1283593483566,0.275601234552792,0.148667914529617,0.146998626011099
b4129,lysU,lysU,0.0473123595878058,0.227523935152515,0.0365067744134773,0.0377966596785819,0.0459804703715416,0.0284761036865595,0.0320299606943224,0.0240676708918243,0.0397601532790883,0.025658475909866,0.0263107324242252
b4034,malE,malE,0.154136344705425,0.608877629076884,0.513029017160951,0.44176757459198,0.0766144680484099,0.438115606938581,0.767593196088639,0.401862395113414,0.362577014996971,0.263155974054182,0.362742722536748
b4033,malF,malF,7.40065005851232e-05,0.0005282006910478,0.0002980002544379,0.0001883728471943,1.81811521497481e-05,0.0002264013820199,0.0006956248331764,0.0001567295598246,0.0004012287199357,0.000122849698715,0.0003711478216883
b4035,malK,malK,0.0059338901253554,0.0270384520935999,0.0153219021038368,0.0088854864807051,0.0028794879899764,0.0094543453144205,0.0150482912478767,0.0086725091388026,0.0077032578632983,0.0063864648703111,0.0108007208793198
b4037,malM,malM,0.012713883106813,0.0481791522552529,0.0497119436090872,0.0404808239873275,0.0075332527398063,0.0308206545830375,0.0489104194995353,0.0298115658708428,0.02548611261733,0.0176570128635959,0.0306051455719889
b3417,malP,malP,0.0412229999275462,0.0664107348886359,0.0460660808031435,0.0411770338231035,0.0339690196503232,0.0356662350891086,0.0596878902502132,0.0266176655041375,0.0659256462984223,0.0235133107659406,0.0333046748011351
b3416,malQ,malQ,0.0084087785654831,0.0108766758111181,0.0074917552270637,0.0079851140076073,0.0040197094599448,0.0054517870541271,0.0096939165678266,0.0055853798506123,0.0101004777732213,0.0038119940605145,0.0056445763791005
b3418,malT,malT,0.0036081054316238,0.0128965210631128,0.0105638470366029,0.0072755971741738,0.002077188019551,0.0075913858303629,0.0112302441609168,0.0034448407895839,0.0074383912685338,0.0040721338432991,0.0074067076826516
b0403,malZ,malZ,0.0001042904712311,8.58661911220251e-05,5.59761686537032e-05,6.63404882874375e-05,1.85864190620868e-05,2.72662876996055e-05,2.67760707640976e-05,3.47487757223134e-05,1.93296933620153e-05,4.56018022660701e-05,0.0001062467403285
b1613,manA,manA,0.0649510211721653,0.144525351868537,0.0601450748132204,0.0630692539408152,0.0760778682789636,0.0580950687155487,0.0531461490263098,0.0331661084160058,0.0601590546322289,0.0640435020103508,0.0603990145893867
b1817,manX,manX,0.133151241548128,0.167993410365157,0.363227829167975,0.164083191311762,0.146782456713599,0.103375883372824,0.223812843274053,0.0909031371738184,0.268161945108147,0.11361031660832,0.0619459576092766
b1818,manY,manY,0.0050326461524921,0.0063858538827472,0.0128423819562915,0.0054689302197311,0.0052513855153777,0.0042155891213437,0.0063548126758636,0.0035481336610749,0.0112740746299241,0.0022099286579832,0.0039574134676958
b1819,manZ,manZ,0.0177135685625925,0.0246829449182873,0.0537166143543695,0.0199625548007684,0.0182265038561953,0.011259487032262,0.0295166125788382,0.0097907522233941,0.0383471816743086,0.0125672439212003,0.0108773616417212
b0168,map,map,0.0719195606540635,0.101014648161343,0.0642790315363308,0.0643912794007057,0.0989640381260178,0.0628029571637966,0.0591246012032424,0.0500050187925652,0.0792625274115613,0.0513409673160774,0.0534046446944707
b2783,mazE,mazE,0.0004626933588936,0.0006768040326237,0.0004521009132128,0.0002077975260185,,0.0004076677835762,,0.0002548805195424,,0.0003407699935143,0.0002258790538766
b2781,mazG,mazG,9.0024426336088e-05,0.0001776004600994,7.6462966504543e-05,0.000116288503001,0.0003457871581703,0.0004846179190992,0.0007855417204874,0.000698123657055,0.0005922461276523,0.0002419837220898,9.86814837288964e-05
b3236,mdh,mdh,2.84997059331264,3.9239364726875,3.59258508099136,3.53861850608048,3.78967443217104,3.8383082220076,4.8684927796297,2.67374150915384,4.06343338293675,6.42428561367615,6.92395310597693
b4119,melA,melA,0.0010074982548147,0.0011676302213847,0.0012407183876578,0.0010646569471684,0.0003610753075735,0.0016520463409098,0.0020971895259703,0.0108483183062987,0.0003789124989386,0.0019145027061174,0.001207825630875
b2264,menD,menD,0.0001571544567683,0.0019298914254889,8.54296286568226e-05,0.000140588012868,,5.71667623288358e-05,,1.91666000442199e-05,,7.19573392862013e-05,0.0001756163477453
b2328,mepA,mepA,0.0003431946669022,0.0003963382879557,0.0001764575193305,7.64282230961272e-05,0.0002880351591735,9.54992320273129e-05,8.59833079460785e-05,1.68633773008224e-05,6.71648020520775e-05,7.16725341989275e-05,0.000100247369327
b4013,metA,metA,0.159241685730712,0.0219316332968238,0.0490200593126656,0.0543436429835175,0.0979381238783068,0.0658151983489125,0.0582884732719093,0.0495107120096959,0.0747948356979725,0.0291690881652434,0.0478823543494282
b3939,metB,metB,0.132074750718792,0.016191255064438,0.0574903743609932,0.0928198485974259,0.0834471486309622,0.0608634137961184,0.069064344519298,0.0700384492082224,0.109244116524769,0.0740176623245247,0.0599937195952885
b3008,metC,metC,0.152523366680191,0.0228428979693985,0.0573064176923596,0.07210045632576,0.0737377243149396,0.0460909533157538,0.0718617478272967,0.0453310059056259,0.0629058294275241,0.0544968924539687,0.0747670715049776
b3829,metE,metE,7.24683150136632,0.240392029536705,3.36859926625481,4.04711072026454,4.60654877645377,2.69527380468259,3.74301775559516,1.63799975545141,5.45753054608282,2.44633015083815,2.61910428033903
b3941,metF,metF,0.240772275599923,0.0468109912549806,0.131740768188989,0.184502227796523,0.205614994607716,0.127193765293286,0.14792663193518,0.118588417044203,0.233587890659723,0.122398288603613,0.106348944930445
b2114,metG,metG,0.26343498790007,0.325330362887529,0.168526023654659,0.18558844276883,0.211481783364529,0.163818106323216,0.187111798824184,0.130157768525312,0.242955802451507,0.138384047561007,0.179293994670884
b4019,metH,metH,0.0950430669604,0.0610219782572259,0.0682210133109854,0.0713698833005165,0.0949340610812564,0.0772712536937065,0.0771774657238937,0.0519067387024494,0.110934876995135,0.0400841051943635,0.0689582208053358
b3938,metJ,metJ,0.0199143290440045,0.0245809096680411,0.0154873505484972,0.0130904933907434,0.0156477066545182,0.0119457618715478,0.0102592711307346,0.0110117471700051,0.013436156711529,0.0138640376983898,0.0128789731174609
b2942,metK,metK,0.869785631315764,0.491857557371161,0.518540719771758,0.474747765065233,0.800223802910805,0.420165984722488,0.448614472527487,0.342738589389795,0.593954884093242,0.246741421203408,0.47202849680491
b3940,metL,metL,0.0506369028055043,0.0336751921188784,0.0284495120781689,0.031516841041824,0.0390390687570762,0.0260408229073544,0.0321376380437426,0.0243002297215876,0.0575067170229682,0.0267857005209358,0.0252300431459994
b3828,metR,metR,0.0026702265913556,0.0022497996715674,0.0018323918473176,0.0016615192587448,0.002982443379829,0.0028327746149244,0.0028763092636234,0.0027547672204652,0.0025023054261062,0.0049183215785652,0.0027471574690696
b2149,mglA,mglA,0.0023707559407128,0.0314020551553851,0.0189908440254883,0.015913389371861,0.00800842464839,0.0233284118858477,0.0310206724056924,0.0499001003719442,0.0114622823066425,0.0107189504904516,0.0197134316739839
b2150,mglB,mglB,0.190927381300643,1.19315085072087,1.05444277181143,1.03640777142641,0.334992736413014,1.60232039040677,2.15702477508103,5.14045820991385,0.574860494660924,1.15810277195781,1.06563303711578
b2148,mglC,mglC,3.15248852569963e-05,0.0020198323246666,0.0007530064853085,0.0006154944639817,0.0001426587908341,0.0008551863808114,0.0014495506128508,0.0031464879195839,0.0003076255158538,0.0004844055097305,0.000710345924709
b4171,miaA,miaA,0.0046720151358348,0.0053622247462908,0.002583379069732,0.0037642294164287,0.0038008446592864,0.0021627948618021,0.003496327711828,0.002119723826554,0.0040628058332327,0.0034864706056109,0.0048758250050214
b1176,minC,minC,0.0070180969571427,0.006682283196275,0.0053738791073824,0.0047764004237931,0.0058728338393345,0.003900142925956,0.0041617175907506,0.0031926852999386,0.0059506907399856,0.0053423236358361,0.0048292972906534
b1175,minD,minD,0.136334117264702,0.242045443652431,0.148288923399131,0.134643898815357,0.153994348978266,0.116069720112153,0.132623624484669,0.105696546310433,0.126355477907428,0.12957321188529,0.162145165555789
b1174,minE,minE,0.0348812141400826,0.0678810622422215,0.0477668927425454,0.0486774832493479,0.0515491049234617,0.0515668463236739,0.0527505136639974,0.039140303793445,0.0508241929136856,0.0347409299258646,0.0494056261959288
b4143,groL,groL,2.16265316388267,6.26622784346992,2.19604855755475,2.50678260041016,2.51349056117551,2.53354436621214,2.59060187556721,1.48671659402569,2.36872662718089,1.85835658247912,2.17975463364015
b4142,groS,groS,0.254679489285904,0.735399759086962,0.257552954238123,0.319080899192064,0.330856669248417,0.349161478666393,0.258863711879489,0.167170816366205,0.257705420516792,0.210194267272652,0.23614310395465
b2684,mprA,mprA,0.0369878427205103,0.0591436169084004,0.0178598596760145,0.0259744988336919,0.0440358626160485,0.0311395296679221,0.0244673543099167,0.012409323500664,0.0380147051915234,0.01929736804016,0.0276690870752644
b0087,mraY,mraY,0.0013487914298944,0.0019353163175018,0.0015276608727222,0.0016226382788924,0.0016014954042345,0.0006833856983552,0.0007410235495055,0.0009748803138131,0.0014133399149009,0.0012167413844695,0.002193605678463
b0149,mrcB,mrcB,0.0088973053282212,0.0015700615968337,0.0098394081766237,0.0026264487904867,,0.0015807647115249,,0.0020232283559844,,0.0052251127302466,0.0284398550766082
b0635,mrdA,mrdA,0.0008777936565932,0.0016144167081649,0.0006601526803873,0.0007188137239035,0.0006052467124697,0.000754979173976,0.0009611315859534,0.0003434429850512,0.0013955851901581,0.0007819949860113,0.0007322421216207
b3251,mreB,mreB,0.200855317568236,0.329532594116677,0.173693308107491,0.214979598772167,0.190590210462821,0.18443697587887,0.140692122989073,0.162171074788981,0.223443625167135,0.135804152748224,0.19502381938523
b3250,mreC,mreC,0.0033766753537443,0.0057513093197617,0.0023968476899993,0.0041833055947005,0.0023669710237209,0.0018068985645434,0.0018582639492857,0.0014725891422581,0.0025748437913387,0.0016994918504126,0.0033372965476138
b2113,mrp,mrp,0.0872229390872165,0.13745899081282,0.0667262442420646,0.0618112538233598,0.0708044088715595,0.0631626812112941,0.0584861644084366,0.0484145678309363,0.0805056823361935,0.0466655548132435,0.0602377681319928
b4351,mrr,mrr,0.0018987187666686,0.0066041614611074,0.0031418721004725,0.0031644437956917,0.0022841195678185,0.0026511288829861,0.0028821212841201,0.0011366219081522,0.0027421142642683,0.0022036411610228,0.0033089080159853
b0914,msbA,msbA,0.0162078713988578,0.0458101449243121,0.0168796453064227,0.0125427427488931,0.0150073682387968,0.0106596850122061,0.0138164350404143,0.0072722919513514,0.0182676926783878,0.0087353606825261,0.0125272357663229
b1855,lpxM,msbB,0.004394036261859,0.0085271746542732,0.003374638192208,0.0041842667090684,0.0033571550903329,0.0033537035383332,0.0028474095437569,0.0042929808868284,0.0030286889793765,0.0030760145790565,0.0029184903575311
b3599,mtlA,mtlA,0.0642678627840565,0.183397159485943,0.128136161429964,0.145955868194086,0.0936680771768751,0.126390531400581,0.18174081715142,0.137207034601435,0.114348749930499,0.0916038040628263,0.0617863245710146
b3600,mtlD,mtlD,0.049457557156236,0.0995595010631368,0.0633654753537596,0.0686623522334403,0.0538922991446119,0.0582427414934517,0.0615251308008605,0.070499406679935,0.0500225420984301,0.0659963943282231,0.0385483185314956
b0924,mukB,mukB,0.0561256838097445,0.130734825131782,0.0663397488337976,0.0563118595532139,0.0788845095742714,0.0587430225320047,0.0734983286089414,0.0465499113232706,0.0900617926190102,0.0428889337463044,0.0598428941420912
b0091,murC,murC,0.0386752143056764,0.0596724365290286,0.0281223129750918,0.0304336796136969,0.0405338133539394,0.0321031527650826,0.031951555052487,0.0215640100936852,0.035405153313818,0.0285959330261805,0.0353130712049807
b0088,murD,murD,0.0063309425339445,0.0089415143897904,0.0074737977248781,0.0053740481956402,0.0045238598254533,0.0047240714366259,0.0047156683527337,0.0037065623035751,0.0057065015192305,0.0053556638341921,0.0064215302599238
b0085,murE,murE,0.0453018471451127,0.0619682237432874,0.0304116007616383,0.0332374728210321,0.0408463109241403,0.031082316759485,0.0350837497878499,0.0267025267805662,0.038465642131813,0.0450540627195083,0.0444719381380596
b0086,murF,murF,0.0417543953755394,0.0669018201069241,0.0264560275389923,0.0373562732621462,0.0335280184960964,0.0206767872909479,0.0264946454952785,0.0187214332302442,0.0244596553167306,0.0400606940747776,0.039025411824629
b0090,murG,murG,0.0057725292481766,0.0083496832441762,0.0047694115063266,0.0057058638636937,0.0067343719087237,0.0061061603578772,0.0049158763615386,0.0044287958432927,0.0072780917521745,0.0046430262882233,0.0068523215143463
b2733,mutS,mutS,0.0061492249991797,0.0184277855340381,0.0057580491333736,0.0045775345754099,0.0056062607653217,0.0025553296518122,0.0038987329037124,0.0024340127628386,0.0056917681806588,0.0035189905508046,0.0074086514064687
b0099,mutT,mutT,8.95051172995099e-05,1.86891329249332e-05,7.66595046204693e-05,3.49779369772102e-05,,6.34932782480618e-05,,5.07226199906091e-07,,3.86070586418653e-06,0.0005137315352491
b2961,mutY,mutY,0.0002030240457472,0.0003687814446922,0.0001053020384924,0.0001567915444821,0.0001443599331904,0.0001096985627971,8.04777392107325e-05,9.14723396068561e-05,0.0001917083688776,3.74770175729847e-05,7.84852301773117e-05
b3924,fpr,fpr,0.008468165160317,0.0089216087293422,0.0101685307026028,0.005928155386423,0.0064187825877576,0.0049055190695306,0.0070185908427088,0.0053271434431871,0.0057231715096809,0.0061354770331978,0.0067851534494667
b0750,nadA,nadA,0.023335459381638,0.0041219627509181,0.0148341717149748,0.0144290389841704,0.0133305519239522,0.0112218590361593,0.0152910278985897,0.0061322896028413,0.0172760315489395,0.0140180324233259,0.0145929382504696
b2574,nadB,nadB,0.0029742946699114,0.0009041181257426,0.0018085852699947,0.0020641454855175,0.0024118614408094,0.001703702342997,0.0021961484845049,0.0009804249886389,0.003664835572317,0.0009664367593871,0.0027985191164927
b0677,nagA,nagA,0.0191523260202511,0.0510596107287495,0.0433174693220088,0.0276083133705738,0.0259649076817194,0.0318818540072009,0.0379617427941991,0.108297562335468,0.0281826573254044,0.0258264596268405,0.0267544605268778
b0678,nagB,nagB,0.0271772081188066,0.0563405798975543,0.0699484204792711,0.0396956532764376,0.0327139359044135,0.0326626897107559,0.0481151346258576,0.127211727511847,0.0357400351264786,0.0347612758838321,0.0278137133753958
b0675,umpH,nagD,0.0571011701521234,0.0616388337438115,0.0424694153704828,0.0463013940854348,0.0422789814910378,0.0481864322460408,0.0494405604221126,0.0401301150785222,0.0566781558091283,0.0317438940150974,0.0470899326787831
b0679,nagE,nagE,0.0301797792951524,0.200496385218301,0.207568755471005,0.0618417674832075,0.0322664660785971,0.0646428537916316,0.105090982919564,0.129215531743185,0.0568941880113099,0.0439087999283564,0.0753640682838271
b0676,nagC,nagC,0.0091543917854127,0.0173063818721668,0.0101205155271096,0.0091500504851485,0.0105834163422731,0.0072412479386801,0.0084788238865648,0.0126876324059395,0.0095140379971778,0.0074079265486649,0.007675950135213
b3225,nanA,nanA,0.0044051371938082,0.321656486965117,0.0084425682188106,0.0093987742692178,0.0037669049201965,0.0081470473479539,0.0105699223886127,0.002166211910526,0.0044992197812628,0.0050237532325945,0.0066352231529655
b1224,narG,narG,3.7652839532691e-05,0.0034081502899958,0.0008661606474328,0.0003390996420594,0.0002010429823715,0.0011030544506595,0.0005590688581577,0.0011175708765172,0.0002684270589491,0.0002218597028271,0.0003816849574061
b1225,narH,narH,5.36009615454712e-07,0.0003660342755501,4.82215050008682e-07,4.88698743969123e-07,5.16580423459343e-07,1.57927426740038e-05,4.95698484811688e-07,4.11051753687759e-07,5.91326446575616e-07,4.28764345580071e-07,4.66801359544041e-07
b1227,narI,narI,9.2917668584821e-07,1.40777917641783e-06,8.50410991710844e-07,8.439237474978e-07,9.02844225195015e-07,8.32902697237161e-07,8.51822845130687e-07,7.06920057423357e-07,1.63668682958611e-05,7.36856676272785e-07,8.00367161143838e-07
b1226,narJ,narJ,4.74547329772852e-05,0.0019346820327611,0.0003271216378829,0.0003389700930755,5.5027843848975e-05,8.37655881758855e-05,7.85100110664164e-05,3.48107421387238e-05,4.41278495915152e-05,6.14512195962416e-05,0.0002532249009099
b1221,narL,narL,0.0491777243922814,0.0700439160992493,0.0611631546296562,0.0509596647303309,0.0456524787756811,0.0427631270369841,0.0551085410538729,0.0470720367876855,0.042191114777349,0.0440153872619863,0.0413008254252202
b1109,ndh,ndh,0.0520448274062285,0.0921097421492676,0.0343064407177202,0.0348716341690152,0.117469498194923,0.0323319359748202,0.0285951322063514,0.0286820899787083,0.0888918617762908,0.0185125284835082,0.0440622024438451
b2518,ndk,ndk,0.298982699386772,0.484334897381251,0.442950083672484,0.444093791202938,0.371223032536522,0.760042151562714,0.710172833713573,0.368419752979611,0.480470938577653,0.441772291257277,0.392665858940484
b2159,nfo,nfo,0.0107255381394194,0.0146635850912273,0.0119260691977431,0.0103132094480871,0.0195577395959375,0.0117796147972714,0.0123868868522833,0.0127904276802534,0.0136822378659626,0.0064535396828646,0.0107118342605472
b3365,nirB,nirB,0.0004694130705119,0.0019023818676067,0.0006319705077897,0.0005180979238452,0.0003303854401586,0.0004958910142631,0.0007086434278912,0.0003600820430081,0.0007866024848203,0.0005185559524303,0.0005090119101788
b3366,nirD,nirD,0.0001999748742404,0.0005814913984581,6.39193439637253e-05,7.99433077469399e-05,0.0001889647983773,0.0001831699709164,3.11710034985239e-05,9.80099143826832e-05,3.26959514566215e-05,9.70894824721448e-05,9.54669716126427e-05
b3661,nlpA,nlpA,0.0910842173648405,0.0174825119804545,0.0787203314091693,0.0758729346062323,0.0794698735364847,0.0516706585335314,0.053576717122201,0.0461973820254342,0.0760762848555967,0.0591855661319488,0.0401366145569128
b2477,bamC,bamC,0.107156080943993,0.143350780633577,0.0951000699403151,0.0824460860444559,0.103548463678628,0.0828227178932215,0.0898927559409743,0.0737875026431434,0.100864566644477,0.0552122148521566,0.0851310540961407
b0553,nmpC,nmpC,0.0011280615873696,0.0094702640627875,0.0010796517363612,0.0009889200238969,,0.0025634084344642,,0.0002465656448769,,0.0007222552484116,0.0006628361695312
b2234,nrdA,nrdA,0.0038633731390573,0.0145745918831785,0.003235595204476,0.0034390083203864,,0.00119573818245,,0.0011127190696776,,0.000644719064447,0.0011916548478583
b2235,nrdB,nrdB,0.0324316090371675,0.0600304031893805,0.0349695860575661,0.028409139953908,0.0303147140425765,0.0266093512094885,0.0280566923220139,0.0220838549626818,0.0344727911522221,0.0271827357083894,0.0293207782624116
b1633,nth,nth,0.0004182327959176,0.0008659035839045,0.000278033367111,0.0003105572127864,0.000229577997598,0.0004139936023464,0.0002444917352447,0.000183775030844,0.0003135781448271,0.0002442755912268,0.0002708055835447
b1740,nadE,nadE,0.200136504004566,0.112894840598213,0.129462487923783,0.156728299173387,0.179488152454102,0.109137548700383,0.135385570963477,0.130516512103382,0.168709302807704,0.119542536520757,0.111146105435038
b3169,nusA,nusA,0.507608990302592,0.912590606039203,0.399816840997899,0.393473176711752,0.459511982019897,0.423861219209013,0.418770554408046,0.315569393717555,0.498293218246448,0.252270778663164,0.346578557637001
b0416,nusB,nusB,0.0282305352248139,0.0616920400791989,0.0246092618839733,0.025194760178074,0.0408006162763506,0.03527399470502,0.0297470058158769,0.0297916933614915,0.0469307451884217,0.0219819211137483,0.024843753912159
b3982,nusG,nusG,0.133914548805898,0.236193168290029,0.117903266290905,0.100896026663755,0.125582112494796,0.109703112692688,0.118218557708761,0.0819728862926512,0.125051145943622,0.0876681252096556,0.108507147903957
b1335,ogt,ogt,0.0018024268467834,0.0013368281325583,0.0011578583304908,0.00157683204775,,0.0011161498398016,,0.0007883729230494,,0.0006933032178808,0.001578696491493
b0957,ompA,ompA,7.38481247615229,9.04159454085542,7.47115332526849,6.35024599769043,7.32179164594767,5.50445543495909,4.68019815382333,4.50567729743637,5.63682394878041,4.60346673468277,4.36793093121398
b2215,ompC,ompC,2.25128070072361,4.94535674482594,1.08531322442844,1.80349946435463,2.19613818894053,1.78862165792307,1.68278043753269,2.13332091615772,2.00598931753353,2.81487207563482,2.85604481559818
b0929,ompF,ompF,1.5669939552534,1.03742096357424,2.76854726254452,2.38878594577563,1.51070083772003,1.86876730216014,2.02023808337696,1.28786136165134,1.76439430622872,1.36884291751566,1.78941668721565
b3405,ompR,ompR,0.037554044250058,0.0728342161631969,0.0448034629733568,0.0479737585933268,0.0372610516707568,0.0369903956555831,0.043301631173007,0.0427416185350917,0.0362283598569137,0.0318760101894415,0.0508495052260873
b0565,ompT,ompT,0.820354968817572,0.462643412101103,0.658472786581955,0.565004977605534,0.743587298056804,0.637612499885325,0.570641169593626,0.437670891615015,0.579907200496413,0.510627487346365,0.461390048256968
b1243,oppA,oppA,0.581427905120174,0.675250169769772,0.685617086385919,0.504264540361912,0.929093934875803,0.655214618191311,0.533274578244562,0.433536741979821,0.611829417592171,0.298721890189676,0.556676180280834
b1244,oppB,oppB,0.0025294973262351,0.0190739881255099,0.0031879569797718,0.0016558669858273,0.0034641646518362,0.0029460822398625,0.0020408602265797,0.0006155123567249,0.0043519910703797,0.0008320004981182,0.0030186945839679
b1245,oppC,oppC,0.0052467764005679,0.024051753881283,0.0048343330465812,0.0045991435043212,0.0116427782567622,0.0083956137564904,0.0059436434578725,0.0102727476055144,0.0083443902068584,0.0011308044656348,0.0037601837465135
b1246,oppD,oppD,0.0088798051570499,0.0454010617539697,0.0103852391458867,0.0087829064454965,0.01233148700479,0.0094232433348233,0.0067727941109669,0.0051217823308448,0.007998456457251,0.0051605293314134,0.0101792081010709
b1247,oppF,oppF,0.0035209136443164,0.0274423483063099,0.0043757198216751,0.0032470892271289,0.0039853905518765,0.0042859589911329,0.0020992584897831,0.002165216817399,0.0039948149009329,0.0013067603082126,0.003688957763114
b1283,osmB,osmB,0.0468563885827135,0.0111930076101138,0.0800863594542016,0.0265686165558047,0.108544460614912,0.0189807840036181,0.0391734007427838,0.0381615087326142,0.0237782367720087,0.0743769843124719,0.0290865053325594
b1482,osmC,osmC,0.189969071724346,0.0821793625842113,0.297947866937709,0.203998451461849,0.172553024459275,0.200992793338449,0.227531794830506,0.60304497367108,0.13948627799136,0.285584157966036,0.151164975618488
b3961,oxyR,oxyR,0.022481382732771,0.0328499907597884,0.0207828658968524,0.0212724055189244,0.0212333196862995,0.0184797221925286,0.0206841874872898,0.0194781636009627,0.0256565653451846,0.0118675431330632,0.0241309344220853
b3360,pabA,pabA,0.0052207243902825,0.0044147630299754,0.002281918868014,0.0036606103845342,,0.0006554489512995,,0.0012064280599851,,0.0010483573476075,0.0003695086777377
b1812,pabB,pabB,0.0030188351017439,0.0037816022756352,0.0017321764051773,0.0015164601901111,0.0031228939786318,0.0014165248586943,0.0014083230534421,0.0008648628771337,0.0019504983374447,0.0010069912879477,0.001246287807428
b0741,pal,pal,0.569061045190147,0.667365536764597,0.680870003343465,0.505015803177409,0.718499233781012,0.510386827909084,0.437805315719561,0.269590534084868,0.549321824172695,0.386410594398001,0.381717190786181
b3019,parC,parC,0.0173672981537017,0.0372167937725523,0.0125319687177249,0.0132416941477373,0.013638883015624,0.0124329244591617,0.0156004975996205,0.0077664154098101,0.0192803948122187,0.0086086282403524,0.0151170160937482
b3030,parE,parE,0.0045895778734473,0.0115987629381072,0.0040223198747402,0.0044019698939647,0.0036239211606062,0.002740512633944,0.0035319049502983,0.0017875734641165,0.0046138156797709,0.0024184229187602,0.0033290750185888
b3403,pck,pckA,0.113515311101488,0.974463811330237,0.594120572528039,0.523584008921096,0.281822296878154,0.827918541232172,0.661077100275156,0.534058386834864,0.239658472089018,0.702218234668016,0.852054997497983
b2743,pcm,pcm,0.0072428987395064,0.0098195910822554,0.0070857075960706,0.0070896755935031,0.0080258103953263,0.0095138553325262,0.0087870369502721,0.0089435803732008,0.0076296692488736,0.0057460571140318,0.0075585777855697
b0143,pcnB,pcnB,0.0038720823928261,0.0066365771631913,0.0023789802048806,0.0029402431748701,0.0036955744890204,0.0030378731261352,0.0022752723153675,0.0019170207962027,0.0039398739023887,0.0011891704265933,0.0024653291743369
b0052,pdxA,pdxA,0.0107161028837037,0.010379473678508,0.0102828995230017,0.0096690195968853,0.0110945954590622,0.0082727670567009,0.0077672151427948,0.0075231323123096,0.0092569832086517,0.0082691765331463,0.0101639856302336
b2564,pdxJ,pdxJ,0.0282156209063752,0.0435126015563037,0.0384369647677833,0.0329773190758738,0.0784011068499776,0.0706598173301627,0.0643710698454268,0.0600497583437668,0.0690198489835954,0.0279196309320196,0.0342403608045365
b4260,pepA,pepA,0.0979164802176555,0.152468109600075,0.106993178103755,0.106603097639712,0.104115950925069,0.0798785013148761,0.0939042433372081,0.0839477814819628,0.111250396557011,0.0646430356948127,0.10841145277121
b0237,pepD,pepD,0.211380427535495,0.523233124717763,0.233445698320047,0.252274438690968,0.358397417122978,0.258978839963351,0.265255861332492,0.211301079741156,0.309156719482141,0.249002552044485,0.225002285865965
b0932,pepN,pepN,0.212735487595212,0.411309384175155,0.213553867197347,0.232779594548662,0.23154027053188,0.217267497532964,0.234485434469351,0.160511540539917,0.24157213081181,0.19942509193376,0.217852543188543
b2908,pepP,pepP,0.0509641486350909,0.080405111699885,0.048810768933053,0.0611532183513429,0.0520535860153515,0.0595549006779986,0.0623593431683917,0.0693902159946124,0.0503141252538066,0.0573360436411477,0.0620938907220217
b3847,pepQ,pepQ,0.103104478205385,0.156241720262136,0.122849929893576,0.113512222810269,0.108490657521874,0.122304495907716,0.138646933924351,0.122463828142045,0.1191696220323,0.0901563797444356,0.106463671462815
b3916,pfkA,pfkA,0.0836908923100114,0.0795655401790362,0.0647250381883821,0.0733388653340027,0.0909582502779187,0.0481221600704015,0.055763458403609,0.0673338651578103,0.114885520427637,0.048170834007152,0.0467700123525386
b1723,pfkB,pfkB,0.0505452052671104,0.0327936241369174,0.0434474806892419,0.0454288082002196,0.0953582231665123,0.0622628707254562,0.0831050239133287,0.0597762058838931,0.0619699099031356,0.0433178752244662,0.0419603980308855
b0903,pflB,pflB,0.653570778369056,0.989034200379232,0.87488320026646,0.830281091304938,0.849617448963181,0.940351170637208,0.995337341435554,0.817760807548566,1.07965402457127,0.799475096135217,0.928592858225216
b4025,pgi,pgi,0.469658314199254,0.592990526980558,0.434893887979867,0.45876745541895,0.570707667852848,0.321572885061195,0.39792504134245,0.353250487558141,0.4728474888113,0.297902110228849,0.262509408165771
b2926,pgk,pgk,2.73088320599485,3.94661134563947,2.10006899880722,2.34170150000698,2.78733740925907,1.89689720032476,1.71897665541813,2.04111766831012,3.14164414890403,2.03264186406867,1.9199990993792
b2599,pheA,pheA,0.113257624917495,0.0484489163104314,0.108524103288235,0.104746476791911,0.0648944225056364,0.0997535063937325,0.107986827687326,0.157867234858549,0.104217727980407,0.076845586157374,0.0808847897975419
b0576,pheP,pheP,0.0076104491842987,0.0013721839638449,0.0040908789820824,0.0006207092825946,0.000628003503576,0.0007727044748554,0.0005905352051366,0.0003090694946237,0.0015541279135361,0.0033245348687816,0.0006078564388284
b1714,pheS,pheS,0.310241814661784,0.40223804479648,0.219964804638124,0.246678818563075,0.224550480118922,0.211453838290847,0.236501916648399,0.189723873904217,0.269322568063068,0.161934670297015,0.228491600374505
b1713,pheT,pheT,0.728264403376153,1.11614202826111,0.639805582663395,0.67696638839899,0.62631310175714,0.613178156088656,0.687819476301442,0.560787027336753,0.859914327361981,0.408498839463432,0.684805937483634
b4108,yjdM,phnA,0.0018469759752602,0.0104853178178566,0.0023429019907591,0.002735530097846,0.0023817479024478,0.0020969488033645,0.0011041709871565,0.0022296925893824,0.0019915081579039,0.0018001618762174,0.0023368054877479
b4107,yjdN,phnB,0.000726289307499,0.0009852602256683,0.001940166386355,0.0008715451817257,0.0004973622373709,0.0005341384782404,0.0008217427851381,0.00268716161117,0.0003944773402615,0.0012354934770446,0.0007555203000431
b4093,phnO,phnO,0.0093511025750367,0.0086809090459309,0.0054885725823996,0.0063862562488807,,0.0047042670881466,,0.0044057296882974,,0.0064075530479988,0.0040077829183013
b4092,phnP,phnP,0.0023580246315252,0.0002958425539375,0.0005364453219716,0.0003953345963183,,0.0004595952332784,,0.0007884450015054,,0.0003472753764447,9.09597207092859e-05
b0399,phoB,phoB,0.0003232380499664,0.0003997391621733,0.000601331604825,0.0006973000503273,0.0007344905372845,0.0006936359790088,0.0003269127926828,0.0006608678659438,0.0003266321095515,0.0004584106215384,0.0006005735624209
b1130,phoP,phoP,0.125632853470777,0.132645517161568,0.133542229929559,0.12501423241545,0.143496049020218,0.127878362723951,0.12869161995877,0.0987882533136911,0.124363245225015,0.124936394132757,0.0959257246868709
b1129,phoQ,phoQ,0.0011053842844561,0.0028994441639859,0.0018665258805602,0.0013583070714813,0.0014219984889104,0.0021939389666831,0.0020428843656976,0.0013029381626267,0.0020098256327925,0.0013529549804476,0.0017113714675557
b3728,pstS,pstS,0.0187418693619177,0.0184730518804381,0.0258777528685667,0.0285203503798086,0.0255276219646697,0.0241091103701266,0.0221421477312066,0.0182041862690692,0.0233260764245354,0.0141100978737415,0.0261223491263523
b3724,phoU,phoU,0.0153756998648301,0.0266979179507572,0.0141722232729966,0.0221022853251619,0.0164890586743109,0.0157149399569478,0.01597340538638,0.0159693906329616,0.015131643192365,0.009214295812903,0.0187575510002173
b3821,pldA,pldA,0.0011720766698899,0.0020433833634024,0.0009891923472879,0.0009846064266788,0.0013258066823727,0.0008256543672244,0.0011281601599453,0.0009975542720877,0.0012089754191702,0.0008144949341275,0.0007838598765762
b4041,plsB,plsB,0.0291796854891953,0.0561643591419599,0.0294351363860144,0.0287505644093568,0.0330387197480685,0.0264952765575957,0.0301948526068978,0.0270279991269086,0.0389262626317328,0.024613484353978,0.0422259139066817
b4235,tldE,pmbA,0.103928938296359,0.14355308985501,0.0704487601168994,0.0859955485236418,0.0864338060699121,0.0677042085686465,0.0755160692924182,0.0528143377897592,0.0839152237154608,0.0704255931683498,0.0726697468097004
b0931,pncB,pncB,0.045130312858385,0.0278248752219775,0.0398211973355135,0.0429406621667203,0.0414318134502047,0.0357977820884812,0.0316900415025856,0.0274456841489564,0.0393448278100996,0.0279879721581788,0.0427741624250978
b3164,pnp,pnp,0.40566988734251,0.801922577183787,0.444238230183055,0.418954495706911,0.426104960552223,0.402486389250138,0.468205965709666,0.285796727605102,0.518214986065425,0.299713594987925,0.374923088398297
b1603,pntA,pntA,0.175658781009553,0.0811226916675558,0.151807131187516,0.122256910448715,0.153903571005277,0.111153005586899,0.11622856490206,0.0716268991774819,0.260706092518647,0.054158704909556,0.127955909622996
b1602,pntB,pntB,0.240594529138899,0.118073971438696,0.199792204218363,0.174420378414372,0.191014936319146,0.114388727783259,0.170829608684763,0.0774060918612631,0.28931073943821,0.0675023563706196,0.141170547889383
b3863,polA,polA,0.0752387601946712,0.156076300659477,0.0756320697289211,0.0757504464434772,0.0713680585619396,0.0649658249576091,0.0651072159334514,0.0563601356736321,0.0723717901099016,0.060172430144255,0.0825112855908671
b3396,mrcA,mrcA,0.0047904981220398,0.007582973496519,0.0061331045994737,0.0028995735888046,0.0078992788479341,0.0108746548866116,0.0085438455738958,0.0031999091729485,0.0146499309421486,0.0037752220616294,0.0051804266427631
b1126,potA,potA,0.0177787618089938,0.0378201887467493,0.0147089288471203,0.0131394732483172,0.0197217530694693,0.0144194448449528,0.0136916290563765,0.0094067656160542,0.0168323003563289,0.0096708641947265,0.0081230401952542
b1124,potC,potC,0.0014685421947169,0.0043664659653153,0.0018539296334586,0.0014770813257426,0.0003057288806365,0.0006619524135914,0.0006006202779673,0.0003925733621275,0.0030958654051088,0.0013222766027799,0.0007130594993788
b1123,potD,potD,0.215402861951869,0.268496977430067,0.197013384578099,0.185904508668176,0.158245179687181,0.201147458668534,0.182475517152359,0.133143225841375,0.196219538093828,0.108927832244695,0.157772997362333
b0871,poxB,poxB,0.0265042690198159,0.0174724445901694,0.0373241666290826,0.028650566773881,0.0235804174696685,0.0274099142728634,0.0340548908070715,0.0526013222632388,0.0257412256829602,0.0447409293426661,0.0154599308576277
b4226,ppa,ppa,0.272758595788541,0.469283104939697,0.262035985762099,0.247322425540279,0.314057943951957,0.262679207407807,0.268344505474748,0.231100607300985,0.300817835178577,0.183199573966595,0.218911489889919
b3956,ppc,ppc,0.597076633311239,0.210904776878542,0.540258232536758,0.359211380037683,0.587649587008999,0.243127904610689,0.435051908759731,0.273351434781838,0.842510285893828,0.22172598365371,0.25239750511153
b3363,ppiA,ppiA,0.0872750835088808,0.0772515889396351,0.0529078052043339,0.0753788608032542,0.0471156782007246,0.0616723949922642,0.0700427735337209,0.055701926098844,0.0612243932855449,0.0791455175595093,0.07587306108862
b0525,ppiB,ppiB,0.069371897830515,0.104046006694804,0.0669704967381957,0.0771454191485103,0.106939007753609,0.0649163998877161,0.062955932923829,0.051696874903428,0.0888063595712253,0.0460968883934741,0.0613020235675878
b1702,ppsA,ppsA,0.167941521539425,0.347258641574741,0.228351990342119,0.268511410724488,0.180768222405974,0.508788300268727,0.279858123322392,0.255417244667226,0.0880527315582914,0.378416354642119,0.606922409145698
b1830,prc,prc,0.0642982043854565,0.0789268011405807,0.0509210001385355,0.0573852859737155,0.0628921594222021,0.053801104690502,0.0515793602276742,0.043581407341943,0.0642980792853073,0.0460480719017425,0.0573511548640511
b1211,prfA,prfA,0.0155069804375662,0.0251214676025325,0.009984609032154,0.0146567712607356,0.0042363683228063,0.0053488671210154,0.0046721463486887,0.0047899863747534,0.0053225605531989,0.0065803424940434,0.0116822561224687
b2891,prfB,prfB,0.115073886291325,0.197885838358388,0.0926759691048857,0.0932583912654357,0.121506394614279,0.085932799273314,0.0905345907813287,0.0643996812984386,0.107589406968069,0.0782273868997191,0.0763247650910141
b3935,priA,priA,0.0004514037428055,0.0004808542243611,0.0002308227557586,0.0003084294748212,,1.87177630361609e-05,,1.59683090169154e-05,,3.85120759915834e-05,3.31613601903723e-09
b4201,priB,priB,0.0001738737851175,2.77364554807864e-05,0.0002010454059272,0.0001655087011173,0.0002047636816596,0.0001550703935605,8.06586358855523e-05,0.000136039964449,0.0001799688379004,3.21041121095861e-06,0.0001379667334708
b0467,priC,priC,0.0005440558471497,0.0006668959455649,0.0003804631434276,0.0005253695944716,0.0003667348558734,0.0003669058028814,0.0003326235539197,0.0003197323727426,0.0005116661986062,0.0003593108668434,0.0003699964460966
b3300,secY,secY,0.0523856728872239,0.103179778689718,0.0490622961224047,0.0451504691174361,0.0484358629376702,0.0447869009157791,0.0383574655526646,0.0279139406487024,0.0596865470480363,0.0283458185196111,0.0504907529110317
b0243,proA,proA,0.0698897314539618,0.089903481003896,0.0582221050209971,0.0703547739661968,0.0767233796267816,0.0606770570110023,0.0588533534712143,0.0681484237841872,0.0789855789238497,0.0507534137184554,0.0591153607023755
b0242,proB,proB,0.0440461850405965,0.0526112836599042,0.0313937340565576,0.0356859977001333,0.0458379813478568,0.0325640270437533,0.0396856999358762,0.0250371300494725,0.0456575018721238,0.0281764321892766,0.038820742640617
b0386,proC,proC,0.0256050643777683,0.0379608059235224,0.024729115849378,0.0210051057297101,0.0253992641205277,0.0187553948100994,0.0175627898847193,0.0312255459472992,0.0171457259825552,0.0218176896677569,0.018750867526476
b0194,proS,proS,0.456708028380988,0.680821854332475,0.324895243283982,0.393005218616841,0.466797569200681,0.406236551353685,0.40771061702183,0.287369489413353,0.510920684141338,0.239563212169965,0.339127327896611
b2677,proV,proV,0.0021085864898768,0.0869904649798548,0.0005517954611379,0.0003575869969503,0.0010316417990928,0.0002737515320989,0.00018857216713,0.000290683159923,0.0002225662125334,0.0001784315961897,0.0004306130708076
b2678,proW,proW,0.0018608605279361,0.0820074301480714,0.0004483431577735,0.0004935024670934,0.0010772720904603,0.000431718690047,0.0002642463323469,0.0006383397779537,0.0008615884896791,0.000586246562908,0.0002350734435233
b2679,proX,proX,0.0469690952938837,0.603097126564501,0.0403883291415282,0.0187509478834876,0.0138653959479161,0.0259476028330788,0.0239768970997682,0.0167615772983034,0.0139639010628855,0.0167790397487982,0.0242416439496315
b1207,prs,prs,0.421553249021147,0.531886918078313,0.443418965563215,0.447152463648009,0.428064464435116,0.554724071957705,0.371124076199423,0.291665364616221,0.499424140649018,0.313238997287545,0.44387530340039
b4160,psd,psd,0.096563194855939,0.112190063679187,0.0764380130942037,0.0876267417237137,0.0748736650069262,0.0785816876629035,0.0858432518138261,0.0640423458058521,0.099119746199428,0.0539105920539033,0.0899090508091898
b1304,pspA,pspA,0.0394832197024301,0.0315931815625038,0.0298352327900851,0.0580689992214828,0.0375359898544379,0.0357891907654833,0.0410778855887016,0.0263058893773987,0.0490492529374077,0.0339536092024704,0.0467588007472997
b1305,pspB,pspB,0.0046116303142632,0.003231208161909,0.0025407344010103,0.0036031415400119,0.0063753800605551,0.0034916415311725,0.0046604412209162,0.0018531553001775,0.0053985525333166,0.0030795967526748,0.005079058784228
b1308,pspE,pspE,0.0022099268737847,0.0294667625367958,0.0044350292233314,0.0054133921621221,0.002337704406763,0.0064338886978691,0.0092448216246331,0.0020400291269309,0.0029689071046332,0.0066864671428655,0.0083161022906293
b2585,pssA,pssA,0.0259256093987155,0.0639158314801338,0.0362727803130036,0.0338632543737555,0.0231464665990801,0.0366520814229144,0.0346036292083942,0.0286733600769887,0.0352303346299485,0.0247456018443853,0.0401016501462157
b3725,pstB,pstB,0.0054451766004871,0.0088224560443233,0.0037627772300813,0.0056645277786055,0.0051818283361168,0.0037608731320507,0.0040231239012752,0.0023338369773434,0.0038034693783079,0.0020326073886055,0.0057164724181116
b1204,pth,pth,0.0256160382353672,0.0415235875469048,0.0186700975675621,0.0162376739733845,0.0158075594681648,0.0155959485589206,0.0140332471523346,0.0092577799940098,0.0180561735179528,0.0111125112385883,0.0166679994610501
b2821,ptrA,ptrA,0.0086988281415508,0.0053985875227367,0.0047613292467743,0.0061946899368653,0.0034635242823218,0.0040548233041386,0.0051470470911233,0.0050751389815481,0.0060869376294379,0.0050589119925083,0.0085505285702149
b1101,ptsG,ptsG,0.233293362765792,0.135896014407834,0.196696185595135,0.0771024252873159,0.111200247636815,0.0657976396643334,0.0724291601497801,0.0539966959861501,0.267346323936897,0.0470100146346541,0.062411357406406
b2415,ptsH,ptsH,0.375329713137639,0.252932609114665,0.330136050472444,0.20391676630983,0.158400549307144,0.230288159510418,0.263055554876365,0.186958555338152,0.402641487876539,0.143982641300285,0.190152100841016
b2416,ptsI,ptsI,1.07118778046198,0.547600570816814,0.682231968195714,0.434294856578316,0.502853639218888,0.36100119523472,0.564643458566337,0.46998451871479,0.976550929972125,0.279575762940015,0.324298229679196
b4177,purA,purA,0.538990705957125,1.03439443852925,0.467051111064777,0.506804678311454,0.62179546849054,0.441630713449664,0.362881275878197,0.375120220574929,0.528402953040347,0.470115825231436,0.482232865152665
b2476,purC,purC,0.366537592700449,0.0670702358476901,0.320622874712576,0.315894789373447,0.406213591540435,0.288932641484839,0.282060192706842,0.210036373897977,0.326672831042103,0.22015412694922,0.388358507408644
b4005,purD,purD,0.161188861779691,0.032254827118784,0.131143477570966,0.115225438166428,0.129964248172444,0.101741090328483,0.113571415623035,0.0609416020219651,0.1436143181672,0.0610831100880387,0.158617950477706
b0523,purE,purE,0.106421395539559,0.0211924480236079,0.0685026833749894,0.0564289597229438,0.080632802436379,0.0720883589068079,0.0662517373434864,0.0610142350302794,0.0831081653195338,0.0754443285186234,0.0678651545802803
b2312,purF,purF,0.0722190820040235,0.0103459067681134,0.0424560314330845,0.0369615373034429,0.0366172588002137,0.0375694714161697,0.0408430551351772,0.0225128063311525,0.0581188143524731,0.0262492903062377,0.0466488720815385
b4006,purH,purH,0.259464830582078,0.0847786577359156,0.202444059159207,0.226000382164632,0.237927142156727,0.207768281593038,0.177300876128327,0.129954826175217,0.267664821820709,0.108209435397267,0.24576890089154
b0522,purK,purK,0.0148657443613898,0.012097415641887,0.0107329614526924,0.0108130889164005,0.0187654292797637,0.0148233300138854,0.0167654871740335,0.0083222483639456,0.0207856858029497,0.0059756113567204,0.0138973319699335
b2557,purL,purL,0.576304055058536,0.192554275968097,0.459618440217761,0.485143093395881,0.403733905161173,0.448950418004527,0.413947232238706,0.368479712970597,0.564444965412547,0.337312615706865,0.635390258211413
b2499,purM,purM,0.155533648694481,0.0344761437999929,0.137615521772798,0.140284981249397,0.130938792396099,0.111681025450379,0.104019243051795,0.107122720248924,0.145247484674515,0.0728957329772604,0.170309377569092
b2500,purN,purN,0.0176860466881365,0.0208879122335529,0.0146894281834478,0.0111924378644033,0.0137719097740473,0.0104526428571574,0.0101367575093294,0.0093865844155962,0.0144080387099359,0.0091123833977773,0.0134505102645847
b1658,purR,purR,0.0523316982469464,0.0408704761019772,0.0485575837584342,0.0425567531751279,0.0493650569969229,0.046147096444413,0.0369108496673711,0.0328561252281272,0.0478634991933566,0.034601182279192,0.0500896164906808
b1014,putA,putA,0.0306318752455509,0.36095661591138,0.0411251397095897,0.0320745519084505,0.0394100463373173,0.0272335245997581,0.0271369488159742,0.0184309598867754,0.0324578766884592,0.0279609555454282,0.02863513403243
b1015,putP,putP,0.0069517288913895,0.0327911490386112,0.0097975988989341,0.0054564075869393,0.0053082803564042,0.0073584663906061,0.0096669461357605,0.0060518092382871,0.0049268517306486,0.0042805768446479,0.0076147713967131
b1854,pykA,pykA,0.162056918544074,0.284804604204278,0.213105720302756,0.194443761664787,0.158830294160728,0.15518262239592,0.179332984540577,0.168143277737698,0.185535131034345,0.121085994612748,0.185782356096992
b1676,pykF,pykF,0.749133436468988,0.869587662920058,0.589986476453884,0.598420005009046,0.855617140191344,0.416525639414146,0.510693019609678,0.516434506828792,0.995140192020071,0.374917482238371,0.286613038452307
b4245,pyrB,pyrB,0.507523198847052,0.0518242209826109,0.545081315810265,0.672239355974976,0.586647768987529,0.723735793207485,0.503461478012568,0.578802816393298,0.614448366521651,0.43032058707456,0.377408445501111
b1062,pyrC,pyrC,0.288874708227619,0.0663243771876773,0.214477564537153,0.225354047316252,0.257085327344944,0.285117158922388,0.212976181558491,0.194503954732194,0.275922336839856,0.154752368634941,0.239418577865263
b0945,pyrD,pyrD,0.0942351142464438,0.0316339193146692,0.053829902147397,0.0626170617683121,0.0580943291146658,0.0647618759954388,0.0418125753796406,0.0359733985351204,0.0735815318746881,0.037486987557314,0.0429479123429991
b3642,pyrE,pyrE,0.0008702810697216,0.0006845888796697,0.0001244027706704,0.0002339678621781,0.0001690036896339,3.42896945765948e-05,2.08955039097363e-05,6.00863922300048e-05,4.20526213906181e-05,6.51231981815147e-05,0.0002894879912488
b1281,pyrF,pyrF,0.0658382509384766,0.0444425759749675,0.0515892922347785,0.0541369119482397,0.0586678770023685,0.0548437564524302,0.0422456744547812,0.0341387423034332,0.0662552527353204,0.0255956028292904,0.0414300144326628
b2780,pyrG,pyrG,0.0961705248775438,0.199376659906449,0.0634477621469118,0.0756668559804294,0.077632262002404,0.0747652195236028,0.0582863870804248,0.0476599045190648,0.0917561652614757,0.0390387415730978,0.0627725778381589
b4244,pyrI,pyrI,0.541395975218176,0.0862776431759027,0.511987372938342,0.586250952492071,0.472964729122956,0.677013338623624,0.433341856421773,0.558188960709547,0.513039032465909,0.346398119438001,0.340788661807657
b0405,queA,queA,0.0271756227165316,0.0584275539453977,0.0128300743303521,0.0152276128778039,0.021861761607953,0.0150115821532411,0.0132845228215572,0.0107071636298638,0.0189259889693034,0.0113483138664191,0.0089638824297395
b3749,rbsA,rbsA,0.0016577859183463,0.0071489850056198,0.0050809278174182,0.0048876264877117,0.0026888440538816,0.0062239402564987,0.0045057575106497,0.004656553614026,0.0041232348389442,0.0033692008197526,0.0103785686502879
b3751,rbsB,rbsB,0.25862974032785,1.07689579937862,0.889870083724673,0.954609813534773,0.18440696657624,1.13119589590746,1.26108383875693,1.20210930309442,0.551247946328888,0.699638809794295,1.37823477985862
b3750,rbsC,rbsC,0.0003484735378418,0.0014088679113358,0.0013169544642259,0.0012563394038692,0.000705452651544,0.0020259831491877,0.0024406828679587,0.0023200872992553,0.0020300269712946,0.0011930922684522,0.0029744244812977
b3748,rbsD,rbsD,0.004488081592114,0.0177574034862753,0.0094868979682075,0.0110526821330616,0.00540675736959,0.0169896686222062,0.0156798181423801,0.036154320376862,0.0094331944890012,0.0146245977763509,0.0151823381049583
b3752,rbsK,rbsK,0.0035100017055269,0.0258593070008202,0.0080944596694194,0.0096200730547849,0.0035168973390535,0.0088058422840162,0.0088792422648336,0.007400400283032,0.0067218709978542,0.0065709068295935,0.0093471248500181
b2217,rcsB,rcsB,0.10867712617532,0.149865005868901,0.0716940578949723,0.0818345551067444,0.0880282380499666,0.0807085046761374,0.0805480863977404,0.0668148418764841,0.118570891787795,0.0602444013178928,0.0745564237378579
b2218,rcsC,rcsC,0.0002608049717629,0.0004798368719159,0.0003017965583304,0.0002583921403569,4.91975895986848e-07,4.38471036426668e-07,4.51717083480799e-07,6.1337946854337e-06,2.54143260129047e-06,7.27930144763628e-05,0.0003955909692966
b2699,recA,recA,0.0953918127034159,0.1977269181568,0.121669223605287,0.120884701468167,0.110205342669984,0.11049651380401,0.109507378909822,0.0921384175011266,0.110228617286547,0.0716945678340389,0.109813687749932
b2820,recB,recB,0.0089678645087991,0.0069175405110938,0.0108823304345745,0.0059981732156525,,0.0067518527655715,,0.0054691072673106,,0.0087787375012622,0.0039050202508903
b2822,recC,recC,0.0002251063309449,0.0001750303742493,0.0002675335319991,0.0002368552256131,0.0001638644620721,0.0001403035513001,0.0001279578724204,0.0002806063061987,0.0003329187486573,0.0002127302348975,0.0002963563374124
b2819,recD,recD,4.06557478766054e-05,0.0001276843091495,0.0,1.18637557391013e-05,,0.0019210250761006,,2.24042254964196e-06,,2.64880328114579e-06,1.0432106284685e-05
b3700,recF,recF,0.002286693282008,0.0013514681638408,0.0006566131905997,0.0004701898471894,,0.0004410256575582,,0.0001950674830175,,0.0003826759754434,0.0004016225770211
b3652,recG,recG,0.0003172859032463,0.0009502079556842,0.0003164480461278,0.0002992911934554,2.54013681478556e-06,6.31243521810749e-06,4.42921931978172e-07,3.63048160832036e-06,7.96759291999311e-06,0.00019222822367,0.0003904688375801
b2892,recJ,recJ,0.0005353572520737,0.0032417215451099,0.0004317522586532,0.0005464778247475,,0.0003687300387055,,8.80200432855203e-05,,6.01494184725204e-05,0.0002825320973853
b2616,recN,recN,6.63465781499763e-07,0.0009995973115425,0.0,4.06657531551337e-09,,0.0,,0.0,,1.84276488185543e-07,9.25502053259951e-07
b0472,recR,recR,0.0027688763020754,0.0093670363336984,0.0025038860216253,0.0021050905977749,0.0015779431985543,0.0023479002247889,0.0019214211404157,0.0013765185717749,0.0023710498141658,0.0016343671991959,0.0018742753200322
b2784,relA,relA,0.0089473871326344,0.0136834467820283,0.0098776236784426,0.008227260576751,0.009871646236427,0.0066776664013193,0.0088256721146269,0.0065418817542161,0.0101333181192553,0.0072745472821436,0.0111980838441424
b1564,relB,relB,0.0026811665651746,0.0041307663412058,0.0019230162040477,0.0022090919901728,0.0014319682934896,0.0016487788403174,0.002080777004349,0.0014409524016426,0.0026046527186853,0.0014702718617274,0.0020170939438019
b3778,rep,rep,0.0008896882779268,0.0013668447501694,0.0008875630395446,0.0007790223211912,0.0007400260531785,0.0005000198389296,0.0004521081116163,0.0004448533127845,0.0009914205636311,0.0005014266597954,0.000775834529306
b3619,rfaD,hldD,0.167726532578114,0.272476045221929,0.17186858443439,0.145088715867033,0.170454934216054,0.136769401356784,0.123315908163497,0.138960957066651,0.154543289083223,0.132286186048128,0.131612887979756
b3842,rfaH,rfaH,0.0016980581187757,0.0023789098702748,0.0014465134904926,0.0010928275235491,0.0010602947030966,0.001436765087178,0.0010511590565903,0.0011874643629021,0.0011120292413918,0.0014385377596796,0.0012000288253064
b3784,rfe,wecA,8.35834255670126e-05,1.20993398646862e-05,0.0001248141572163,0.0002521945367208,1.09947626842351e-06,1.02633208088268e-06,1.05219045575937e-06,8.77726072488506e-07,1.18369091286807e-06,0.0002486995386755,0.0004189187404158
b3780,rhlB,rhlB,0.0388420403518755,0.0733414197209106,0.0341723923127022,0.032207530494828,0.0448319386304359,0.032234705662639,0.0292039560834235,0.0274806593201762,0.0445549116419649,0.0272709316959749,0.0324603345960737
b3783,rho,rho,0.252857873245157,0.462654315774091,0.178268413654938,0.201389756747617,0.212668807063481,0.208140755460091,0.198291727551945,0.132273555512064,0.243949213743741,0.16077422169738,0.182716198447637
b4373,rimI,rimI,0.001234704364866,0.0015106469224585,0.0021188696718361,0.0020237056190501,0.0028713179383605,0.0019577804713689,0.0025705550215635,0.0016912919723154,0.0025134360265615,0.0014519052265465,0.0016194708090992
b1066,rimJ,rimJ,0.0064827865279786,0.0069267282422206,0.0050037360467919,0.0036393130057382,,0.0032033497208828,,0.0022337320482445,,0.0034650275775523,0.0030391498038528
b0852,rimK,rimK,0.0026632073507393,0.0049452372259962,0.0029207541586974,0.0039634024001335,,0.0025393922311811,,0.0009061748999151,,0.0012107550978923,0.0023212412532948
b1427,rimL,rimL,0.0025541854098263,0.0022389171982677,0.0032503937696396,0.0033289759822135,0.0018986370255375,0.0035604063115467,0.0039860325841839,0.0032593461575982,0.0021303364941369,0.003918732129114,0.0031467531811368
b0633,rlpA,rlpA,0.0180810253527185,0.0452526396540438,0.0164563722442792,0.0144549261981032,0.0241270347921847,0.0172988297469351,0.0184584232824193,0.0109687334753172,0.0208279522023692,0.0114286858898935,0.0184783978102168
b0641,lptE,lptE,0.0108727604413357,0.0130290260386896,0.0098316448791317,0.0083526538538533,0.0110795634280162,0.0070975995991784,0.0083610978829662,0.009163704860529,0.0100590364385158,0.0060057215404075,0.0090400633049565
b0611,rna,rna,0.0024775884633982,0.0048351569855161,0.0021217583872109,0.0024515115587581,0.0026177867161994,0.0018705712890191,0.0016049577891638,0.0064214385651278,0.0033208248154349,0.0018032759776962,0.0017647549020958
b2567,rnc,rnc,0.0276960052190892,0.0518700887991814,0.0219657851987866,0.0250684439262768,0.0305951715607895,0.0245889965987377,0.018454951647154,0.019272982147864,0.0297160690875812,0.019750006400456,0.0209247148660155
b1804,rnd,rnd,0.0001468423787739,2.15855905595758e-05,0.0008164518197082,0.0005519229954254,6.74635105771421e-05,5.26603346995453e-05,0.0014702669837529,0.0001812158736193,0.0001938218700871,0.0006127489690804,0.0003767383999638
b1084,rne,rne,0.166253575494519,0.318500362435933,0.195674219473933,0.147369083183228,0.175361491336126,0.130264308422524,0.191936366394927,0.110998907962015,0.217843772694738,0.110900517381098,0.130374166631171
b0214,rnhA,rnhA,0.0006904137934803,0.0010618950197933,0.000414471211565,0.0003473004587176,0.0005679982411878,0.0002771839059468,0.0003448905623478,0.0002347318941742,0.0003523631297862,0.000235311258957,0.0004063800012596
b0183,rnhB,rnhB,0.0032448010441556,0.0076157222252005,0.0012744451512871,0.0013335780775044,0.00060788756204,0.0010903824973108,0.0008406752794431,0.0004672112157583,0.0008731545696902,0.00077929889568,0.0010780582110105
b3704,rnpA,rnpA,0.0029807559738252,0.0070783290213361,0.0027521949863914,0.0021540778406835,0.0014682229193266,0.0013936892473196,0.0010222252019402,0.000482911112688,0.0017447875436402,0.0019008248426624,0.0014227414025617
b3643,rph,rph,0.0002203370392317,0.004558398754363,0.0002161279363731,0.0004723337742502,0.0002770204614899,0.0004340055516153,0.0003664209903358,0.0005674907463454,0.000323950202972,0.0004781934678752,0.0001811806052495
b3984,rplA,rplA,1.16882597487708,3.15264279426767,0.79546378157059,0.841147198921784,1.00360919137742,0.762881974650612,0.77861797706606,0.513068493298871,1.06883332510579,0.478657846335434,0.622056775202858
b3317,rplB,rplB,0.702786324668111,1.97389901801141,0.712792493785135,0.608267978599795,0.70309564459342,0.500174655132454,0.564133122611515,0.319230705936657,0.965310580368223,0.33909876958457,0.576842862318231
b3320,rplC,rplC,0.608666606792574,1.50699574896601,0.467539562868628,0.511204405464973,0.557330312807255,0.457609846232731,0.431706243303021,0.307780354912088,0.64970645481983,0.298339489320442,0.366275056325769
b3319,rplD,rplD,0.772142097311921,1.82653817677231,0.571086129781404,0.625892322179983,0.770558188859,0.648867608129924,0.556969684260806,0.414199089285228,0.926026725758067,0.309374844443576,0.449648682434342
b3308,rplE,rplE,1.06935798409606,2.33181031098215,0.700562459728516,0.764652613121504,0.915623153013933,0.789044316358838,0.76000341241478,0.480149468721674,1.06854232121889,0.448396065348969,0.529446518845018
b3305,rplF,rplF,0.567392425522165,1.57015256468775,0.439737536892715,0.510925539650279,0.549135828256861,0.461212941211219,0.420879937808885,0.315498184730733,0.670737043975618,0.267887708518503,0.377463823066858
b4203,rplI,rplI,0.911963981911672,2.19468190215913,0.69150188182801,0.677536697422491,0.796902265436133,0.523078364716353,0.572304254946364,0.364418851540467,0.836430489661223,0.355922521355884,0.51896020425705
b3985,rplJ,rplJ,1.01147064479985,2.56280638122162,0.743384974892726,0.829779538442642,0.939531780427249,0.705107856106905,0.58677103583076,0.465683603730895,0.964874202226658,0.435117937534215,0.574462619938911
b3983,rplK,rplK,0.274661240848159,0.679469592386485,0.196294173217056,0.197379308814211,0.214408800015253,0.186641982536072,0.160693537457829,0.103900726840619,0.243798619610492,0.109094132365392,0.147664615342319
b3986,rplL,rplL,1.25719959883126,2.9668202378785,0.838602838068207,0.829421943413139,0.971942836880867,0.720721253156484,0.74107645677359,0.487999920094454,0.992687501432557,0.495031086114799,0.656944059401777
b3231,rplM,rplM,0.836193603781181,1.98737131371447,0.633836094018411,0.650906373141299,0.746582742036319,0.590068932833924,0.553289340978836,0.375494761387408,0.819748904403849,0.357930013365341,0.486508506630348
b3310,rplN,rplN,0.159286080046026,0.546600575345519,0.144643907123151,0.159322396351715,0.159202750880698,0.128515750260612,0.087485047321506,0.0925620913719789,0.192655026286527,0.0840293478068882,0.0948811915200518
b3301,rplO,rplO,0.173465560429136,0.481614276074719,0.170360098658947,0.153316909969004,0.196684394257258,0.122789093552247,0.126202990962678,0.0852928548767019,0.280469542544723,0.0841859304257688,0.128190940607672
b3313,rplP,rplP,0.83876783242482,2.49334880350652,0.718943358094578,0.763706608014799,0.888477516441254,0.670699531819567,0.655314249632212,0.443428754590655,1.13013633577281,0.406760869222799,0.54277485184187
b3294,rplQ,rplQ,0.438008485920931,1.11184382532459,0.321811704445664,0.351339919157739,0.38923155437817,0.306214474748083,0.298277471438757,0.206242341250482,0.463169488374746,0.14724954955829,0.240564324401227
b3304,rplR,rplR,0.130055452887228,0.292472055362637,0.0975685383573329,0.103690603602537,0.130976510662226,0.0876904893701622,0.0837494158970722,0.0616229956759749,0.116683358560129,0.0549959441962142,0.0730566454576768
b2606,rplS,rplS,0.119773277658286,0.359574163055788,0.140112184743023,0.11364953793252,0.152764706220143,0.0964967581485999,0.0905902061365619,0.0531027336039954,0.186981133482147,0.0622473545843199,0.0917529889328761
b1716,rplT,rplT,0.0800063337008323,0.251360173499803,0.0788868837535111,0.0747571043794075,0.0974731591777718,0.0642059188617969,0.0611997072806254,0.0334696098937639,0.147010881396882,0.0365752506410694,0.0590859999693256
b3315,rplV,rplV,1.0072516463362,2.78377514047888,0.75164931672642,0.826843834678216,0.803342087873003,0.667292761572065,0.61919901453333,0.392722558375839,0.926396607249931,0.373511982944385,0.589716075784541
b3318,rplW,rplW,0.0348315600317163,0.0868022149241295,0.0274592496475922,0.0324547744913234,0.0367700941186329,0.0283635964491416,0.0259927629315925,0.0193372349794807,0.0494540785691255,0.0152167483556468,0.0222312930619854
b3309,rplX,rplX,0.934217890708223,2.33921261808106,0.640842763545225,0.674892194872152,0.807937249008907,0.640665195618163,0.600397031869958,0.401557348299825,0.903760389672263,0.345379898992254,0.531774188475444
b2185,rplY,rplY,0.357437881691059,0.807560512205584,0.27465867609875,0.275309702414285,0.342328192205294,0.221626054772703,0.235986150126607,0.143348616868137,0.309264512497253,0.1754649326775,0.201515987995355
b3637,rpmB,rpmB,0.146106181369901,0.313239225274239,0.110266705247317,0.0905690866654284,0.120061240283106,0.154630616842066,0.120940016945865,0.0696715581283004,0.178098577695142,0.0624955308738957,0.0756783948990589
b3312,rpmC,rpmC,0.637409387334633,1.44246714714744,0.450583679860772,0.472843499975605,0.696205590652604,0.409434541391761,0.45765887680942,0.312267058161692,0.586718863251804,0.30033487050891,0.378314565794651
b3302,rpmD,rpmD,0.0898323243052415,0.227869830006195,0.0621874476389908,0.0791154341418894,0.0709759520743835,0.0617982733490892,0.0581219654079765,0.0413378604159646,0.0951505777427118,0.0368253056460559,0.044983611944645
b3936,rpmE,rpmE,4.16314672370093e-05,0.0002767754684765,5.07042093290911e-06,9.03370612080759e-06,,1.23956993590339e-05,,1.71590917288171e-05,,1.34946420335779e-05,3.11389420820013e-05
b1089,rpmF,rpmF,0.284151947770574,0.733846953889947,0.209602019970089,0.196507865212669,0.236269944028901,0.173838572062754,0.16193022686924,0.0972286264679669,0.246749760836696,0.118690090635623,0.149014983549912
b3636,rpmG,rpmG,0.294801014437225,0.700706829664028,0.195823938973997,0.192294444130407,0.230219892351689,0.162354938620732,0.169619421205908,0.113401643192621,0.24398863639881,0.10800136796241,0.143287611506486
b3703,rpmH,rpmH,0.129621425965437,0.308468392052325,0.0825868557723183,0.0823397743109999,0.0917353490929932,0.0900209004340629,0.0850903802671271,0.0537450508150711,0.124264326440997,0.0449810119240744,0.0691200047723136
b3295,rpoA,rpoA,0.882680728983001,2.12580915547803,0.762015538028896,0.896378957901177,0.857173315972987,0.670229764193608,0.693502646876704,0.605478663142739,0.833137438803409,0.690753988776142,0.78504309762902
b3987,rpoB,rpoB,0.98913475810647,2.22161380594655,0.999544680321789,0.936990427944401,1.1090023929485,0.963568839230045,1.03549101180433,0.704952829932674,1.31706107253744,0.665162780379739,0.928397970987735
b3988,rpoC,rpoC,0.715348945046634,1.84451517832979,0.853642200426047,0.732347267142456,0.934962587730205,0.711634902617374,0.875723948161673,0.581381369603557,1.16289401779863,0.561252897034437,0.702819676321134
b3067,rpoD,rpoD,0.0755401791627792,0.193139160970405,0.0725466057381882,0.0689170483817973,0.0810811824542702,0.0657346972302964,0.0580985822715454,0.0434094271807084,0.0709106112083613,0.0507461521204194,0.0701409896649151
b3202,rpoN,rpoN,0.0266832244688309,0.0356988995604905,0.0209993216382755,0.021167279471181,0.0215619795634027,0.0160276759709511,0.0176749670327532,0.0167217278508164,0.0189560537243691,0.0161164019092592,0.0204039448177768
b3649,rpoZ,rpoZ,0.154564530262221,0.280884080940604,0.129258712330351,0.124580997872347,0.151212046210554,0.166413612540681,0.127164949645166,0.1167977833636,0.1571217861837,0.0891847988158015,0.116343190319062
b0911,rpsA,rpsA,2.41452626442838,6.58495290561362,1.64457766150205,2.07003483383537,2.06177399946328,1.81498505442096,1.76386170349933,1.1451108202638,2.56741858256162,1.08862044278311,1.46642318075723
b0169,rpsB,rpsB,1.29310785787178,3.16572837114606,0.797486238523256,1.04970116532212,1.37668391823588,1.10471596583624,1.05996759967329,0.740531020182725,1.63450179193572,0.579833398872758,0.734403302252273
b3314,rpsC,rpsC,0.687369649128037,2.01892785901997,0.675337661418451,0.571512364417042,0.756018496190892,0.581766695862096,0.565895381479044,0.305142629350993,1.00869253604701,0.311178834059503,0.517844019773148
b3296,rpsD,rpsD,0.529599635241754,1.36423782096373,0.490981327410008,0.518662497447131,0.5266529700722,0.410655553722046,0.453041549124447,0.280957423215051,0.601530377994837,0.258794655508645,0.401936792300649
b3303,rpsE,rpsE,0.52652322361254,1.44781518788357,0.456636320410915,0.457687247067993,0.449199266682576,0.363404558657339,0.33553686143444,0.230549357794144,0.537353993175511,0.239690203342415,0.32413540806958
b4200,rpsF,rpsF,0.45427328884072,1.09955052791711,0.310750293863646,0.316212526561673,0.382471090312679,0.258022924295727,0.27442245044306,0.19112120334522,0.363938030256028,0.227084530326847,0.261077752805995
b3341,rpsG,rpsG,1.79307745823576,4.52517331450295,1.22825528641325,1.23953899383522,1.43438384539816,1.13079907657444,1.20287266030123,0.64281087551859,1.46214980051125,0.751630817902112,0.971256785667645
b3306,rpsH,rpsH,0.518644099149374,1.37249049038722,0.404728625291206,0.427821957169861,0.467800658229887,0.362104821628951,0.331900321326847,0.234736658117459,0.524688285235349,0.215167990749128,0.317470345764718
b3230,rpsI,rpsI,0.217220115660039,0.513093845074053,0.18183164510884,0.196280841060014,0.215856399808784,0.14258559500035,0.133848753665255,0.102158185324478,0.20525079725636,0.110324085951512,0.144105621521785
b3321,rpsJ,rpsJ,0.773773658095692,2.016554705285,0.511931503195665,0.552562496472167,0.674083612731483,0.484377191724939,0.462205652016638,0.299381657719506,0.650774200814744,0.314469176386295,0.439786044814725
b3297,rpsK,rpsK,0.247099137791779,0.565441683171241,0.213837085600214,0.209890712861989,0.227911883053369,0.186377282259387,0.173372169006322,0.118893524912163,0.262070094921458,0.113507815045125,0.180740350210387
b3342,rpsL,rpsL,0.0528598799225588,0.170135244468857,0.0565622924114078,0.079249415582559,0.0943979132259702,0.0620152910662784,0.0442200555708256,0.0695376713001718,0.116942636315129,0.0467519538856885,0.0533103318622382
b3298,rpsM,rpsM,0.50905523840238,1.57966908947081,0.475892348111371,0.467816855935838,0.445019468003255,0.34749941331118,0.297314955111766,0.280325522013567,0.513234012588545,0.266040212111481,0.313822291662232
b3307,rpsN,rpsN,0.193387392614105,0.436165286560992,0.138845079529991,0.146324825298759,0.159021970251404,0.14904105343265,0.130121835704258,0.0953691680474572,0.228780931083125,0.08942180714524,0.108317219256765
b3165,rpsO,rpsO,0.563235915315407,1.03307069783676,0.396816285712752,0.477088014401855,0.801572355822279,0.655458837375838,0.643992492314226,0.483819249171772,1.06430374249266,0.321787159999417,0.385182019246314
b2609,rpsP,rpsP,0.990672235362381,2.07926147598675,0.819230869971344,0.788730842393106,1.06212061281959,0.791241677889216,0.753071421554768,0.550183812764115,1.09749944840621,0.421374830806634,0.53232555114015
b3311,rpsQ,rpsQ,0.0671944401310029,0.453650063364843,0.135027700336947,0.154333237075238,0.18124777865198,0.0958544508578563,0.0352735134851765,0.124140027679189,0.163111859328613,0.0909476233719293,0.0954089388363684
b4202,rpsR,rpsR,0.378267004621105,1.06128434261281,0.302304626036074,0.333757157757588,0.368434101066134,0.305391395566952,0.268951708663001,0.223235416389736,0.439444229561611,0.176940932573912,0.237085485985859
b3316,rpsS,rpsS,0.328441403667527,0.88210378231903,0.200601209769526,0.236837142103215,0.287342714205729,0.209763904647455,0.220799444609731,0.130596014183459,0.35090984570636,0.136484862518504,0.177210907544084
b0023,rpsT,rpsT,0.462671227224393,1.19741520868076,0.319941502422111,0.338101455929264,0.355538525131075,0.290763304113067,0.278278612803647,0.177693007496842,0.433040848587779,0.174299517838007,0.255516305920551
b3065,rpsU,rpsU,0.399547071696477,0.996289865150046,0.27305255675637,0.292456563174508,0.314341733290895,0.230065374898138,0.223321757569404,0.151354707883741,0.319299580690973,0.14053370515248,0.217007994405273
b1905,ftnA,ftnA,0.10425252506445,0.170083671246217,0.0769750235046651,0.0423406915730337,0.0326233583211639,0.0301880841789154,0.0399167562809373,0.0261016116091856,0.043774128949474,0.0277054732899331,0.0366652390619739
b3974,coaA,coaA,0.0165677975040577,0.0306180076265303,0.0133840561249332,0.0148908917771913,0.0114192672534213,0.0163299821660111,0.0145067438411656,0.0107536799741983,0.0130879017694233,0.0087491158457542,0.0173422794588654
b2011,sbcB,sbcB,1.82443413407644e-05,4.11041631113408e-06,6.92703445086841e-06,0.0002037665671554,8.79325303959522e-05,0.0002430642980276,0.0001394867493323,0.000104304878993,2.7231499786243e-05,4.05982518975464e-07,9.97165980340983e-05
b0397,sbcC,sbcC,0.0013819241505312,0.0019143041399817,0.0022693670565312,0.0025158255276525,0.0046487931703574,0.004225083302091,0.0020710485995193,0.0017383376457653,0.0051102353706545,0.000941605299433,0.0021911244274807
b0377,sbmA,sbmA,0.0003385241915869,0.0002906659708277,0.0003018033599458,0.000496152347124,0.0005702536799093,0.0003470746531525,0.0002969256627932,0.0002870061036766,0.0007482425034114,0.0001815178936933,0.0005004709957135
b3917,sbp,sbp,0.082505619081101,0.0344859015162673,0.0968601017233194,0.0756226730200506,0.039425993346184,0.0377404979039526,0.0558828938430421,0.0395296669840386,0.10120533874599,0.0672222931863552,0.0341040972976991
b1814,sdaA,sdaA,0.0002875679214493,0.0073008056877895,8.39540880569913e-05,0.0001971712591967,7.60797463243592e-05,5.93009035872011e-05,6.34102298344998e-05,6.98782476059983e-06,6.46907337244478e-05,0.0002781683293933,0.0001969143916274
b0723,sdhA,sdhA,0.222577063338186,0.894266342579877,0.481653938159755,0.333232307986018,0.340014737513197,0.445910460725347,0.429679863580008,0.292208753239567,0.360304826088139,0.679742971540646,0.532697283640734
b0724,sdhB,sdhB,0.110159603263234,0.401117164823681,0.205384518861923,0.147924189481325,0.131931524193294,0.260367574793791,0.228027358526744,0.136575783839736,0.18341828792624,0.31547812427095,0.231938027782042
b0721,sdhC,sdhC,0.0203834276440705,0.102439846276793,0.046161952658182,0.0249456196393202,0.0233390376960405,0.0465531064544138,0.0425410323313751,0.0192077062018392,0.0475453512582318,0.0485971727677905,0.0469435242823468
b0722,sdhD,sdhD,0.0006261186393424,0.004010744379552,0.0007545004918064,0.0006388587405102,0.0007384273547713,0.0008728406539914,0.0007361281677939,0.0003470409492546,0.0010410654689801,0.0007090649142046,0.0010207657456331
b1916,sdiA,sdiA,0.0003650963344032,0.0052019265679071,0.0002904003696973,0.0003133209786052,,0.000437454105217,,4.55750170783544e-05,,0.0003554281027573,5.92115610748362e-05
b0098,secA,secA,0.119563538540864,0.303634239737311,0.124822452038518,0.105240849447764,0.111710024177045,0.104505338065547,0.119988506743896,0.0748483584333014,0.130428587109033,0.0763284853568443,0.133720692082801
b3609,secB,secB,0.479318905442349,0.799405649490118,0.406234119069365,0.33877133721818,0.320118943501155,0.291593305400947,0.336166120252597,0.249922098690585,0.362067263623093,0.332075861970339,0.338876331809689
b0408,secD,secD,0.0475216287103501,0.0971719155820493,0.0510243532005186,0.0466630470779528,0.0529273299094214,0.0520100971913623,0.0521610542627189,0.0339496514971692,0.0682227026451791,0.0331239239145225,0.0537242807108945
b3981,secE,secE,0.0034356510273262,0.006573737460167,0.0042047435736821,0.004320352745031,0.0034213199524452,0.0029483392117223,0.0032363247891072,0.0016630744332708,0.0043982724680963,0.0018508327720748,0.0029812789201179
b0409,secF,secF,0.0272656588740545,0.0733425630857269,0.0463638506584848,0.0319021235236122,0.0207014049672935,0.0280572129757152,0.0277549095021662,0.0158762749617297,0.0328725832641752,0.0544887837378134,0.0290246086562527
b3591,selA,selA,0.0151864567971096,0.0117740737567415,0.0156427925611584,0.0154981479267318,0.0183672749520158,0.0158659556992121,0.0153111175544755,0.013066295487085,0.0187672508635794,0.0090160139618566,0.0180866654307144
b3590,selB,selB,0.0055620281156875,0.0066453916905824,0.003858014478759,0.0049887153692845,0.0046120672238551,0.0040591517530081,0.0048709551103582,0.0036389947203379,0.0045698219753693,0.0032562777515018,0.0054565834810099
b1764,selD,selD,0.0431030591495261,0.0853253371746612,0.0392175563161383,0.0404571771593539,0.0479839777988046,0.0348406702256506,0.0406455164632695,0.0238380781670295,0.0349409922499347,0.0408528086113271,0.0406001122577712
b2913,serA,serA,0.831961663511667,0.0666479086535466,0.552673712374431,0.444463148089206,0.872482485851906,0.316908982106866,0.220517234084848,0.300758726240069,0.562918391873331,0.341660123632564,0.446901521817407
b4388,serB,serB,0.0109485908051047,0.0130587771232762,0.0067886238161095,0.0069917674848492,0.0082075337420235,0.0050032345685951,0.0059485567437603,0.0040446382950066,0.0083770393259633,0.0026413509428325,0.0052701772097201
b0907,serC,serC,1.19771558868785,0.209697833446462,0.701286712375661,0.639150243276796,1.0344344471609,0.662963788487785,0.650256347702648,0.527637545444702,1.03188796371738,0.528060654450839,0.575536700044409
b0893,serS,serS,0.203006948854724,0.4662990491895,0.155649785316024,0.171016768312001,0.254288816398127,0.167930774834847,0.167556018145101,0.113102711045076,0.223709927490125,0.156523845304712,0.170008601939355
b1479,maeA,maeA,0.0553909554605192,0.141300523328457,0.0486604427422435,0.0504365569321352,0.0466909752184226,0.0544244331427834,0.0463481935417817,0.0297567985846174,0.0536435473317166,0.0641385396492365,0.0503197818295087
b0146,sfsA,sfsA,0.0018700635020703,0.0023345922497935,0.0010808061836149,0.0008787954729595,,0.0008254021313517,,0.0005502520459627,,0.0006322747137471,0.0004144696250015
b4392,slt,slt,0.0097414875772825,0.0108600144030745,0.0073440593742715,0.0133370707171656,0.0102012615798239,0.0090465395923378,0.0106200439042402,0.0091123537524271,0.0088149407761332,0.0088007334723395,0.0125684957441275
b2617,bamE,bamE,0.0555546560121781,0.0608920246380657,0.0552868500084438,0.0492335350873662,0.0655704914808071,0.0454215502324581,0.0459545559331574,0.0337510254159983,0.06167099238172,0.0319941859212111,0.0493726311594319
b3908,sodA,sodA,0.829571980418505,1.03723709007704,0.945802161734689,0.969631271832639,1.02338042347593,1.09699517183784,1.17214655748619,0.984353171237052,1.09148014863676,0.942719877973845,0.865652139289983
b1656,sodB,sodB,0.148550229229832,0.794873215059868,0.249174410212025,0.161835354556283,0.113709148500152,0.206273544404203,0.167802098944955,0.0981352921387191,0.156552804416419,0.151172901555339,0.148030811949691
b3129,prlF,sohA,0.0014362941260177,0.0018657050309437,0.001589171377425,0.0015979643066697,0.0023111446343709,0.0017266765105772,0.0017649241065816,0.0019324525229741,0.0017941939966825,0.0009819465006318,0.0011952169820362
b1272,sohB,sohB,0.0269979251967625,0.0278318812678567,0.0255037235800355,0.0266292694486345,0.0394771564869957,0.0226536132661373,0.0253336274814249,0.0157270439403485,0.0404283285103802,0.0175440940169803,0.0232151987591227
b4063,soxR,soxR,2.27337207326355e-05,0.0001282799200093,4.05021113012072e-07,1.05872269575968e-05,1.00222221241497e-05,0.0004646894554968,0.0001146609063944,0.0004077713381917,4.52259695256772e-07,3.53065526433962e-07,5.37503979255873e-05
b2938,speA,speA,0.158741586312202,0.203701467193071,0.109178879992417,0.135464415851377,0.10737953968102,0.0884605834484907,0.100290602074547,0.0909378868361172,0.135215024179668,0.0780732760932717,0.120727201987723
b2937,speB,speB,0.0714235050680153,0.135052268624062,0.0503063772611588,0.123394649646667,0.0430857563680671,0.0443515888802691,0.0433450052639477,0.0460494777417932,0.0518726802056502,0.05006463899816,0.0510658969463936
b2965,speC,speC,0.0112871480885468,0.0077571997984776,0.0068366535143531,0.0122109970198937,0.0087608401714007,0.0060468797432503,0.0055965011619501,0.00441856440556,0.0081388095457255,0.0044938549699671,0.0135436572339518
b0120,speD,speD,0.089708623043283,0.106130625921818,0.0496491626705379,0.0416743361638791,0.0478204865259818,0.0395883241960786,0.0344887313409269,0.0249996829164923,0.0531333458345804,0.0227176314726043,0.0289188860094385
b0121,speE,speE,0.0557354567308678,0.0607434932436659,0.0317623602210253,0.028966451439064,0.0251171414342575,0.0262686242761798,0.0260682106559231,0.0244729342675383,0.0306830724832227,0.0168587913163229,0.0225771573739741
b3648,gmk,gmk,0.0171044106785751,0.0312472190931496,0.0105351795499811,0.011443965784375,0.0168934624146057,0.0108309737922989,0.0107203094292858,0.0109235639659034,0.0144066509767895,0.0076030607290426,0.0090671703140347
b3650,spoT,spoT,0.0018191001853263,0.005141514264064,0.0033652686347065,0.0019419345129664,0.0012835734599989,0.0012329982135709,0.0016673663455652,0.0013024072573717,0.0028739099457764,0.0021068971441623,0.0025993976922598
b3651,trmH,trmH,0.001030609160613,0.0029327204376296,0.0010063323578062,0.0005572898752506,0.0001420742522878,0.0003421451699346,0.0003146523800009,0.0001084924981392,0.0002428514297049,0.0005088318327879,0.0006147242798598
b1766,sppA,sppA,0.0058677005791602,0.0095928176509902,0.0061436794199167,0.0057377784726052,0.0084843975681596,0.0049026608075034,0.0060885142995839,0.0038797733502882,0.010630026633721,0.0043311411735471,0.0076822571152961
b2703,srlE,srlE,1.31200541970595e-05,0.0102146716706029,9.9994102695646e-05,6.26385922787014e-07,6.62114119697301e-07,6.15629564483729e-07,1.66246636527646e-05,5.281172676485e-07,7.04241904576321e-07,6.24491662127338e-05,3.2230117064044e-05
b2704,srlB,srlB,0.0002095368507539,0.0115153596968172,0.0008639551606496,8.99035532169472e-05,8.87538686405495e-05,0.000191555324218,0.000200902747479,6.49752979045034e-05,0.0002061144052645,6.98471770478007e-05,0.0001646569690389
b2705,srlD,srlD,0.0002042147025806,0.0165616543472567,0.0002985268162579,0.0001096888545111,,8.58340123115018e-05,,2.45531491635964e-05,,3.26186131598284e-05,3.13115329196323e-05
b2708,gutQ,gutQ,0.0030948435114704,0.0061152496152229,0.0025393466683821,0.0035803800510398,0.0035097897796785,0.0027178251859789,0.0026629958449912,0.0020030748360145,0.0026665181007733,0.0032127498542785,0.0034284445935876
b2707,srlR,srlR,0.0005706777120647,0.0004941468220187,0.0001633244819757,0.001021549288951,0.0003468851034613,0.0001676736607322,0.0002390239605515,0.0001827914278724,0.0002065951698035,0.0003822715224396,0.0009640061297863
b2576,srmB,srmB,0.0249056228448268,0.0595571247294072,0.0264948017005975,0.0259606204652132,0.0235276424146675,0.0222234583712313,0.0277869328863241,0.0162298673108691,0.0315106671342376,0.0238016333126009,0.0230610411269281
b4059,ssb,ssb,0.113622092155633,0.258982437624513,0.130660956017062,0.102463818313426,0.123897280830907,0.0949680817664466,0.101733087475605,0.0791858639541989,0.127009331502333,0.0655345043546192,0.106488337556723
b3229,sspA,sspA,0.190146464656491,0.330826943931056,0.162195607603661,0.169667131310739,0.186634073865265,0.172122322012872,0.172239912185529,0.137064035495092,0.194046551155099,0.127901054903636,0.153373408397988
b3228,sspB,sspB,0.0106856655509787,0.0215736111245158,0.0084370474542758,0.008398372922664,0.0105647470303732,0.0070550643366231,0.0069598248803758,0.0045912414687873,0.0066166072476109,0.00618124588609,0.0091644324289156
b0726,sucA,sucA,0.297367644944974,1.06054287460218,0.57973473645347,0.479783338330444,0.558669278022226,0.595848213317055,0.526738891508507,0.284205814646054,0.603195286106229,0.731238853821946,0.731439309577558
b0727,sucB,sucB,0.383433714524999,1.1363516592501,0.55169707048591,0.405757992034688,0.529029051423186,0.525398238837343,0.474151571156603,0.252166015965284,0.459633632154892,0.751384822394509,0.726238304652477
b0728,sucC,sucC,0.426610579284478,1.08861951652149,1.03521728308871,0.801451886286368,0.804140580040868,1.16691552378301,1.04698682122431,0.531107524481991,0.79471196414781,1.34899780265659,1.26552185804893
b0729,sucD,sucD,0.341941645102931,0.938974622020586,0.778065054630547,0.628597870050681,0.568150614813081,0.803080858141175,0.710550777782285,0.406968300398318,0.592400795963651,1.25289974244501,0.96077434353791
b2533,suhB,suhB,0.0696041448019728,0.167781788961818,0.0455385381546358,0.0474850873868634,0.0508108611188552,0.0400183594586323,0.0421303731684726,0.0287265212145023,0.0539722371316187,0.0352946476181146,0.0362374403294688
b0053,surA,surA,0.121890588923956,0.199851120334895,0.0887792323713053,0.101915118336442,0.0971598884260379,0.0932351506506745,0.0930826838049113,0.0928734892443614,0.110486407238873,0.0705592328146019,0.0946558342050754
b1886,tar,tar,0.0001506395238868,0.0004403498545153,0.001310783060672,0.0005308680110163,0.0005369011716469,0.0002141389352539,0.0002173170130302,0.000945026005532,0.0006650920957583,0.0001026003940283,0.0004196201031642
b3616,tdh,tdh,0.0111657467782842,0.147522130422936,0.0180718654456427,0.0147698382886693,0.0209241633655089,0.0240772560338942,0.0202664541965453,0.0165204971629408,0.0152678775818496,0.0387990660056281,0.0163289415109053
b1238,tdk,tdk,0.0035713857467119,0.0056205580468995,0.0025009862594848,0.0019813977105854,0.0019736223115451,0.0015979601097138,0.0015263757980833,0.0006567363122005,0.0023486306908745,0.001594058357983,0.0021032363301804
b0452,tesB,tesB,0.0126703941641507,0.0144752982664585,0.0083920742000335,0.010341377783327,0.0149772488962923,0.0096090186688883,0.0114426994537608,0.010031378526238,0.0131114469618144,0.0101360072040663,0.0130109089374233
b0406,tgt,tgt,0.0597790364785994,0.0753726405020218,0.0270416750094065,0.0339015954001696,0.0338907094271149,0.0358913345076861,0.0264928022265132,0.0184302691207678,0.03705163243601,0.026084314356309,0.0248472077137394
b3706,mnmE,mnmE,0.0238173360784393,0.0395142314666291,0.0222714442352198,0.0192673172778802,0.0214652218106778,0.0198594514037734,0.0198789072106806,0.0193297743310483,0.0197770934128623,0.0185798397694223,0.0215102597688568
b0002,thrA,thrA,0.84330191288397,0.319371259404107,0.771052328043769,0.69191514885915,1.37561928949851,0.564168422260187,0.648868122594262,0.306575571148928,1.42558242582323,0.311767728617376,1.50545998502424
b0003,thrB,thrB,0.0331305072859251,0.0246242420737709,0.0384549540444699,0.0246599625134151,0.0653623469492913,0.0223340384062618,0.0128986786721722,0.0170043635343289,0.0397184312791917,0.0212111731767618,0.0469186827005158
b0004,thrC,thrC,1.14172922828241,0.273655816087788,0.704407555431391,0.868233770126647,1.32665126881275,0.790692552533683,0.714489231195189,0.36542558391581,1.1337582914083,0.437751580669499,1.53467302439935
b1719,thrS,thrS,0.115299742379581,0.237595348471756,0.104428379878225,0.116250852699185,0.129244666458557,0.0968804747207278,0.102418461774755,0.0800798899754608,0.13723461385428,0.079304511234096,0.10028517836157
b2827,thyA,thyA,0.0193402948632667,0.0367961952266324,0.0169463568339136,0.0178701907856198,0.0180397176742653,0.0176093962842191,0.0143579501998306,0.0083630434202973,0.0220304387657861,0.0103916970365624,0.0139526848070483
b0436,tig,tig,1.99293509364484,4.49006703281714,1.27271259853176,1.46177216988268,1.73333507087198,1.49820007567549,1.43710477095638,0.911575804771026,1.70153366455468,0.885577344627807,1.1531101092466
b1845,ptrB,ptrB,5.88897552589632e-05,0.0006633441252819,0.0001663982210255,6.01862733419618e-05,0.0008255001432013,0.0012652743218682,0.0016397369959946,0.0012751678774851,0.0009670508156942,0.0002513101458732,0.0001756662945828
b3708,tnaA,tnaA,0.0536868653302885,3.88515953977135,0.0965410506934005,0.0914615979721146,0.0570656524622525,0.151061833094028,0.144853453208436,0.121831429772136,0.0612522746673968,0.210927774172067,0.0775368786441357
b3709,tnaB,tnaB,0.0007584596988403,0.0273443736632417,0.0003183680836151,0.0003038146023438,0.0004051650892806,9.9286680207848e-05,0.0001673673643294,7.69175962559142e-05,0.0001821433165185,0.0002810195690065,0.0002499805803571
b0739,tolA,tolA,0.0047584256420702,0.0061947615492877,0.0038822555205938,0.0016551378021176,0.0029415907166629,0.0016148974944127,0.0016911894395755,0.0017512314056474,0.002714053919408,0.0018069760886316,0.0017017264907035
b0740,tolB,tolB,0.1288279735026,0.107045484493786,0.115068564490415,0.0964572627162293,0.112472678449985,0.0797981693795792,0.0791808305816529,0.0700738397528267,0.107043245154293,0.0662763432595823,0.093158092965099
b3035,tolC,tolC,0.435461053846264,0.587022272788385,0.384128148941882,0.427530504305498,0.464659956527621,0.41262634821877,0.430748217539543,0.389927407731785,0.479434479572997,0.30750486310157,0.333180884820133
b0737,tolQ,tolQ,0.0113605412785899,0.0160642965352979,0.0085054187164509,0.0102323675967888,0.0085852034820616,0.0070047941482724,0.0080555962241425,0.0058284902425764,0.0097684310052908,0.0063117249548191,0.0089830377952842
b0738,tolR,tolR,0.0044320598889047,0.0055094466893687,0.003424164723172,0.0027026586242225,0.0038667841336097,0.0025160830209141,0.0026431451953069,0.0016866341600908,0.0045564980427476,0.0014648049830604,0.0028481549857877
b1252,tonB,tonB,0.004663887735363,0.0032353818985805,0.0034604870174744,0.0037220055193306,0.0073824026388932,0.0041104786291494,0.0038385711519679,0.0027427353127461,0.0061104808779856,0.0022555286257222,0.0042240772374132
b1274,topA,topA,0.0572910707397003,0.143771511927171,0.0576952483783924,0.0547440784659852,0.0632376890303363,0.0544843703958821,0.0565486023575124,0.0367000132630416,0.0661886923854614,0.0331617069572816,0.0435416247905766
b1763,topB,topB,4.41476742042406e-05,0.0002950858264345,1.05391219674935e-05,7.03768914263301e-05,4.39476404284194e-07,6.6879641821529e-05,5.58060972573384e-05,8.03097878058138e-06,7.35433587599274e-05,8.24830625359417e-05,4.94639969660159e-05
b3919,tpiA,tpiA,0.332710995652117,0.336665798564977,0.330424970680669,0.333514431502509,0.43870967113321,0.279537925637291,0.278547466011661,0.330937316991945,0.417872476113636,0.345186340801272,0.305123666161576
b1197,treA,treA,0.0069516569791348,0.0073431864417744,0.013874334131599,0.0141832873391251,0.0057464158621124,0.0126653956434419,0.0145323238520559,0.0183628742914947,0.0058738174492155,0.0153668030471398,0.0111587121317016
b1421,trg,trg,1.87539594632876e-05,6.8764631355516e-07,5.28548392818829e-05,9.05518501479971e-06,1.6626309993681e-05,6.02891744415762e-05,6.2488421716151e-06,1.37978586411187e-05,7.32834678241227e-05,1.12626467121002e-05,1.18633186749984e-05
b3290,trkA,trkA,0.0035486139557731,0.0114474808112498,0.0043215909436082,0.0036404922140001,0.0023189904443496,0.0021278776810093,0.0025364643774116,0.0022797539328964,0.002700358174899,0.0042306138656095,0.0030362851834775
b3965,trmA,trmA,0.0060008904782285,0.0097965227011419,0.0034212761863665,0.0042562368761864,0.0050212317616327,0.0034636251156853,0.003804227677696,0.0021633606191601,0.0051256403395532,0.0033717575255107,0.0042653958022847
b2607,trmD,trmD,0.0057267364691618,0.0111328118810824,0.0037264852607677,0.0044146582662133,0.0017266265082589,0.0023399827925062,0.002529375611315,0.0015549940718236,0.0021367610956383,0.0031327412731709,0.0034273374061635
b1260,trpA,trpA,0.209000225588271,0.0812318841200584,0.159381093702037,0.180870052473589,0.151404064315361,0.112399013830109,0.128562768225696,0.124685041179338,0.184016664502141,0.113504860349213,0.161902591368886
b1261,trpB,trpB,0.383359646685345,0.0534963084947329,0.243182306482421,0.29027799930653,0.274142364186326,0.221387633034419,0.279175209957322,0.188675682188589,0.366099771228396,0.157780325234955,0.29065950938556
b1262,trpC,trpC,0.0658205113390087,0.0078122582278787,0.0482960801915578,0.0504032458612267,0.0406338531735113,0.0380676405607715,0.0401305917649692,0.0390276785500697,0.0666051974410909,0.027330967717867,0.0534707988435134
b1263,trpD,trpD,0.0967436035226371,0.0313102775414229,0.0922952798751478,0.103865324627559,0.063286689020704,0.0570539738949633,0.0775006360181436,0.0598406836120691,0.123747769472931,0.049388972841464,0.093561991813027
b1264,trpE,trpE,0.103964503251304,0.0256582979009345,0.091653515719837,0.125677674625609,0.074750748149429,0.0749992890646652,0.081835141965719,0.0780683402357109,0.140437072494145,0.0444817253394255,0.0945091700743502
b4393,trpR,trpR,0.0034222426337812,0.0027602263245036,0.0042846641583646,0.003331822176125,0.0027615282768855,0.0033534745056851,0.0032892517411764,0.0029457142210645,0.0028312387203351,0.0025163491161033,0.003526429821826
b3384,trpS,trpS,0.112890273376314,0.124176437151375,0.0707347824063713,0.0851981195420769,0.0906112618943824,0.0705314215730518,0.0724115263066288,0.0511285119987089,0.0962250832338098,0.0574216700105262,0.0758328780860133
b3781,trxA,trxA,0.409867983216224,0.513361631903327,0.391924843176691,0.356866442260886,0.419596812128786,0.348674009852484,0.388839208423259,0.402815149043069,0.493521928196654,0.217901118918929,0.340396009283746
b0888,trxB,trxB,0.254916042378622,0.316344496946438,0.177003003968924,0.163403178078209,0.201272864679885,0.147889496483637,0.164189125271109,0.11645489321141,0.207118274277748,0.121429319465576,0.19326512606188
b0170,tsf,tsf,1.0026694376367,2.24224917204662,0.79342830105037,0.763161287667959,0.86814807627928,0.621573956772953,0.593781536763951,0.418223588680748,0.894300854564241,0.404487016068134,0.640897481491523
b4355,tsr,tsr,7.78449199417206e-06,7.06529882230995e-05,7.65738353118327e-05,1.50145068157527e-05,2.25895116040174e-05,0.000116644783766,2.63047839024142e-05,1.04976465401236e-05,6.58942503265014e-05,3.17816998219696e-05,2.79117283544426e-05
b0411,tsx,tsx,0.074032239774106,0.514859431460033,0.0656172825895195,0.0418753398702649,0.0581764932514124,0.0590551604766075,0.0592891388434656,0.0277140412047266,0.0699487204068808,0.0349817715495706,0.0403968626193773
b3339,tufA,tufA,18.125678703503,31.8679262481265,12.4740149655238,13.716466913463,15.5633234121368,14.0640851687409,13.7865348194691,10.0722198861199,16.737373702204,10.7179122847909,13.4430482250857
b1610,tus,tus,0.001080276413664,0.0018946507977815,0.0010254551000726,0.0016124636486003,,0.0008240444459473,,0.0003132934569851,,0.0003623843538324,0.0002955364978117
b2600,tyrA,tyrA,0.0987505524037877,0.0349105081102249,0.0525495985248399,0.0859871266508801,0.0312027764051517,0.0411112479850627,0.0505572222176065,0.0440395969160937,0.125930504566853,0.0604262574230265,0.158115125764455
b4054,tyrB,tyrB,0.127805504344488,0.0646507538278367,0.111831602594108,0.0994106252032668,0.137874107483062,0.12801996318212,0.119758297100223,0.0862619436369701,0.152098798831896,0.113094143736045,0.124159777213089
b1323,tyrR,tyrR,0.0126552921752693,0.0214739761982996,0.0128891395766565,0.014719488909925,0.0134452584059903,0.0077144545087955,0.0093067925953272,0.0091786990198065,0.0125538759315241,0.0073071754635716,0.0127105479255648
b1637,tyrS,tyrS,0.179558731571526,0.265085451896093,0.141236938021332,0.126879838035772,0.173896083372988,0.11501538378118,0.118074497469174,0.0963175319501707,0.172419013855415,0.0881346858812686,0.105353134515278
b2311,ubiX,ubiX,0.0021447302133389,0.0021850966830799,0.0014111724212174,0.0017286032083131,0.0010682951411652,0.0010834027362635,0.0013867164365302,0.0007639480684454,0.0022823481026782,0.0009293767866909,0.0017951291194466
b3831,udp,udp,0.0777437660149044,1.23839109788318,0.136276559796084,0.146802921938518,0.114041899459621,0.118639299392036,0.112898904501676,0.147208014323758,0.110102470403056,0.139850973276766,0.118509343763002
b3453,ugpB,ugpB,0.0090776216469199,0.0144734210381718,0.016329797144344,0.0139203378569057,0.006442088337862,0.0130421866191999,0.0171077491153335,0.0249136846404832,0.0079537319486561,0.0131320996328646,0.0154357732995148
b3450,ugpC,ugpC,0.0018807028356307,0.0020495760057365,0.0013474357334454,0.0016289714995021,0.0011115008897729,0.0039022873809193,0.0028822589550946,0.0020641475663944,0.0013914507341195,0.0017316246762028,0.0013651970745819
b3449,ugpQ,ugpQ,0.0088476164715052,0.0082445284988277,0.0099392969795746,0.0114433527897134,0.013460861019045,0.0106430877429836,0.0089329902542827,0.0090020938929786,0.0090426746604767,0.0090870221573684,0.0089059094561031
b3669,uhpA,uhpA,0.0013671769292888,0.0021535482609841,0.0012368390229306,0.0012874924966242,0.00102505763895,0.0002133182878583,0.0011657626271986,0.0009095032571308,0.0007964976708662,0.0014049303460901,0.0011226145796426
b3666,uhpT,uhpT,6.55682817095224e-05,7.93916182377439e-05,7.79332121622284e-07,7.8733624806225e-07,8.4281457400209e-07,7.23131619520871e-06,1.4084777708376e-06,6.70154487064338e-07,8.76625822183834e-07,3.09806508210662e-05,7.34506966298198e-07
b1617,uidA,uidA,0.0001471956565596,0.0007377952149909,0.0001021267235735,6.33156255484982e-05,0.0002337544430648,0.0001210917392093,0.0001687464308068,0.0001342417734664,0.0001815053398936,6.99335999815582e-05,0.0001494799934914
b2580,ung,ung,0.0048165026066525,0.0082468728025809,0.0031359331289201,0.0027460287051041,0.0041484385460631,0.0025444631134991,0.0031379114459892,0.0019737911921717,0.0034400284841098,0.0027942849612111,0.0025410044163203
b2319,usg,usg,0.0275016112800169,0.0351676933677285,0.0197955168092282,0.0196381124204718,0.023253798898212,0.0172889495610184,0.0196652906048107,0.0170627186059191,0.0215112847273167,0.0157239495731334,0.0151280171876459
b0480,ushA,ushA,0.036674603611129,0.0463033430737775,0.0446434871866946,0.0388047624906702,0.0341249242953168,0.0367122396641313,0.0334257349644583,0.0336901614625561,0.029839018336931,0.0302607711346213,0.0318148130220255
b4058,uvrA,uvrA,0.0219230756926244,0.0392981041380423,0.0291091132925485,0.0202610063136189,0.024666726694807,0.019339945766391,0.0174484755542501,0.0242230304199428,0.0214844197913829,0.0180673376847459,0.0182690805988218
b0779,uvrB,uvrB,0.0169514469151052,0.019982999457752,0.0165266866993013,0.0178864586677536,0.0233043282474827,0.0168833612399616,0.0193086340835008,0.0189436533486909,0.014987548454026,0.0143306885797412,0.0141699463574932
b1913,uvrC,uvrC,7.5164038149539e-05,0.0002051183951338,0.0001090717175036,0.0003522970850826,0.0007893144960867,0.0001481094775724,0.0001202928878165,0.0001830124608181,0.0001917293189592,6.99176616949114e-05,0.0001321200996618
b3813,uvrD,uvrD,0.0041698957927072,0.0161540524816469,0.0063846461602914,0.0048688337804277,0.0051184780459479,0.0040538110433602,0.0033347991954025,0.004142100311712,0.0048404454373207,0.0043969875670679,0.0040174655567257
b1521,uxaB,uxaB,0.0002120713414626,0.0028156190754825,0.0003896320081235,0.0003907691741458,2.97720676188275e-05,0.0001461027035984,0.0002768760110581,0.0001440814103713,6.37050829147381e-05,0.0002237063334053,0.0009998606827684
b4322,uxuA,uxuA,0.0293643858058777,0.141451651975176,0.0333039263540527,0.0367258320612927,0.0212821547959578,0.0283587478724362,0.0431665234112967,0.0310415607703503,0.0267467002174063,0.0258438649557797,0.0247021723475714
b4258,valS,valS,0.308663437827822,0.557784413559937,0.18663763691617,0.199945570891176,0.249043127199389,0.18889488368194,0.213332069645001,0.135694287942982,0.252493557664993,0.148613259156888,0.187342678556898
b1960,vsr,vsr,0.0003886822585263,0.0002810202833616,0.0003368289175464,0.0003834575812347,,5.04006463532839e-05,,9.32146846967526e-05,,5.81205859630869e-05,0.0005423458641854
b3811,xerC,xerC,0.0008707035207761,0.0009114578611929,0.0006410345920729,0.0008555751144008,0.0011723326169141,0.0012577437349538,0.0009724205698204,0.0004636531845799,0.0011673676349439,0.0004876767338638,0.0008738436007003
b2893,dsbC,dsbC,0.0603644488439198,0.0575993075917222,0.0214455791409496,0.0265914851894111,0.0197694681710563,0.0168405117363714,0.0200372724708687,0.015464435913441,0.027061541142862,0.0201790153117583,0.045533761736667
b2894,xerD,xerD,0.0005713400965926,0.0016552156117398,0.0003728965504088,0.0004468115733828,0.0006384089443705,0.0006139001524818,0.0004729950068432,0.0002497591714926,3.03788533888999e-05,0.0003625467725674,0.0003071050053012
b2509,xseA,xseA,0.0029759509811535,0.002977064752829,0.0040658528224317,0.003247466958441,0.0048872847039181,0.0050711425856345,0.0034449882245028,0.0029041625118435,0.0059763032388796,0.0031063590738572,0.0029831900333619
b1749,xthA,xthA,0.0338023720718589,0.0428251186388865,0.0290950643788777,0.0259075342890132,0.0212978637977888,0.024537467180976,0.0303616179276688,0.0239614402363638,0.0226244687166938,0.0226298740064068,0.0258052906371699
b3565,xylA,xylA,0.0214606107179107,0.0458824534193376,0.0202857316011064,0.0188516584895089,2.50441984403406,0.018301285241933,0.0159812069982066,0.0173757023264236,0.0197872690581178,0.018081878415843,0.016069254611396
b3564,xylB,xylB,0.0041930883250081,0.003816079248181,0.004469115794681,0.0038996685703864,0.174891695838834,0.0035223680703768,0.0049243369315645,0.0038690593348864,0.003644111185837,0.0033561540185198,0.0036382276596438
b4031,xylE,xylE,7.62804815785116e-05,0.0001523613156987,6.103658161336e-05,8.89830401482453e-07,0.0031273057174222,7.59851693846086e-06,7.05016509531232e-05,8.02402995395854e-06,1.02508010737107e-06,5.28543496928005e-05,7.86942646152274e-05
b0025,ribF,ribF,0.0092161650098621,0.0123483134938711,0.0084246268142762,0.0088865735387281,0.0086123252174987,0.0066788391869836,0.0064884814140808,0.006594554841061,0.0097865428697466,0.0057431203302264,0.0081213475770251
b0028,fkpB,fkpB,0.0334509733483982,0.0742378806429873,0.0376238383327213,0.0360990272903307,0.029216515415275,0.0323943596877764,0.0515002686977088,0.0330829824489272,0.0466320142349204,0.0408187389000899,0.0313300698368413
b0029,ispH,ispH,0.0129436576137681,0.0247917175988866,0.0077588404176079,0.0119337856373636,0.0088503883367647,0.0077609422485951,0.0082910800978701,0.0053173316749244,0.0109417483831612,0.0068600983466448,0.0103723361097964
b0030,rihC,rihC,0.0022862634382726,0.0657158907590051,0.0082963875768267,0.011463259942636,0.0033498370859671,0.013946657991596,0.0169889520611697,0.0074150702359067,0.0046390161193844,0.0114182003293407,0.0137448502224346
b0059,rapA,rapA,0.0152935888068761,0.0983258371052919,0.0182427481528737,0.0134551500933321,0.0157353325573578,0.0110257281833648,0.0137725049186758,0.0084908930596949,0.0174550586716551,0.0118846513429031,0.009795726152198
b0081,mraZ,mraZ,0.0042573591325285,0.0024506388851538,0.0035946989084904,0.0039256719990629,0.0044311178734413,0.0027240804724173,0.0028651387487486,0.004563899758048,0.0033965939724853,0.0044243151853081,0.0046822676913631
b0082,rsmH,rsmH,0.0216076649442388,0.028804993920674,0.016293091743065,0.0192235157469913,0.0259456792432052,0.0204574140753648,0.0213541127139212,0.017454255800411,0.0254005885802292,0.0178282356726343,0.024892560225457
b0083,ftsL,ftsL,0.0013263228466151,0.0016763684591137,0.0006653713683845,0.0008764660048145,1.50777654161796e-05,0.0006766944092687,0.0006844414853934,0.0001565026209304,0.000572078889092,0.0005779678396864,0.001093537166196
b0113,pdhR,pdhR,0.0049946378399415,0.0051635479132003,0.0020257146196701,0.0023435444600415,0.0050728586534295,0.0017680183946008,0.0020618508184827,0.0011394461939795,0.0042017857008006,0.0025472066158354,0.0158166614266228
b0122,yacC,yacC,0.0013986067117245,0.0018619603854359,0.0010832667052161,0.000906729254137,,0.0010134363737213,,0.000960738045081,,0.0015378505847559,0.0006858799917781
b0159,mtn,mtnN,0.088023179611292,0.143138060701143,0.0832701105928509,0.0806128859669262,0.113254754818866,0.0834080520730108,0.0752326688438759,0.0871776702018737,0.101219732556156,0.0546880347479581,0.0795169498367632
b0239,frsA,frsA,0.0193192044702552,0.0211087304565694,0.0155068525229516,0.0144994778147628,0.0173269370036939,0.0099937088493373,0.013390778316598,0.0127922093638047,0.0151236732234646,0.012871972599319,0.0142445392007614
b0240,crl,crl,0.050853385847657,0.0831017369234169,0.0388492539795526,0.0341370397782157,0.0491353336412651,0.0348891384002819,0.0373491154458394,0.024710537077689,0.0401437329182251,0.0162138610587894,0.0334379073394759
b0389,yaiA,yaiA,0.0042586895998568,0.0030387023150118,0.006996159921964,0.0058743117424712,0.0039715562256612,0.0053213196350433,0.0068477993932662,0.009802146509571,0.0038418053835734,0.0034565568185253,0.0034679451728905
b0398,sbcD,sbcD,0.0007907025864203,0.0010015453349478,0.0005544578906882,0.0001469952340255,0.0004645256130793,9.93882156923982e-05,0.0002039708184175,1.40587970066493e-05,0.0001343176809801,0.0013108610984604,0.0005179318800694
b0404,acpH,acpH,0.0008324476627296,0.001937211481278,0.0014272610550745,0.0011295106172113,,0.0007645572202184,,0.0006996288335459,,0.0003002584633104,0.0005371734589987
b0407,yajC,yajC,0.0988922441292762,0.146749297816625,0.107524674068355,0.105642785706483,0.0998589624742823,0.0904202834152545,0.0837473621764161,0.0696751118611777,0.105717972886309,0.0565294157386087,0.113253325384695
b0410,yajD,yajD,0.0022807173166995,0.002704879341543,0.0038979865327204,0.0041497397920106,0.002630440873913,0.0028370077712036,0.0032703299251739,0.0023109929908917,0.0029115153007891,0.0017424227187882,0.0033478198424461
b0422,xseB,xseB,0.0136477294616205,0.0200556489927087,0.0113419920186914,0.0104805025920256,0.0108957851805178,0.014308020453611,0.0125659928868522,0.0103319959049139,0.0122655038050134,0.0094461922830523,0.0093958640887932
b0456,ybaA,ybaA,0.0016618561229992,0.0017187892652239,0.0036598468656211,0.0007926378528208,,0.0003599953298074,,0.0012277881505883,,0.0006164252232849,0.0005739471982778
b0471,ybaB,ybaB,0.136970251873642,0.238151498252766,0.103938838686145,0.116554199165874,0.120195312119133,0.109307909854998,0.103633670284781,0.0683722891235062,0.127854480199254,0.0718903098002492,0.109522937272584
b0477,gsk,gsk,0.0036704458222726,0.0091943501407614,0.0027454866622922,0.0013440063398665,0.0023749160409844,0.0023238834698427,0.0021737761518771,0.0014559357220146,0.0033137755731213,0.0014058504143567,0.00207110414903
b0597,entH,entH,0.0004364700354566,0.000176434794299,0.0003431587461087,0.0003437236362687,0.0017831971903491,0.0007375212675489,0.000363464161584,0.0003452460859581,0.0010422640229988,0.0001821766513906,0.0006302056595536
b0707,ybgA,ybgA,4.92667191909617e-07,7.59888034509693e-07,4.52923174759971e-07,4.50362087066038e-07,3.20135872291586e-05,4.43379982387244e-07,4.57239299689537e-07,3.76608938965132e-07,5.10975090668459e-07,3.94984605618385e-07,4.2945176011029e-07
b0730,mngR,mngR,0.0025110220480347,0.0001423080417543,0.0016307071344908,0.0011198130436364,,0.0008054723571599,,0.0005063445562466,,0.0014061342399824,0.0012538837793401
b0736,ybgC,ybgC,0.0049847054828386,0.0062369516973843,0.0039899909017321,0.0025532258732941,,0.0026250375056547,,0.0016186373223898,,0.0015664315254508,0.0015692480574545
b0880,cspD,cspD,0.0164567900912785,0.141390039951728,0.0502378146850599,0.0585301357251789,0.021713048719198,0.081743356123546,0.0570367664894852,0.0482436631613682,0.0329015973650939,0.0359385147052775,0.0585580267771169
b1055,trhO,yceA,0.0044367691498503,0.002480686856966,0.0013435902492661,0.0018491684223033,0.0014203075214057,0.0027306593549227,0.0008753291271909,0.0007284446389035,0.002182037411798,0.0006665392721996,0.0013302536337717
b1063,yceB,yceB,0.0126815909893921,0.0192550378067594,0.0097453168308786,0.0078480975542836,0.0139145102078927,0.0067471539223318,0.0095169292237856,0.0059721996933746,0.0067206656389462,0.0085533020531953,0.0105268555397238
b1086,rluC,rluC,0.0090906091547664,0.0194560079366348,0.0057200860617995,0.0053053391992238,0.005276536445984,0.0052093869505562,0.0039352400445837,0.0040171746087364,0.0061999190217872,0.0035371801486572,0.0051134720633503
b1088,yceD,yceD,0.037550846896634,0.0726232412916077,0.0283982868837668,0.0270033798398807,0.0307699316483916,0.0253927093334254,0.0218955353030309,0.0137252211054034,0.0307847289074552,0.0147216707931902,0.0204436740831236
b1253,yciA,yciA,0.0015802941653706,0.0017129340509139,0.0008856261764022,0.0011016873438942,0.0016742841717116,0.001135654858436,0.0011765975033806,0.0010508404274539,0.0015146764441078,0.0005133687801125,0.001027822087206
b1254,yciB,yciB,0.0001299469731064,0.0001952893199371,7.0460604492614e-05,0.0001342310903668,7.39791905201204e-05,0.0001019789819607,6.40920634893648e-05,4.48879309039687e-05,0.0001680961166353,3.78214431743534e-05,9.43989973484963e-05
b1255,yciC,yciC,0.0004495587659631,0.0008688614651192,0.000466271918825,0.0006213068522065,0.0005752367272917,0.0004716105791712,0.0004935102532491,0.0002519897442572,0.0008321920287653,0.0002236604421824,0.0006460399611405
b1256,ompW,ompW,0.0010469563638815,0.0069614318683088,0.0032630987917918,0.0019006631207706,0.0017680398467845,0.0025707235009737,0.0024695570797991,0.0013696451334083,0.0009591506885045,0.0034011880532082,0.0020890721429651
b1257,yciE,yciE,0.0097147171214967,0.0055737282724963,0.0121897499355118,0.0081905070227714,0.0046937168771935,0.0109662831439844,0.0128671710371709,0.0129009336814342,0.0053422963357978,0.0122789652706356,0.0074223787642528
b1258,yciF,yciF,0.0083211842027813,0.00344340145012,0.0147274856605562,0.0110258489946496,0.0051565305640821,0.0074313323102192,0.0126552201779011,0.0294582746122529,0.0051196459169566,0.0212658670092694,0.0065852219020407
b1259,yciG,yciG,0.000633192259019,0.00068252113777,0.0006535226257978,0.0007046874595814,0.0008465091819244,0.0002283004411441,0.0007398316456658,0.0006193178296548,0.0005807838260173,0.0003281666921207,0.0004498152499744
b1282,yciH,yciH,0.0019183199099911,0.0020232547645066,0.001638873525123,0.001533665047933,0.0012089881032364,0.0015408773354565,0.0010236823513382,0.0010462442227265,0.0014927406237428,0.0008237442915166,0.0012685930785451
b1703,ppsR,ppsR,0.0151423407032952,0.018484806856082,0.0126708205869235,0.0145586824641669,0.0215445475241734,0.0226457690223539,0.0172275756729892,0.0157107679607056,0.0142589454037794,0.0160536503040505,0.0238491115213873
b1765,ydjA,ydjA,0.0669612393919504,0.0838955854968982,0.0697600174091693,0.0680014066473477,0.0802325782034665,0.0593316349890541,0.0669644560853677,0.0461230665076569,0.0714324543677697,0.0551993174357153,0.0624148459127467
b1768,pncA,pncA,0.0013238093227175,0.0023507932554944,0.0026302199937019,0.0016171028989608,0.0008339119230031,0.0002838812663107,0.0008512484408379,0.0003095495310258,0.0011784443899659,0.001965800098248,0.0010430263942967
b1864,yebC,yebC,0.0347177270230203,0.0829926727885916,0.0252128160648782,0.0255847555430155,0.0353958397799666,0.0238881121918394,0.0245899208328367,0.0190136857139523,0.0301132359231156,0.0168992972776603,0.0215138589288376
b1865,nudB,nudB,0.0002552851615062,0.0009896431680433,0.0003164953714198,0.0001679233699923,,0.0001933028686489,,0.0001028802988874,,0.0002091737396528,0.0001803332383811
b1908,yecA,yecA,0.0333242346391577,0.0392335659774935,0.0218096112065738,0.0238372349444286,0.0229238788009534,0.0152566171088427,0.0177852871922058,0.0242136048625378,0.0152991952219622,0.0282568518484032,0.0261003278548523
b1914,uvrY,uvrY,0.0048660763738806,0.0072791469305636,0.0040839250059711,0.0046364843703233,0.0044773644811984,0.003097067022452,0.0035991184694067,0.0021432278647247,0.0049283719687606,0.0025744598439979,0.0036322007628298
b2232,ubiG,ubiG,0.0587803016766667,0.0618333578470218,0.0467616213076456,0.0492186533735902,0.0398319203437459,0.0467569245931936,0.0459349641217592,0.0236908650702159,0.0379815139838602,0.0429228894403753,0.0382748673578769
b2395,pdeA,yfeA,0.000146355047859,0.0004039350342586,0.0002540677567045,7.68356254828512e-05,7.83482661884673e-05,2.48221607822292e-05,1.78112299071589e-05,1.30918607534402e-05,5.06317170002629e-05,0.0001561774810756,0.0001110204275183
b2471,yffB,yffB,0.00028414272114,0.0032274553466514,1.87602896701505e-05,0.0001412782176513,0.0001250264859959,0.0007012669743231,0.0003305034492274,4.36236742106404e-05,0.0005293315755007,0.0002951997328719,6.22170284331796e-05
b2479,gcvR,gcvR,0.0111533526260696,0.0073734459951297,0.013232785090442,0.0111319332628988,0.0120492601310678,0.0082884540291148,0.009028809133174,0.0081720515062809,0.0133554629202913,0.0082312343528755,0.0132396274720661
b2597,raiA,raiA,0.0456253432677494,0.30281996383765,0.051217589370609,0.0789174824201684,0.0557367192929655,0.0722559571667238,0.0851045235253887,0.0460520083132298,0.0686209210234927,0.0470899656418428,0.0531879590493482
b2605,yfiB,yfiB,0.0001160696756349,8.37888709564537e-05,8.99451291475114e-05,5.61814525773476e-05,0.0001774920793796,0.0001833341235911,0.0001533378162246,5.22327031618613e-05,6.71897325028305e-05,5.70529859025008e-05,2.81732946906878e-05
b2608,rimM,rimM,0.02649531249012,0.0576114942538697,0.0179112745672143,0.0175735365810483,0.0210706342288308,0.0163519949612475,0.0151418407267945,0.01127457890232,0.0191502982125643,0.012891907456133,0.0149335814899914
b2840,ygeA,ygeA,0.0001788885734369,0.0002566154745951,0.0004299362054882,0.0018823763259384,0.0002446966942659,0.0002643892063643,0.0002914031153523,0.0001816296753508,0.0002664973354096,0.0005686162581347,0.0016442218117319
b2912,fau,ygfA,0.0012364232991348,0.0011632978895667,0.000914303854074,0.0003747329809377,,0.000503663619627,,0.0002146809044617,,0.0002060887400804,0.0003984493576982
b2924,mscS,mscS,0.146231744999974,0.176288195873383,0.201505060306856,0.155835868976828,0.144650505711064,0.160128203873512,0.104542046311785,0.0925365775723238,0.175360036451993,0.0840247844462437,0.151041484891498
b3037,ygiB,ygiB,0.0049422161587647,0.0081659232042629,0.0052843787645089,0.0060152154229736,0.0075487430376165,0.0036090029530362,0.0043291987673576,0.0044445010475385,0.003734061180368,0.0041623239544676,0.0047238958576728
b3038,ygiC,ygiC,0.0288067611634311,0.0328597407665198,0.0186790118165005,0.0330128821765855,0.0227617032419391,0.0243240115320681,0.0285831292788606,0.0140476266134422,0.0313837748338393,0.0163864170787537,0.034387033939686
b3039,ygiD,ygiD,0.0099616371240835,0.0021024430534383,0.002766618779501,0.003461955023361,,0.0020378089629446,,0.0020750088295429,,0.0048388724664623,0.0022401931011063
b3064,tsaD,gcp,0.0118854024964994,0.0289121312622434,0.0061106470655943,0.0062727769382505,0.0070503281897971,0.0067414963947658,0.0051813624730229,0.0056003590530476,0.0086198429084979,0.0052055571139566,0.005340156156953
b3125,garR,garR,0.0013446107591508,0.0388416919116021,0.0017154825260349,0.0017313592451828,0.0011486892365141,0.0015379354224325,0.0015349859219954,0.0010894660229072,0.0010676556823772,0.0012450457766169,0.0011709819584317
b3166,truB,truB,0.0044622787643792,0.0105699594536854,0.0039248164322135,0.0040261389823262,0.0024905994854673,0.0021972867903464,0.0029995369514309,0.0019297499216741,0.0031182355849486,0.0031544979812487,0.0045866665913835
b3167,rbfA,rbfA,0.0385450059525255,0.0777431167194611,0.0320570748348295,0.0307268950774216,0.0304033473603141,0.0251631957125114,0.0267970956926783,0.0229071001355272,0.028127202183035,0.0248823470077,0.026278676343225
b3170,rimP,rimP,0.0168009702613632,0.0343853656241074,0.0184533095439386,0.0139844817004498,0.0159643233031499,0.0098045733578327,0.0084943830465209,0.0077232568967315,0.0141885773406006,0.0105117451837004,0.0098369686703104
b3291,mscL,mscL,0.0349263681513006,0.0410997565549725,0.059089823776644,0.0383817968505797,0.0473424642584834,0.0269324989922554,0.035831425956943,0.0420799507849142,0.0331975199858869,0.0270104748834506,0.0269784582312712
b3356,yhfA,yhfA,0.0105468590854926,0.0078287829019694,0.0096494439310411,0.0100260768653008,0.0103041072164476,0.008774123299606,0.0087219404455168,0.0095005094732554,0.0104302099247947,0.0091253412940672,0.0099093258806002
b3388,damX,damX,0.0697690775679262,0.0914179808928311,0.0591710085006504,0.0504041138184701,0.0614948778498372,0.0423171829805317,0.0472125521537757,0.0480172469985145,0.0545000527362512,0.0406710312914858,0.0473308724360757
b3448,yhhA,yhhA,0.0029593924086689,0.003631217221209,0.0112594307200611,0.0032315701491969,0.0033193334239693,0.0028200283803286,0.0040757149805296,0.0079856347952334,0.0031438044429789,0.0043936127760033,0.0029912717261211
b3594,yibA,yibA,0.0016503199379953,0.0024231069540406,0.0031659228662761,0.0035302861400467,,0.0004310874433268,,0.0008706824657546,,0.0010161746185641,0.0004436308182229
b3621,waaC,rfaC,0.003654393957309,0.005426313449186,0.0027353689912027,0.0021061111275085,,0.0027276769510853,,0.0005424171926069,,0.0014243801117981,0.0019592406618165
b3634,coaD,coaD,0.0018216716722896,0.0018978951498992,0.0011995944745972,0.0017058941001898,0.0014058495549713,0.0018078481817758,0.0016931699445944,0.0016170900339795,0.0016422545288534,0.000875371901617,0.0011473523312293
b3641,slmA,slmA,0.005739941499015,0.0088122712338559,0.0054620639610484,0.0037086952377712,0.0042320960525722,0.0042077981911206,0.0042504642915623,0.0037455158108642,0.0035538079285134,0.0026110147108171,0.0050933315883158
b3644,yicC,yicC,0.0390741408452415,0.0529674755837788,0.0361055054174032,0.0412795360642127,0.0395056480644774,0.0403162544540348,0.0326164772597868,0.0377224051878323,0.042298893114741,0.0349128185726514,0.0430882198676882
b3645,dinD,dinD,2.55014253990379e-05,1.47698075501996e-06,0.0001605496817619,3.47508941710248e-06,,0.0001373088592193,,5.50344339811967e-05,,0.0001013502157744,1.06336686427375e-05
b3697,yidA,yidA,0.0251647885279542,0.031768402267907,0.018224755488744,0.0150998859271613,0.0204628998701868,0.0124317942671364,0.0134748442532458,0.0086387595770536,0.0178221568376014,0.0081307864156918,0.0080360340884245
b3698,yidB,yidB,0.0116811201654862,0.0138286437334556,0.0129483359903445,0.0149002606486584,0.0139061961712897,0.0112477978972435,0.0140579290219697,0.0177202611721466,0.0131729378471374,0.0101156540030503,0.0152412434718193
b3705,yidC,yidC,0.0859110161887106,0.207208282250874,0.085730489062572,0.0883734446542296,0.0807601023507087,0.0744224740356146,0.0905953855797722,0.0512745706280127,0.11139084524066,0.0496230130904373,0.0860803248953837
b3730,glmU,glmU,0.0333674840891459,0.065589977792143,0.0227324943444171,0.0347461506609696,0.0437318959586225,0.0293200136084015,0.0261207254763848,0.0209936348838726,0.0434817067797954,0.0216765490633145,0.0287327785938213
b3742,mioC,mioC,0.109256735447132,0.100944795708114,0.0716814882597669,0.0868672179471925,0.105946377824487,0.0842800814266614,0.0907414880273518,0.104859335152474,0.0959109822613246,0.0455354996855025,0.0948444697532256
b3810,yigA,yigA,0.0004397661815372,0.0005341058709612,0.0003781916849276,0.0004551916099593,0.0006452424991015,0.0006410745829206,0.0003660346187758,0.0003122728463501,0.0005625741369808,0.0002086708909042,0.0003953828334972
b3812,yigB,yigB,0.0111014080135966,0.0111806735915655,0.0090993105900843,0.00900355248883,0.0078226005062934,0.0094290793017187,0.0092773212717278,0.0051889535435873,0.0073326334252176,0.0070543100600922,0.0111544697764227
b3865,yihA,engB,0.0475888802248879,0.0656851744578593,0.0422250601749677,0.0390304308194126,0.0384073684865634,0.0427423733471901,0.0376864625769427,0.0389732254688268,0.0401841570468751,0.0275703281964202,0.0370996286417925
b3967,murI,murI,0.0034414074338441,0.0095494880551988,0.0034500589381471,0.0026105490191844,0.0043671607077742,0.0026988632698912,0.0029591200261907,0.0025965119453587,0.0036501675083672,0.0032548645459607,0.0031910294482136
b3972,murB,murB,0.0034672296595202,0.0055463996858765,0.0027209321277141,0.0023984510701252,0.0019024890198043,0.0015056261623108,0.0013658466314602,0.0012620729652802,0.0022052230469029,0.0011119704527989,0.0026058873794276
b4155,epmA,poxA,0.002173654084829,0.0158853755905435,0.0011845847199613,0.0014120217021964,,0.001033055846887,,0.0005083271630903,,0.0007080749373832,0.0005869109546404
b4178,nsrR,nsrR,0.0225416546844379,0.0035113446115371,0.0015169355458684,0.0013168189144879,,0.0012388478858128,,0.0007181704061832,,0.0009005744929692,0.0006496023073703
b4360,yjjA,yjjA,0.0060696031934141,0.0115106474724863,0.0054598592847325,0.0064523875984666,0.0064413284329997,0.0051942293794972,0.0051082974382335,0.0051222526860688,0.0059185475554315,0.0032786753793845,0.005897904981263
b4397,creA,creA,0.0069649211259894,0.0125551597306349,0.0051517138244691,0.0059359246152453,0.0061141230871564,0.0055266504352845,0.00517654028795,0.0060478626593631,0.0069257285529717,0.0039434688312887,0.0056767069734489
b4398,creB,creB,0.0003273466446977,0.0004225403743491,0.0002056868063173,0.0002493865140668,1.23677301761513e-05,7.62519509792987e-05,8.0321077027006e-06,1.86660752677698e-06,0.0001116521649834,0.0003133728752867,0.000237461697722
b1852,zwf,zwf,0.114015426360471,0.139350382762681,0.103267473578608,0.108247697298033,0.163850414583193,0.0804613992966363,0.0910935344326262,0.110695154034903,0.140404426492614,0.0577502214820418,0.0922141673341658
b3960,argH,argH,0.240655981230869,0.0674233049563638,0.133022463597636,0.150415079997831,0.160452624439924,0.106932948604737,0.121909973726766,0.0851033782368786,0.168546888820798,0.101729274874505,0.110874353092062
b4138,dcuA,dcuA,0.0151067862848386,0.0597417690165794,0.0200320080911612,0.0192343230117517,0.0169679879496166,0.0113867146869006,0.0154794776459606,0.0104082819364543,0.0217147751149151,0.0128856793223066,0.0211601446922388
b0074,leuA,leuA,0.257719944100101,0.0841236652596945,0.301369167848625,0.321382302493918,0.499637445819508,0.329671521064997,0.316870548437711,0.406110868896901,0.362116458496737,0.403332733259127,0.198931561874348
b1717,rpmI,rpmI,0.0010336662679438,0.0013681305254333,0.0009890987831515,0.0017356070822776,0.0016363015732799,0.0021420469777879,0.0015853070499319,0.0011091189573353,0.0031893443075057,0.0005704355286876,0.0011948443967026
b3299,rpmJ,rpmJ,0.0010858570592363,0.0983059476839361,0.0223979100009728,0.0097483242614937,0.015400376142405,0.0054695004244343,0.0018071748488416,0.0116294842382475,0.0098452313041,0.0064576785782317,0.0049131652090772
b1609,rstB,rstB,0.0004728676341524,0.0003249321788481,0.0005872898588377,0.0006156321339208,0.0004562442442463,0.0006697785776995,0.0002879981367651,0.0002592475879159,0.0007469279602652,0.000240524328565,0.0005686441428105
b0797,rhlE,rhlE,0.0020351202670812,0.004491819052913,0.000406032391563,0.0001669891963357,7.00747322597459e-05,8.36483472123876e-06,2.07495391793929e-05,7.61194990294126e-06,9.04963200939301e-06,0.0002023504838459,5.29799958786676e-05
b3338,chiA,chiA,0.0004864731502353,0.0013749821987646,0.0008646899080435,0.0005640518324404,,0.0004094252380475,,9.53802945692563e-05,,0.0001961000553708,1.64343899502766e-05
b0773,ybhB,ybhB,0.0089478883109621,0.0050901447453893,0.0100084634246016,0.0078499599960186,0.0051839504949979,0.0091069172600515,0.0092442737187991,0.011653033852067,0.0077981900187572,0.0069583765398641,0.0074013654863793
b0766,ybhA,ybhA,0.0176435704819206,0.0296848196479073,0.0090841035767886,0.0126904314434714,0.0152316031150549,0.0152940598747314,0.0109833627459166,0.0039548887322373,0.0165568841108546,0.0072467876127166,0.0109501706941072
b0897,ycaC,ycaC,0.0721514863906879,0.0382350572265362,0.104446043612232,0.101815248570401,0.0626676885942634,0.128418788780024,0.120201820058182,0.215064339405029,0.0621288005213711,0.0670794428766479,0.117631259084454
b2922,yggE,yggE,0.0418801563475266,0.0563717693316826,0.0348681992356061,0.0381195179775201,0.0438352847927429,0.0411463133261326,0.0425053870803932,0.0416959275400713,0.038097037102559,0.029772886956905,0.0305635175520935
b1333,uspE,uspE,0.0855940712273568,0.0968328570042955,0.0958337015013051,0.0977642984444791,0.0901343242825824,0.0621371528173358,0.0988242468908289,0.108045010214119,0.0825012613799644,0.0883905687418251,0.103059472648225
b2785,rlmD,rumA,0.0001361126876715,0.0002965843138484,0.0001000959644938,0.0001029050320535,0.0001612681663094,0.0001735974964895,9.78073987148298e-05,0.0001683218561457,0.0001754669524057,8.28281656829711e-05,0.0001198959955934
b2782,mazF,mazF,0.0045587908919165,0.0039207810284941,0.0041763181939357,0.0014390245814102,,0.0013123009072047,,0.0014233745538799,,0.0032334232320328,0.0053259490643303
b4224,chpS,chpS,0.0001307555493701,1.11005388274754e-05,2.72313051750567e-05,2.33774237624314e-05,,1.05398034617592e-05,,4.16310985403832e-06,,2.20502469357959e-05,1.36919781658793e-05
b0923,mukE,mukE,0.015188034674844,0.030570765543682,0.0110989415246204,0.0121031264552174,0.0127681318293282,0.0108220674267602,0.0112613966896569,0.0078360463760143,0.0096415189674911,0.0102146760211922,0.0128554187236515
b0925,ldtD,ycbB,0.0073351340521876,0.0052396459559703,0.0062156853122945,0.0047996888393844,,0.002740410123466,,0.0026590764034737,,0.0041841064505327,0.0044072475969998
b0636,rlmH,rlmH,0.0016237541620364,0.0037223853272193,0.0010059157865975,0.000955524630608,0.0009310753751949,0.0007985569342335,0.000793273653695,0.0004657670754232,0.0009226422910997,0.0006591179051407,0.0008673962082498
b0637,rsfS,ybeB,0.0013213569703402,0.0035498158789884,0.0004024539971857,0.0004532846989694,0.0005745934304376,0.0003391343638805,0.0003397747260867,0.0001991765748797,0.0005412869300295,0.0002830185538306,0.0002998051187204
b0382,iraP,iraP,0.0311727008206489,0.0536983270860993,0.0502461218339416,0.0469659885863232,0.0519557230843489,0.0481513111326772,0.0565810131279849,0.0283933851428624,0.0342776482839537,0.0416869556597394,0.0537551113060327
b0904,focA,focA,0.0013359806862516,0.0023417716249081,0.0018171827409346,0.0017661055235359,0.0012359681982272,0.0022103669927266,0.0028623715118682,0.0022708640617166,0.001740413001621,0.001948518885846,0.0019689644239336
b4179,rnr,rnr,0.0382978509144884,0.0671245889609989,0.0569227217195914,0.0479186246932786,0.0514592713509643,0.0430681896741698,0.04910207482488,0.0363705896234684,0.067886156982871,0.0363488255088515,0.0461354876053944
b0851,nfsA,nfsA,0.0093857748930595,0.0301111724328125,0.0078232526984242,0.0074743848977249,0.0018145010694543,0.0026160130243344,0.0032261658530035,0.0018477462509815,0.0018041101022014,0.0046569411471866,0.0070194201945843
b0910,cmk,cmk,0.0389942241738911,0.0741877735383966,0.0266363924523215,0.0296176672363021,0.032086952467838,0.026827938636967,0.0267603366733809,0.0269691372406067,0.0296678442693418,0.0219433469841471,0.0271201619871821
b3288,fmt,fmt,0.0405332833135177,0.0899444348692509,0.0463602356107712,0.0434387994826674,0.0526963483793965,0.0306524650437797,0.0302427094762138,0.0292025291898806,0.0375693390671881,0.0357642567655974,0.0431046847141495
b4170,mutL,mutL,0.0009071619081528,0.0012226414618904,0.0015184350861145,0.0017342504826146,0.0009684092474188,0.0012265725211695,0.0015786265162594,0.000767723497412,0.0013199130774536,0.0011778437246978,0.0018683947037697
b0180,fabZ,fabZ,0.13919436769139,0.257596653729337,0.131355622554855,0.118896486717495,0.16030122978245,0.112862826024929,0.136726008711786,0.104143861226281,0.158983535649115,0.0788506010056412,0.0936961676642395
b2554,glrR,yfhA,0.0007608218430907,0.0029661890314301,0.0010700700371673,0.0006159570991256,,0.0007775755251342,,0.0004411104923559,,0.000245583847453,0.0002748232447264
b3957,argE,argE,0.150639713897768,0.022904710633052,0.0675875654993227,0.0967621896775482,0.107802846062047,0.0649722632849898,0.0826537729116237,0.0926807487718512,0.128788504816845,0.0562259918945014,0.0933432253330104
b0394,mak,mak,0.0108179398822898,0.0144354340144437,0.0136589830246813,0.0173457130600582,0.0105967385592625,0.0141540483357448,0.0141159429529451,0.0138248689466865,0.0106673088619362,0.0121793245506806,0.011747804262472
b2936,loiP,yggG,0.0202115231502487,0.0340192956915517,0.029152958193459,0.023396711522351,0.0218718859541078,0.0253214629817261,0.0286187617132744,0.0288528744570786,0.0262567514115192,0.0145432061776716,0.0217427339771994
b3003,yghA,yghA,0.007809705966913,0.0040928069212344,0.0103360682919382,0.0055566364591526,0.0030315425152082,0.0052343337441805,0.0086027634989894,0.0190535250766183,0.0027808716340682,0.0097429418143876,0.004839736222657
b1209,lolB,lolB,0.0099975423445135,0.00997133190826,0.0087248172155397,0.0112940953504508,0.0106565014716718,0.0115024417561424,0.010635996566916,0.0096510318686714,0.0109939259919267,0.0096240267627073,0.0083395645545214
b1208,ispE,ispE,0.009537301934678,0.0082511142758246,0.0089033307679626,0.0112791346281382,0.0040927853517435,0.008716717852145,0.0080039459536923,0.0061530541139007,0.0081645298025364,0.0081070712984322,0.0097300351780898
b3785,wzzE,wzzE,0.0091537836703752,0.0196210821264778,0.0086371431600552,0.0076509510550339,0.0091411005801678,0.0080237251763143,0.0064168114116569,0.00419223614445,0.0083628529928569,0.0073048926935778,0.0079291783716711
b4389,radA,radA,0.0032090526750911,0.0039672049898686,0.003163646308846,0.0027235466686942,0.0066032193276485,0.0027196617708882,0.0027429660606961,0.0028612060823703,0.0047311476856298,0.0019909286200471,0.0035296600737305
b3860,dsbA,dsbA,0.158530333100321,0.157881173633834,0.119182554831435,0.165096893421848,0.114083760717427,0.123533330601064,0.114660837004749,0.0774236961634369,0.162391995419086,0.0817381086109472,0.138329959869593
b3248,yhdE,yhdE,0.0072943168030936,0.007143877383213,0.0035847001694626,0.0039951010582625,0.0035523863085689,0.0025925692007119,0.0025612749333278,0.0018742105473433,0.0034901730379094,0.0027835177932815,0.0032545615851234
b3247,rng,rng,0.0078061672477051,0.0090012375772582,0.0064007524907103,0.007294846418416,0.0051308295588136,0.0053334488541036,0.0061582655694664,0.0042074533653817,0.0079140810863252,0.0053328499558657,0.0057575580310742
b0627,tatE,tatE,0.0005191945926235,0.0005351117873745,0.0003764551953688,0.0003804238257988,0.0007198075638761,0.000419046048609,0.0002747354381747,0.0001910086598555,0.0007473049507766,0.0001020547009648,0.000345526494135
b0628,lipA,lipA,0.0261660283041791,0.160669457011865,0.0395322606483076,0.0327706966572012,0.0358885926686851,0.0496466309911894,0.0324298078863079,0.025921982244712,0.0500370926115212,0.0272480577259146,0.0514451256243757
b1406,pdxI,ydbC,0.0210573317483056,0.0175479072166832,0.0377197495932296,0.0307104826108883,0.0166305854933541,0.0294532693144242,0.0339646380559219,0.0449921173423521,0.0174735178675506,0.0482281890905635,0.0283714501176421
b3260,dusB,dusB,0.0012890732729496,0.0012915575930014,0.000644828820133,0.0008386835557563,0.0008131473488295,0.0007284037489572,0.0009321810556109,0.0002509609559883,0.0008727232414332,0.0004060835718958,0.0011108860435191
b1131,purB,purB,0.165286074466058,0.123276298206745,0.130530175829206,0.127882113637965,0.181132356783099,0.167669571180541,0.129092585362991,0.0781804890445975,0.212059771779183,0.061014092621043,0.129047754765963
b3253,yhdH,yhdH,0.0631534726017165,0.0711448361218929,0.0730922378944279,0.0800299501244568,0.069883524201332,0.0662445667733885,0.0801176701069522,0.0814064154316416,0.0656151360464571,0.058277652667517,0.0771132615020187
b3571,malS,malS,0.0028906262912714,0.0003828198310804,0.0006768938054554,0.0005015304090758,,0.0005635434567507,,0.0004210318653264,,0.0003663162638362,0.0004647980231586
b1092,fabD,fabD,0.182017792547375,0.352099249688388,0.119700099076266,0.122769685655443,0.102569154789621,0.11641848651139,0.119993197252602,0.061243929118355,0.123251238656306,0.108836384841613,0.122678246739084
b1093,fabG,fabG,0.198171547562836,0.381087623244462,0.14900674289463,0.147994907929214,0.162451799725544,0.177958494433446,0.14829499918529,0.107287298604654,0.165776906008283,0.106877095738438,0.141883842624499
b1236,galU,galU,0.0884503592268263,0.133789126869321,0.0837236915578972,0.0891417351402123,0.109216501056836,0.0680679712428786,0.0706990388185391,0.0695126359107401,0.0903818174154991,0.0586577864059971,0.0568561665377294
b0413,nrdR,nrdR,0.0060268049808128,0.0063918589635103,0.0061163170496088,0.0070438507123363,0.0068821690094982,0.0040053353510925,0.0045672455891311,0.0032082204051762,0.0067592762956643,0.0046730263969116,0.0063242137892945
b0414,ribD,ribD,0.012978839110904,0.0086630599877484,0.0119411171715224,0.0117868145658797,0.0108080195425135,0.0110398627137536,0.0085442247658086,0.0077023611537884,0.0092870759798725,0.0070727178683177,0.0119504197396396
b0415,ribE,ribE,0.196594256890189,0.291766543793674,0.16018486471697,0.15038907389142,0.169480154364093,0.149727887349501,0.135093551276854,0.0844103139589241,0.151449845026846,0.136401005195216,0.137786460270476
b2909,ygfB,ygfB,0.0342423862233187,0.0458261395603973,0.0216196575261964,0.0265332963161749,0.0303427389959846,0.0235816679502666,0.027336782266195,0.0202313241570045,0.0245582736423284,0.0221998600310174,0.0300189851220797
b2907,ubiH,ubiH,0.004435601754861,0.0079849128484478,0.0049094231544198,0.0034256812036633,,0.0042788145418296,,0.002109138108827,,0.0027129956681996,0.003902303346328
b1276,acnA,acnA,0.0964853542023527,0.158014290264953,0.247153547724776,0.13096716849424,0.0818727446172426,0.191127919746872,0.205091155514905,0.212082309174384,0.109441426768777,0.259464075167205,0.127277731911003
b0337,codA,codA,0.241997992989727,0.0545426428099504,0.180490815094467,0.230619176191253,0.171570949199202,0.285885749313424,0.160574282732693,0.117022521918457,0.233932034667109,0.112229206580239,0.17434550005346
b0336,codB,codB,0.0152996427043499,0.0022212081131354,0.0138485555647972,0.0129550971248996,0.0145730712408046,0.0255073058498711,0.0107931055216149,0.0064424534811415,0.0249059105338244,0.0042079251737542,0.0114784035596647
b2525,fdx,fdx,0.0560260098643587,0.131627602730613,0.0385101922666837,0.0516600147056765,0.0498286189770447,0.0422159628104041,0.0384833004161304,0.033601173489284,0.0567477691276711,0.0423379096935391,0.0420545443382719
b2661,gabD,gabD,0.0616423118811332,0.107913880006493,0.125632329312565,0.0971521481469284,0.0870160753856241,0.0788562059536916,0.149997567257846,0.113280870427696,0.0752740874198741,0.0921406308922102,0.118182503937617
b1277,ribA,ribA,0.0112449026579852,0.0191537816810815,0.0119713977629341,0.009304387035557,0.0090753877463897,0.0066702326117073,0.0068046682306626,0.004817859668448,0.0091421219428907,0.0069636845706745,0.0098546239498193
b2498,upp,upp,0.870756958321084,0.614644958598735,0.631960832125148,0.808177976655812,0.657502716410265,0.968996543396315,0.699070802050918,0.538398274571021,0.749465818208846,0.428448497896037,0.502073956035133
b2906,ubiI,visC,0.001228888213972,0.0029999288175805,0.0016615636279033,0.0014275144678496,0.0013666804994155,0.0013570197410136,0.0012425044746032,0.0007588353530166,0.0015704533630777,0.0009232542668422,0.0014341988308134
b4390,nadR,nadR,0.0012340017548727,0.0012106905091762,0.0015278288941592,0.0013767800928243,0.0012581551290718,0.0011098470080776,0.0012845802564173,0.0016877707283509,0.0014439583531099,0.000689658308287,0.0012876506406228
b1051,msyB,msyB,0.0937825157893546,0.0423400116270386,0.141257801790201,0.155197058596655,0.0964923978272449,0.123317642057092,0.16058644795274,0.228585076692855,0.0994982395920841,0.151359159349806,0.0838061958113684
b3631,waaG,rfaG,0.0034564496246889,0.0071299005640236,0.0034806656768767,0.0021459331761889,,0.0015691125210726,,0.0004628120229575,,0.0012434952811993,0.0006502904180732
b1133,mnmA,mnmA,0.033982103983969,0.0418998012009483,0.0223532706542833,0.0223379176277784,0.0224247088152538,0.0133710309917152,0.0147180872601921,0.0098420340730069,0.0203113347914439,0.0172339006349636,0.0165769962249296
b1132,hflD,hflD,0.0062845601057979,0.0104134306643806,0.0077092519814416,0.0062596622541432,0.0054424248073186,0.0052219911945663,0.0060148134315921,0.0046581347733748,0.0057441870278416,0.0039363712560434,0.0054736524122455
b1938,fliF,fliF,4.81778474633655e-05,5.29639036429193e-05,0.000110764818062,3.77317861146159e-05,4.15459511695357e-05,2.76320881341765e-05,3.03872330230626e-05,9.86575061708789e-06,1.73639344436865e-05,9.3910939036713e-06,1.1694983563092e-05
b2685,emrA,emrA,0.0031404843483165,0.009870914105254,0.0040195693270624,0.0008044338975919,0.0023900991133673,0.001116117020035,0.0007159675053063,0.0006129836309131,0.0019124354802903,0.0006005025363584,0.0014076385030116
b1922,fliA,fliA,5.11505010435389e-05,0.0001355616052404,0.0002880243454757,0.000276357786688,4.63511597661136e-05,0.000439816581431,0.0001285898220243,0.0001317258314652,0.0001013061882949,4.07395386999311e-05,9.71454256095369e-05
b3189,murA,murA,0.0483428351019627,0.0941031341064552,0.0444496072533589,0.047763005688615,0.0409421339101829,0.0305274181927282,0.0275878904771118,0.0262720249280181,0.040051611582867,0.0262952693297623,0.0397299099404116
b2064,asmA,asmA,0.0028052163079671,0.0047129221024373,0.0044748103255917,0.0038213291441237,0.0031014059182112,0.0039158317276149,0.0036218205496624,0.0030129210943434,0.0042783757161364,0.0036470100698535,0.0044277465498342
b0144,gluQ,gluQ,0.0027506754126767,0.0096108540402239,0.0024063546134498,0.0025289497841223,,0.0026821419991971,,0.0009431123970606,,0.0015358838502907,0.0026882119718763
b4169,amiB,amiB,0.0012182532055516,0.0008993866553059,0.0005339400749071,0.0006881830021866,0.0006864059505452,0.0004471831174931,0.0005985913034997,0.0004125621175211,0.0008670791148458,0.0004671694439264,0.0008149983081652
b4396,rob,rob,0.0056096104964231,0.0101622106118418,0.0059281612173013,0.0065589969203428,0.0036787635828707,0.0035772038209964,0.0044008999738456,0.0048159274939827,0.0043265602563353,0.0062953620114751,0.0053367985191349
b2786,barA,barA,0.0004219844543549,0.0007291068968528,0.00066580987799,0.0004586188132648,0.0003561871036259,0.0003083571139818,0.0003403378534501,0.0001954497161057,0.0004046529254412,0.0003995267934487,0.0005763000529532
b2262,menB,menB,0.0292648185902854,0.066283011821228,0.0292647173545717,0.027850705180957,0.0322330577834262,0.0301761949029187,0.0270660592466642,0.0266859919751896,0.0246797849176861,0.0256608130713059,0.0244042759127347
b4039,ubiC,ubiC,0.0048067006438426,0.0091080502881881,0.004889192697666,0.0044045191713115,0.0032362568305044,0.0034128746656252,0.0036133059848334,0.0022008726037787,0.0030654678585111,0.0037314225887436,0.0034213068460863
b2559,tadA,tadA,0.0008189237218946,0.0004262355318585,0.0013923065384128,0.0004741954643434,,0.0017829689718969,,0.0005501804617611,,0.0005789177310838,0.0003120781699428
b0142,folK,folK,0.006413261837026,0.0113695310456676,0.0076182323570236,0.005021912643517,,0.0053605443053452,,0.0039541074655846,,0.004799854810177,0.0056440198924937
b2153,folE,folE,0.58372642711477,0.0683062060614946,0.240058618534575,0.281744062181987,0.412234829254057,0.215918038527669,0.175288894117905,0.142717737020074,0.362402748600111,0.120241556221645,0.21009672733788
b3017,ftsP,ftsP,0.0031371613359094,0.0042278325042027,0.0019529709968111,0.0021151866185675,0.003482031002982,0.0036131447813039,0.002471343997071,0.0046715784818717,0.0050345413641393,0.001434442040224,0.0021567841343181
b3018,plsC,plsC,0.001946538134188,0.0063685485461545,0.0026400503507278,0.0018259344054906,0.0029694622635165,0.0013381567858495,0.0016695125564289,0.0013591747765363,0.0030349241593653,0.0011171422527558,0.0020758864681529
b1684,sufA,sufA,0.0087162155856671,0.0075650667306778,0.0043250538731335,0.0047805448934905,0.0098745353413245,0.0030358214989252,0.0037181271097034,0.0027412923787822,0.0046205653013058,0.0044871912757749,0.0042157769706988
b0978,appC,appC,9.65635662319966e-05,0.0003889438274639,6.20893811109458e-06,3.24169321011793e-05,0.0001543755449182,1.93022758703547e-05,1.64822487623043e-05,3.8579533213793e-05,4.37430740551642e-05,1.99877659128857e-05,4.03408923249869e-05
b3049,glgS,glgS,0.0003554100124096,0.0005359312629521,0.0004702472129169,0.0001301960431458,,0.0001859865646677,,4.91951173981419e-05,,0.0002227827805616,0.0001542365373173
b3209,elbB,elbB,0.0485557824793879,0.133932013422541,0.0673540182821102,0.0661844373827222,0.0844498595018482,0.0673756817858934,0.0698566308442697,0.0630875067271194,0.0594569428783042,0.0689945732848396,0.0678537589467604
b0605,ahpC,ahpC,2.01333925912766,2.67931042968739,2.57373084707856,1.96490136725396,2.28127866128125,1.74217207965337,2.04470301827242,1.48386036842447,2.21554732874863,1.94722536570093,1.88564482999774
b0606,ahpF,ahpF,0.22692966332984,0.481004093369597,0.368234079705453,0.216223306100218,0.318700109218967,0.221731441695135,0.225011934387598,0.138324049068357,0.284946760271766,0.205285648192338,0.169570162350824
b1927,amyA,amyA,0.0102262192413303,0.0073202391054347,0.0114186789920415,0.0171669734971211,0.0157974381013877,0.0146822195566444,0.017382225257815,0.01556130016753,0.0152659808585633,0.0106488363070677,0.0093411128586791
b3495,uspA,uspA,0.999218944659096,0.800902269938951,0.939197403519128,0.886432511567794,1.04480940120568,0.646877121300724,1.37521989927024,0.923875616388621,0.837509931837075,1.14010700259536,1.47977058814289
b4376,osmY,osmY,0.366525459996773,0.176935205622699,0.318674126148401,0.181849777478445,0.260182619935283,0.114390440259072,0.187711204186412,0.167797446440137,0.221047720837598,0.209964644929653,0.0928196725391831
b1186,nhaB,nhaB,9.83123048660071e-07,4.43264346312585e-05,0.000274776396176,3.19016287825818e-05,0.0004766603198296,0.0007885200435447,9.21602313993004e-07,0.0003412270882381,0.0003883648668852,1.23613126351301e-05,0.0001311110706117
b1185,dsbB,dsbB,0.0012015898728617,0.003143144735287,0.0011049175291048,0.0009710843490116,0.001132403096001,0.0011392530832548,0.0006722010536475,0.0007294506036759,0.001228060256644,0.0006286401124483,0.0012627505686619
b3843,ubiD,ubiD,0.0225468194291912,0.065706603668839,0.029340614745359,0.0261058650984403,0.0271633146701508,0.0266777613876872,0.0369252932873158,0.0249012092371223,0.0289787940464138,0.0261284313769742,0.03338632143326
b3510,hdeA,hdeA,0.0412377155804578,0.0758519458909485,0.144396954338462,0.0591783866555557,0.139920100951122,0.105572865664171,0.0607835353198641,0.294354930894168,0.0917187320881759,0.687132724727865,0.0329480963246416
b3509,hdeB,hdeB,0.0014961218113571,0.009125039115073,0.0090244333896986,0.0019962988161266,0.005653760818028,0.0029919432156659,0.0017083988176385,0.0121033869383301,0.0020641453668394,0.0349413224081484,0.001415767384907
b0384,psiF,psiF,0.0007951351077213,0.0007190571984431,0.000529768248127,0.0004511593619612,0.0003390241019045,0.000296943767698,0.0003036996089227,0.0009798512452061,0.000361715591004,0.0005611715530797,0.0003413435278928
b4239,treC,treC,0.0004077248250725,0.0512623268828588,0.0011052383053089,0.0008573380606813,0.0011582121577402,0.000774023991857,0.0013056138865261,0.0020670071175283,0.0014715176040756,0.0005145020011426,0.0009169685404927
b2502,ppx,ppx,0.0029667746676446,0.0071946032769425,0.004580766087756,0.0034788704463249,0.0037507518432063,0.0020432539891222,0.0031681920020917,0.001368268362085,0.0046586248143278,0.0028292292033705,0.0028053003247021
b1203,ychF,ychF,0.181732413441432,0.293068668659197,0.120901973714402,0.140354453454,0.131611097709971,0.108738042872338,0.109685788058063,0.0693207376963793,0.1389656088305,0.0601753123660331,0.110884376947823
b0887,cydD,cydD,0.0064914745032403,0.0097964849178592,0.0053019585102225,0.0055981978192292,0.0042395299697971,0.0041436562381372,0.0047637506747125,0.0020678685522456,0.0085125782721124,0.0035958485332803,0.0076919417006299
b1662,ribC,ribC,0.0290124653436913,0.0377265405619419,0.0275293825540929,0.0237734573996988,0.0337245725818401,0.0209862207671046,0.0196093052837205,0.0187181042385241,0.0288584906854735,0.0242395606807156,0.0183577577755945
b1189,dadA,dadA,0.0040009483329145,0.0864686410644129,0.0058269302290754,0.0068156728381125,0.0260339455951012,0.0106989694680675,0.011032115688509,0.0065589598109084,0.0204600167330278,0.0128971048391956,0.0135603933245949
b1190,dadX,dadX,0.0017939063689237,0.0265051353580437,0.0034728852083552,0.003244609258882,0.0034186669377419,0.0030767394172307,0.0029370876160111,0.0011873581534011,0.0023085881127788,0.009118792495505,0.009289063048958
b0915,lpxK,lpxK,0.0008473568777341,0.0009768258467281,0.0005558745794527,0.0003889058870171,0.0006633366825814,0.0003395939548129,0.0003596983742052,0.0003046576683367,0.0005478517170155,0.0002466179874978,0.0003794456557382
b4234,yjgA,yjgA,0.0058908841473209,0.0153971437137776,0.0065264031448225,0.0053175774653709,0.0055432066119923,0.0042052604127258,0.0059180167292853,0.004632775240167,0.00481314078995,0.0055517251651152,0.003938157029355
b0167,glnD,glnD,0.021374206987072,0.0475807889306549,0.0238195585206749,0.0239674713941331,0.0230572504137641,0.0306880401386209,0.0251040547891485,0.0200769784066848,0.0249987952611376,0.0190077008363565,0.0275521491945924
b4259,holC,holC,0.0001231602103868,0.0003815112206979,5.22770002209344e-05,2.65002938608116e-05,0.0001393843956847,3.9063711010251e-05,2.43227563703098e-05,9.2272081620136e-05,7.39639627106865e-06,6.10242011635189e-05,2.80252452325743e-05
b4372,holD,holD,0.0006530344025982,0.0008599862777845,0.000134923982513,1.02187011029871e-06,3.19839385964105e-05,0.0004966086441551,0.0009017848989426,0.0003903316443561,0.0005771536044633,0.0001549852981254,0.000381924825308
b0812,dps,dps,0.145601645142006,0.32342029217494,0.279378458754568,0.200284676306804,0.0808422157472899,0.138660767521106,0.209977358156526,0.12907860031082,0.154949864508807,0.287539930531792,0.129242985677055
b4238,nrdD,nrdD,0.0039986223659496,0.0069621536414759,0.0036078508537356,0.006320431876148,0.0034246789780929,0.0028632259072597,0.0045314327969436,0.0035963505580118,0.0025507919586982,0.004183918358983,0.0034813834984426
b2065,dcd,dcd,0.0180736106855848,0.0227128029089284,0.0218064938987855,0.0179261424002519,0.0214524379570173,0.0179022946748751,0.0199662851159669,0.0165713573964558,0.0169787270863934,0.0198998679695983,0.0187566900076397
b3623,waaU,waaU,0.0001806796326186,0.0011125268040446,0.0002830808887034,0.0002796554062299,0.0002557037499686,0.0001877915802711,0.0001862766762517,9.55634267619004e-05,0.000269129283997,0.0001373598988716,0.0002125752622403
b3622,waaL,rfaL,0.0006438594753682,0.000132666193999,0.001002586625625,0.000337210636378,9.23313092601118e-06,0.0003714828726853,0.0008656146669335,0.0006667918458303,0.0006399662085884,0.0001602239139108,0.0002313356349053
b3625,waaY,rfaY,0.0001936339960086,0.0008071435912596,0.0002587029657796,0.0003015653055404,0.0002934535598853,0.0001640324239595,0.0002108236546383,0.0002877825364996,0.0003354979890838,0.0001235613033233,0.0002826211105472
b2935,tktA,tktA,0.465228188218685,0.90079460915813,0.384687406054198,0.406394224776559,0.472669130600823,0.445756243439004,0.382396395224352,0.19469521596505,0.439576398026425,0.31881423663306,0.440224342238514
b3962,sthA,sthA,0.0380228454738056,0.230876992192423,0.111709414786552,0.0872650837425488,0.0659150483668582,0.170905269364165,0.109799699696317,0.100743331010398,0.0603523055823337,0.112483747342246,0.0962614475511713
b1128,roxA,ycfD,0.0579568366704959,0.0686746722582998,0.0544301716895391,0.0608696157888452,0.0523648761237335,0.0489458728026353,0.0491553714926791,0.0505221467878525,0.0473110294820139,0.0448261333975362,0.0449991831543063
b2398,yfeC,yfeC,0.0002442815695179,0.0037892055686792,0.0004858807164453,0.0003781023932592,5.53512732387948e-05,9.43695362824528e-05,0.0004395921227579,5.019959053756e-05,7.36134291280558e-05,0.0002279327358675,0.0003595608016093
b2399,yfeD,yfeD,0.0003590552434927,0.0018219894460065,0.0005050739735395,0.0005331392488539,,0.0002006905016922,,0.000377733828554,,0.0003248238206031,0.0
b4219,msrA,msrA,0.0265694281382329,0.028232734975785,0.0263596771704014,0.0267401368446514,0.027599501433579,0.0191747183460852,0.0262817332760164,0.0318352177568874,0.0249906640492135,0.0206238942398651,0.025337069644472
b4269,ahr,yjgB,6.192829340772e-05,1.42723432887391e-06,0.0002123878410285,7.20557578402905e-05,5.93681809611431e-06,1.42965531338749e-05,6.21284577872211e-05,1.45327567116324e-06,6.44452929684089e-06,0.0001216839545872,0.000104794346442
b1090,plsX,plsX,0.0032616842218469,0.0045894150746646,0.0035349459662905,0.0026083431097249,0.0018761937414111,0.0018720991210713,0.0016842606403355,0.0038426676180703,0.001115154027329,0.0036762255137537,0.003033313086954
b1087,yceF,yceF,0.0841703229256223,0.131532538495384,0.114037362952321,0.112192546064099,0.0940485491590096,0.0817457782023424,0.100731856031562,0.146352378304632,0.0867267717678436,0.0866832432153241,0.0741960196639739
b3287,def,def,0.0283922030403621,0.0494062591911922,0.0179803819218525,0.0107971573819296,0.0190323885100436,0.0145417194698931,0.0200199887710866,0.0101581649116896,0.0169243658618068,0.0094615254969862,0.0099074328737718
b3498,prlC,prlC,0.172793170817384,0.346471495795629,0.133221690792787,0.154104436821318,0.142865298021545,0.138291482942723,0.168009877235508,0.131990659748439,0.16947205549009,0.138835049818621,0.131798937576096
b2905,gcvT,gcvT,0.0440903858805592,0.146469029662288,0.0375220038639813,0.0327652271290202,0.0262897778158912,0.0279987615073828,0.0249287233508082,0.0170054618718407,0.0374707481463894,0.0167472885837975,0.0202756872982963
b2914,rpiA,rpiA,0.104556272584949,0.169343913949847,0.0887157655093721,0.0927255368534088,0.114880593217323,0.0824524187400376,0.0796783758868443,0.0741455272558844,0.0863955931285534,0.0897291749244224,0.0977057212743948
b2696,csrA,csrA,0.0216386849625575,0.0296443477228376,0.0131851488928548,0.0128969397821639,0.0111525845137963,0.0097437547286364,0.0113987320173386,0.0073752766831485,0.0117489113022706,0.0147623744729727,0.0146464346438557
b4069,acs,acs,0.118983378173097,0.28055967212621,0.938722811899139,0.474435184618037,0.237714146755549,1.09768022677746,1.2080267406469,1.18079480728974,0.297745677338226,0.788234458802072,0.656106160491746
b4480,hdfR,hdfR,0.0038433868319552,0.0094997538610908,0.0042958346244184,0.0034244455030467,,0.0032827039449119,,0.0012861165769179,,0.0025592885044557,0.0026256848840214
b3764,maoP,yifE,0.123437133132644,0.159484685233361,0.103108798104781,0.139657522149075,0.1481334291559,0.114676727535154,0.102452336221673,0.0932042399303233,0.143457420366574,0.0711888990731477,0.128028267605104
b3786,wecB,wecB,0.0081565884321848,0.0144592391874163,0.0044778101163175,0.0039162634727474,0.0049781468491122,0.0036192420079675,0.0034132697698547,0.0020083008143366,0.0047604776258489,0.0025655826093153,0.0037182560689558
b3787,wecC,wecC,0.0084212687564913,0.0255731202882773,0.0047204977042245,0.005224504886239,0.0064996700938936,0.0052085864626018,0.0033987620290052,0.0018139934136294,0.006330265277901,0.0030099186006726,0.0045852045056444
b3788,rffG,rffG,0.0027172568103098,0.009416563897061,0.0014206376461871,0.0019074840342285,0.0015743211859514,0.0014423682709718,0.0007754218201529,0.0003382355059307,0.0016122838152491,0.0009630848113939,0.0014296902432609
b3790,rffC,rffC,0.0011640183765222,0.0012315737449484,0.0005187816583327,0.0004055134836239,,0.0002342663596992,,4.20424970142249e-05,,0.0002078021235667,0.0001628587263917
b3791,wecE,rffA,0.0054579346995981,0.0105064436947362,0.00456121709996,0.0040447148850075,0.0038413253351798,0.0036823321900355,0.0031954214282405,0.0032124079764306,0.0043523251788032,0.0027874892918132,0.0046614687305303
b3794,rffM,wecG,0.0013674390105656,0.0027073573378027,0.0010070228405483,0.000860233427896,,0.0007474639735044,,0.0003795442411585,,0.0006164523842038,0.0003501114150565
b3795,yifK,yifK,0.0005618861398784,0.0004146356739755,0.0005355494945513,0.0003752342669898,0.0006502477033905,0.0004230409494901,0.0003427172733135,0.0003152404687358,0.0004525961223381,0.0003064594130971,0.0003853684397499
b3816,corA,corA,0.0167676853120594,0.0292988742505725,0.025146985161069,0.0201423689838278,0.0111285869836467,0.0130333657006469,0.0196696408282511,0.021343076926462,0.0179592624524014,0.0118233460139203,0.0211753505680636
b3820,yigI,yigI,0.0030335752339362,0.0065759298589897,0.0043666727141642,0.0026066034929571,0.0044256779421126,0.0032978651543969,0.0032473218361961,0.0028007640796272,0.0029264937374635,0.0031036260461312,0.0038222711608685
b3826,yigL,yigL,0.0420894971419459,0.0580000842112008,0.0352254042445306,0.0303905577790926,0.0277672360305597,0.0309490312172038,0.0367964182490232,0.0221952277073681,0.0339237834718873,0.0247435052633569,0.0280642474517021
b3832,rmuC,rmuC,4.82978365736448e-05,0.0006729137245359,0.0002610897162812,0.0002147866639984,5.56058618882634e-05,0.0001021440662969,0.0001752109844642,0.0001695446084092,7.31747147068767e-05,0.0001185488531604,0.0002563286685492
b3833,ubiE,ubiE,0.0432591156174539,0.0809616656236053,0.0385608750250558,0.03633879613603,0.0351843655714283,0.039057778934251,0.031638270698631,0.02796656745343,0.0389175410060151,0.0266093227952859,0.0378281380674355
b3834,ubiJ,yigP,0.0014977770346356,0.0038838508707979,0.0011269910087639,0.0011588250896009,0.0007185442162094,0.0007547199227223,0.0012543012478964,0.0006919374940949,0.001092224191121,0.0014266586496275,0.0014784407714002
b3835,ubiB,ubiB,0.0003311033193317,0.0009762146251789,0.0001952155453691,0.0002345616245193,3.53827924671485e-05,9.18754286552935e-05,3.98335428740002e-05,3.44244999815558e-05,0.0001771267662706,0.0002665155965955,0.0002351744353257
b3839,tatC,tatC,0.0102108482833171,0.021820079682737,0.0124923624373228,0.0113080719781438,0.0141011909094265,0.0127144402455557,0.0109422550737101,0.0105011654316543,0.0201940165634058,0.0073786228162071,0.0110334738059924
b4483,tatD,tatD,0.0004943489909015,0.0011883797194373,0.0006354643918721,0.0005404689598316,,0.0004101763218394,,0.0002683455847581,,0.0003802055228411,0.0006205000571588
b3848,yigZ,yigZ,0.0038870478399554,0.0032877034527202,0.0019718361828954,0.0017325360322046,,0.0017165431328979,,0.0012932440631392,,0.0015484554408505,0.0075802943152011
b3850,hemG,hemG,0.0037135904157364,0.0087839062551352,0.006141622458419,0.0053395044081733,0.004497394454547,0.0027064751491028,0.0037317421680067,0.0025207085268864,0.0035274391928013,0.0027146889230704,0.005050707675433
b1638,pdxH,pdxH,0.0127873769989662,0.0098460739690474,0.0111885116028307,0.012754225155204,0.0196546916582295,0.0136718433494109,0.0125673996278782,0.0096945947810317,0.0146964190609677,0.0100640847189502,0.0128100434242286
b1493,gadB,gadB,0.0005720654970296,0.0010936931262537,0.0012160191854604,0.0002986113675929,0.0005434552252635,0.0003502840436197,0.0002910993514068,0.0005555160510927,0.0001984759767348,0.002087751699475,0.0001849960983496
b4051,qorA,qorA,0.0508354082434344,0.0395820801606955,0.0874593849893897,0.0728949663740004,0.0564899633662783,0.0593642098624706,0.077689746837005,0.121660225549726,0.0521040760761303,0.0947121683932996,0.0652821677057257
b1096,pabC,pabC,0.0013812182918797,0.0005485745698995,0.001772463550384,0.0006386175673473,,0.0009001978333807,,0.000891503820467,,0.0012831952296623,0.0016127882648382
b1097,mltG,yceG,0.0008114194579665,0.0009354726386807,0.000677505881386,0.0007356423579615,0.0006448505753769,0.0003655901846092,0.0006726366245858,0.0004535310476002,0.0008457513859601,0.0004325766956117,0.0005086544545477
b3511,hdeD,hdeD,7.13159969758907e-05,3.01877380189992e-05,0.0001294419832794,9.57202385086147e-07,0.000155517698653,2.27098304510925e-05,2.71452075564082e-05,8.38352869771939e-05,7.02665435041895e-05,0.0010062487978177,5.76194846981403e-05
b3259,prmA,prmA,0.0106458388317303,0.0237148524396422,0.0084648364784827,0.0065619170466539,0.0337819955002581,0.0065883581279761,0.005732063221211,0.0069745988833535,0.0073407039712195,0.0063180364416297,0.0053393334476852
b1099,holB,holB,0.0009212055872451,0.0012512256019581,0.0005117979949711,0.0005763514459281,0.0007322416533177,0.0003776460604233,0.0007343378383064,0.0008915556227735,0.0006376294762539,0.0004773147805913,0.0006190927937899
b0196,rcsF,rcsF,0.0182770994904496,0.0213623957051669,0.0159435528234418,0.0141502480300517,0.0186491784806513,0.0133895570293122,0.0148660848885876,0.0114251102235869,0.0153232101998556,0.0110653713626148,0.0176460579939764
b0195,trmO,yaeB,0.0028368936617642,0.0042799974474895,0.0023516741961046,0.0026956178385656,0.0047638165671424,0.0035069280634782,0.0024080583546837,0.0027733229754892,0.0037268370009432,0.0022934943812039,0.0024205953637466
b0197,metQ,metQ,1.45868674075895,0.193202937351545,1.05140051259226,1.09322520449157,1.14212361212481,0.878221970713181,0.88555515592391,0.748365681529267,1.02688722667685,0.600392257731242,0.900244981489691
b3178,ftsH,ftsH,0.262317676078685,0.4640302230841,0.217461221639288,0.246126327031778,0.271661868698647,0.204577856212254,0.213889378392642,0.172138646690364,0.267237952348688,0.144795494940914,0.23304860267884
b3179,rlmE,rlmE,0.0083712439500485,0.016085854111187,0.0072375171636092,0.0081733908170539,0.0089864275671437,0.0071708290794952,0.0068602209683391,0.0051610174852626,0.0094391411669213,0.005533621324532,0.0062340652097592
b1480,sra,sra,0.0291396704162805,0.0118010862515289,0.0435231563582179,0.0461271368400273,0.0365965801185321,0.0328611261574607,0.0468643559461087,0.0375065345911493,0.0290211598919972,0.0363158789154875,0.0304047230451381
b2501,ppk,ppk,0.008058199151168,0.009454589112294,0.0125357036843697,0.0088201033425418,0.0115485872095691,0.0075739225598506,0.0086799279869973,0.007381216390835,0.012229401906602,0.0083210215275454,0.0075302246788504
b0009,mog,mog,0.0016606438965893,0.006376334607113,0.0022452736099465,0.0015348505193422,0.0002551512937966,0.0006321975944774,0.0007962886242474,0.000469670580066,0.000656918434444,0.0016941830227611,0.0017043213076849
b1188,ycgB,ycgB,0.0004706754080591,0.0036037130726406,0.0007860875875305,0.0010972769133746,0.0006691346807255,0.0006712642293592,0.0007192486949295,0.000935928209045,0.000568670018761,0.0008144440364236,0.0005335536508618
b3925,glpX,glpX,0.0111410234523851,0.0202700008070757,0.0081676982075526,0.0158410961139804,0.0077690759479847,0.0076847755903159,0.0069951515995848,0.0063464547494014,0.0092607788287146,0.0040117393637407,0.0059697027811668
b3481,nikR,nikR,0.01354139453679,0.0160698140549951,0.01346801009471,0.0183655332117089,0.0225791012656394,0.0186088103249618,0.0238240323703883,0.018624842538768,0.0229130254159014,0.0063711399593653,0.0214343833102759
b2193,narP,narP,0.0098218575310602,0.0318823867011782,0.0118138793869307,0.0097755875290327,0.0081926823627249,0.0124750601624174,0.0108535532091464,0.0083516181965976,0.0107320109919394,0.0056937478738218,0.0084538122353878
b1288,fabI,fabI,0.231690417588525,0.433973290741795,0.18581945524936,0.176554965125831,0.144114252953019,0.158065253157858,0.120265367803966,0.106638095119738,0.16602435814198,0.133707989148535,0.18511142087528
b3933,ftsN,ftsN,0.0102327627463671,0.015482687598192,0.0110750454853118,0.0100858048787471,0.0116517843702163,0.0092614849058529,0.0120142507924635,0.0114036224963949,0.0146396278093596,0.0073454992667456,0.0105780234587336
b1805,fadD,fadD,0.0154653316338307,0.0557523878194454,0.0181395276048174,0.015551453546187,0.0143236909011531,0.0246140125907324,0.0273705256611081,0.0232434352355467,0.0139387975208943,0.0235447545016172,0.0271611079142156
b1661,cfa,cfa,0.0051662983101949,0.006967095587031,0.0034082781203622,0.0018459282833326,0.0041684182114011,0.0018089565659358,0.002189343419001,0.0018380603676413,0.0023618389332518,0.0028975376795822,0.0018519785085631
b2261,menC,menC,0.0009892962861419,0.0044494806006117,0.0006258847926688,0.0005526521519448,0.000463150497845,0.0004292867986722,0.0004559065827416,0.0002873615092543,0.000788313318333,0.0004227246374439,0.0006620502801919
b1205,ychH,ychH,6.85862675605982e-06,0.0001396221621181,3.91091366746836e-05,0.0001379673434128,0.0001210160143192,9.05735336966366e-05,0.0001487345544695,0.000142948966991,9.95192395246952e-05,4.92802859881094e-05,4.84284576729799e-05
b3687,ibpA,ibpA,0.0095022354803174,0.0690012528642016,0.0098379173907933,0.009475140831139,0.0081625703377528,0.0099473330910802,0.0084193987220708,0.0044097902911105,0.0104600188629634,0.0061496517525537,0.0053836078627859
b3686,ibpB,ibpB,0.000542111189729,0.014576931425777,0.0005467802256605,0.0005652579684419,0.000343461124529,0.0005713912015654,0.0005258487431322,0.0004027513505848,0.0007801320047014,0.0002673712197993,0.000336944545514
b3685,yidE,yidE,5.52157472176799e-05,4.96575893926778e-05,0.0002747569362467,0.0002239787501936,0.0001845755112812,0.0001182171420119,0.0002356387549613,6.57720684275606e-05,0.0003458347819564,8.53025362239606e-05,0.0001373668463032
b1067,yceH,yceH,0.0343845992793349,0.0455906092951178,0.0293168380452901,0.0327523967225222,0.034697293612067,0.0254956096337192,0.0324484397717135,0.0294942590301995,0.0346112438498848,0.0293791871429628,0.0292836089144521
b2575,yfiC,yfiC,0.0013040806395778,0.0032207351329533,0.000885185628524,0.0008147074618401,,0.0006295973357095,,0.0002210470101228,,0.000323745152839,0.0006052196735991
b0171,pyrH,pyrH,0.0305586171105711,0.0357007916605999,0.0237031305158885,0.02717016568429,0.0303695014347882,0.0292170736770597,0.02688228708014,0.0203828598142505,0.0235575870184684,0.0189991174084511,0.0246795444894139
b1004,wrbA,wrbA,0.183392264566506,0.119840944210547,0.266461725045624,0.233102129375185,0.207730672680196,0.200255966471378,0.222896572991537,0.28083235169609,0.177231273290895,0.285098039156222,0.144697632464029
b0494,tesA,tesA,0.0065841454291672,0.004703769541199,0.0076864215761352,0.0076871822287717,0.005644917039672,0.0049926889666073,0.0080306125933787,0.005574964339593,0.0057780942234991,0.0067794104629433,0.0091076612004605
b3997,hemE,hemE,0.0020415337077819,0.0006273096370909,0.0005788929112552,0.0007583646209187,0.0008786381653566,0.0005824324945306,0.0005795626021226,0.0006212884872934,0.0007844507349814,0.0002783969876354,0.0007914703874727
b0109,nadC,nadC,0.0342973154136816,0.0308789166259927,0.0263137443277112,0.0305148802402402,0.0435884351587247,0.0304086454031115,0.0330962339392723,0.0276203405072361,0.0355577611111288,0.0219905292026656,0.0324460373658081
b1652,rnt,rnt,0.0092359401372377,0.0146981406555286,0.0038899887912204,0.0039128179490548,0.0059866948835453,0.0036348813137391,0.0036410484262278,0.0029217619893354,0.0036709485074486,0.0037402342045895,0.0034109064600658
b1127,pepT,pepT,0.0194901220574678,0.0151659964568724,0.020671540707067,0.0240473878141028,0.0169352030323351,0.0155634112743985,0.0213534217554527,0.0209511067845696,0.0204606696655354,0.0233710622249061,0.0207881671410798
b3176,glmM,glmM,0.0857645418063131,0.203666300937352,0.0978881427561336,0.087083010528527,0.104060080686994,0.0750503032219324,0.094325413129804,0.0734450917804589,0.112936174864216,0.0574648320247529,0.0879097487834383
b2669,stpA,stpA,0.174577084288273,0.133332273552266,0.0999314137224378,0.0636116672952586,0.0965963237692461,0.0799773131802657,0.0744235475213521,0.0557022563476681,0.0916122110893068,0.0539602457641005,0.0482925827424545
b0008,talB,talB,0.620909238858626,0.923612710388171,0.574159866857393,0.659905357646246,0.780577528335072,0.56160742666999,0.53271172821567,0.451078715937801,0.730878869613511,0.392678215755616,0.6555208711614
b0036,caiD,caiD,0.0027759497412352,0.0005326399387943,0.0004999366578916,0.000547737026152,,0.0010327017468024,,0.0004309034636839,,0.0005519656655706,0.00044830126613
b0046,kefF,kefF,0.0015181625534311,0.0010846104226866,0.0008613495925271,0.0011086233209669,,0.0010608109211988,,0.0005135348277717,,0.0007168152888976,0.0003561778800332
b0054,lptD,lptD,0.0778787134848524,0.136143489137595,0.0773790916944017,0.054062744319695,0.064192714318075,0.0502635312473063,0.0513799943759101,0.0553965812842405,0.0529538835855315,0.0439082681492308,0.0529406127650351
b0055,djlA,djlA,5.13264721788695e-05,1.77908883635259e-06,5.69782756516698e-05,0.0019138318287506,0.0015760759521987,0.0014349400662357,0.0001378889014567,0.0015128418534315,0.0023245544047179,0.0001031856310474,0.0010956100152539
b0068,thiB,thiB,0.0011084325759222,0.0049016647147819,0.0013206739217115,0.0016251408513137,0.0010398929289407,0.0016262868858019,0.0012387570986377,0.0006966666924834,0.0013515050507261,0.0011421618487253,0.0019654754854452
b0071,leuD,leuD,0.19086330564913,0.0172066236592562,0.229888336020181,0.193595462194514,0.210565828733748,0.234737285984949,0.203776961330732,0.194811501811153,0.205094622607053,0.248015537395446,0.136151404245821
b0072,leuC,leuC,0.228671430363161,0.0462820755579261,0.298039876938261,0.241600083879369,0.188769665025658,0.231926276390775,0.171534708635841,0.188551059356393,0.21316697736174,0.293877349199456,0.174649610457111
b0073,leuB,leuB,0.300734933774933,0.0388746846092345,0.280130351713776,0.329811420441687,0.453288886648336,0.288599536519015,0.280643359149439,0.503456731011464,0.32934694693929,0.474911554980632,0.195671722729558
b3406,greB,greB,4.12199891869135e-05,4.11880489142117e-05,4.19201969841092e-06,3.26034662604111e-05,0.0004963557493302,0.0001919819581753,0.0002455682094288,0.0001503774866228,6.29466905595512e-05,2.00252473190544e-05,0.0001143678135857
b0800,ybiB,ybiB,0.0416389302895918,0.0499392576957841,0.0519364125896985,0.0287726290276299,0.0474321823678358,0.0264598714837247,0.0326455037953902,0.042221409176426,0.0373229354009161,0.0349902987905984,0.0263052879752645
b0801,hcxB,ybiC,0.105423512088532,0.0400490710965058,0.0648812175373662,0.0394199979888665,0.0579501812338817,0.0357286634168962,0.0416541397934015,0.02274616693246,0.0584409465580407,0.0634281596099809,0.0456644482589408
b0630,lipB,lipB,8.70152517344152e-05,0.0007352716146856,0.000118907536103,0.0004091824901709,0.0005167426791396,0.0003668557897533,0.0004637952631077,0.0002711522815135,0.0004253412884106,0.0004743620141716,0.0002313387844322
b0631,ybeD,ybeD,0.0672380893263263,0.159062212133664,0.0630011172389327,0.0471773716777843,0.0467963989699587,0.0466571287595679,0.0467654790339613,0.0336103278838359,0.0530608316792699,0.0516784085148621,0.0744604188147974
b0782,moaB,moaB,0.0792056477407744,0.0859789563829001,0.0830271861571147,0.0769876346323856,0.0943256306044769,0.0595638194500835,0.0772313580244048,0.0835228421220033,0.0750974748154779,0.081023036633623,0.0696465533056943
b0784,moaD,moaD,0.0169455816748187,0.017995900390268,0.0123786130337483,0.010430668830623,0.0209054057854937,0.0119926054225234,0.0133714604055491,0.0113938366100232,0.0167439424014751,0.0084535065121587,0.0130096432785631
b0785,moaE,moaE,0.012897200432373,0.0136624844610504,0.0084836159873219,0.0086740057564274,0.01083545938259,0.0057739779664458,0.0093674717735808,0.0061777560453781,0.0083810404019039,0.0075794961411343,0.0084478338671173
b2521,sseA,sseA,0.0419692932438358,0.112678118579907,0.0711030270157335,0.0583742531265686,0.0516012429007222,0.0687872276284781,0.0769548338334899,0.0690881025243541,0.0505144127768678,0.0646064238832848,0.0825901574515039
b2522,sseB,sseB,0.020733931475231,0.0324403841463661,0.0111613853474274,0.0120422622188344,0.0167651766774079,0.011218140268037,0.0152936568648177,0.0058182546893022,0.0178540575315585,0.0101059779579712,0.0090077242720896
b3053,glnE,glnE,0.0044614843535404,0.0051812286117048,0.0098250344136765,0.0064085774682733,0.0072708539507725,0.0069656036351882,0.0082977669496245,0.0086057757744636,0.0117686448805002,0.0045518430615764,0.0066513879879714
b3054,ygiF,ygiF,0.0230668997392269,0.024306209248173,0.0228034408646803,0.0239960594515935,0.0255714494579185,0.0209094603479655,0.0218444495668875,0.0185835127402476,0.0283423260703929,0.0161609883563779,0.0232169205258669
b1250,kch,kch,0.0041676878207154,0.0058656501431794,0.0034082540923549,0.0036371905924345,0.0091540637589953,0.0052031036545823,0.0050789130743089,0.0036102518755508,0.0055018157437837,0.0027996703363853,0.0023145387673658
b1251,yciI,yciI,0.0371587324951121,0.0298877811559414,0.03645046394324,0.033769392513539,0.0459973255884064,0.0310058612664473,0.033310047102754,0.0260885009170985,0.0410699039592991,0.0310551454622091,0.0291955703047552
b1249,clsA,cls,0.0009326218436863,0.0012582804551538,0.0014483242880569,0.0008497829782836,0.0012475621841905,0.0010394820880191,0.0009813034298211,0.0006744321940606,0.0021183987575501,0.0008682986947065,0.0008032413478117
b2369,evgA,evgA,0.0019575033911451,0.0043528069183242,0.0011454248166982,0.0006341815662589,0.0041539972551441,0.001740653101749,0.0020722451912916,0.0008433990810224,0.0031646883325632,0.0024653721017603,0.0016915748646471
b4111,proP,proP,0.024420158484796,0.0372783509364273,0.0116297705350985,0.0084060299986271,0.0271196843805397,0.0103706890920288,0.0117811308350662,0.0094629074503404,0.0205330207032737,0.0048691508678906,0.0042104257496586
b4113,basR,basR,0.0005574386928747,0.0008770861846083,0.0005388427975618,0.0017741232241308,0.00100554630516,0.0008706382406833,0.001005154819845,0.0018581490580869,0.000712100926523,0.0005001231370489,0.001118731437496
b2078,baeS,baeS,0.0007908009743195,0.0012571755601156,0.0010328277780889,0.0013412530009907,0.0011226405813161,0.0011254190041734,0.0013563010918857,0.0007592128407439,0.001500927606136,0.0017584183030242,0.0008939371302268
b2079,baeR,baeR,0.0126726459878412,0.0086260941974373,0.0088376720585924,0.0082941036239787,0.0124780232043871,0.0069614961671078,0.0082352970613562,0.0089791583762967,0.0099840424159717,0.0075372523975652,0.0060258920546877
b1114,mfd,mfd,0.0157769167154929,0.0279789002327615,0.0181190035710341,0.0134682770602204,0.0193605784866735,0.0167569499495271,0.0184472850276643,0.0112407323173794,0.0200095751023451,0.015812313913852,0.0228664483427614
b1286,rnb,rnb,0.151590098167895,0.147215336717331,0.101773002938018,0.108561889014668,0.13227071172135,0.11260454443888,0.0944896527182416,0.0578103130632316,0.160389478981455,0.0736698713471298,0.102304342539264
b0199,metN,metN,0.0683348350420851,0.0422393448546398,0.0606506057150487,0.0679798072532612,0.0673893655501962,0.0480092359188225,0.0551123594214199,0.0502685902777551,0.0843367012543445,0.0345367027408538,0.0655551162837389
b2797,sdaB,sdaB,0.0030319248443171,0.191461067819894,0.0014899160779283,0.0017145687408019,0.0009740069619432,0.0020461450354716,0.0009991932944499,0.0015106728586607,0.0027707523684751,0.0012411773006548,0.001500163510796
b0864,artP,artP,0.0263677614789515,0.0382425240934519,0.0237343413334129,0.024001017991774,0.0298720859647215,0.0329981893436369,0.0281179510541626,0.0311675305323734,0.0308997735010367,0.0179030812204498,0.025093160847564
b0863,artI,artI,0.0860523974957821,0.124220527080569,0.110124298144298,0.112907682829618,0.0633575426516679,0.0955533638160282,0.0873057262752847,0.0818604254702491,0.0742253774760645,0.0989748524890159,0.0928877123108024
b0860,artJ,artJ,0.416432003937253,0.0575702231727448,0.21364394250457,0.226565185435599,0.166178371641098,0.172429149548783,0.191535950476814,0.179801012739199,0.261635369471743,0.139256691734944,0.195676787132743
b0854,potF,potF,0.205184523511196,0.0807230131078338,0.202998595564676,0.29540069462628,0.169373758648811,0.214745910214398,0.193814504517105,0.236184434901562,0.222133245581532,0.176122870472888,0.275740553630024
b0855,potG,potG,0.0030337102807691,8.64131856083801e-05,0.0038748903930688,0.0052700801660371,0.0035868150477884,0.0051798975079032,0.0043695931493919,0.0031801534873634,0.0063206636924844,0.0026147311102751,0.0057875261140379
b1535,dgcZ,ydeH,5.56068563748247e-05,3.43226901638838e-05,2.17219627066236e-05,3.35868567236283e-05,5.96167044792571e-05,0.0001417610071145,5.77768091343258e-05,0.0001611294524458,0.0002154343351446,5.58262814597756e-05,3.19489130121481e-05
b1536,ydeI,ydeI,0.0025691480820528,0.0032106696264851,0.0036635568117335,0.0017708553606173,0.0009840725849956,0.0006658526398767,0.0014942952720842,0.0037991618891496,0.0009455971875519,0.0022657548797074,0.0013222932469248
b1537,ydeJ,ydeJ,0.0003656143765132,0.000262264568157,0.0007924247580284,0.0002846543863504,0.0002578813761976,0.0002658437835826,0.000287062294577,0.0011599399282833,0.0002549158858302,0.0009932921355748,0.0002845290593395
b0185,accA,accA,0.223592575274753,0.465966129614679,0.158857790241263,0.179875264164013,0.158874256965887,0.152921130477166,0.169803931224696,0.136084253665681,0.183077812797489,0.113615162009098,0.169727078288545
b0207,dkgB,dkgB,0.0044195705244364,0.0058661760321274,0.005782484856339,0.0064127554510196,0.0064699591743208,0.0038540544051797,0.0044115712148887,0.0029276738303027,0.0050528408542453,0.0037010166613854,0.0036040059945558
b0208,yafC,yafC,0.0004433226405205,0.0010198944975296,0.0004462858540877,0.0003471461741462,0.0003891709410178,0.0004748744839595,0.0003520688543492,0.0004067167898149,0.0004501916273925,0.0005538084560416,0.0004255973061146
b3235,degS,degS,0.0045938088926638,0.0027175990541248,0.0039494788595376,0.0047911458452246,0.0046712896998814,0.0042666204060495,0.004839181312061,0.0032944708536652,0.0060531185354842,0.0045391648012879,0.0055442976905
b3807,cyaY,cyaY,0.0040081201859624,0.0036112260631378,0.0021217430123516,0.0019351853919205,0.0015585442824617,0.0016263085810162,0.0022780827038153,0.0009137822118715,0.0029141817673202,0.0020704872324097,0.0020969812257639
b1939,fliG,fliG,0.0003373329802968,0.0003143859480186,0.0007901078577529,0.0006507325987494,0.000216760610839,0.0006113334846555,0.0007308459805011,0.0001631842691433,0.0002413624191102,6.74019386984292e-05,0.0001460710886829
b0495,ybbA,ybbA,0.0012098662131624,0.0018202143528378,0.0008450779747367,0.0018232653103099,0.0013752450422296,0.0011305842713032,0.0015109127023365,0.0012712961378174,0.0016732562027862,0.0012643882342581,0.0021238077679928
b1928,yedD,yedD,0.0413639058949448,0.0583295420429155,0.0378565143951644,0.037534418535196,0.0439640747936238,0.0364437297217277,0.041088478984717,0.0332806089874631,0.0473726757600026,0.0284304233662146,0.0314567021995279
b1929,yedE,yedE,0.0017157043166574,0.0013703867612845,0.0088789975876743,0.006115046142586,0.0039073154162854,0.0063535833443643,0.0068626531818943,0.0031222243265154,0.0055744993587113,0.0040236935920263,0.0051549869461056
b1930,yedF,yedF,0.0098222096208921,0.014649817699712,0.030607452104432,0.031278773180404,0.0194315215519505,0.0503402552998462,0.0399984496934204,0.0332252027763524,0.0285045302098943,0.0268261962007872,0.0273205507722004
b1931,yedK,yedK,7.2431517850101e-05,0.0001851622040901,2.55882449939611e-05,3.43990819624511e-05,8.49046118764994e-05,8.78012013282205e-05,6.31694409012494e-05,9.20379781166968e-05,3.23809032860871e-05,3.78229602134326e-05,6.10240117470373e-05
b3349,slyD,slyD,0.680478752123888,0.993653268942061,0.489246323739623,0.527568064019538,0.434419344819758,0.408744175491416,0.488901755110454,0.294929571522935,0.461984462820074,0.371879859548187,0.503557319579329
b3348,slyX,slyX,0.0038321293080621,0.0061272761866717,0.0023272882156176,0.0031826564508066,0.0019298890656375,0.0024852208769427,0.0018038461432752,0.0019484535297298,0.0014895016554317,0.0017714932656323,0.0034134718248302
b0783,moaC,moaC,0.0091516821396375,0.0116700380365252,0.0072257268086976,0.0058646532204243,0.0099444724665577,0.0064361730202585,0.0062858394282422,0.0058270220345144,0.0095137079376916,0.0045092842406946,0.0056056100612008
b2220,atoC,atoC,0.0001790948540987,0.0009957474720623,0.000280239244873,0.0004617893880627,0.0004616230871146,0.0005436217192051,0.0004856849290968,0.000239541125573,0.0004483965371044,0.0006784920313176,0.0003988199394785
b3058,folB,folB,0.0004115011370808,0.0062220050816629,0.0008016559952606,0.0036536458429793,0.0026238135491589,0.0015928571719904,0.0002595729808138,0.001709235904461,0.0025693774175176,0.0020243032439932,0.0014815624197833
b3059,plsY,plsY,8.76736775868404e-06,1.54834697782638e-06,5.1963023014299e-05,0.0002394494686885,5.64085301430382e-05,0.0001410166977864,0.0001777854605738,7.79089011567828e-05,0.0002352180222908,3.21220396469268e-05,0.0002538674663999
b0134,panB,panB,0.120783932272121,0.0991938095707776,0.104047547130921,0.105198453472447,0.106682952957182,0.0848656092762012,0.0952562218313613,0.0696051817690797,0.104164796386999,0.124092196522195,0.0977164670092541
b3932,hslV,hslV,0.0147772888815991,0.0527758471591447,0.016355667871338,0.0125416758906693,0.0164339222276282,0.0132214152323367,0.0141371131347089,0.0106664583875798,0.0157978083761335,0.0092681239090631,0.0108996076230714
b0760,modF,modF,0.0210465003728585,0.004823683693597,0.0131017867368464,0.0175411088106705,0.0140131572752361,0.0143619236363128,0.0163741168176861,0.0112801558760457,0.0225341456444855,0.0109595507149866,0.0116239816063462
b2836,aas,aas,0.0008451938950358,0.0016480668704811,0.0010588409436849,0.0009353009133114,0.0010853143055941,0.0007204438597596,0.0006522247766958,0.0003410165414143,0.00110681872381,0.000815055161522,0.000914241471185
b3201,lptB,lptB,0.0726744327265011,0.0947617223484706,0.0516396820940342,0.0630552238801041,0.0508139851757956,0.0496115395506191,0.0485005013157459,0.0449111682531837,0.0581452597690362,0.0407560618099217,0.0628697189289271
b3203,hpf,hpf,0.0411689492387587,0.0354529919034857,0.0436807380256167,0.0436287954850017,0.0468143666764754,0.0381630832529935,0.0432010150143925,0.0449544283026342,0.0308348166877691,0.0526862014448676,0.0407562983811159
b3204,ptsN,ptsN,0.0256485477381678,0.0570838818852791,0.0245262553840438,0.0268164546194873,0.0257459671240993,0.0398669075965355,0.0374558105994126,0.0716609561932314,0.0263653599078806,0.021153178888799,0.0246670265446881
b3655,yicH,yicH,0.0072035891288073,0.0133756706339787,0.0078632070316928,0.0077081086819228,0.007454828859772,0.0062372447604164,0.0085522756122306,0.0058693992260892,0.0088796978822047,0.0063462120965674,0.0093490105564427
b3656,yicI,yicI,0.0001094672093372,0.0011096452673828,0.0001486914608101,8.55657725389105e-05,0.0080379480792252,0.0002793745183338,0.0011336952454431,0.0002716692167744,0.0007606932007476,7.06556761824167e-05,4.07682593214316e-05
b3665,adeD,ade,0.0005222009569449,0.0057578010019315,0.0006257452120947,0.0008868230882777,0.0002345647108458,0.0006302084261882,0.0006922968465015,0.0004590800380136,0.0002937560202539,0.0007000476492648,0.0008466870797969
b0756,galM,galM,0.0785565204203016,0.149711504861622,0.0902374080552818,0.0924060155592775,0.0858193607046689,0.0801504199171577,0.08792300986778,0.196259862993183,0.0810118897931677,0.0715885593111263,0.0676505071791823
b0755,gpmA,gpmA,0.570968332213543,0.842644818336874,0.589720085052244,0.515981620703556,0.702158841612958,0.451172601713896,0.489432724356404,0.429333932751496,0.521554582426284,0.491616809159104,0.441212720066631
b0751,pnuC,pnuC,0.0026834185079413,0.0012282353535261,0.0021597234795172,0.0015848779770981,0.0017583949609426,0.0013674308709399,0.0020797534801413,0.0016065950824937,0.0023329630352098,0.0013367075158652,0.0019250539591758
b2066,udk,udk,0.0077711321763913,0.0179566213485119,0.0065589890512539,0.008261299683534,0.0088548512001367,0.0083960300138565,0.0069758147155418,0.0056371833194714,0.0099241006449419,0.0055195081095848,0.0069244517933843
b3996,nudC,nudC,0.0072160700527206,0.0065555221525218,0.0051395503287775,0.0053735936446247,0.0064169265915138,0.0041982800835085,0.0045758107698295,0.0050282183419778,0.0058286616937957,0.0037797664126858,0.0038182350698008
b0463,acrA,acrA,0.169629182714742,0.316553413817766,0.134656898746122,0.143498459410757,0.147115944076658,0.127144924220769,0.126530175325775,0.107187185231599,0.151288979774304,0.0873213866789663,0.135843466209003
b0462,acrB,acrB,0.0531903671394707,0.121115481007588,0.0654259225692629,0.057272025098034,0.0619513827555953,0.0470706755005161,0.0454158031537611,0.0324456274314988,0.0759136779754791,0.0398645143677044,0.0582631500596605
b3688,yidQ,yidQ,0.0095734627271667,0.0096315282565975,0.0055272864392659,0.0054611119359079,0.0046431956949237,0.0048005038406982,0.0057153684365012,0.0051021571388303,0.0051567661179406,0.0047363698189853,0.0061445053371862
b3689,yidR,yidR,0.0082330543932072,0.0048326406901928,0.0063296791426366,0.0069934633274546,0.0100707770366031,0.0076249178490712,0.0085901290712445,0.0077712552116774,0.0085770521799966,0.0044511446094319,0.004716518366568
b3713,yieF,yieF,0.0569962737304483,0.0787331653139048,0.0554367207044088,0.0561718505456094,0.0762663528946281,0.0503341199372485,0.0749174065776567,0.0655313174408752,0.0471095395845659,0.0902165310323118,0.0649896011460095
b3714,adeP,purP,0.0070980064830974,0.0033614239634979,0.0065139517068808,0.0059660556642211,0.0035574190450116,0.0043559608824029,0.0047701846848631,0.0025010305388141,0.0072335235568742,0.0051144214158688,0.0094150507433184
b3715,yieH,yieH,0.0008735009743032,0.0008915660468297,0.0005355970206666,0.000289009590955,,0.0005011846266848,,0.0001007925726745,,0.0001607040904899,0.0002889241090396
b3746,ravA,ravA,0.0030744805801612,0.0055049159467477,0.004162712028585,0.0040099043338533,0.0025173882649658,0.003083422261095,0.0035443539989927,0.0021933532025353,0.0042921192329711,0.003595838227134,0.003605549241379
b3755,yieP,yieP,0.0068347443835398,0.0113027384480256,0.0045329658704436,0.0037021444523915,0.0042374940080712,0.0028445573578976,0.0037056816582193,0.0023162617909952,0.0045251851016263,0.0038612977532607,0.0045587772786092
b1019,efeB,ycdB,0.0008101744799118,0.000196805911708,0.0001093651500063,7.89255171111311e-05,,4.96636569285258e-05,,3.79513791610195e-05,,2.64314178378919e-05,9.73399754220513e-05
b0200,gmhB,gmhB,0.0111518223859046,0.01047313516615,0.010270393177299,0.0098256117986021,0.0125907076683911,0.0077189955964492,0.0078227952210535,0.0087260798721586,0.0112337918599206,0.0096448245079317,0.0088160235337654
b0198,metI,metI,0.0232059809646738,0.0134750974735942,0.0132848615385122,0.0139519554661048,0.0209692777101756,0.0102002848683336,0.0124064176507993,0.0055644861026885,0.0177320063222696,0.0087870778482185,0.0183247369740403
b3995,rsd,rsd,0.0072241259284459,0.0111969867509605,0.0116698966901628,0.0119047219012984,0.0072244636886108,0.0136119400619561,0.0140472929062892,0.0139943270550626,0.0090328839967401,0.0086173307818346,0.013382880029134
b0568,nfrA,nfrA,6.6993002722307e-05,0.0001074193391288,1.81132502970217e-05,3.25168237443981e-06,,4.92002505816165e-06,,6.9265836354056e-08,,1.49624026318436e-05,2.36981230361772e-05
b1495,yddB,yddB,0.0002122545913642,4.04615435907472e-05,0.0008157083508613,0.0002087707126434,,0.0009263719697369,,0.0002525784590541,,0.000165983333154,0.0001826580458312
b1494,pqqL,pqqL,0.0014151070774205,0.0014153253002001,0.0010494291751256,0.0008793834202688,0.0011054696601683,0.0009356177137276,0.0009082755713303,0.0004874773805667,0.0008188866440259,0.0002710120333457,0.0008854398459837
b0133,panC,panC,0.0673809803014121,0.075289795000957,0.0614460451128111,0.0712147216700261,0.0696589792150614,0.0545762031871574,0.0523363377107098,0.0538580681426058,0.0689525259224734,0.0572085219117533,0.0744379165021814
b0131,panD,panD,0.0152366956704442,0.0124334147287312,0.0090346907233334,0.0087781210202153,0.0106852757547922,0.0070316169319278,0.0062310470850434,0.0047600253688068,0.0109881960068269,0.0061366001994611,0.009925799687369
b1896,otsA,otsA,0.0177280432703709,0.0207150477950021,0.0220418086256913,0.0181057270183915,0.0091683268427467,0.0113506775590393,0.0213561417308954,0.0166955162243814,0.0167113698247587,0.0222156478023868,0.0135407348239703
b1897,otsB,otsB,0.0066764305622414,0.0074575271351062,0.0045698309546987,0.0041948957390729,0.0040288380259697,0.0041532910497145,0.0045739113069428,0.0055848401372011,0.0039488895856494,0.0052638039900781,0.0031398820454661
b1216,chaA,chaA,0.0027747794965611,0.0038263791421996,0.00104208612091,0.002018586920973,0.001744289446278,0.0012021498329119,0.0017781266602507,0.0007078540931569,0.0035706861330652,0.0008249886863209,0.0020244323343084
b4168,tsaE,yjeE,0.0255414433800901,0.0258740771742195,0.0211989608800911,0.0248161190117589,0.0221797710247098,0.0197179066924734,0.0201215246821998,0.0214494859258033,0.0251277439653813,0.0182245769254927,0.0217351058573793
b4167,nnr,yjeF,0.0043552556537626,0.0077851706190828,0.0056837593454748,0.0058629474907774,0.0069496503211356,0.0063791040757392,0.0057491463422199,0.0107869576899678,0.005210374028249,0.0064058669206818,0.0052979914091335
b1271,yciK,yciK,0.0147840576299271,0.0109633552999913,0.0097916535726581,0.0113565828548804,0.0131973655750346,0.0079380691762974,0.0103153560021163,0.0098580442540973,0.0129302266533834,0.0064401011492342,0.0102231206399553
b1461,pptA,pptA,0.0037108737393194,0.0016817003538511,0.0025892913657457,0.002844894634732,,0.0025739257288711,,0.0008981853600144,,0.0028547064983335,0.0042638328459773
b3592,yibF,yibF,0.0238244150553155,0.0131088733288134,0.0206245292782786,0.023406286777795,0.0215034555477049,0.0206346383077552,0.0221967370786186,0.0229688348776942,0.0225611963523293,0.015739758719586,0.0236749505397085
b0503,selU,selU,0.0007623084507342,0.0006981918767628,0.0001009890271099,0.0019088758085606,,0.0004858717549593,,3.89970346970519e-05,,4.92255937200459e-05,0.0008603822472781
b2277,nuoM,nuoM,0.0009343426315688,0.0062300756061957,0.0017010374515453,0.0011922318973717,0.000530751984547,0.0006345228501722,0.0007938003618796,0.0003886655866289,0.0012646248991153,0.0005313364417942,0.0015756183765886
b2284,nuoF,nuoF,0.0321684998431528,0.169685175690405,0.0653592841255707,0.0702298587982024,0.0378289656150789,0.0660703649955249,0.0623751137796224,0.0478980316663586,0.0646484164284518,0.0417053345815783,0.0533451917487816
b0685,ybfE,ybfE,0.0006596180495809,0.0004289397202468,0.0001239091887882,8.05719963646083e-05,,0.0001896230962945,,1.65360098099354e-05,,1.49208859666543e-05,0.0001847796974961
b0686,ybfF,ybfF,0.0096073214387604,0.0077830061450916,0.0100852831875112,0.009722642716769,0.0073736030470512,0.009754612249704,0.0078927245221273,0.0058490122268177,0.0081195390434069,0.0084952397123383,0.0113096255116225
b2960,trmB,trmB,0.0200691626251202,0.0405507880216518,0.0148337244888544,0.015351024194497,0.0179028205532049,0.0146247209953084,0.0135809416934779,0.012668162719205,0.0179914373701087,0.0116153471195866,0.0116797285404502
b4070,nrfA,nrfA,6.66860758646769e-07,8.23973250497364e-06,2.19027116788875e-06,1.71270458254017e-05,2.95021555623481e-05,4.5057531092737e-05,4.28078081132806e-05,5.42558620825724e-05,4.16496386608989e-05,1.07388469977201e-05,3.18920982003441e-06
b2620,smpB,smpB,0.0100069086762563,0.0182722494448969,0.0118994201417652,0.0103955009360148,0.0103798949361974,0.0078539938493278,0.0080912041743451,0.0065968474387022,0.011805727933751,0.0062660720246802,0.0097778109887923
b2579,grcA,grcA,0.0213198758338326,0.0559809065280941,0.0320895019710978,0.0335741291995756,0.041888019096118,0.0296219516413671,0.0405111413774817,0.0204303016778743,0.0309468861351443,0.0300403971278398,0.0842069319479228
b2581,yfiF,yfiF,0.0705539789710886,0.0942878901000506,0.0702153636441597,0.0686204008498037,0.0686657330816163,0.0657189654605247,0.0683880384732564,0.0613159342185121,0.0816800792057813,0.0432448908682086,0.0547758273654305
b2806,rlmM,rlmM,0.0084678857024095,0.0116414724425137,0.004814774599786,0.0058050739272211,0.0047175832028787,0.0043045404261086,0.0058116322232326,0.004538184479812,0.0067969752405637,0.0042082229555745,0.0062769092625009
b2808,gcvA,gcvA,0.0003129426728773,0.0002213219799682,0.0005714437227961,0.0003949771540829,0.0005013698047345,0.0004006548377213,0.000544699409052,0.000385327704097,0.000377987348333,0.000243314877592,0.0003955321939507
b4386,lplA,lplA,0.0039188752119236,0.0093446150329805,0.0057829574392401,0.0046650507547328,0.0057968496855327,0.0051088136938828,0.0041703537115655,0.0040770659212701,0.0048173317073629,0.0029411379354314,0.0047261882284041
b2464,talA,talA,0.0855352138431472,0.0563749679924743,0.0877355648169751,0.0806669513851211,0.0705251959680566,0.0656042125235668,0.0771001069814064,0.153150438221956,0.0584246627709851,0.0784694574703923,0.0502337186309747
b2996,hybA,hybA,0.0088287589606676,0.0020151637826806,0.0052916625221301,0.002016356687314,,0.0008097818590339,,6.79295309835824e-06,,0.007531596466934,0.0003072037387351
b2994,hybC,hybC,0.0005629796083918,0.0095946436761509,0.0004457534436547,0.0005256207828969,0.0004882073441741,0.0010498641516443,0.0006645367780457,0.00022441589856,0.0002602129814907,0.0004633577052127,0.0003858185101026
b2993,hybD,hybD,0.0004284134662296,0.0011475558355902,0.0001186302469837,4.20863000254568e-05,0.0003150869188593,0.0004418790656183,0.0001589110750076,0.0001274341680117,0.0002135954977324,0.0002592140361782,0.0001377496824566
b2992,hybE,hybE,0.0032883014991703,0.0036070415822351,0.0017752173990914,0.001112735212002,,0.0017522929092381,,0.0006516680397664,,0.000391411302367,0.0009439725937549
b1846,yebE,yebE,0.0188595066255093,0.0046491278821462,0.0142894162325091,0.0362051291593929,0.0161393617167695,0.0137573513443967,0.0303270344881093,0.0147506717343205,0.0334673671412062,0.0138785985247076,0.0645695574880045
b1847,yebF,yebF,0.0368641481294146,0.0182588987121539,0.0382519337208989,0.0369665820478642,0.0229778345258772,0.0348129203959899,0.0419195034886727,0.0338193456151482,0.0245340777370847,0.0310290256949079,0.0214922617357257
b1848,yebG,yebG,0.0052638990929288,0.0147645016195811,0.0044856370973878,0.003724287873098,0.0030560441009666,0.0026848722475787,0.0025175514201098,0.0008590744905906,0.003162858428115,0.0014166259752562,0.0035595426609845
b1849,purT,purT,0.167426188237511,0.025529527516471,0.119285729584368,0.100222518437559,0.106105448483753,0.0872428070558946,0.100388843694924,0.0882519440037394,0.0964450554851679,0.0515847392062504,0.166105339134375
b2903,gcvP,gcvP,0.0583628415987252,0.185423709765116,0.0524845102443234,0.0618288633013861,0.0577755327308739,0.0716070930538958,0.0642162829443094,0.0382559056968751,0.0866006357004555,0.036567689434782,0.0374082224231788
b4187,aidB,aidB,0.0002999701536509,0.0009973140567733,0.0011256803622661,0.0004695242627704,0.0007388806337444,0.0008532752418981,0.0007107275766423,0.0016218707470315,0.0003204669154682,0.0016934371915913,0.000263364396554
b2746,ispF,ispF,0.0416247846800333,0.137045672249889,0.0334976973634725,0.0433989133202165,0.0459833499988904,0.0474163614028387,0.046297377667486,0.0317093086177696,0.0448276924135151,0.0327510176086398,0.0343566281779051
b2744,umpG,surE,0.0071673121862317,0.009579854223197,0.006098122799724,0.0065976443009571,0.0068509607224112,0.0067272894275535,0.0068613028436258,0.005268354792982,0.0049902960217187,0.005945920262912,0.0082947728625667
b1232,purU,purU,0.122051186579601,0.0685509092255811,0.0821159604904728,0.0718634790948421,0.116000392638268,0.0887595226969503,0.0732554638652065,0.0499466996241095,0.123509875866822,0.0603409477859914,0.0537402428078077
b1056,yceI,yceI,0.0726207988781852,0.0201228520852582,0.0382148191769404,0.072475727240645,0.0255408289127328,0.0413875519216715,0.053505435747149,0.0360005722423206,0.0484347302889831,0.0488677064815461,0.0677608139601791
b0451,amtB,amtB,0.0039209091717995,6.47711588034374e-05,9.84331588549656e-05,0.0001312379388971,0.0003349213047011,0.0001199146687664,0.0001727574916027,0.0003440780546011,0.0008089906317284,3.24574639753081e-05,9.83349194489893e-05
b2435,amiA,amiA,0.003972902845185,0.0055566213987357,0.0021610377845807,0.0041784803034903,0.0041215230855612,0.0037250998231136,0.0042200020060435,0.0019193148261914,0.0054750723282272,0.0008872880665922,0.0038872649447764
b1464,yddE,yddE,0.0068065030095204,0.005259387463679,0.0056060224335779,0.006308784825134,0.0078392765387884,0.0045650354763322,0.0051442209970213,0.0045663614198321,0.0039999557011977,0.0033712651882985,0.0047792720994913
b4090,rpiB,rpiB,0.0009198468800285,0.0019811574064367,0.0016997758950278,0.0010645862863908,0.0004992800364885,0.0007541352348015,0.0018976194963832,0.0008162477159411,0.0003771209681245,0.0005450031814665,0.0008526462937757
b3856,mobB,mobB,0.0003969470904943,0.000555372866587,0.0003374504897661,0.0002326321462043,0.0004429249046126,0.0001861144303731,0.0001769594342261,0.0002946439327028,0.0002642123995007,0.0002187968958049,0.000415230847649
b3857,mobA,mobA,0.0008036365981405,0.0006826068368979,0.000685969818846,0.0008250735410411,0.0006422843942656,0.0004671462337177,0.0005256426971965,0.0004972244184618,0.0005566385948028,0.0005011196267307,0.0007846117526966
b3858,yihD,yihD,0.0427386925585242,0.0606765868365781,0.0342346385730818,0.025763632987483,0.0309217634874908,0.0212111184256022,0.0245865232874092,0.0151909299626587,0.0233937416226935,0.0271850714151496,0.0287170390553515
b3859,srkA,rdoA,0.0036212057668099,0.0068176596394859,0.0016743715716521,0.0027874783592385,0.0019686512590887,0.0024785063389296,0.0022847620366464,0.0017517336681632,0.0037913557761201,0.0016019871589178,0.0031540165592729
b3866,yihI,yihI,0.0371178878859725,0.0570126026293985,0.027037892884459,0.0309544508869624,0.0291136938800163,0.0315707344226893,0.0321050626246112,0.0244607409699767,0.0331049414681378,0.0232103141368726,0.03169846302435
b3867,hemN,hemN,0.0067602054516298,0.012129588116282,0.0063478379968769,0.0065992743826952,0.0063448327487746,0.0064611304299544,0.0071086668573417,0.0061015511416094,0.0081736657949125,0.0047685450264429,0.0066559894542577
b3871,bipA,typA,0.336694260983691,0.482284254555619,0.180939638527155,0.183997905811227,0.229669068231182,0.161462327102083,0.141044996920615,0.123941632833557,0.273843102445982,0.0891831513773713,0.161090752669566
b3872,yihL,yihL,0.0002627317752834,9.2088922571962e-05,3.22557743824868e-05,3.44326768698793e-06,,1.11476091067364e-05,,2.1504552978708e-06,,1.20864143962999e-05,2.64530367873822e-05
b3873,yihM,yihM,0.0007494160457444,0.0013873263500089,0.0008002435664821,0.0008971952248345,,0.0007492219497257,,0.0003732492404604,,0.000475633855036,0.0006417912834574
b3881,yihT,yihT,0.0010255737496048,0.00082301260345,0.0011095633391965,0.0005125209542952,,0.0009166087465351,,0.0008994134271375,,0.000369522440483,0.0003418102893403
b3882,yihU,yihU,0.000314384145332,0.0001438410381594,0.0001960319276702,0.0007421133772066,,0.0001124293352385,,3.53251256392677e-05,,0.0001285416244992,0.0001501391117531
b3884,csqR,yihW,0.0018566182441531,0.0064028600090617,0.0025255454103246,0.0028688642747031,0.0019026162349106,0.0022324584234076,0.0024303179062547,0.0023532343372905,0.0022090017383796,0.0020475288088821,0.0029341840584608
b3885,yihX,yihX,0.0049205284258476,0.0124899585402714,0.005810040870387,0.0064521073437584,0.0060688846491129,0.0057390266586381,0.0089662360188547,0.0064375314816136,0.0037878562877642,0.0080247097897448,0.009909902478664
b3886,yihY,rbn,0.0003968339967255,0.0005634066434613,0.0002283398908416,0.0003714967428195,0.0003125622980361,0.0003055762098332,0.0003022222930521,0.0001919845978046,0.0005335726498566,0.0001973435014728,0.000473967588118
b3887,dtd,dtd,0.0001850979300895,0.0002486266753475,0.0002016597764609,0.0001646465351552,9.86413908074158e-05,4.87990247657426e-05,0.0001339981170219,0.0001166379120879,0.0001104707555766,0.0001374988388848,0.0001572572512476
b3888,fabY,yiiD,0.0082487361441696,0.0123219246106264,0.0099393473310435,0.0092947248538324,0.0091256013271567,0.010270541725724,0.0103529068038925,0.0107488668331872,0.0097138566189229,0.0095817199541142,0.0101179222405266
b3892,fdoI,fdoI,6.78186062578746e-06,0.0010977773402885,1.72941821941111e-05,6.0877970842098e-07,1.26997754300519e-05,9.87695736796817e-06,6.04322630877945e-07,5.07528283732856e-07,1.48220267797177e-05,5.22904368135546e-07,5.78555042535129e-07
b3893,fdoH,fdoH,0.0002282845068297,0.0439078274597249,8.55857550751811e-05,0.0001965639562681,9.56225605104182e-05,0.0002270694475623,0.0002373083829586,0.0002707358881766,4.07378251378493e-05,0.000854001136405,0.0001332278803251
b3894,fdoG,fdoG,0.0024358044083252,0.380139667426527,0.0024370204628254,0.0015771571039815,0.0028275663089903,0.0025033957475414,0.0027371734578302,0.0019500920815421,0.0036630526526667,0.0027403522127886,0.0031073034647821
b3895,fdhD,fdhD,7.42006329019773e-05,9.44221012162567e-05,6.74682712765905e-05,3.15517287476428e-05,9.742496442739e-05,4.01549446919335e-05,5.95929178186092e-05,6.13502649256421e-05,9.94635627981555e-05,5.57891213647961e-05,5.76976993104812e-05
b3910,yiiM,yiiM,0.0030991580846689,0.0028350480440139,0.0023261321684993,0.002736854006498,0.0031187051345976,0.0026663513111966,0.0031833683356311,0.0043096786383112,0.002615125615209,0.0027002755420124,0.0020524217626839
b3385,gph,gph,0.0335325502140264,0.0400463821083417,0.023664570822816,0.0262624678541559,0.025926381518409,0.0197787304122378,0.0212649377649299,0.0139355804687273,0.0208782945904216,0.0188188515501921,0.0235223440824392
b3920,yiiQ,yiiQ,0.0004195568331207,0.0008453774465043,0.0004994579508865,0.0002478552645694,0.0004583630965552,0.00052869627698,0.0003796911084598,0.0003302012156248,0.0004216338946014,0.0002332983031001,0.0004202890212583
b3922,yiiS,yiiS,0.0061012379525484,0.0073305891130582,0.0101158850454154,0.0076285251279517,0.0069671651800657,0.0049112705517334,0.0059266597146748,0.0067215867925932,0.0056617124559846,0.0070174271121436,0.0039610085247868
b3923,uspD,uspD,0.0086407318418286,0.0108871060205954,0.0123488918490796,0.0068299822895452,0.0107212335462398,0.005835389279905,0.0075882948489004,0.0118279780988794,0.0074910946946782,0.0098269194573441,0.0053946178272763
b3928,zapB,zapB,0.17297528059474,0.280729575351971,0.118393418539774,0.139280552417136,0.134968760514302,0.0696391134256692,0.106617182933243,0.0658394335776574,0.129351901447869,0.13487028459814,0.123926208673089
b3929,rraA,rraA,0.0448644821538732,0.0552787263347899,0.0385720494551951,0.0348298561138449,0.0457914544396828,0.0323684352102636,0.0367497515020321,0.0365063072331736,0.0363105164932966,0.0281210286030193,0.0433894663612267
b3931,hslU,hslU,0.112467722207183,0.396979705224393,0.106979011352967,0.11114873531024,0.132197510706507,0.10515010783223,0.0989277619210602,0.0616209960437553,0.127804241196051,0.0706324163652821,0.0810325190090932
b1430,tehB,tehB,0.0083839233209373,0.0088060353318861,0.0069093317112347,0.0060461960819469,0.0105505379203888,0.0057602799238613,0.006121777757145,0.0054942486058141,0.0074649850380005,0.0064758970645287,0.0054655832289283
b1048,opgG,mdoG,0.0953604871856414,0.12149176409817,0.0722485912458549,0.0892970173118605,0.0844760355857663,0.0758384464131268,0.0815019357750192,0.0603861993253987,0.100912704726814,0.0533278046426744,0.0751893545334838
b1049,opgH,mdoH,0.0135724309673906,0.0164678279158909,0.0097946789010863,0.0068597079959709,0.0119338969697607,0.0132059886377548,0.0112183186902965,0.0064987983941425,0.0117463398949492,0.0068701618545981,0.0124130440916717
b2582,trxC,trxC,0.0066279324917294,0.0101255902150644,0.0090877229458135,0.0056823197491805,0.0073063305013495,0.0061991711165322,0.0056793347881901,0.0033328884656,0.0067934231926077,0.0033999465865324,0.0056246086938936
b3606,trmL,trmL,0.0011699641149017,0.0018427898179654,0.0009315289703318,0.0007755645013129,0.0008427127939927,0.0006087589486989,0.0004014152733444,0.0003067021116846,0.0006788851045561,0.0004459772950031,0.0008219279218293
b3506,slp,slp,0.0191884574095028,0.014639409855855,0.0353826932995583,0.0161954809957233,0.040063316748609,0.0260103471269397,0.0226532160561581,0.0206987238333163,0.020275012384849,0.0820450129521793,0.01053419435739
b2009,sbmC,gyrI,0.0149580883158372,0.0235216966953155,0.0221248637761508,0.0133105813448138,,0.0084503448478886,,0.0113820868370189,,0.0147201312219487,0.0106815679974693
b2012,tsuB,yeeD,0.0459632582185113,0.0422924061331025,0.0533071622800094,0.0594546759906543,0.0405478412701787,0.0470016172653757,0.0085603339644583,0.0398190004735749,0.0436928844873652,0.0613805654069888,0.0573169382447902
b2013,tsuA,yeeE,0.0002210856040332,0.0008192278505007,0.000300081802181,0.0004413362235175,0.0001503500079527,0.0002340974271236,8.66438937000322e-05,5.62845251337799e-05,0.0001822199346682,6.55112342885154e-05,0.0024427346751904
b2573,rpoE,rpoE,0.0139863240857914,0.0203107300423635,0.0112898722442382,0.0098080458135533,0.0125604243293712,0.0093147465611074,0.0081494373943379,0.0086045998658978,0.0104410512891994,0.0061183410832406,0.0130694534185415
b3945,gldA,gldA,0.0034378984495334,0.0034465417918913,0.0021762425426121,0.0022810800661759,0.001402359221961,0.0015786148412255,0.0014432428660026,0.0032912124503901,0.0011097660597175,0.0036168391601243,0.0027249625883623
b3954,yijO,yijO,9.32782575522969e-05,0.0007643974369241,0.0001320752427722,0.0001634214523239,,0.0001953656545358,,0.000102167546802,,9.23367790840811e-05,9.37257368396605e-05
b3955,eptC,cptA,0.0058615615429339,0.0059808331352197,0.0043700794110646,0.0043434676271515,0.0047060366794347,0.0042648556329509,0.0031979130327882,0.0015775916050798,0.0061120008805257,0.0017678613955679,0.0033359902859781
b3998,nfi,nfi,0.0003340107004354,0.0002902206142604,0.000423787387728,0.000434958317508,0.000284048460239,0.000350632517767,0.0002341949002758,0.000592013989422,0.0002142424370804,0.0005643784370213,0.0002524461860306
b3999,yjaG,yjaG,0.0037405107795518,0.0061744051993051,0.0036164752984956,0.0038075924703315,0.0043526959651677,0.0023104586203328,0.0026163561666527,0.0025425095316023,0.0029128209086069,0.0022336168331511,0.0032069153960039
b4002,zraP,zraP,5.23423628253169e-05,1.33202790573664e-05,5.71766783199887e-07,5.83751989736704e-07,2.26252531779609e-05,7.12977677161517e-07,5.71174435287766e-07,4.84000109368906e-07,7.97453542404458e-06,4.95418064175696e-07,3.64098682955448e-06
b4020,yjbB,yjbB,0.0002992223232941,0.0004974839847366,0.0003088629926326,0.0003563329953703,0.0001123962273535,0.0001501882941697,9.18875183409084e-05,1.83707296940958e-05,0.0001160596021764,7.06680947145138e-05,0.0001225699022698
b4021,pepE,pepE,0.0056896098097922,0.0302942058964159,0.0104628830938299,0.0079593640582649,0.0037265083217066,0.0087300576238017,0.0084339246407486,0.0047069735870511,0.0039996049062622,0.0124438749443199,0.0081900302203685
b4022,rluF,rluF,0.0008649048546654,0.0005956197434374,0.0001486412899579,0.0002430047691136,0.000279215185284,0.0001472028247916,0.0002063002383355,8.80986047432936e-05,0.0004687670209589,0.0001018153032873,0.0002287608311515
b4023,yjbD,yjbD,0.0033459203174076,0.00281871687346,0.0019722461810321,0.0021412479376258,0.0038513241967367,0.0019565044167155,0.0025454413410564,0.002094016016814,0.002800678414466,0.0018414629712919,0.0020042692780052
b4045,yjbJ,yjbJ,0.0062599465082372,0.023841366638795,0.015413597587578,0.0059595758458243,0.0078827016527655,0.0044786622920365,0.0055445810504744,0.010339114710134,0.005430534318556,0.0068458903128275,0.0054271383755363
b4046,zur,zur,0.0022401577381798,0.0041468715676603,0.0041252613004395,0.0032726281235171,0.002424584627902,0.0027395778619189,0.0033345603698548,0.004345357340451,0.0029006853080549,0.0028780236873366,0.0043864072118999
b4049,dusA,dusA,0.0120900080935769,0.0266204644037796,0.0080837379283535,0.0065826229702959,0.0053255469851832,0.0062258503401807,0.0057054815865978,0.0046452876010605,0.0060224055697999,0.0040041210504146,0.0070293860433144
b4055,aphA,aphA,0.0036507291644828,0.0726888658830098,0.0069332890484674,0.0035987325530198,0.002575198684229,0.0035185690159873,0.0035551934351499,0.0030220401875662,0.0015742318702231,0.0038237604643781,0.0041270063836325
b4056,yjbQ,yjbQ,0.0051859489929013,0.0069293335855009,0.0044883719287827,0.003097413685917,,0.0027973081018002,,0.0039509666281726,,0.003997147034998,0.0021938684508272
b4057,yjbR,yjbR,0.0093082238202522,0.0132647085855195,0.0148049036307148,0.0107760169538997,0.0106998647237175,0.0110209793639358,0.0131290596897576,0.0188973568919296,0.0098247584471641,0.0123785151487934,0.0114792986551214
b4064,ghxP,yjcD,0.0061584731690091,0.0088281361108685,0.0063676383573839,0.0041363402861318,0.0096157206883172,0.0063730761252723,0.0052004921887999,0.0057793682433734,0.0079900668258126,0.0060722727908773,0.0053970988951361
b4065,yjcE,yjcE,0.0055779997186796,0.0300443891029333,0.0082149916774877,0.0304009925335187,0.027531465861062,0.0166821920040835,0.0061043850276854,0.0439981720757341,0.0220871537969239,0.0265930000696099,0.0183829855809381
b4067,actP,actP,0.0039721668661748,0.0111032116667907,0.03712824847186,0.024338746457668,0.0055862610758835,0.0620279598404575,0.0673260641049195,0.0665935234842916,0.008610236039275,0.0329736881563014,0.0264099222899568
b4078,yjcO,yjcO,0.0053074128836389,0.0018163009911468,0.0016269265192571,0.0012196925210319,,0.001048838583722,,0.0007278248078824,,0.0010883411102168,0.0011497241653899
b3604,lldR,lldR,0.0008368207184163,0.0055555258229437,0.0003858411553868,0.0010744355420411,,0.0006872292477614,,0.0002612021655117,,0.0002148137186328,0.0007273996201475
b3605,lldD,lldD,0.0104712107408029,0.072817314065872,0.0207960357458941,0.0192904748124397,0.0189004265365567,0.0255629379778387,0.0231606878274534,0.0284370331620404,0.018534819869874,0.0215211475875128,0.0154997063009962
b3602,yibL,yibL,0.034913629598411,0.0349546360442961,0.0663948031672473,0.0620713511589321,0.0562485586878621,0.0656284427124505,0.0527405139210504,0.0452780254694669,0.0530083599712773,0.0264686338556292,0.0433249064248806
b3292,zntR,zntR,0.0007046022513678,0.0013211453693549,0.0006066431548035,0.0006656891040078,,0.0005925974974456,,0.0001287114804657,,0.0004344644092056,0.0007906353800354
b2393,nupC,nupC,0.0087752381798843,0.0491648192286541,0.0067926217485051,0.0050492095528542,0.0054590858030563,0.0036806193437116,0.0031354363935384,0.0006927208500206,0.0123281655043284,0.0051502789097332,0.0040776087434958
b2039,rfbA,rmlA,0.0344462317125617,0.0818577809294425,0.0325424759907259,0.0337838694936271,0.0380962141541872,0.0250133505648504,0.0234432536142488,0.0142675277519206,0.0283376307508907,0.0219783207229421,0.0206838880117793
b2038,rfbC,rfbC,0.008892116119853,0.0224096451242687,0.0069566262094048,0.007818331218099,0.009232094188826,0.0091214797525222,0.0082427205048143,0.0065709097294987,0.0101221397773494,0.0064475004771204,0.0061037324196426
b2036,glf,glf,0.0596036476276785,0.113319400121147,0.0439610837372105,0.0464591147488522,0.0526738853018969,0.0408336124373722,0.0411880688237681,0.0212018584643948,0.0478528381270181,0.0432905684504236,0.0374667970489888
b2034,wbbI,wbbI,0.0494403868362738,0.127026687483329,0.0351713549862766,0.0353028669479366,0.0424088433066095,0.0354664399844843,0.0367971669961446,0.0219817195524532,0.0472481076490612,0.0237500661672063,0.0352150789124894
b2033,wbbJ,wbbJ,0.001481091442599,0.0059323008616572,0.0055148435315308,0.002544299195871,0.0028324510954022,0.0049994663248979,0.0044022334117542,0.0042188357165663,0.0025852858691704,0.0043270045187093,0.003610513931334
b2032,wbbK,wbbK,0.0044025506681343,0.0127623566297821,0.0046293790200169,0.0043293312236926,0.0030886601157163,0.0022771553098033,0.0026057817929315,0.0018524669982787,0.002867317131452,0.0029857753689059,0.0036001611458749
b4571,wbbL,wbbL,0.0001666141032437,0.001322071007971,0.000338623098113,0.000170170727016,,0.00020505744082,,6.5708103619364e-05,,9.72461964600362e-05,0.0001829619088435
b2124,yehS,yehS,0.0009842575568712,0.0024309880769264,0.0006184482351215,0.0011147564433999,0.0006844539014192,0.0004583854255612,0.0003987071622886,0.0003475233833937,0.0006770375150277,0.0005409080129773,0.0007130031263687
b2125,btsR,yehT,7.89164283579504e-05,0.0008903427471233,0.0004094843778736,0.0004665312690081,0.0002235690667172,0.0004970758863612,0.0003734078198789,0.0002900892694098,0.0003230968682498,0.0004114178658583,0.0006372225374363
b2126,btsS,yehU,7.45770769104027e-07,6.07003775877773e-05,6.90691208120485e-07,0.0001376463237041,6.74944594143721e-05,5.80182447197322e-05,2.01357990827532e-05,1.32427963207523e-05,7.78452595969895e-07,0.0001915616327912,0.0004661036066714
b2129,yehX,yehX,0.0067272777483635,0.0040568096988338,0.0054088243793527,0.0095145453372029,,0.0063005894536972,,0.0052596325211753,,0.0015844882020078,0.0069646798313249
b2131,osmF,osmF,0.0063999246703129,0.0041247063388056,0.0085863947317485,0.0073648209915367,0.0067101136901008,0.010146952936175,0.0118898756904769,0.0154259345100075,0.0076098990536536,0.0051900189865382,0.0057550853696014
b2132,bglX,bglX,0.0217680876318017,0.0448589636435618,0.0172746739837758,0.0207384407274483,0.0190112869076412,0.0160544977415575,0.0164764407478637,0.0102650653784092,0.0175365061458544,0.0161353215824392,0.0217740882896246
b2134,pbpG,pbpG,4.7477791014644e-07,7.43844334699764e-07,4.43003753265531e-07,4.42515092070027e-07,1.64411943299102e-06,4.33103130100004e-07,4.49423500286626e-07,2.36877681180139e-06,2.91859383317709e-06,3.85251410826169e-07,4.2530178606283e-06
b2137,yohF,yohF,0.0032010023668453,0.0021968760552033,0.0038685430534405,0.0027177190824356,0.0005960966178349,0.0018376904059566,0.0020070936960446,0.0028860517392362,0.0012127194730607,0.0034117106665568,0.0015513780789833
b2140,dusC,dusC,4.94591196673142e-07,7.76644899353813e-07,4.53844678483922e-07,4.60678018642336e-07,4.81708060491064e-07,9.42611697357988e-07,4.59893610589961e-07,3.85353951949553e-07,5.10283405436804e-07,3.97164432014959e-07,4.25667708719157e-07
b2154,yeiG,yeiG,0.0066978805338584,0.0046705198001445,0.0087008678633004,0.0086802564130107,0.0066787863175533,0.0087877795621657,0.0093401367842432,0.0071746429892748,0.0079883843094431,0.0077547039010488,0.0070486429400349
b2165,psuG,psuG,0.0003867694297869,0.0047228606292142,0.0036798775074035,0.0022394919843308,0.000206381557127,0.0039948560300491,0.0033965040777008,0.0024533943843392,0.0017213991331063,0.0014576531071329,0.0015924757500589
b2171,yeiP,yeiP,0.1256424624312,0.16090301193942,0.0945572413819079,0.104235658132803,0.066939763014803,0.0780894018580191,0.0714652577583107,0.0701232718089093,0.102716586929542,0.0549335285182737,0.076067403596308
b2172,yeiQ,yeiQ,4.38507573062351e-05,0.0003862443250578,4.28546428867712e-05,8.38404599027589e-05,,2.77077328829185e-05,,1.97511723986035e-06,,3.24375223163574e-06,1.05013998388924e-05
b2177,yejA,yejA,0.0011964302328313,0.0017672767934853,0.001922067892532,0.0017954264670213,,0.0023211206230119,,0.0016080847768952,,0.0024012124910907,0.0012506263764618
b2181,yejG,yejG,0.001969293586169,0.0034762242334893,0.0015425070457151,0.0017124418366002,,0.0011911686274938,,0.0007138820867353,,0.0010964619912413,0.0014266985164644
b2187,yejL,yejL,0.0041006235117328,0.0068724691105826,0.0030043651964008,0.0031180350632399,0.003661420173779,0.0029724663081011,0.0035199868387435,0.0024373933440037,0.0036031022683308,0.002071006436026,0.0031088594782112
b2183,rsuA,rsuA,0.0647619891179284,0.0778911119060922,0.0481506894547869,0.053922116839657,0.064727836838031,0.0478213076298945,0.0462635936702177,0.0349797531317491,0.0634609263314645,0.0351046624952842,0.0390803601327701
b2186,yejK,yejK,0.0522376560396252,0.0719688982208188,0.0367322490914015,0.0417546425810895,0.047068660600522,0.0485782792088766,0.0478397014769851,0.0383064244416617,0.0535266740961644,0.0301220283169063,0.0358491044582464
b2188,lapC,yejM,0.0026812100507486,0.0051723048911012,0.007134462787742,0.0040569958842144,0.0044408095121517,0.0038773160721998,0.0055067138105762,0.0027327875365779,0.0061065248815184,0.0030356527961254,0.0040476384351819
b2206,napA,napA,0.0001075597333741,0.001339538042183,0.0002106082625384,0.0003869070575684,,0.0004184557527341,,6.0497925994524e-05,,7.46181121811683e-06,0.0024642911859504
b2210,mqo,mqo,0.0146245903459,0.0254736563326877,0.0018621559434079,0.0011987800922255,0.03036485607479,0.0028797145101161,0.0013762489520916,0.0027881299659052,0.0130686125764247,0.0046693091241128,0.0222171150421018
b2211,yojI,yojI,0.0002492489164195,0.000541796325156,0.0005139121144709,0.0002966231283587,0.0009563672050163,0.0004275729487796,0.0005505879948708,0.0002627222748696,0.0012877806223853,0.0003416964316335,0.0007037103734737
b3476,nikA,nikA,0.0004086821881907,4.45632104523765e-05,5.35286949303867e-05,0.0001585206248454,0.0001078600417367,4.71891005640043e-05,9.98830659348001e-05,1.85284764700245e-05,0.0001613343554374,7.22963490535579e-05,8.71381851180982e-05
b3478,nikC,nikC,0.000269182764549,0.000300767070172,0.0002643446598829,9.92079904419845e-05,0.0003127233350717,0.0001499604519512,0.0002614071729723,7.97508701513602e-05,0.0003218037176447,0.0001314998448003,0.0001146634401914
b2288,nuoA,nuoA,0.0119094186114881,0.0531805831436298,0.0253093278651955,0.0201610630019803,0.0163249342714745,0.0139267853882276,0.0189857082773595,0.0091804295781319,0.026473552676878,0.0116394651341044,0.015448567884198
b2287,nuoB,nuoB,0.0126820032735364,0.0532249498296553,0.0239356496731991,0.021489670955134,0.0095889631835334,0.0118791891462394,0.0141771780322113,0.0088934946644811,0.0144635051548356,0.0110899568463792,0.0157910536045396
b2286,nuoC,nuoC,0.105879167331484,0.365129903218276,0.174590924228345,0.184654713169515,0.112884056138817,0.138101195414028,0.158681982613719,0.102868576230896,0.170677338366775,0.100594892512116,0.120839627275831
b2285,nuoE,nuoE,0.023051746012883,0.162855497754936,0.0511465833005814,0.0430757595752338,0.0244367505265918,0.0417981209915095,0.0396522789378261,0.0279833399899019,0.0331121570741602,0.0241896050160029,0.0367521748437143
b2283,nuoG,nuoG,0.155351657243831,0.629257559936629,0.234259133997479,0.244082215843979,0.135572326411354,0.237692845940174,0.244525956174648,0.150604446249813,0.245735176808777,0.144873347130761,0.221728457579522
b2282,nuoH,nuoH,0.0079828780273021,0.0316004715263966,0.0111742100445017,0.0091156059840541,0.0017308446322253,0.0013216886224848,0.0036808789998804,0.0017808766323616,0.0055485566566848,0.009073111787106,0.0101760340431849
b2281,nuoI,nuoI,0.0100163172688532,0.0388216049407773,0.0178770355673719,0.0160355543734392,0.007746248195243,0.0121949874215504,0.0116796987496183,0.0084838478888813,0.0102450027598805,0.0083204142026174,0.012118442912483
b2279,nuoK,nuoK,0.004122588897346,0.0069041570626456,0.0036966472864502,0.0089948532286158,0.0052387112159417,0.0030834350806455,0.0035289441296543,0.0015053776451157,0.0050434607285456,0.0016109316435247,0.0035201441014284
b2278,nuoL,nuoL,0.0002053478212018,0.0010568824464622,0.0002504619961519,0.0002688369721925,8.7968825707618e-07,5.47452223120414e-05,0.000134576949074,4.23238625420729e-05,0.0003667039641792,0.0003677639026323,0.0002381524845586
b2276,nuoN,nuoN,0.0017302556570864,0.0114783979779216,0.0053041196308746,0.0060805903065931,0.0029197724005208,0.0022151216933298,0.0032332030405713,0.0015887216231396,0.004992397330904,0.0018006374747763,0.0042434657665078
b3175,secG,secG,0.0466022570741787,0.0806564293237568,0.0395561805679221,0.0374448673777852,0.0384937170437692,0.0333990813225584,0.0313916456290408,0.0235585307059858,0.0437798420148355,0.0205850317204862,0.0349363296680773
b4225,chpB,chpB,0.0014926600485585,0.0009432122446652,0.0021309696944666,0.0017295236427237,0.0017349666165374,0.0035953842237629,0.0034516621275133,0.0036086717397371,0.0034226360279665,0.0021449818950355,0.0027438559825042
b2593,yfiH,yfiH,0.0009769685852682,0.0013048877217065,0.0004531784572855,0.000440511635928,0.0005726657897844,0.000404739738158,0.0005048092531059,0.0007076011145891,0.0005088546522957,0.0003936481547551,0.000404068014429
b2594,rluD,rluD,0.0240607011525966,0.0315722777572125,0.0145828373439692,0.0123915506153116,0.0114244229804373,0.0108364865609287,0.0119708725696672,0.0097280568320368,0.0121232986785389,0.0195104939662099,0.0163689269914023
b4147,efp,efp,0.612503927538266,1.33054254623206,0.414706993659281,0.497407188139163,0.572645130267633,0.515715449767616,0.434048320775064,0.333161998023402,0.538477345871924,0.274202281407905,0.422697283601153
b2465,tktB,tktB,0.0913175119080742,0.0459201589135421,0.113132114864366,0.111793324624605,0.0793077862503168,0.103337714845,0.1176568608716,0.180502186424085,0.0807803400041886,0.116620213511467,0.0762271034602438
b3408,feoA,feoA,4.76018704726947e-07,4.58875885017186e-05,4.87669301084788e-06,1.56671591143009e-06,0.0001157590631986,4.31310981408138e-07,4.38734154525995e-07,3.68757761211759e-07,4.53944614190826e-06,6.25802050295288e-07,4.13942571242084e-07
b3409,feoB,feoB,0.0011926439145056,0.00174953406007,0.0044981574347705,0.002870824601088,0.0037148021920868,0.0027705545688912,0.0027722774444859,0.0006929662565392,0.0042802649048019,0.0009365274083405,0.0022134291830265
b2173,yeiR,yeiR,0.003265501881815,0.0055009653248408,0.0018457220875638,0.0015790333089953,0.0017740604515641,0.0017007551856602,0.0013520212047733,0.0009823139889985,0.0026436483999194,0.0012653143860699,0.0014371333747328
b2157,yeiE,yeiE,0.0066312951807964,0.0087184634182156,0.0037258667779831,0.0040113293377586,0.0019405222262772,0.0014891421099664,0.0018804347657687,0.0015619882873587,0.0022739474502401,0.0035733962720834,0.0024751705985008
b1414,ydcF,ydcF,0.0118451600682916,0.006385416714297,0.0092643349742094,0.0103804746115272,0.0114251327560891,0.0083022673707556,0.0132927866956104,0.0152352758927801,0.0109833080748343,0.0097906457350289,0.0145908153443046
b2742,nlpD,nlpD,0.0229330619141557,0.0283801338119221,0.0168749938820785,0.0212520520341704,0.0232198243386981,0.0144419624372789,0.0168687600762009,0.0160238904649059,0.0168366534188438,0.0120798668477435,0.0214228522735374
b4375,prfC,prfC,0.0814894723852867,0.136393417521264,0.0459618766477126,0.0497453774180592,0.0467955622425705,0.0507211446121738,0.0418464268571812,0.027887770658099,0.0601487067904332,0.0397389402468502,0.0468708092566239
b4374,yjjG,yjjG,0.0027535581347112,0.0028266975152144,0.0008742632354721,0.001388731151813,0.0013303475503935,0.0010855093362852,0.0009899057600128,0.0007791456573119,0.0014640713383291,0.0003755331762592,0.0012500061755858
b0464,acrR,acrR,0.0008570586321488,0.0016564459943773,0.000583873637391,0.0007349532736302,8.55143926597825e-05,1.51840975430938e-05,3.14674326891044e-06,0.0003059604100661,3.70788258138731e-06,0.0003882805149003,0.0006234791634325
b0814,ompX,ompX,0.692147765632061,0.779595476061166,0.266450293384426,0.254161286563783,0.602819870631517,0.165845592453838,0.239412993749167,0.218397764344275,0.3858454267668,0.189723490341779,0.168857184855211
b1233,ychJ,ychJ,0.0002020445042978,0.0001560539663578,0.0001404244414751,0.0001447094720902,0.0001890986442111,0.000141018315644,0.0001124936725053,9.41754459392565e-05,0.0002052503714314,5.38462517807449e-05,0.000103322482087
b1234,rssA,rssA,0.0045777172783314,0.0006281217438453,0.0007612048383907,0.0001435074307557,,0.0004642274208074,,0.0002755188887083,,0.0025340917255762,0.0016825642894545
b1235,rssB,rssB,0.0008325400949299,0.0002993938777542,0.0010651171163328,0.0008860608963519,0.0007866836677266,0.0010449772419372,0.000929055656741,0.0012556474185656,0.0007587570328208,0.0006973568491401,0.0006495554766817
b2289,lrhA,lrhA,0.0010136092382673,0.0025479619804824,0.0017110694615291,0.002061016718704,0.0010840496914164,0.0026115760845754,0.0021674248194573,0.001920961215103,0.001773319819167,0.0007549875882028,0.0027128969646053
b2309,hisJ,hisJ,0.508227773590038,0.157383745428231,0.377028355500893,0.309882862445099,0.271754217094734,0.307696000768915,0.354226248926494,0.299038171316199,0.372721951418034,0.199732577527378,0.364422559201289
b2308,hisQ,hisQ,0.0042654931540398,0.000837216252939,0.0041551210660204,0.0031754004900282,0.0016170239809412,0.0021889737899759,0.0027276719453199,0.00166987150203,0.0023921413374788,0.0016758090504832,0.0039367114247619
b4240,treB,treB,0.0012457933803933,0.0248066564220724,0.0016320651239953,0.0018646645807521,0.0010894207760245,0.0021189012877773,0.0018240651717604,0.0032133442829735,0.0018279009170786,0.0012192462311156,0.0019954424275378
b2828,lgt,lgt,0.0003905651105632,0.0004914680199795,8.20517096889759e-05,0.0002339799444432,5.99318584421416e-07,3.10409874754079e-05,0.0001951712923545,1.53086819410138e-05,0.0002514935814322,0.0002265050260395,0.0001204221528026
b2526,hscA,hscA,0.0639112933296795,0.11323548328626,0.0340622464614035,0.0462612502311987,0.0639942471973369,0.0352684486674017,0.038828968808254,0.0247023133618245,0.0517805448442889,0.0293069006703079,0.0334854417848138
b2527,hscB,hscB,0.0282257956302675,0.0328372647506048,0.0157030562498224,0.0177879201883889,0.0157453824249796,0.0084914944214901,0.0100125173355257,0.0079416462286627,0.0122813148006421,0.012345410493845,0.0162096596468254
b2528,iscA,iscA,0.02778111373555,0.0374036657201008,0.0165216101952465,0.022776577840911,0.0392040742941288,0.0240665781324108,0.0214748281699536,0.0148281487590031,0.0341553646217736,0.0139838775966469,0.0140980671953094
b2426,ucpA,ucpA,0.005624469706369,0.0905983859316498,0.0138431081203719,0.012439128511227,0.0094383747787781,0.0248394295497441,0.0213784104975964,0.0130621499808281,0.008918590127731,0.0178933057384222,0.0149433646175698
b0192,nlpE,nlpE,0.0003175662174909,0.0008674772454392,0.0008956637724612,0.0004218314198122,0.0005244149454398,0.000584988415433,0.0005770315252256,0.000852355386042,0.0005110023888366,0.0004561875847327,0.0003240891955928
b2555,qseG,yfhG,0.0004329825890087,0.0004194997326968,0.0004117158487027,0.0003039905947526,0.0005561993052649,0.0002702718548053,0.0003151997345147,0.0002740383123504,0.0002672465334856,0.0001498892379888,0.0001794409658421
b2796,sdaC,sdaC,0.0051375854860393,0.213034208002827,0.0051689721064995,0.0052067899753368,0.005840211372059,0.0054889491273426,0.0055828841272206,0.0053238726220658,0.0054105387558187,0.0044013332941263,0.0026066172328229
b0688,pgm,pgm,0.130157497527217,0.227940823936376,0.138257043910531,0.146290829547313,0.122052611980362,0.112186208482461,0.129452913010301,0.0961056721047791,0.12368776620077,0.130163670924603,0.157652868247093
b3205,rapZ,yhbJ,0.0124702703002502,0.0121105682972592,0.0112249053221323,0.0120857521251204,0.0133275764694005,0.0112951254179604,0.0128021755182774,0.0116434851891068,0.012712658117546,0.0088776690718271,0.0118697675916639
b1991,cobT,cobT,0.0051081709917623,0.0042119813016526,0.0039273509945481,0.0048490466080131,0.003627136212631,0.0020008007280286,0.0026617664638676,0.0012930754281749,0.0023773206111871,0.0038035121533768,0.0047228611594459
b4268,idnK,idnK,0.0005141486308524,0.0007957999899526,0.0600453481994037,0.0004163205420005,,0.0004038954243327,,0.0001818015638781,,0.0001965684154387,0.0006341712382644
b0393,rdgC,rdgC,0.0316338461472597,0.0416817116592876,0.0246688216814182,0.0239540633861496,0.0282596191152826,0.0247877347048057,0.0193255343762782,0.021148199283062,0.0244043416098353,0.0158075405926921,0.0253778775151433
b0391,ppnP,yaiE,0.0228028362861735,0.0161807071642955,0.0232029254729227,0.0300458150957275,0.027671734566444,0.0172908319506286,0.0222899177083582,0.0170447850914095,0.0264256323199063,0.0094309798594818,0.0228656707444811
b4498,gatR,gatR,3.99670138727136e-05,0.0003136920451775,4.61888129494836e-05,8.72318390938819e-05,5.70638450375172e-07,5.29897117665898e-07,5.52626519445507e-07,2.74721247332937e-05,1.88931662517256e-05,0.0002570387771745,4.58725678803926e-05
b3289,rsmB,rsmB,0.0046864493188624,0.016302559869951,0.0039610723838715,0.0039995238596406,0.0043847655665442,0.0017273717767118,0.0016431563962228,0.0017122415484799,0.002834481084734,0.0028649436429717,0.0031443118479556
b4395,ytjC,gpmB,0.0145607501092182,0.0239706411499618,0.0142952779475485,0.0143997756626338,0.0173991101726896,0.0220571744875525,0.0178912120725647,0.012558767658228,0.0187179645037451,0.0121766312859484,0.0150739060069458
b0922,mukF,mukF,0.0045144080128378,0.0101967040379012,0.0038795623338306,0.004541462698702,0.0037482678661066,0.0031072307155592,0.0034171967177109,0.002356093235124,0.0028987159004893,0.0029160698819444,0.0037719088204275
b0921,cmoM,smtA,0.0005257947312019,0.0011043571784035,0.0007397818867641,0.000460918335217,,0.0005392283036829,,4.42509110380428e-05,,0.0001264057657526,6.95479520619801e-05
b1103,hinT,hinT,0.0436762021865229,0.0619840788005123,0.0501365600877148,0.0472054140246525,0.0545110162766412,0.0464081257403123,0.0478601084100335,0.0469586571517082,0.0459826506194351,0.0451095845471381,0.034220088979896
b4135,yjdC,yjdC,0.0189084118328388,0.011753172787713,0.0200354772822076,0.0195659475437191,0.0163218603494676,0.0099847856694905,0.0175954790547231,0.0173006210699739,0.0105923416286343,0.0203704064450512,0.0191860139555468
b4137,cutA,cutA,0.0002410002798915,0.0004145565042585,0.0006695408628606,0.0012154541939131,0.0004234203602745,0.0007688743468884,0.000171490659698,0.0014809076551855,0.0003660714463019,0.0012605375080343,0.0011349404003866
b0623,cspE,cspE,0.21212408661687,0.535807628126821,0.182147981709572,0.212597915584395,0.197558813406155,0.212723581179938,0.169680078067919,0.112644965861665,0.258884123023822,0.0886753207907397,0.205465397427005
b1654,grxD,grxD,0.137045063007011,0.128741127663426,0.0959164047125384,0.090599415922083,0.114393705744954,0.0908275941838792,0.091486974731044,0.108846863209021,0.104016590350338,0.0603662247360605,0.0700975889253386
b0434,yajG,yajG,0.158807122501385,0.230366688696857,0.126718530697904,0.140653889144665,0.120276406815288,0.128580591938436,0.124435370504454,0.0854608337721441,0.132840765969474,0.0825947988912651,0.140790749813964
b2829,ptsP,ptsP,0.0058677983293356,0.0076408156421049,0.007935737105082,0.0057768966950223,0.0104102426794993,0.0075076730037233,0.0095119694512527,0.0043629500040145,0.0093839519571573,0.0051558643597261,0.0052720631484543
b2436,hemF,hemF,0.0065979445398131,0.0025093692481761,0.0027940671933055,0.0019437560642651,,0.0016203263447351,,0.0011720556432967,,0.0019136586769084,0.0025641795238515
b0450,glnK,glnK,0.0011685548939957,6.09080030095245e-05,0.0001305084004721,0.0003237677718377,0.0004638411783263,1.38881898738058e-05,0.0005543440439873,0.0005853608149098,0.0022740655662262,2.4635256104829e-05,0.0001490219834219
b2615,nadK,nadK,0.0010455541830267,0.0012489233396077,0.0003740243628815,0.0005713587038762,0.0004124620355665,0.0003152638915065,0.0002621561450392,0.0003658025436397,0.0003541876628544,0.0004758224837245,0.0003949440745177
b1000,cbpA,cbpA,0.007482018909917,0.0207683937319016,0.0083880549557562,0.0070500138554629,0.006817288873363,0.0058212851611039,0.0065389794254073,0.0070835420000698,0.0040801805849852,0.0113847001499502,0.005477969931726
b0687,seqA,seqA,0.0457102718204289,0.0924733429661875,0.0369441035245067,0.0343216518028708,0.0440583415308531,0.0338156357116739,0.03433164361469,0.0293161719813495,0.0467584534874681,0.0272568164803745,0.0333882705420498
b1733,chbG,chbG,0.0018117957603278,0.0010369831693427,0.0011769913532162,0.0008901984266995,,0.0009654772849794,,0.0007576456169405,,0.0008008095212865,0.0023836050897592
b2069,yegD,yegD,0.0017708079396747,0.0039217193020032,0.0011364893874513,0.0004083259627274,0.0005373124285115,0.0002787652450937,0.000257107961691,0.0002104841447188,0.0005523357435514,0.000556911385624,0.0002681724011763
b2671,ygaC,ygaC,0.0007081339047753,0.0008265153730529,0.0008320781147804,0.0003731999078991,,0.0002404057867592,,0.0002127869722374,,0.000220439593465,0.0001928341073431
b4241,treR,treR,0.0002712202785805,7.29408113555558e-05,0.0003377948995252,0.0002953075704966,0.0005241867419949,0.0004901286077835,0.0004404788006278,0.0004893394311611,0.0004787983694967,0.000213966312577,0.0003718537720475
b1557,cspB,cspB,2.5594958732062e-05,4.34375870428457e-05,0.0004873089465628,2.03045448251414e-05,,0.0002807967973314,,0.0001350044056317,,0.0001155684757719,0.0002508483481771
b1823,cspC,cspC,0.720590188017091,1.43445429658884,0.750342615933572,0.658552016690054,0.742472073489954,0.660005293527927,0.68499560811696,0.410079807771763,0.775523370952883,0.479461900385237,0.470753476529154
b1822,rlmA,rlmA,0.0006644252411222,0.0010674223769368,0.0002724286746094,0.0003913331081249,0.0002766481344686,0.0002391198501577,0.0001817157975767,0.0001648837190807,0.0001873134415914,0.0002494653534327,0.0002954182192316
b3620,waaF,rfaF,0.0122651409674214,0.0241330401416595,0.0088157645103728,0.0167497060848773,,0.0076265223448178,,0.0035254246884539,,0.0035352332917763,0.0060425270391923
b3459,panZ,yhhK,0.0001934661300688,0.0020913253190882,0.0009130349869685,0.000155116784578,0.0003105676791233,0.0001854662473086,9.53827779933307e-05,0.0006199678002615,4.77764785803654e-05,0.000107880053759,0.0004937785710423
b3467,yhhM,yhhM,0.0013489954407825,0.0017023570587508,0.0015269948084215,0.001097914820394,0.0007403652336189,0.0007223574169484,0.0009792973508093,0.0010235417894377,0.0008470626995537,0.0008883107288155,0.0010466781757958
b3469,zntA,zntA,0.0014759564432981,0.0098466197071412,0.0018147365367264,0.0008240557612486,0.0015198402758978,0.0003792000844451,0.0012304868972271,0.0006222812851854,0.0018825610940242,0.0005668625937871,0.0012364815638733
b3470,tusA,tusA,0.0041210597734434,0.0055606845659761,0.0046440411613283,0.0038598548672317,0.0055319804776055,0.0064170480290743,0.0054371785149539,0.0046179481553545,0.0055572834029009,0.0043959426426792,0.0046149867485023
b3487,yhiI,yhiI,0.0115062601309596,0.0292600197837253,0.0130002696584833,0.0117074626484154,0.0181919504131081,0.0134016856909513,0.0116410484072539,0.0078558984105981,0.0118816728006841,0.0139067569035809,0.0121222562707457
b3492,yhiN,yhiN,0.0038137094901297,0.0065870096706745,0.0025739842067726,0.0009777403850872,,0.0030844609709733,,0.0007381964516909,,0.0006613600701244,0.0017469116827633
b3493,pitA,pitA,0.018461729483614,0.0254705010731221,0.0148779323121573,0.0135061054228604,0.0172674860385734,0.0166105226183651,0.0193767715168848,0.0109884462807414,0.0213293467229763,0.0081396198600282,0.0222888068357684
b3497,rsmJ,yhiQ,0.0015496312131945,0.0036876934864908,0.001188185841657,0.0014824823228325,0.0015740700458791,0.0012598485394971,0.000915387345321,0.0010858377803478,0.0013309011684751,0.0008659054694272,0.0011197542545095
b3499,rlmJ,yhiR,0.0160048896220778,0.0286244832041404,0.0107293478181096,0.0098483114126537,0.0108240995610386,0.0088923877243333,0.0092514059272329,0.0075642019099411,0.0114711669667758,0.0061451298776583,0.0077627673117168
b3503,arsC,arsC,5.35929351571657e-05,5.91783226465106e-05,1.41691675602845e-05,0.0003964860037723,0.0001484238500088,3.29690687622903e-06,0.0003163685908512,5.6302365386272e-05,0.0002057680433952,2.06952509944631e-05,0.0002655486886059
b3513,mdtE,mdtE,0.000883975472788,0.001654625870143,0.0004506948438473,0.0006717213308081,0.0008744573837794,0.0004991752247812,0.0005357908228739,0.0004729980216876,0.0004491839118378,0.0017887014929966,0.000512693866672
b3514,mdtF,mdtF,3.10238687831744e-05,9.72287207679632e-05,4.97154438578691e-05,1.91652366061728e-05,2.73875627890629e-05,8.40745153870277e-05,5.31751109302927e-05,0.0002478791288155,1.56291299489054e-05,4.70968278704021e-05,0.000111141609914
b3519,treF,treF,0.0011774953358611,0.0003633524441542,0.0003516967165747,0.0004932108591116,,0.0001743163224651,,0.000181348035651,,1.36322776344144e-05,0.0002092313398376
b3522,yhjD,yhjD,0.0015835408779906,0.0033809088934051,0.0022334547019999,0.0016718952067928,0.0024008738419322,0.0022264081557878,0.0027403390418807,0.0030276846513221,0.003735640511234,0.0012995243038532,0.0011633967436617
b3523,yhjE,yhjE,0.0365998101300779,0.0071676328694193,0.0398127614934252,0.0349937281741051,0.0222877482126296,0.0283580086292235,0.0268545790289603,0.0152512232921664,0.0512503943879658,0.0083341262514317,0.0143230128844955
b3524,yhjG,yhjG,0.0019834569457671,0.0036405797942151,0.0037228911191625,0.0025250593652007,0.0023662979550581,0.0026531634974554,0.0040431443165771,0.0067173752331903,0.0023659715158118,0.0033730239967715,0.0029421105408564
b3526,kdgK,kdgK,0.0307927906298204,0.0545293892226265,0.0289163953945827,0.0269594995010341,0.0325753182976409,0.0158069806437048,0.0208783438632527,0.0211438441433766,0.0254424336367986,0.0308568168712677,0.0286384091122043
b3527,yhjJ,yhjJ,0.0107272157595211,0.0177489615570552,0.0072226218292598,0.0075934571257054,0.0070009228682897,0.0042422118657322,0.0066008013709402,0.0099486789921967,0.0072741032815216,0.0060171792638327,0.0130435323328478
b3529,pdeK,yhjK,0.0003714463221458,0.0005069626979999,0.0006296389421492,0.0003840847467323,7.98836415973636e-05,0.0005836787713482,0.0005008880440688,0.0005881842136944,0.0003490122074563,0.000479951929912,0.0006569450222862
b3538,bcsG,bcsG,0.0043580873995597,0.003900458131154,0.0073932355512355,0.0074863525071053,0.0052793754777802,0.005402864955568,0.0054064892198657,0.0024901885360387,0.0070620241041016,0.0039042400910661,0.0060007976214287
b3546,eptB,eptB,9.03881348085394e-05,0.0002676002436127,0.0005970038274964,0.0006678031442074,0.0003300573699182,0.0004892245994913,0.0011689660920438,0.0007771604291116,0.0003302678519924,0.0003447874639095,0.0014312712493603
b3552,yiaD,yiaD,0.0126704196062588,0.0778952949114906,0.0028175335393076,0.0058532456070303,0.0124996182672844,0.0050042886948492,0.0050130696101721,0.0023683256910715,0.0086150907874479,0.0021979866595124,0.0079457457313751
b3553,ghrB,ghrB,0.104953311857754,0.0756795309744309,0.0710977017094137,0.0678379178962374,0.116687523108439,0.0666766177990404,0.0895483752580105,0.0616447290271558,0.0984230438020111,0.0500256868904953,0.0819014096089707
b3554,yiaF,yiaF,0.0729540847219244,0.130013502759231,0.0536532202916556,0.0526234229344999,0.0619167414723791,0.0525771093077573,0.0524319984491295,0.0430113150916474,0.0590360184182525,0.0465246417063173,0.0501225836988247
b3567,xylG,xylG,8.70390297772552e-05,0.0002589738364921,0.0002236749555286,0.0001393645365499,0.0049174547716082,5.27607896424155e-05,3.86317753023727e-05,5.73281307123531e-05,3.87386925477703e-05,0.0001949415095058,7.23773765224401e-05
b3568,xylH,xylH,4.34120495340389e-06,1.46880500822737e-06,8.75826648597382e-07,0.0002599229966701,0.0071147400518031,0.001343076774217,0.0004669520897532,7.84451681617573e-05,0.0009076772873748,7.58318857432192e-07,7.70388580941114e-05
b3574,plaR,yiaJ,0.004680671967304,0.002619091456231,0.0037166297612689,0.0036032196142702,0.0043130985620161,0.0028501060637189,0.0036975472784154,0.002307073981611,0.0036310725613702,0.003554430971987,0.0024932223602052
b3579,yiaO,yiaO,0.0005692093433845,0.0005157941827215,0.0002199802167462,0.0003560749571198,,0.0005382944841561,,9.79563546021472e-05,,0.0002152385588239,0.001563880683302
b3581,sgbH,sgbH,0.001781595450823,0.0008716687649853,0.0026378434740899,0.0008714400676665,,0.0012142473702066,,0.0010281685832794,,0.0020033039114213,0.0017028554683285
b3588,aldB,aldB,0.0549778741827696,0.0681181122869477,0.107263236118673,0.098507439776896,0.0555173820450114,0.110274146578873,0.132016916566622,0.273813111563409,0.042520725829997,0.159829279560368,0.126903689624376
b3610,grxC,grxC,0.064541390641089,0.126931652012752,0.0872478631177224,0.0933749234854634,0.0983788778500467,0.0691385537806879,0.0726010412140852,0.118804819639145,0.0841083852717492,0.0712130220333119,0.080570753245049
b3611,yibN,yibN,0.0354750044683147,0.0897688451148617,0.047061537010011,0.0397773466806014,0.0411196128294082,0.0332855530962275,0.0324665932636582,0.0320349703080088,0.0445090926296899,0.0224978469399966,0.0369281966866996
b3612,gpmM,gpmI,0.24756772620805,0.192407584637868,0.186519508661696,0.154440233708211,0.229905147374824,0.0600392965968054,0.101319551933777,0.0879788096780535,0.339815235886033,0.0428772203304924,0.055312568676985
b3613,envC,envC,0.004384792588494,0.0046078998230986,0.0035262123601183,0.0031450068293237,0.00390092738899,0.005505274165356,0.0047723117083735,0.0077094947155265,0.004107932121105,0.0027112952643294,0.0034549845658281
b3614,yibQ,yibQ,0.0073690128106378,0.004481270934484,0.0086718089407452,0.0032160055344736,,0.0028135855334054,,0.0015795187208611,,0.0038776655992403,0.0006604384555289
b1098,tmk,tmk,0.0080260918545653,0.0106713095422817,0.005565677364552,0.0043490204987442,0.0048875173628265,0.0027484198402109,0.0035164771984162,0.0019311011663768,0.0030125097784951,0.0036046933646485,0.0049035201137656
b1100,ycfH,ycfH,0.0021298943150276,0.0042228596622734,0.0014959338587242,0.0013674907673646,0.0025680848049492,0.0012576401197963,0.0013907860975632,0.0008529182115867,0.0018180290937187,0.0016327765290879,0.0013568820823645
b1291,sapD,sapD,0.0014607228811383,0.0014685560504749,0.0004238358022736,0.0006131215328573,,0.0004383150738316,,0.000170038438201,,0.0001198831635041,0.000442790461118
b1290,sapF,sapF,0.0015147398969753,0.0032109649716916,0.0012865904116931,0.0014504953240606,,0.0007463850368382,,0.0006709826889948,,0.0006216004257269,0.0001025403300279
b2561,yfhH,yfhH,0.0022454935698977,0.0033739019279488,0.0024599771480103,0.0005788000206533,,0.0018509275921887,,0.0010296646390488,,0.001494665689509,0.0006842533486382
b4403,yjtD,lasT,0.0029227851095227,0.0041751129083869,0.0027558070780609,0.0021933310416688,0.0025997594424806,0.0016051179852158,0.0024080659280776,0.0017458408108003,0.0021547309459436,0.0010616286396048,0.0010980510015516
b2523,pepB,pepB,0.241655664842448,0.298075109755404,0.247275258522555,0.265342114098053,0.243033742072026,0.256420068051888,0.313125225115635,0.197346348351182,0.260408308202055,0.204746483016198,0.207796992074589
b2524,iscX,iscX,0.0333749174634767,0.058329126207778,0.0314035811525382,0.0188916494461648,,0.0202069815164824,,0.0170357158302405,,0.0209044580998078,0.0179062306235583
b0103,coaE,coaE,0.0026781355387897,0.0023564248830396,0.0017181919380347,0.0015379009564864,0.0019736056698018,0.0013190811496319,0.0015539817371655,0.0012714170110552,0.0017933067308707,0.0024124960571216,0.0024163016400585
b0102,zapD,yacF,0.0138040666757544,0.0259825708319961,0.0118286181941284,0.0126161729116059,0.0186777324338881,0.0136835503456628,0.012459270108847,0.0134742346237164,0.0181185711877604,0.0086112356254677,0.0097757587674669
b0101,yacG,yacG,0.0011440335507684,0.0030798281310833,0.0012738494367496,0.0010118755531961,0.0004482488344065,0.000258858057616,0.0002777276142757,0.0001034663087768,3.94905708830445e-05,0.0006272770799039,0.0010469929833622
b0118,acnB,acnB,1.17828339569653,2.57508596894043,2.13344536214338,1.67417419161802,1.03896347915304,3.0323130339958,2.56224144827197,1.9973235545529,1.36239400516288,3.54374544640258,2.54336227913124
b0123,cueO,cueO,0.0970018869085212,0.0397404734979836,0.048907976068168,0.0933668294773576,0.0578036756647112,0.0752895541158561,0.0757709759669331,0.0681840968331497,0.0616491914812876,0.060926510261492,0.0730894432440938
b0126,can,can,0.15157100413571,0.0965084423120686,0.105673797355692,0.106776024927566,0.143357562915002,0.0960328511062169,0.101971949912879,0.0876084286562427,0.137326377113507,0.0883954433094392,0.10562848056418
b0127,yadG,yadG,0.0156402606772065,0.0340804027023083,0.0071697754337666,0.0145025147765198,0.0114005486133397,0.0156198419001306,0.0123605494029264,0.0075172758842402,0.0109813882633076,0.007776370411573,0.0068604224945321
b0156,erpA,erpA,0.0723305341020163,0.0772563079834666,0.0510497763089656,0.0693714702095842,0.0627037882468379,0.0722533382503917,0.0592415025947343,0.0428951224352205,0.0777273373667157,0.0358909231225204,0.0566652281629468
b0158,btuF,btuF,0.0010331837564822,0.0012064290803147,0.0007950352643293,0.0010315004627917,,0.0004474063720289,,0.0003353133139341,,0.0003109406021762,0.0005290213509127
b0163,yaeH,yaeH,0.0427274724755263,0.0369826354803927,0.0551734456445798,0.0635199723235278,0.0611259071724305,0.0496283016692618,0.0551355944555272,0.0544183478808376,0.0523553664552918,0.0486317024756742,0.0545698225233079
b2572,rseA,rseA,0.0017659355578164,0.0024242852691424,0.0019145799804815,0.0026553016787949,0.0020322061636532,0.0020594721873371,0.0021008586429224,0.0016501878010573,0.0014892653902627,0.0011956391624783,0.0029384260197051
b4391,ettA,yjjK,0.266364123136181,0.47475567949004,0.254901328071311,0.283143965865972,0.248800512681788,0.293950798005975,0.297639682858343,0.190327039579942,0.318945461758181,0.165390013598804,0.233967671105847
b1303,pspF,pspF,0.0013470209732539,0.0010527036611224,0.0009264564010815,0.0008921560491806,0.0010700546878637,0.0011191794454142,0.0011849970924483,0.0007617657789678,0.0010460044666738,0.0007566650713137,0.0011793539549901
b1539,ydfG,ydfG,0.0854561758128832,0.0947560780295132,0.111435218058263,0.10668580689362,0.0927139575860792,0.114315758434868,0.0911907905453484,0.0795715727723935,0.0993350043752499,0.0870564906499107,0.0918663309279845
b1917,tcyN,yecC,0.0172321619671316,0.0073270695489531,0.0196899259528954,0.0153738923320661,0.0133692784570362,0.0131417653205484,0.0153482287774092,0.0130858926807014,0.0195439213508773,0.0108109804638515,0.0120145791200862
b3775,ppiC,ppiC,0.0184351675700516,0.0334885317226185,0.0147862987624109,0.0221211423966394,0.023271949693863,0.0205149594947802,0.0159036285602824,0.0207802996008542,0.0256348402901088,0.0154607527067262,0.0172840242520999
b2842,kduD,kduD,0.0023269961532261,0.0026873382950837,0.0022100948279581,0.0012934600946283,,0.0013921385786128,,0.0010324163141149,,0.001127255323935,0.0016251523920292
b2265,menF,menF,0.0002041402392286,0.0005819613812595,0.000308102097484,0.0001409982013152,0.0002226975631715,0.000218669546386,0.0001487412200738,0.0001992454037884,0.0001712837214899,0.0002498920594462,0.0002328976613761
b3355,prkB,prkB,0.0092724706998073,0.0082961753890213,0.0156791422490631,0.0156119400157639,0.0137010418875712,0.010991152530906,0.0104566501924598,0.0124073090887984,0.0137694586549624,0.0131588616419522,0.0163421949814166
b2946,rsmE,rsmE,0.0061033192025793,0.0063347339594541,0.0055442107849036,0.006324117446787,0.0073037023985371,0.0056695347450789,0.003510342687664,0.0052587737778976,0.0063972756897346,0.0033706300035597,0.005183871975727
b0575,cusA,cusA,0.0677779433180243,0.0387553728934517,0.0286779261956541,0.0860229293014188,0.0593158088057863,0.0840078990488685,0.0888612326908442,0.0474536486520106,0.146750474057685,0.0707227675238734,0.0527767024653851
b3163,nlpI,nlpI,0.0166935192992351,0.0147854624734142,0.0157349335739342,0.0133517200394658,0.013273733729882,0.0161176532605949,0.0144285584644211,0.0125278754919352,0.0131432963775981,0.01378021387556,0.0154537125729835
b2798,ygdG,ygdG,0.000118513687369,0.0002997229196055,9.39476432074583e-05,0.0001132726563156,2.17306891080191e-05,4.72584700718332e-07,4.87664961595319e-07,1.86377718755402e-05,1.26453133432236e-05,9.34036090680696e-05,0.0001248952223439
b2795,ppnN,ygdH,0.0168080267297111,0.0504942394268454,0.0184399418115234,0.0195095261753668,0.0220630504182368,0.0188505582770842,0.0176963597997377,0.0166972257083783,0.0176958133766752,0.0154349048050371,0.0136011620710816
b3362,yhfG,yhfG,0.0002686559484839,0.000322416620083,0.0003055441548932,0.0001791204902517,0.0002184521800929,0.0002499284944464,0.0003387148791881,0.001144822075069,0.0001839027332189,7.31881598920856e-05,9.20918965012156e-05
b1867,yecD,yecD,0.0006132010443131,0.0020478032254127,0.0005363648741583,0.005506308125844,0.0010973221836539,0.0011181709788083,0.001310894035209,0.0021542797469738,0.001305676127496,0.0016428106464448,0.0013023360780788
b1868,yecE,yecE,2.05571167386114e-05,4.38974506932713e-05,2.87257557390568e-05,3.46154741264124e-05,1.79256868373645e-05,1.42047878487589e-05,2.16355001610396e-05,5.88878914121616e-05,2.97902637715497e-05,2.00322459419717e-05,3.33524791863291e-05
b2676,nrdF,nrdF,0.0025824611654407,0.0027733303975563,0.001732118620053,0.0021165461164863,0.0043639379355716,0.0010783875377071,0.001388048287066,0.0013694982879198,0.0015616954254953,0.0022883104524612,0.001740804816137
b2216,rcsD,rcsD,0.0054203466006529,0.0056233370538432,0.0078491654468655,0.0060287506403778,0.008981744143526,0.0060186652031701,0.0063245207986913,0.0067235964099951,0.0088766323880495,0.0053465069455131,0.0065520451871939
b2664,glaR,csiR,0.0002336521042066,1.91872031544796e-06,7.83740930064691e-05,0.0001933705453117,,9.28489784872219e-05,,0.0001483345767173,,0.0001607925142954,6.78116222591543e-05
b2660,lhgD,lhgO,0.0007514201833406,0.001360700576212,0.0012212197170714,0.0009040771611735,0.0006004601889725,0.0005747662667684,0.0009305290914459,0.0006576085621602,0.000731912110722,0.0009999313278155,0.0012360438980715
b1705,ydiE,ydiE,7.05609386694784e-06,1.19718536995366e-05,1.72079553736674e-05,1.1977311081472e-05,0.0002331615258046,4.07005221237339e-07,6.5998030967816e-06,2.11268192434819e-05,7.04238295669888e-05,6.28146153480922e-06,8.39148069103389e-06
b1778,msrB,msrB,0.0333109345171544,0.0323516150957333,0.0479102632607889,0.0377471259168397,0.0277351203223682,0.0387875503317867,0.0333350273457187,0.0322216948704536,0.0274479407396293,0.0396198800061192,0.0441077716006506
b1198,dhaM,dhaM,0.029055111126584,0.0302393526898709,0.0195664572175388,0.0381690913588572,0.0332365846534026,0.0063775260981227,0.0117771165676749,0.0097914377298413,0.0199129641365624,0.0059298695376149,0.011077402795848
b1663,mdtK,mdtK,0.0006269974854996,0.0012938661943698,0.0011155957095865,0.0008867738498216,0.0009798909474487,0.0005824004732074,0.000490075089148,0.0002970060347625,0.0009659830841768,0.0003107866033255,0.0003792768959595
b2517,rlmN,rlmN,0.0153500428010962,0.0539711268433324,0.0120169632084647,0.0125895280354613,0.0081610888434926,0.0142317071309763,0.0112531575114238,0.0059858004014695,0.011559485852173,0.00978124713302,0.0103436554942036
b1217,chaB,chaB,0.0011644719422341,0.0003242629485585,0.0008363944041007,0.001066363679175,0.0004744875001532,0.0008019519815501,0.001167014444338,0.0020271586345721,0.0009642601424628,0.000911179370915,0.000675025369541
b1219,ychN,ychN,0.0425140316910111,0.0501880065222561,0.0345041643836988,0.0258123914018332,0.0190401071018149,0.0210075279371607,0.0280237357021086,0.0261970540322825,0.0193923938087303,0.0596255063317657,0.0433583075721462
b0828,iaaA,iaaA,0.0037123915485113,0.0026709338421395,0.0031350394476641,0.0035849564146019,0.0044705610425242,0.0036177665442009,0.002421895237516,0.0032199118526251,0.0037047088889032,0.0044129425516644,0.0041519211247634
b2468,aegA,aegA,0.0006263963492564,5.31337582471374e-05,3.63425644981977e-05,4.47231740951314e-05,,8.13533544381441e-06,,4.53959315237833e-05,,7.05756126348494e-07,6.29789239302774e-06
b2467,nudK,nudK,0.0898285341834629,0.186925710556404,0.0658490358017514,0.0774356126848392,0.0864168216169685,0.0638347491084748,0.0634475732101291,0.0436004116285983,0.090433023673151,0.0377869604510129,0.0566710176405945
b2040,rfbD,rfbD,0.0412876820679517,0.0952624008968356,0.0289548018643271,0.0311620037127288,0.0369621112814955,0.0370255416049929,0.0295580417387926,0.0175823197986721,0.0378856405893511,0.0274689864719062,0.0257951719592248
b2041,rfbB,rfbB,0.0679075478814024,0.168474962292298,0.0414843629618094,0.0467708174490945,0.0526445105867775,0.0450745655872179,0.0386762736081681,0.0216903663987891,0.0601495380953071,0.0369333281736541,0.036529261128339
b2094,gatA,gatA,0.158940289288606,0.608399540531913,0.361172549556495,0.377601011555358,0.176389093460098,0.374448762621331,0.287375799680645,0.192335255765224,0.223344475768298,0.634993298426849,0.343719575439069
b2093,gatB,gatB,0.109344775428554,0.510981909692998,0.344600974180897,0.298332474535129,0.176034304456875,0.43463798273438,0.251850307746631,0.329355329098455,0.205150387920257,0.653600584494568,0.228790105259855
b2092,gatC,gatC,0.046563105321815,0.2861569102564,0.245326529199724,0.184086105041183,0.0881599498010349,0.26010641569067,0.207408290875466,0.0919061039997042,0.164381125649701,0.19363452879426,0.22047184105338
b2091,gatD,gatD,0.007958067227099,0.0762488358188472,0.0386128149215501,0.0383480774229439,0.0219472083042028,0.0569063750909369,0.0462721497662627,0.04477263259677,0.0254646899856955,0.0673048047980294,0.0378273186645829
b2096,gatY,gatY,0.25239062461216,0.582683108365054,0.793969714642945,0.715433191841981,0.375741049470457,1.31269487291021,1.01972122404165,0.805782443969218,0.627769293077725,1.99271872136361,0.873173016744221
b0803,ybiI,ybiI,5.03553810186277e-05,6.85661002264343e-05,0.0001523731618605,6.79374411604177e-05,0.0001444187725947,3.12336730008377e-05,4.37578078250181e-07,2.1013034387874e-05,4.87678075356047e-07,5.24791514755934e-05,1.8915763877724e-05
b0802,ybiJ,ybiJ,0.0010685006934765,7.44619540953428e-05,4.16488692292626e-07,0.0004506603363094,0.0003397077018937,0.0007887880650872,0.0001762304580183,2.07769236354787e-05,0.0004635321905447,0.0001961012712774,7.93921156048602e-05
b0368,tauD,tauD,0.0001034533233075,3.37730975535383e-05,0.0001269973694841,1.29140639585371e-05,,3.90612147753362e-05,,2.27550134263332e-05,,3.86336856975157e-05,0.0001070214183753
b1212,prmC,hemK,9.33867274583434e-05,0.0020668809927693,0.0003058502598289,0.000279077945167,,0.0002450173795242,,5.35778879140915e-05,,1.61673289864169e-05,0.0004540851416329
b0763,modA,modA,0.034334129421991,0.0480226511405412,0.0323052078822352,0.0451553131722714,0.028185287500408,0.0359842653747421,0.0381168923642553,0.0368232989438326,0.038165129411468,0.0274493866498411,0.0365951194310007
b1299,puuR,puuR,0.0037004698838206,0.0049685804450385,0.006697420732136,0.0030011398922614,0.0052470879490848,0.0040179529545249,0.0071155580768802,0.0029481321299502,0.0067566716673577,0.0023307407279197,0.0026160656084412
b1269,rluB,rluB,0.006174114821433,0.0159396376742537,0.0060859117931149,0.004252213917456,0.0058082441091187,0.0042258293602557,0.0042377710701541,0.0030268220859786,0.00593570180497,0.0034691451393451,0.0032715593278578
b3055,ygiM,ygiM,0.0104499657775597,0.011049341321943,0.0045480197862123,0.0078903934672766,0.0103439923113716,0.0101887948862607,0.0099519195090968,0.0107109242234326,0.0094433331739403,0.0057076936235304,0.0134945913757671
b0176,rseP,rseP,0.0005413126701299,0.0011170861819637,0.0007521238975287,0.0006517496881094,0.0003786846211242,6.77256166811705e-06,4.66400407039742e-05,0.0001635925384968,4.6705993998151e-05,0.0003310860622571,0.0006612007243152
b4233,mpl,mpl,0.0292284531104731,0.0583484342779639,0.0205776661069155,0.0234792905219218,0.0276445635929511,0.0212009788477333,0.0205464591720998,0.0159403765973498,0.0205036721835185,0.0175853162282674,0.0224079325321375
b2959,yggL,yggL,0.0623386726153728,0.0965377775768864,0.0702189126589817,0.0607339758504774,0.0740297134725973,0.0756992206112878,0.0702933711609162,0.0757048807932874,0.0726205911710101,0.0380227110046313,0.0537489453482576
b1110,ycfJ,ycfJ,0.0016239760873008,0.0002151360753537,0.0003383575429686,0.0002112866186251,,8.89631983125278e-05,,8.32738812915665e-05,,3.02467658456103e-05,0.000448742219579
b0567,ybcH,ybcH,0.000274300871325,0.000256107056933,0.0003288242741052,0.0001780422310465,,0.0001658744278051,,0.0002144066667765,,0.0002734428812398,0.0001201666380308
b2330,prmB,prmB,0.0815630570807258,0.0812617035135209,0.0555580971643892,0.0550606851755488,0.0551870247957893,0.0356994469699982,0.0507413734370916,0.03622699236125,0.0502258869786534,0.0415906053121375,0.0665165536572746
b0481,ybaK,ybaK,0.0147101855542116,0.0215674520408425,0.0182241385175157,0.0090430811585292,0.0254223297635154,0.0142191003137328,0.015789650013364,0.0131033405214207,0.0173087735903168,0.0093501177521096,0.0083211640929158
b4088,alsB,alsB,0.0010312424337785,0.0094316689253102,0.0048143741926782,0.0021581966612796,0.0002952516411221,0.0012904458247632,0.0041457743713376,0.0021287905855158,0.0008720206592592,0.0010509411147255,0.0025445511302192
b4194,ulaB,ulaB,0.0005098436174941,0.0008569573016162,0.0004465070091306,0.0003932532956105,,0.0003369871671031,,0.0002753210674986,,0.0004939414645449,0.0001952946856884
b4208,cycA,cycA,0.0154240291532546,0.015839218495979,0.0364587225437562,0.0272896650719318,0.0266057962089678,0.0398832394049741,0.0353356443042077,0.0228584993755609,0.0277837792576456,0.0329417473930481,0.0384934113235977
b4227,ytfQ,ytfQ,0.0056478954571949,0.0216383545035644,0.029137925483152,0.019119306140089,0.010342451605732,0.0412712925928872,0.0389494579629607,0.171065636334158,0.011326942484433,0.0301536069754337,0.0244236502323554
b4485,ytfR,ytfR,3.0869412821491e-05,0.0001573058812964,3.90767344299062e-05,0.0001691793023382,6.23384168283608e-06,5.24821221467916e-05,3.07769346999773e-06,3.72043885086521e-05,4.23162770095164e-06,0.0001194691904861,6.10786334685442e-05
b3128,garD,garD,0.0008367690173922,0.0248842777435717,0.0006647421369156,0.0007961362199857,0.0006674675480726,0.0008359752540497,0.000740421034695,0.0006682987168063,0.0003651257925869,0.0009544771874041,0.0009456905811722
b4242,mgtA,mgtA,0.0107839421489468,0.0255280009636827,0.0155362503617569,0.0128443561725516,0.0111983254225606,0.0134714967323509,0.0081611181904567,0.0133528537314364,0.0109219584108617,0.0027961701715766,0.0179549290888822
b4302,sgcA,sgcA,0.0002281706651686,0.000989074994726,0.0005732535111329,0.0003256553291506,,0.0007218998953207,,0.0004268630443087,,0.0002758261588179,0.0002852064804295
b4305,sgcX,sgcX,0.0003278185706308,0.0003728469058321,0.000836246982954,0.0003526803237565,0.0001898856654012,0.0001801628483214,0.0001773629479892,0.0002393414321785,0.0003619249880262,0.0003454384412961,0.0002453042186574
b4359,opgB,mdoB,0.0109547105892788,0.0243175068631592,0.009077224581222,0.0124507567702333,0.0098303284229587,0.0142270956841894,0.0167888762334355,0.0062513159784263,0.0158571250066286,0.0077224645792795,0.0159895088854575
b4394,yjjX,yjjX,0.0125388757013282,0.0133796409810037,0.0121684515767961,0.0086253927661667,,0.0085898623788075,,0.0064712158681908,,0.0070917415457477,0.0061966333721488
b0119,yacL,yacL,0.0039417724201811,0.0058187989877291,0.0044356346062901,0.0021965491809727,,0.0023961580765374,,0.0021183831645641,,0.0029010160722332,0.0021330330684252
b1095,fabF,fabF,0.136853222528207,0.351005356177351,0.133715058988389,0.152646777684879,0.189381820783578,0.156771197825489,0.136280386230803,0.13908380040505,0.162099196139496,0.0882398015068974,0.112680752205011
b0058,rluA,rluA,0.004870874053529,0.0159001677497629,0.0031187244576791,0.0045795347051824,,0.0033788023285246,,0.0027428422178818,,0.0025818297862322,0.0023286916794767
b0995,torR,torR,4.27292939352543e-05,0.0008206579822664,0.0002972900999872,1.11775598275114e-05,,0.0002835567161112,,1.84392878762042e-05,,4.94352768112325e-05,0.0002250599804194
b0478,ybaL,ybaL,0.0085092203295311,0.0192206097076153,0.0105481768514469,0.0121092159248388,0.009878748553836,0.0082062024482429,0.0108026395499995,0.007784961735229,0.0112848997720082,0.0058203551191713,0.0081487344496199
b3555,yiaG,yiaG,7.10971757065003e-05,0.0002599468365455,0.0001385002917967,0.000103561577255,,2.60489216250591e-05,,2.28620486050464e-06,,1.68491327702892e-05,7.25591731638912e-06
b3543,dppB,dppB,0.0009325592965473,0.0003357872089694,0.00161930507653,0.0028296914746669,0.0017716456944392,0.0028397848668558,0.0026639117141469,0.0012427038891635,0.0035521168028379,0.0013110901397042,0.002548409691291
b3542,dppC,dppC,0.0026452784101705,0.0019264938240186,0.0043278990011777,0.0044271217119946,0.002951233888617,0.0059911245172386,0.0062616728672296,0.0031795455448634,0.006382265090165,0.0032254304936442,0.008113588003902
b3541,dppD,dppD,0.0217943765675586,0.0258175569569573,0.0336043143359276,0.0347891010493813,0.025166779593455,0.0395162810240371,0.033208348180872,0.0246992568722077,0.0345742606454724,0.0231559356661713,0.0392627059287163
b3540,dppF,dppF,0.0192301337266247,0.0146420740896639,0.0286551808858765,0.0358343818957604,0.0312421288928448,0.0458910549348467,0.0337750046964479,0.0250960552589569,0.0343050253705824,0.0259230068564376,0.0399340203419571
b3437,gntK,gntK,0.0005152362545981,0.0006204858399805,0.0001510510120899,0.0004100428983037,0.0019411693136414,0.0015074155737503,0.0018039924713176,0.0015429957091932,0.0017546095456802,0.0001169149301314,0.0001643064080284
b3438,gntR,gntR,0.0348730899820896,0.0587100706258723,0.0330406527266131,0.0369773931117122,0.0516284796117597,0.0317728104893172,0.031702643913261,0.0350417287675454,0.037784630272863,0.0278303407619519,0.0254718460807451
b3034,nudF,nudF,0.0054431173936767,0.0070171518767219,0.0045477242651538,0.0049033713482286,0.0041010773205222,0.0037441349545536,0.0068954764128367,0.0052109631498253,0.004791708554835,0.0041785238801495,0.0045662979977155
b3028,mdaB,mdaB,0.0162405650027587,0.0208243060668417,0.0205082356182612,0.021021987992347,0.0281939062235495,0.0191578411076509,0.0195641043275672,0.0113763878164041,0.0284805888083123,0.0160330115921982,0.0160970310664257
b3029,ygiN,ygiN,0.0116535186747333,0.0136488304119322,0.0117320754201437,0.0101322523184183,0.0141167296289514,0.0095050980240987,0.0093304934809995,0.007554823947729,0.0109674752085324,0.0109330931600786,0.0091622014813663
b0652,gltL,gltL,0.0036409856607864,0.0028924295504793,0.0044710139454324,0.004371425286588,0.0041280488230689,0.0046230985243186,0.005113358857107,0.0033797794282744,0.0050289070195918,0.0021540456237641,0.0045294673613983
b1064,grxB,grxB,0.107643475120576,0.0583615498337259,0.119526624349928,0.0806520084620639,0.109369484403419,0.106918882595218,0.115020388963774,0.112248792926091,0.096898073153265,0.0770063987407609,0.09286425266846
b0892,rarA,rarA,0.000429643820464,0.0012280243590716,0.0006556920390467,0.0003856102136406,6.43169157890747e-05,0.0004289561649121,0.0004471625164755,0.0002530505786767,0.0005887260997618,0.0004118379873973,0.0004049887154814
b1280,lapB,yciM,0.0010031071621557,0.001322467098195,0.001141165584614,0.0010795273525549,,0.0008388762486306,,0.0002587877368107,,0.0005781290836539,0.0010248398687528
b0599,hcxA,ybdH,0.0471557842893982,0.0330144961134639,0.0279079223815854,0.04263987025033,0.0223601483783532,0.0322644355528412,0.0301226565536222,0.0221907663719518,0.0407800209908658,0.029945642318399,0.0235860409781152
b1813,nudL,nudL,0.0003409521919181,0.0003262954604206,0.0001356080118576,0.0002793001079795,0.0001844105043188,0.0005317369047232,0.000622128057391,0.0001866009631871,0.0005494571055289,0.000375225533452,0.0003176354858037
b2895,fldB,fldB,0.0225383792822591,0.029665514350032,0.0124720950812047,0.008910182032371,0.0151957360797401,0.0106781282962523,0.0122548035758031,0.0048320523154489,0.0144172534142915,0.0063718925535056,0.0088358348949531
b0901,ycaK,ycaK,0.0017171648052854,0.0006284832584034,0.0009349247497647,0.0010831383427253,,7.8762521729995e-05,,0.0002444583110665,,0.0003885490834539,1.06202030290196e-05
b1003,yccJ,yccJ,0.036208491683485,0.0583279428506047,0.0469086522010569,0.0419391416691124,0.0351131872679008,0.01028011784995,0.0225348819904095,0.0312000325476102,0.0268835295779264,0.0284557319286921,0.0249865167577561
b2958,yggN,yggN,0.0074760975643734,0.0137789389553158,0.0058354575924409,0.0054337550936568,0.003229776522652,0.0046005098985661,0.004438240642367,0.0046829400744259,0.0045591078860065,0.0046539853795112,0.0064535533563948
b1962,yedJ,yedJ,7.19157811742401e-05,0.000191096895356,9.12164912366049e-05,0.0,,2.28030421247552e-05,,1.79537764850765e-05,,1.99550888159671e-05,0.0
b2687,luxS,luxS,0.221777123101309,0.170765849659085,0.205510973150731,0.22282917569006,0.254782719038126,0.174219184878779,0.213542159051239,0.199564035814666,0.246862052745998,0.170781989735798,0.181227252276778
b0173,dxr,dxr,0.0051957836285605,0.0097328096492104,0.0035464387186355,0.0041886976909482,,0.0039085076761077,,0.0012527983057739,,0.0023475256057328,0.0052009385320866
b3068,mug,mug,0.0074737680736373,0.0094611790304765,0.0055579241259983,0.0064059525806729,0.0055197242542017,0.0053014724282499,0.0044781397470852,0.0061422329340124,0.0052827381165458,0.0041570884368935,0.0052660683204945
b3089,sstT,sstT,0.0041622262080287,0.0086703276114396,0.0100645662858556,0.0067379017499514,0.0127962586770078,0.0104031133519531,0.0050756780453682,0.0074975886895108,0.0124995685679047,0.0091044919727809,0.006422664343955
b3094,exuR,exuR,0.0021868532467348,0.0046549072708771,0.00309712849283,0.0026339115569161,0.0035218782354172,0.0028175413864516,0.0031913653631934,0.0022600821352046,0.0034859862105987,0.0019961885376748,0.0021649319779309
b3149,diaA,diaA,0.010247362276179,0.0099898186866512,0.0086441826294242,0.0076608346705073,0.007443547928012,0.0046049327036925,0.0058114174626773,0.0049695027231829,0.0074402441271524,0.0067512367904215,0.0079579818214697
b3180,yhbY,yhbY,0.0050256166467943,0.0110719901718386,0.0080025882249687,0.0060397984525007,0.0046868067892741,0.0050927731576751,0.003104171103567,0.0051645717055664,0.0062642186065196,0.002638235077726,0.0048428090253411
b3193,mlaD,mlaD,0.0356275674278567,0.0620710787661227,0.0327705377327847,0.0315100046041404,0.0401640923390375,0.0364140193437819,0.0408251165875638,0.0208937497341763,0.0338991825907138,0.017067897083147,0.0325318120012323
b3195,mlaF,mlaF,0.0033056370546747,0.0043147440376564,0.0016227787313631,0.0025691448276338,0.0017939616738696,0.0021227520983456,0.0010263557442344,0.0019828926469793,0.0017607897667028,0.0017796219007595,0.0027687392567812
b2017,yefM,yefM,0.0012479256939034,0.0013631788235294,0.0008506946318153,0.0007578949738637,0.0009540376322417,0.0008561043557586,0.0009928466461691,0.0002562340155861,0.0011477302768488,0.0006610281764168,0.0009006783715318
b0643,ybeL,ybeL,0.0168439294324869,0.0205026851867491,0.0216603162763975,0.0199216301882148,0.0130949161072847,0.0198067195436746,0.0204224360378266,0.0276646136766658,0.0170124663654206,0.0144253583101916,0.0160032837165275
b0742,cpoB,ybgF,0.0648300372790392,0.0677964846336854,0.0363319083160268,0.0467639198161868,0.0145185962565507,0.0173731030312168,0.0150722736781069,0.0144056396428399,0.0238132235124303,0.0377552702320253,0.0429491599610674
b0956,matP,matP,0.0015113289733391,0.0012513898810782,0.0008701626163486,0.0020238329380018,0.0008593687800531,0.0009814199748035,0.001273529304701,0.0006849759134093,0.0014906850935521,0.001004950145422,0.0017095221650482
b1424,opgD,mdoD,0.009702082565977,0.0104080353461945,0.0071021618418974,0.0097651028215354,0.0056259985753298,0.0068218227354136,0.0071256824955166,0.0039866284472328,0.0075401493108311,0.0057929644190036,0.0089544670005287
b1853,yebK,hexR,0.001313463367662,0.0049903621331642,0.0038532848172444,0.0041314139944483,0.0026082286101536,0.0034529694875027,0.0043643422249825,0.0027102388963832,0.0037331005695203,0.001741901690817,0.0040943561216439
b1915,yecF,yecF,0.0035361281733789,0.0161553272059254,0.0026644947129703,0.0019815283845235,0.0049567681253985,0.0028064204571609,0.0030747771276782,0.0017314036925473,0.0039687059499622,0.0015521328874771,0.0016029249857919
b1426,ydcH,ydcH,1.10585460828093e-05,0.0006498116105616,2.14393938883835e-05,8.80331831837045e-05,0.0001240818551923,0.0002562889533054,0.0002716785988701,0.0003110013538333,0.0001763082199716,0.0006017356116902,7.96810344691759e-05
b1831,proQ,proQ,0.0995414589431605,0.198543559643666,0.0871071717272513,0.107769960200983,0.107688511763916,0.0925287941553941,0.0662106942484053,0.0602923502632055,0.125553756799684,0.0589955153777226,0.0790061278761517
b0376,ampH,ampH,0.0025250568827434,0.0036510814405052,0.0026830242627608,0.0016710512021189,,0.001776378910057,,0.0014164713837505,,0.0018120591356509,0.0008550086617401
b1273,yciN,yciN,0.0105660397178872,0.0326308329909207,0.014647481805928,0.0122282623342191,0.0142130464535939,0.0108186678041563,0.0100165582345989,0.0104791250749559,0.0150082009228956,0.0077951712352523,0.0095528748426711
b1322,ycjF,ycjF,0.0012564453653237,0.0022456712532267,0.0019369493976321,0.0019547370987282,0.0020811664557328,0.0019757834607589,0.0023006345135557,0.001982470980818,0.001920114830019,0.0013856887331473,0.0015164182444271
b0412,yajI,yajI,0.0062145095025003,0.0045769586717608,0.0058629816125775,0.0014684390975768,,0.0005196156710095,,0.0009995799822425,,0.0029342617280694,0.0003470481880848
b0772,ybhC,ybhC,0.105274621783451,0.118213733484826,0.0803183595760152,0.084064176132431,0.0821095354304051,0.0847766428072091,0.0709267059233193,0.0533688339011527,0.0959310298499532,0.0609106989716991,0.103984355992064
b0969,tusE,tusE,0.0099044204116564,0.0163901991613096,0.0117066086165381,0.0079599880954025,,0.0084351114917428,,0.0049841454567105,,0.0071126088629271,0.0068173788054736
b2910,zapA,zapA,0.0169610619412208,0.025715617586638,0.0140504513533676,0.013249409399333,0.0199559067289084,0.0148641699024111,0.0127494320893731,0.0127989513089314,0.0158817479378229,0.0093651841828876,0.0130072669315098
b0528,ybcJ,ybcJ,0.0049918096409474,0.0037532363388724,0.003352731931551,0.0052913661248326,0.0075533986622684,0.0047581163496863,0.0032172181906357,0.0037281146741084,0.0062407722570241,0.002914540528375,0.0042551716200577
b2988,gss,gss,0.0214745889003408,0.0119004002228694,0.0084992040841128,0.0097101595320643,0.0236242267883584,0.0069873563334179,0.0095295259801905,0.0075804240586207,0.0190962241242548,0.0079139419952162,0.0079785777246478
b3352,yheS,yheS,0.0066746130641083,0.0162911893869154,0.0071810879552595,0.005927534396489,0.0049150798116476,0.0036667541961687,0.0046777114297251,0.002319323794657,0.0061168907841669,0.0041248065672744,0.0053920818099744
b3410,feoC,feoC,6.06459091391136e-05,0.0003184512801177,0.0002546168349269,0.0001490783844588,,0.000139491512661,,1.02887921969621e-05,,4.35799423194731e-05,0.0001402876840907
b2388,glk,glk,0.0286140190512128,0.0351323619800319,0.0601417221176737,0.0561534999389588,0.0555525851414087,0.0441855223632198,0.0577104556867123,0.0641002818202432,0.0878234043419942,0.0345436477755493,0.0359016395456276
b0732,mngB,mngB,0.0003346414997077,0.0003534853040754,0.0004336054021856,7.07793612672319e-05,,0.0003685693429669,,0.0001323621684308,,0.000162630989919,0.0115204669758493
b1993,cobU,cobU,0.0009992605078685,0.0006534099832022,0.0008058543096023,0.0009243720276372,,0.0007769374044625,,0.0002958521140517,,0.0007902343209261,0.000811678427213
b3528,dctA,dctA,0.0027751713406585,0.0469530422529166,0.0094430796493443,0.007343058623878,0.0042141531074817,0.0427552579018739,0.0153840639995459,0.0183196451550505,0.0055188094504236,0.0156232235973632,0.009512126365363
b4477,dgoA,dgoA,6.85290808525315e-07,1.0518336412461e-06,6.28662247073811e-07,6.53960620813868e-07,6.7414464348268e-07,6.27159222532237e-07,6.43799471695681e-07,0.0028633434283675,7.07863777904948e-07,5.55983888302471e-07,5.95970130228384e-07
b3693,dgoK,dgoK,0.0006208599416357,0.000284289872471,0.0004687719759428,0.0003600224352462,,0.000351459697637,,0.0018324895793037,,0.000398973822942,0.0008706424659476
b2976,glcB,glcB,0.0377015315781222,0.0844232379762463,0.143400311525735,0.1023820185684,0.0582310649759176,0.120202845649306,0.156024657609277,0.171265753336386,0.0592096518651815,0.317377893586323,0.0385700167543832
b3608,gpsA,gpsA,0.0196983693215866,0.0572058346095797,0.0184276963860817,0.0181526950866135,0.0162956507435603,0.0153551907232017,0.0166814393054292,0.0108056213251665,0.0130885955451443,0.0185272627799298,0.0195016015966445
b0125,hpt,hpt,0.0428409420533069,0.0825342975539281,0.0292753863881686,0.0279959321358101,0.0313635439894658,0.0303945912997935,0.0221788095208176,0.0225428255717228,0.0391090651160072,0.0177455134715069,0.0251010505155591
b2297,pta,pta,0.147043330447671,0.342952788117061,0.158533034999992,0.134808739677809,0.192742252533977,0.145461657618794,0.146427290982168,0.11633127963969,0.187092566259968,0.112313746103589,0.449607221074628
b4323,uxuB,uxuB,0.0017337308191528,0.0162005632111516,0.0036496061329589,0.003576825380588,0.0014409282832104,0.0042091335821192,0.0078722178698824,0.0040094069148433,0.0024095908284469,0.002759335807654,0.00256615983786
b4324,uxuR,uxuR,0.0003815786463094,0.0005586755497937,0.0004440308253678,0.0004741265631842,0.0006040305139229,0.0010676485164068,0.0006198283025021,0.000651032522579,0.0013749397425191,0.0004273866630541,0.0005069535093811
b3566,xylF,xylF,0.0055726989986326,0.0087102477942135,0.0106302348566079,0.0081960898450298,0.441874317572214,0.0125280511181191,0.0164578850059249,0.023280050311457,0.0061186208695605,0.0112383692959599,0.0122003023812306
b3569,xylR,xylR,9.04160854879641e-05,0.0005854438361826,7.74712948683364e-05,6.86836115005246e-05,0.004265888877516,4.44770631753879e-05,3.36193090329894e-05,6.20735960228094e-05,2.12247530199296e-05,3.54891585036855e-05,0.0001509204924303
b2675,nrdE,nrdE,0.0019181862368786,0.0010706547834397,0.0015257302340207,0.0015890562405017,0.0053965692695146,0.0011374017228745,0.0013459344562066,0.0024203742984786,0.0017161557325982,0.0010875075160524,0.0018708247631463
b3186,rplU,rplU,0.140985205553072,0.372191109617439,0.109718580740323,0.11984044620799,0.155393693182662,0.121247315072371,0.102228874516364,0.0826516661744406,0.182759045564336,0.0570825953074453,0.0760815921037585
b3185,rpmA,rpmA,0.352193690004715,0.902259668040508,0.227770837902873,0.283836239275126,0.311118167230016,0.270761689465424,0.223942015454808,0.178693825268209,0.398726535682772,0.142323401451281,0.183036130464626
b1094,acpP,acpP,0.414118299847324,0.646990749783674,0.365426536212713,0.41295623941257,0.498903381458578,0.42500191571129,0.432827911390145,0.366982985477603,0.44141249372294,0.218434356158705,0.351618693002044
b0953,rmf,rmf,0.0012612622197619,0.0001727995796462,0.0015123193459066,0.0012878673308133,0.0009989236688734,0.0004509423139831,0.0010125663053707,0.0003695773848932,0.0012018650514549,0.00130631170094,0.0007488309209534
b0578,nfsB,nfnB,0.0595934640437353,0.0808379006392191,0.0479830050851736,0.0455571681528688,0.0435281809995361,0.0312381520734732,0.0351041919149621,0.0223145230926229,0.0392348519210802,0.028267621169466,0.0395374315675185
b2441,eutB,eutB,0.0026376392023568,0.0051885952990656,0.0031539261784126,0.0032418358813349,0.0042321953618021,0.0027477699701686,0.0033623779472054,0.0022305812004365,0.0029463904877728,0.0022774865926205,0.0022190435795884
b2440,eutC,eutC,0.0006280985983264,0.0007047723244156,0.0006309167411929,0.00100449219456,0.0012869676959487,0.0009758674369853,0.0005818834044044,0.0012898791364268,0.0021896658554981,0.0007984322963655,0.0007937609447957
b3517,gadA,gadA,0.002187503192839,0.0024806826751706,0.0013824594086784,0.0010414378984356,0.0009989729656551,0.0012383625885552,0.0009220304871977,0.0011166813788523,0.0011955247736286,0.002157231091495,0.0008377885158661
b0356,frmA,frmA,0.0359454162859895,0.0997377795399833,0.029655147804078,0.0438433161013758,0.0281397196736972,0.030621057405411,0.0556489406897942,0.027868672170644,0.0320642404628445,0.0349045061805507,0.0345938744093488
b3177,folP,folP,0.0113332188745269,0.0218051557476987,0.0096909191176397,0.0084626512343148,0.0103413248252341,0.0095824384862424,0.0067504897517673,0.0052416468547017,0.0089524796845628,0.0074468536118627,0.0077420360741621
b4565,sgcB,sgcB,0.0023801732734343,0.0083199342852308,0.0040882023480305,0.0022270742568942,,8.08207914225539e-05,,0.0010235965343914,,0.0024765629287416,6.73347588060793e-05
b4511,ybdZ,ybdZ,0.0014538336475236,0.0004477326024704,0.0009474785476797,0.0005121411918084,0.0064852007319068,0.0009019126432145,0.0002523483226091,0.0001803686504018,0.000467398817243,0.0005369129207717,0.0008237105597987
b4512,ybdD,ybdD,9.84831477413955e-06,9.15414630866735e-05,3.95737764331863e-06,0.0001240301671959,7.73716385325407e-06,1.31690462853396e-06,4.9410422896321e-07,2.28144765903856e-05,1.08779120282124e-06,3.01674386545825e-05,1.02157142688725e-05
b4518,ymdF,ymdF,0.0001606971837239,5.58683318895004e-05,0.0001058623417379,5.44685305843367e-05,,2.65364176041093e-05,,1.48909447752439e-05,,0.0001124502265308,2.22970832952864e-05
b4537,yecJ,yecJ,0.0069531801787562,0.0144484100893179,0.0058516879215266,0.0058163299430475,0.0069084340448707,0.0083048430995158,0.0073865866938859,0.0024170115024535,0.0126538637109248,0.0033782722296557,0.0057260968773956
b4546,ypeB,ypeB,0.0005581984419037,0.0010922810660177,0.0003865498045528,0.0003926120120646,0.0003528871390408,0.0003431635058652,0.0001997556546379,0.0002464694634642,0.0003124953743432,0.000302853685353,0.0001479610943601
b4551,yheV,yheV,0.0057161001639101,0.0040540584018282,0.0055611419242407,0.0036138586561032,,0.0039187005521734,,0.0028865651220476,,0.0027666765002234,0.0003895345695652
b4554,yibT,yibT,0.0085027348422893,0.0073945392497605,0.0071113858860806,0.0059010020919058,0.0029000730970129,0.0029324805831699,0.0044473941717358,0.0036762201108403,0.0032768404324574,0.0031767454543505,0.0055723964756907
b4555,yicS,yicS,5.21342916885835e-07,8.2031617461911e-07,4.8084122620397e-07,4.77807542466604e-07,5.13387950216248e-07,4.98303040480513e-07,4.91878306466048e-07,6.49474597926842e-06,5.38807954835695e-07,4.20398273162133e-07,4.52563453337911e-07
b4558,yifL,yifL,0.0327203268192654,0.0442234708626259,0.0303901381448742,0.031914291307905,0.0371264724444963,0.0284273321889234,0.0296469200242778,0.0220335881851855,0.0347990335239313,0.021478247848185,0.0354755868816877
b4523,yciX,yciX,0.0010961993363645,0.0008206539268593,0.0012553084973474,0.0007411591348336,,0.0002615170170698,,0.0006290071954347,,0.0007579699574315,0.0002836249752388
b4596,yciZ,yciZ,0.000147332057144,0.0001223080988696,0.0001956903637649,8.77211561494252e-05,,8.94477778910057e-05,,3.57318824168482e-05,,9.70175827554013e-05,0.0002654749710787
b4467,glcF,glcF,1.99386319174406e-05,0.0002188651290878,0.0003170111119898,0.0002619147522051,4.67857802098516e-07,0.0001370964996917,7.18753518777088e-05,0.0001143223623442,2.63028956585032e-05,0.0023912532043154,5.77973349925766e-07
b4606,ypfM,ypfM,7.33832198707191e-06,5.72336795335872e-06,8.13940246440914e-06,3.61433761989375e-05,,1.64123946487209e-08,,3.18401260439648e-07,,5.72743413781181e-06,1.94029703848637e-05
b2320,pdxB,pdxB,0.0505888294468075,0.054981268511102,0.045060755560743,0.0443164556434112,0.0508165975976058,0.0464214927272811,0.0399314143023654,0.0387073580436833,0.0583574652691596,0.0261453261868682,0.0426299217044158
b4411,ecnB,ecnB,0.284021017401397,0.063000884301063,0.554383161088995,0.324375654422154,0.27149587370269,0.299901985792017,0.336266694684274,0.474774454652339,0.212360950911869,0.331618866462546,0.169159678803288
b4517,gnsA,gnsA,0.0138049637591458,0.0318916851950458,0.0115391651825855,0.0109416126663652,0.0117794360461232,0.010598026450902,0.0120643769550003,0.0095905704633417,0.0124703017536302,0.0055061771936959,0.0076347777171758
b0424,yajL,yajL,0.0127330473241233,0.0153094964905421,0.0135441829022108,0.0129672410512674,0.0183554700081488,0.0124723167280283,0.0109802503827146,0.0112771118621829,0.0169186011193376,0.0110852034405577,0.0124259740746539
b1294,sapA,sapA,0.0020122900078881,0.0042743847886197,0.0019414457726266,0.0015620864583862,0.0037278369584852,0.0011877344919424,0.0017232221026914,0.0016041736530311,0.0016184079907936,0.0014676011308298,0.001904705743874
b1076,flgE,flgE,0.0027806744701845,0.0035932446646723,0.0025512631765338,0.0027039070342233,,0.0038208171967359,,0.0006782816252379,,0.0002108449193468,0.0013743431747169
b1079,flgH,flgH,1.87227041628136e-05,9.19573156982711e-05,0.0002907943827017,0.0005894602344502,4.7045234053062e-05,0.0002937342410367,0.0001302401177847,0.0004952982693762,1.40564672542685e-05,1.32496034291281e-05,0.0001357092106864
b1071,flgM,flgM,0.0002692963746895,0.0004211372638967,0.000927328619058,0.0008128177628377,0.0001123988283435,0.0008480145049405,0.0007797582948075,0.0005902914347514,0.0006106445419775,0.0001931995335885,0.0003093309396586
b3081,fadH,fadH,0.0051546282541114,0.016210244681259,0.0130744585767176,0.013560549589612,0.0074101258516308,0.0135113863578905,0.0159821665012976,0.0135850225167246,0.0091876285846026,0.022178443163492,0.0197016947643415
b4406,yaeP,yaeP,0.0179002748783192,0.0288804473817913,0.0204939761863422,0.0188082084843143,0.0187126157598504,0.0101151581933744,0.0129059912019427,0.0200402734918744,0.0149174131617504,0.0156632225576338,0.0163514746162624
b1942,fliJ,fliJ,0.0004418055495574,0.0009421521468144,0.0002677030352028,0.000279655095106,0.0002188844838675,6.20530126666565e-05,5.97046820100519e-05,6.28243062295591e-05,2.58374263146795e-05,0.0004175278295342,0.0004264633771854
b2901,bglA,bglA,0.0338684094466417,0.0445227243175222,0.0360840733643522,0.0339386865019659,0.0346845582199147,0.0264841588305194,0.0255676066185663,0.0272101924353149,0.0284397810350966,0.0253670769295814,0.036658630981738
b0459,maa,maa,0.0022610675650688,0.0170190465688694,0.0039139109438264,0.0023757522096709,0.0015500782382855,0.0054828189401084,0.0034137046225091,0.0041667697025696,0.0029107897600593,0.0023073541851868,0.0021427955934225
b1380,ldhA,ldhA,0.034286365194392,0.0375337845895537,0.0291175395536906,0.0314381722095319,0.0211132558467613,0.0139388619124398,0.0218230221520129,0.0167037933177474,0.0111207370621519,0.0221114696694718,0.0330803443298617
b0174,ispU,uppS,0.001481229356732,0.005591730038574,0.0012474853994407,0.0012274863279713,,0.0010560806175917,,0.0002145226593764,,0.0004970702039185,0.0005189643892109
b0177,bamA,bamA,0.304817366022187,0.454166740892608,0.269592645235213,0.284159213523239,0.277643734409716,0.234693226326057,0.253455994461233,0.188552909897457,0.285185664105413,0.175376482130929,0.294826892711588
b0186,ldcC,ldcC,0.0007690643736478,0.0012757875744772,0.0015696702581898,0.0008906996666494,0.0006625865123121,0.0010556562329662,0.0009936197934655,0.0010791703344549,0.0006836300296743,0.0012935010255907,0.0008817561330588
b0187,yaeR,yaeR,0.0033320575541099,0.0026641445794282,0.0037528023461661,0.0032316479569236,0.0050409956351619,0.0043585339457735,0.0052191565864265,0.0077166297203055,0.0065489106791303,0.0034541136364255,0.0023013111606473
b0188,tilS,tilS,6.34458462686498e-05,0.0003271232201206,4.49252165839473e-07,0.0004849530495886,0.0005656744922135,0.0004211175512434,0.0005410430882155,0.0002604876152774,0.0007075046356598,0.0003197047847052,0.0005192019406817
b0189,rof,rof,0.011589948173369,0.0141576209967557,0.0128513292115556,0.0109070757634541,0.0117548627678722,0.007668721062665,0.0080534454943144,0.0068510275617249,0.0113419254231296,0.0068123899776812,0.0097644817264504
b0190,yaeQ,yaeQ,6.6926055375829e-05,0.0002355617640375,2.68120814523877e-05,6.44129996490437e-05,3.67460981293337e-05,1.69364430268836e-05,6.15850913789696e-05,2.51013891271087e-05,5.74935173688992e-05,4.2918730865566e-05,6.58931941509891e-05
b0212,gloB,gloB,0.0133088671330311,0.0131230567073683,0.0115645031286826,0.0129545647509785,0.009716244323411,0.013536570846381,0.0183312513352946,0.0115752871292499,0.0097518311601576,0.0169130582055026,0.0111574566934569
b0219,yafV,yafV,0.0104937386047694,0.0038609323314153,0.0040032597626313,0.0041678543487393,,0.0029245741665115,,0.0022590953220055,,0.0054695441276682,0.0027393751704206
b0220,ivy,ivy,0.0476687933613727,0.0329943736803966,0.0396455546761255,0.0300497868121609,0.0742826432184369,0.029255566628068,0.0324779715982043,0.0335307942264801,0.0260238759749512,0.0388111083016117,0.0372742514213874
b0221,fadE,fadE,0.0127964341159577,0.0280015376911745,0.0322770591078852,0.0174992108338869,0.0177023236233328,0.0208887531763026,0.0427666200872575,0.0164959084999036,0.0291642400517395,0.0460343523172073,0.0596917341774606
b0222,gmhA,gmhA,0.116313157950786,0.163079169327556,0.136270907018284,0.136811461086203,0.134687222015341,0.131520091022096,0.153536783559027,0.110271577219805,0.129958404820934,0.112422459542955,0.160468829303425
b0223,yafJ,yafJ,0.0028075236885928,0.0022582683818654,0.003255610796428,0.0026757475458048,0.0041287620118184,0.0021272464931805,0.0028368331043286,0.0032230835162044,0.0029654668351399,0.002558291058258,0.002414652780499
b0224,dpaA,yafK,0.0037357578140235,0.0006939449342366,0.0018934312051811,0.0023631560646786,0.004257295617509,0.0022329415427051,0.0029998386461032,0.0014041127443834,0.003658662112028,0.0010209826829309,0.0022400029156884
b0226,dinJ,dinJ,0.0040428936474824,0.0053556041117126,0.0027150115830664,0.0021576011655719,0.0027869976575327,0.0019763836439628,0.0024380620451257,0.0022436839099701,0.0027630402302626,0.0030518095622306,0.0021819594691857
b0232,yafN,yafN,0.000325749853275,0.0002994222022267,0.0002288856901593,0.0001038143255644,,0.0001363308913646,,5.44747897701035e-05,,0.0001410591168817,0.0001432803144184
b0259,insH1,insH,0.0036663304114284,0.0079258794736742,0.004657690206957,0.0025699390042526,,0.0036907271698841,,0.0012503674991235,,0.0018571319907907,0.0034207620750838
b0261,mmuM,mmuM,0.0083820286705635,0.0025143192816313,0.0046554732625235,0.0049489090811167,0.0051067596038912,0.003440239234858,0.0051391084846566,0.0054478740962743,0.0059257558812491,0.0048213779859844,0.0046059819196175
b0268,yagE,yagE,0.0023135695668244,0.0407509682831896,0.0042547038434633,0.0072909978353429,0.0029082307142786,0.0051235850676459,0.0117173062747583,0.0059112671899121,0.0044763014869045,0.0053523631784863,0.0044024666557681
b0271,yagH,yagH,0.0024874100212385,0.0034040879945537,0.0031742015493165,0.0025020348486857,0.0304243770539105,0.0018431726911292,0.0018244164203758,0.0014228104037029,0.0021084159109924,0.0012565695702756,0.0026373838378012
b0272,xynR,yagI,0.0017055902538476,0.0002697145671617,0.0010586602750371,0.0014278028437163,,0.0008253524483806,,0.0008206822244727,,0.0005922897113744,0.0005275610473267
b0281,intF,intF,5.64440150096034e-07,0.0003711683314086,0.0002128900770132,0.0001751081469615,1.51782969765604e-05,5.16625751221415e-07,5.3104759414794e-07,4.4142112436277e-07,5.97138804385668e-07,4.56993223893522e-07,0.0001111095176218
b0287,yagU,yagU,0.024780496959256,0.0591823701153796,0.0384555941903624,0.0145376002403043,0.0229033210845245,0.0124809810223891,0.0106340806946347,0.0099455897426059,0.0137695650633309,0.0111867605967522,0.0106151156628347
b0304,rclA,ykgC,0.0014513631001795,0.0024348600046839,0.0062657416067621,0.0014023583283008,0.0021270707207856,0.0020579170052355,0.0019492076608617,0.0044551841816668,0.0016758232590466,0.0016645641955989,0.0011012549778604
b0306,ykgE,ykgE,5.14512283502743e-07,0.0021928368687986,2.8459797224616e-05,2.0438772714934e-05,5.0416491444214e-07,4.63781346352611e-07,4.70375201749665e-07,3.93559651904565e-07,5.28975578333826e-07,4.09667692012198e-07,0.0003242453084808
b0308,ykgG,ykgG,0.0001033013499122,0.0028540567614369,5.46732816609593e-05,5.34148644053008e-05,1.5412184920119e-06,3.74529262754215e-05,1.98462521230367e-05,1.9545017472959e-05,1.5878273140919e-05,8.02824487971547e-05,0.0003927676617417
b0321,yahG,yahG,8.53996068567273e-05,9.54358949034611e-05,4.24678017914028e-05,0.000132341730009,,4.60725527421425e-05,,1.91094785491535e-05,,3.52507911762658e-05,6.28675483749493e-05
b0324,yahJ,yahJ,0.0001837277067864,0.0006491537320227,0.0004197150352801,0.0007509114480761,0.0009895195501359,0.0008299467088048,0.0011088820179526,0.0011553353327694,0.0007225806563689,0.0006997313802307,0.0006378027819043
b0325,yahK,yahK,0.0928415829405411,0.0552370298659924,0.12711626828968,0.111073420490161,0.0951956848108337,0.107554205975984,0.106832202353481,0.165044682857543,0.0776398339692558,0.175434817004131,0.078651466891577
b0329,yahO,yahO,0.0660413485587598,0.0308956007030517,0.190201840782016,0.117382502644587,0.0360147945336114,0.104122582509475,0.124007580755839,0.245709600688574,0.0614290443955973,0.112312436585393,0.067443019493548
b0331,prpB,prpB,0.0012148681788623,0.001923864966223,0.0155980787013306,0.000600251082132,0.0031307489659827,0.0059018284313931,0.0044687679362988,0.0454842948748579,0.0021187654173597,0.0013480044987433,0.0011227822267198
b0333,prpC,prpC,0.0336090245841619,0.0198718787665452,0.0296805260568509,0.0214965075452614,0.0321648857021064,0.0196827925629364,0.0236213471087189,0.0747036219625927,0.0268035973842924,0.0111732250307139,0.0141592478046872
b0334,prpD,prpD,0.0083588006852426,0.0162188527167208,0.0215071110207304,0.0063865259509733,0.0127763054454149,0.0152977047294072,0.0132265608131661,0.0793600955317945,0.0130380511798852,0.0107393565312116,0.0081087455580706
b0346,mhpR,mhpR,0.0005915622832667,0.0066438599159168,0.0025925572782628,0.001323088983797,0.0015594555787864,0.005091539376148,0.0064570495896332,0.0037850246314868,0.0023736921385645,0.0045794611461672,0.0030646802702344
b0352,mhpE,mhpE,0.0007814870632587,0.0008689122654483,0.0002980667564059,0.0005508422244778,0.0007839985967855,0.0006572987508036,0.0009294262004521,0.0004797713570823,0.0008961411145396,0.0006093274667823,0.0003282720792088
b0354,yaiL,yaiL,0.0029010629984609,0.0052301378736854,0.003022997351365,0.0017334739592464,0.0014409379776976,0.0024022877217929,0.0018530373579538,0.0012983505832603,0.0027334886581363,0.0018178199928834,0.0013933849744459
b0355,frmB,frmB,0.0027081542612176,0.0122193834552093,0.0022744153911064,0.0023133523078724,,0.0016460076434252,,0.0009263720326442,,0.0020593066024485,0.0005112505550039
b0357,frmR,frmR,0.0062454288746394,0.009465635263179,0.005902824400284,0.0063835831491016,0.0053035425560516,0.0047743512576849,0.0047190057247822,0.0041818240892785,0.0049049815263255,0.0033010807341604,0.0045360998616987
b0360,insC1,insC,0.0007514442559214,0.0006624159724246,0.0008007088053889,0.000297131722191,,0.0004474233563812,,0.0002023891525989,,0.0003790723101628,0.0006452451409144
b0365,tauA,tauA,0.0002940778307474,9.61933875799433e-05,0.0002842801751155,0.0003575181922152,0.0002959086163727,0.0002184137439387,0.0001957161337171,0.0001860320286255,0.0003852392621931,0.0001767324324097,0.0003775533207638
b0378,yaiW,yaiW,4.48636574532155e-05,4.37039851321021e-05,0.0001043950971128,0.0002042363270525,3.87131924563331e-05,1.94013170847228e-05,6.82697244310152e-06,3.91231006909258e-05,6.2646752824968e-07,1.56406737561324e-05,5.78985318565397e-05
b0387,yaiI,yaiI,0.0013765991749719,0.0015174721820989,0.0008684242788767,0.0009613854270826,0.0009249540535538,0.0004292935582464,0.0004772653893345,0.0002335334281876,0.0006766337221887,0.000672114426147,0.0007701420295821
b0417,thiL,thiL,0.0059668406202883,0.0099731627203314,0.0045567478467113,0.0047606287292477,0.0046684968723309,0.0035242295810593,0.0040711506675593,0.0039107392885403,0.0030399211763475,0.0045261602196991,0.0047499961672383
b0419,yajO,yajO,0.0280682998294104,0.0215492075564346,0.0351967259711034,0.0348569351792368,0.0245942650399826,0.0257288783406281,0.0365960851948065,0.0377297654465512,0.0255779218336447,0.0330330084659657,0.0253646567582323
b0420,dxs,dxs,0.0334771999339107,0.0782060517397238,0.0355068588831901,0.0340095989230688,0.0245238915130274,0.0357746222608905,0.0327205004196503,0.0250808374604136,0.0333363811807421,0.023595692413603,0.034506609734658
b0423,thiI,thiI,0.018013694964541,0.048998033343311,0.0142618048692635,0.0107873006333189,0.0178364245378926,0.0129452530033125,0.0134759339076719,0.0073896068970921,0.0245448795346972,0.0075777148132661,0.0094897019403112
b0425,panE,panE,0.0014189707162992,0.0035324188854954,0.0010889902685862,0.0034264383603756,,0.0012201407735613,,0.0002993677025277,,0.0006690843100985,0.0006224077499566
b0426,yajQ,yajQ,0.305861438981826,0.325378850750836,0.267227272006964,0.235175677635498,0.272518373976395,0.205372228196065,0.220419942577432,0.219022769372859,0.264545995675235,0.193316045622294,0.243595385283287
b0441,ppiD,ppiD,0.119484274333947,0.189706657873143,0.139758171818065,0.151819044720116,0.192270871804772,0.15799105771348,0.173631803594168,0.163074200592853,0.179490836450052,0.0919755997713032,0.116544094920459
b0442,ybaV,ybaV,0.0008646042720032,0.0004299434775458,0.000493706767202,0.0002995122701547,,0.0007861221262275,,0.0001677880596198,,0.000212639903594,1.36665122084728e-05
b0443,fadM,fadM,0.0003155628022719,0.0003910018064862,0.0015834934030167,0.0017367611099447,0.0003206919742756,0.0020167039774949,0.001769325892066,0.0026044510679982,0.0005753010544233,0.00325458450638,0.0013476191232477
b0444,queC,queC,0.0129672781229893,0.0233275965187047,0.0094306893839894,0.0096255465026909,0.0099452267814593,0.0072360309504024,0.008159972009254,0.0056054150099795,0.0087166352379371,0.0081625626225541,0.0121950078687409
b0453,ybaY,ybaY,0.149060057163538,0.0613354903759328,0.157827960198319,0.0963967717471568,0.113365776030031,0.101790085152781,0.126406994510799,0.188134070415817,0.103297789459967,0.152550557264779,0.0726773837915842
b0458,ylaC,ylaC,0.0043897351821699,0.0463673985365936,0.0088243421130028,0.001979319373468,0.0019978873539107,0.0025160080827908,0.0019293781675997,0.0019415326438207,0.0022014511908352,0.0015958585568831,0.0020086334650694
b0465,mscK,kefA,0.0013899247562694,0.0033120534796004,0.0012086892332421,0.0008577532665531,0.0014887662943896,0.0006835078050657,0.0010263512847584,0.0004733804128298,0.0019665323052171,0.0006895535286578,0.0012299070681326
b0483,ybaQ,ybaQ,0.0008779711883055,0.0003248954701812,0.0009343209983368,0.0008785147530831,0.0009404176166897,0.0007378541380408,0.0009690052384495,0.0006752309994133,0.0010974488732618,0.000160961241807,0.0006426047979301
b0484,copA,copA,0.403699571136491,0.0922112323992145,0.333735925363,0.579839772097124,0.478359631825843,0.570446899772191,0.57489432990708,0.449465824703445,0.515351943574563,0.540493516238972,0.602282906214615
b0485,glsA,glsA,0.0030126120071185,0.0025670099918131,0.002455447551305,0.0012160606228712,0.0047070610296177,0.0029771646358745,0.002149871381225,0.0016971011211404,0.0032001810957321,0.019285400271873,0.0009347699099279
b0487,cueR,cueR,0.001231182742765,0.0026029981612755,0.0013197980742163,0.0011753766502825,0.0007884827126439,0.0013071002207146,0.0015505252550399,0.0014859045211549,0.0005348668087175,0.0013324033314819,0.0009308935971779
b0489,qmcA,qmcA,0.0005191539018214,0.0015770887131038,0.0020617262607739,0.0009867683581596,0.0007402020199987,0.0014263973746813,0.001321440637334,0.0009567833808096,0.0009724734697703,0.0008008823843643,0.0005637547545301
b0490,fetA,ybbL,0.0029471803773233,0.0068325111641028,0.0018502510835222,0.001545235392629,0.0019111844711555,0.0014141207878608,0.0015328180770693,0.0010294083905683,0.0013540812662805,0.0021379723567613,0.0016381290939048
b0492,cnoX,ybbN,0.141940824553731,0.226173560963438,0.100712291277149,0.119380625905939,0.112894259140669,0.0934538466720599,0.109019750521861,0.0696726779530873,0.104855512931679,0.0803856647747667,0.0964048726156016
b0493,ybbO,ybbO,0.0019212335310168,0.0030506867532775,0.0020939128758024,0.0017494652950963,0.0021409213697876,0.0017026968462574,0.0018080204175258,0.0015756044449777,0.0022061363648635,0.0007495046456224,0.0022663020786643
b0496,ybbP,ybbP,0.001567634725801,0.0028538927697859,0.0020121857662022,0.0026670933884754,0.000864900555937,0.000492484108939,0.0013436176204063,0.0012222088889691,0.0013657002246056,0.0020226275234252,0.0039963323289773
b0506,allR,allR,0.0099760192032694,0.0086655377947115,0.0077046700533176,0.0074537667967584,0.0125077978751626,0.0074436819101801,0.0062342912265971,0.0060882581109618,0.0093882053735974,0.0054916825679911,0.0057313095015318
b0508,hyi,hyi,0.0002736184190268,1.04609405019539e-05,0.000159243107967,6.09679874466049e-06,,2.84273785766236e-06,,1.86721429949876e-06,,6.5443511412028e-06,7.04386217616653e-06
b0515,allE,ylbA,0.0012004201852816,0.0020771366963635,0.0010827821013958,0.0012286633153146,0.0006078418930601,0.0020422262363223,0.0006114211910403,0.0013491232029338,0.0014034068327728,0.0024284674515525,0.0020816741301766
b0516,allC,allC,9.02487839008004e-06,1.73666091223489e-07,3.53857706036165e-05,4.58321856190808e-05,,2.31881203642077e-05,,0.0001196947195952,,6.38080828172831e-05,0.0001120424659344
b0545,ybcL,ybcL,0.0003145137418838,0.0001997993015108,0.0006335863188858,0.0005199630434079,,0.0012918935983383,,0.001426722186614,,0.0010427397015428,0.0005636263429524
b0557,borD,borD,0.0436913593371263,0.122993776568707,0.0347574552705125,0.0379394833763975,0.0074112929665287,0.0071041271196444,0.0040789635733537,0.0043455618584026,0.011162121076948,0.0123353116993985,0.0365373287076834
b0570,cusS,cusS,0.0193695956076433,0.0154668433009766,0.0107748166778963,0.0223020633448075,0.0165949148308256,0.0225570799952107,0.0196780095619793,0.0212825459816757,0.0246356166902,0.0234485629588407,0.0234048511609732
b0571,cusR,cusR,0.0391083275993112,0.002248378093794,0.0129819750414161,0.0445929776630106,0.0212859436536307,0.0366127735985205,0.0399723948411503,0.0459495374725111,0.0413031156851368,0.0373154250996586,0.0313335424221466
b0572,cusC,cusC,0.122963231702857,0.0504336727513219,0.0388901165965979,0.152976965419124,0.104401521584412,0.132900574319092,0.112246581999812,0.116556460515393,0.152390584624799,0.099036821409864,0.0818945383748651
b0573,cusF,cusF,0.599201252540324,0.031427556858586,0.103906008516985,0.796188302443975,0.2078852224157,0.577686847141489,0.636284502693197,0.314251607651165,0.706274011388211,0.429149921098581,0.391776896993134
b0574,cusB,cusB,0.171476771371813,0.0283128856311251,0.0453130557787324,0.239738812777061,0.125272782985171,0.199215723644874,0.175738206544412,0.140845201403265,0.280888182995079,0.141354163632199,0.0977694985003672
b0577,ybdG,mscM,0.0029417955144425,0.0048307281101098,0.0057849993002626,0.0031028858700088,0.0025202871997414,0.0020147062285641,0.0023846132590434,0.0034705183378384,0.0027211695867395,0.0031885626614316,0.0051666107902174
b0579,ybdF,ybdF,0.004113113386607,0.0012391633354738,0.0011282878615288,0.0012000234744357,,0.0007618794526198,,0.0005907283614298,,0.001101970455787,0.0003584519786805
b0581,ybdK,ybdK,0.0036796358756388,0.003038367240393,0.0053678052266419,0.0057439156657707,0.005161645367389,0.0050566592799727,0.0080297578298906,0.0082085978661884,0.0066605859925839,0.0058472704463938,0.0032545188289197
b0600,ybdL,ybdL,0.0040122391990803,0.0018560545416826,0.0025942591597392,0.0038509161515288,0.003541421728794,0.0038366348399843,0.0036237052749678,0.0031613256577861,0.0046741823580433,0.0023892819712071,0.0024961454487891
b0604,dsbG,dsbG,0.0059426034928855,0.0092500188176681,0.0052082536526081,0.0055530224751244,0.0056729022783899,0.0052871391667792,0.0054686163225063,0.0040590531385482,0.0068955816561484,0.0028918329873919,0.0039484688511823
b0607,uspG,uspG,0.0310021577065302,0.0851480175257553,0.0518292119115321,0.0287346855791973,0.0284336314972999,0.0267389089626932,0.0287579107938084,0.0206103535209416,0.0234819098763167,0.0357065414070506,0.0283005081300166
b0608,ybdR,ybdR,0.001381868800803,0.0016843216769467,0.0009932488916267,0.000723690986478,,0.0004088200691861,,0.0004534425782694,,0.0007713964665753,0.0005952996882135
b0610,rnk,rnk,0.0107602167796863,0.037632876442098,0.0203258315814802,0.0141528321714441,0.0087020364752162,0.014334966779554,0.0136275663231979,0.0087845819380094,0.0102441163267662,0.0242833814312328,0.0121038742618462
b0620,dpiA,dpiA,0.0003377386982075,3.31943366154881e-05,0.0002585804237876,9.8485048037789e-05,,7.82959207647229e-05,,0.0001393208919727,,0.0001677861487591,3.67368914230651e-05
b0639,nadD,nadD,0.0016272312274232,0.0027215310667595,0.0009554871070821,0.0010834857349264,0.0020700813276268,0.0012344931363913,0.0014038001501769,0.0012021203946296,0.0019621743958877,0.0010006699758476,0.0008757045145099
b0651,rihA,rihA,0.0080473578529538,0.0668435515110202,0.0162572043496348,0.0150295993763614,0.0070202897035558,0.0173293635859648,0.0153952815568758,0.0080568155096754,0.0134403578142464,0.0121622672231614,0.0125908259097933
b0655,gltI,gltI,0.273617649986817,0.203122340531019,0.306965073760041,0.328163550606599,0.212165321595998,0.287007689030595,0.333545193102024,0.29278838493607,0.252444931325599,0.253702964334587,0.317915743260631
b0658,ybeX,corC,0.0118677890057384,0.0200455724535921,0.0158153030430983,0.018291114090028,0.0212245250111643,0.0171913474707722,0.0141007725004574,0.0185642162985676,0.0198172670755973,0.0192698578277008,0.0179392521818141
b0659,ybeY,ybeY,0.0004077395650718,0.0010313955589401,0.0027910086915998,0.0001582427283368,0.0122810361545129,0.0080338562682959,0.0093516081617462,0.0109262295947857,0.0094834375146476,0.0005740437747964,0.0004879999206908
b0660,ybeZ,ybeZ,0.0475344575418131,0.0941004290752001,0.0344645951062486,0.0431661309953228,0.045831662132159,0.0352791669106713,0.0356089792610762,0.0321527349380519,0.0446667087586499,0.0316255365718246,0.0329957000068432
b0661,miaB,miaB,0.0860883894854743,0.206092409818071,0.0456376735856688,0.0537914644535224,0.0380193432906368,0.0578024185054576,0.0430731337366104,0.0306685708112049,0.0609165268795936,0.0279529982584489,0.0421253228029522
b0662,ubiF,ubiF,0.0022112149238877,0.003249336327366,0.0027526932800837,0.0018392395388716,0.0020223570025035,0.0020468288370344,0.0020303913614525,0.0020534216245803,0.0021625412433478,0.0017139124875078,0.0013454624769298
b0710,ybgI,ybgI,0.192994067450374,0.19144789746061,0.188279375723832,0.230734910779696,0.215488231491069,0.212122355610606,0.216828835749738,0.215560005989757,0.22206604460463,0.200127393584203,0.191480722507554
b0711,pxpB,ybgJ,0.0051908461809104,0.0069201055567787,0.0047903797992558,0.00498976693542,0.0055664997717683,0.0039151200357707,0.0050382125948732,0.0032324892600103,0.0053232063133508,0.0048487747584333,0.0051817498128367
b0712,pxpC,ybgK,0.0005880621773184,0.0008321539362118,0.0009958527485704,0.0012827493582701,0.0010791016225437,0.0009110639421567,0.0009073899616583,0.001036885328251,0.0010542895663948,0.0003394030282556,0.0010052363317922
b0713,pxpA,ybgL,2.115341528834e-05,0.0003608312573153,0.0001625261453363,0.000311578300385,0.0003195118265844,0.0001791045751001,6.7157723014256e-05,7.50771369414573e-05,0.0001084014066359,0.000512451237473,0.0001828112096394
b0714,nei,nei,5.54560643721687e-07,8.4641001543912e-07,4.98867511705028e-07,7.57834477367491e-06,0.0003228382511399,3.76863802340807e-05,2.53590029831977e-06,3.70330743604029e-05,0.0002224350622037,1.82920269283313e-06,4.76392130672073e-07
b0753,ybgS,ybgS,0.0072105314491387,0.0137884645902958,0.0072174801390872,0.0050722032666773,0.0088117620857016,0.0058476754238176,0.0066410918113099,0.008898324823621,0.0038425772949062,0.0064242404165256,0.0040553642910339
b0761,modE,modE,0.0063299897532913,0.0145426744416665,0.0056606391855725,0.0044566820937996,0.0049892680517744,0.0029134356564672,0.0031601675339877,0.0034972867705395,0.0045757869103528,0.0041843780532764,0.004720262741475
b0767,pgl,pgl,0.108510165974959,0.132654470694353,0.132152967618565,0.201685538007309,0.181511437797914,0.147853820768168,0.158695338924427,0.280433822480537,0.149829436336236,0.176062593286881,0.106913421038349
b0780,ybhK,ybhK,0.0002165737391586,0.000396703024922,0.0002056391439821,0.000208137925915,0.0001871778214887,1.86533679832466e-05,0.0001216210480742,0.0002176084011571,4.78872343274643e-07,9.02339296528446e-05,0.000293326129638
b0786,ybhL,ybhL,0.0028062320047278,0.0044869333971994,0.0043422537674007,0.0029156136261279,0.0037186703644623,0.0022872523262579,0.0025869096944144,0.0024478933855374,0.0030835953163235,0.0017529611383793,0.0020287817564459
b0790,ybhP,ybhP,0.0004417766026428,7.65350532424495e-05,0.0003773789292672,0.0004321392818723,0.0004672732003411,0.000175993898755,0.0003229856065135,0.0004028259360405,0.0002295376479433,0.0003914021005286,0.000150041120085
b0795,ybhG,ybhG,0.0049024147867209,0.0104253878566003,0.0050537538662496,0.0035897644293209,0.0047589165686931,0.0043845304024636,0.0039032135880841,0.0028342406454651,0.0060660388610548,0.0029271957762289,0.0038179070468081
b0804,ybiX,ybiX,0.0006071700609417,0.0002238408287504,0.000359169184381,0.0004248168097997,0.0024414434659888,0.0009545138780034,0.000587509447089,0.0003346480458463,0.0009959305027104,0.0003475870278509,0.0005370599813708
b0805,fiu,fiu,0.0274784377658831,0.0512142319114014,0.0332316725651444,0.0151268517201055,0.0897372684583051,0.0173230559168492,0.0112959573227997,0.0081335086686803,0.0180112941476347,0.0133679923188986,0.0087861072987667
b0806,mcbA,mcbA,0.100205347878139,0.123043221622884,0.0728142445840749,0.0713941289798975,,0.0766025733564936,,0.0501286406891856,,0.0704653877113521,0.0759769759753376
b0807,rlmF,rlmF,0.0012785035536214,0.0024714657769264,0.0011820881783359,0.0016281801055933,0.0010716013509303,0.0007592142152528,0.0003035539491068,0.0010338336732425,0.0006252051154016,0.000494020512938,0.001017973034393
b0815,opgE,ybiP,3.25528326065635e-05,4.42296853263794e-06,2.09325884274151e-05,8.11636176832505e-06,,4.57003904787387e-06,,1.03776040728126e-05,,2.32037755049811e-06,1.48777240361317e-05
b0817,mntR,mntR,0.0043386825776352,0.0065303172907606,0.0038001313777196,0.0032066837090972,0.004439438444993,0.0034708541169746,0.0036621068903066,0.0019779620261402,0.0038966999222203,0.0026682764368348,0.0037484165072797
b0819,ldtB,ybiS,0.191759727721339,0.17819692176447,0.15494922604131,0.14229225906394,0.156007333799283,0.147004596286832,0.133280362543904,0.102353382572838,0.171541988763536,0.0890138589075715,0.14188264307379
b0820,ybiT,ybiT,0.0340373093780225,0.073143674455186,0.0204313818482001,0.0204925989902799,0.022547249745989,0.0191207942053931,0.02038640090195,0.0125632673461607,0.0282683289921775,0.0136185361673709,0.0160294388198685
b0821,ybiU,ybiU,0.0043850126424431,0.0035848659615568,0.0026990392894813,0.0025593095682478,0.00280897653477,0.0017172409954345,0.0024842714702128,0.0017121342583563,0.0027607841748405,0.0016047282269634,0.0023105602227881
b0822,ybiV,ybiV,0.0068335953931154,0.0048092180593069,0.0029788645430631,0.0038436616245686,0.0076530999230666,0.004088702412879,0.0038247082379295,0.003293504072189,0.0062509248577811,0.0033461502011581,0.0038756917427037
b0825,fsaA,fsaA,0.0042117114066699,0.0031893442186597,0.0043942603096442,0.0045090445555124,0.0053621370604403,0.0036710044495485,0.0036581340723883,0.0052418433543612,0.0032223109788584,0.0025454098245974,0.0033799479313972
b0829,gsiA,gsiA,0.0008067363852112,0.000259639857335,0.0013978540975695,0.0005502991884826,0.0014614878974642,0.0009779423620454,0.0011885379512479,0.000755840207661,0.0014380134465992,0.0010542171501255,0.0006943951923158
b0830,gsiB,gsiB,0.0296222375570806,0.0168558286988451,0.0325620280192713,0.0291798559099041,0.0241338506596661,0.0275518974152731,0.0285151878743698,0.0305499215973863,0.0272640644357632,0.0257013364966162,0.0265873079453329
b0831,gsiC,gsiC,0.004057473320987,0.0016677532219411,0.0036243770016398,0.0037394650600755,0.0056452049757472,0.0041745745206842,0.0036109104353433,0.0029628199841669,0.0046436625478569,0.0025875060607924,0.0036734502036438
b0835,rimO,rimO,0.0267818291997629,0.0665710428414648,0.0132768355920399,0.0147190848396473,0.0139861116699163,0.0150250129896477,0.0108755362089298,0.006050118141331,0.0174958547471135,0.0091963094611423,0.0108181562853521
b0837,yliI,yliI,8.70568867950181e-05,7.9905924753914e-07,3.37973529406391e-05,0.0002139275491676,2.7409262273528e-05,8.37984593199419e-06,0.0001727892057202,0.0001427676412025,2.01068853174039e-05,9.91472673505238e-05,8.28769114381676e-05
b0838,gstB,yliJ,0.0246362500016724,0.0143203235669515,0.0264196981682393,0.0233651020461759,0.0197393600899996,0.0133298550807211,0.0174847096675911,0.0242780870692717,0.0169899009797948,0.0315405588719908,0.0234932134026798
b0842,mdfA,mdfA,0.0012529376165018,0.0130046010962053,0.001473555722557,0.0001332922795194,,0.0010654034371407,,0.0002398656027103,,0.0002472418405044,8.70553624188142e-06
b0844,ybjI,ybjI,0.0013453070123953,0.0016122600692897,0.0008047740707549,0.0019794082261922,0.0023324755210383,0.0011168698960277,0.0011591497926216,0.001287057722607,0.0025410269770282,0.0014471304394827,0.0016155970923265
b0847,ybjL,ybjL,7.76680928783913e-07,1.20840428373502e-06,7.11573919689094e-07,7.33488688402286e-07,7.75116089580952e-07,7.08747029285552e-07,7.29834193470893e-07,6.05558849521935e-07,8.166418581825e-07,2.38897862924742e-05,6.3509172033404e-05
b0853,ybjN,ybjN,0.0032560282797885,0.0097622821673573,0.001435793907566,0.0016255265626875,6.13224668785804e-07,5.62962314323697e-07,5.72638573473927e-07,4.84245860967775e-07,6.45782164699279e-05,0.0012080032884903,0.000726793702518
b0859,rlmC,rumB,0.0002736646200304,0.0016443914041156,0.0007700747558711,3.13971620454651e-05,,1.25011684673591e-05,,1.74135334300084e-11,,2.93427291440518e-05,0.0
b0865,ybjP,ybjP,0.0423026160483165,0.0369748125658803,0.0604141517777659,0.062301562978901,0.058314436516432,0.0423114675022122,0.0544169740313643,0.0626952122578276,0.0416938443697572,0.056857786118864,0.04449834220696
b0866,ybjQ,ybjQ,0.0016464033195679,0.0024204354703746,0.0014907978475542,0.0020911185067272,0.0018474812548263,0.001625268076742,0.002509865384854,0.0023205691530511,0.0014783090921379,0.0016542375245178,0.0016041568999537
b0867,amiD,amiD,0.0028037979798578,0.0030122999602616,0.002575471494133,0.0024088486543753,0.0020433500874133,0.0021117793418768,0.0023786881299557,0.0030130081633243,0.0015114806719462,0.0025841733093228,0.0021866517002969
b0868,ybjS,ybjS,0.0010106877299006,0.0015311186392075,0.0005322542209556,0.0005750681010815,0.0008145326423266,0.0006278083733149,0.000527298461956,0.0005571609344832,0.0007071693411828,0.0005007330424122,0.000817734800742
b0869,ybjT,ybjT,0.0001739119633399,0.0039670991379788,6.14415426635385e-05,6.25625458279433e-05,0.0001340877442926,8.14870829031698e-05,0.0001318441324461,8.80227885124248e-05,0.0002673998235205,0.0001451632104827,0.0002695310385332
b0870,ltaE,ltaE,0.0190994167345975,0.0248949208156827,0.0187439490423513,0.0222935737568377,0.0238797969887332,0.0229243484173565,0.0202049024682479,0.0233084793951749,0.0205876601314111,0.0271927232440071,0.0201658076955218
b0876,ybjD,ybjD,1.90253436315336e-05,3.08374527104085e-05,2.99590621146896e-05,1.02893968671514e-05,4.83591789837208e-07,4.50377316301955e-07,4.55419226280167e-07,3.85595807979449e-07,5.15315866663509e-07,7.1355696709106e-05,1.61289298541381e-05
b0877,ybjX,ybjX,0.0001698455044522,0.0013803266942326,0.0001400742581822,0.00013901415843,3.44791176369025e-05,9.97936813817164e-05,4.38460546392039e-05,2.12608808096851e-05,9.65410987645285e-05,9.06373804879821e-05,5.68686256138432e-05
b0878,macA,macA,0.0021761149282148,0.0017430000912406,0.003652954661081,0.0029725108331006,0.0025024300000394,0.0025045650602276,0.0036554499865685,0.0034238676952213,0.0037987780441824,0.0017038509298129,0.0030735619395833
b0890,ftsK,ftsK,0.0080204180895581,0.0160486731754562,0.0071842281660371,0.0061629992576923,0.0064145791096348,0.0056566292163552,0.0070076469876022,0.0023230630153693,0.0072953320764321,0.0030997939449269,0.0047119506634269
b0891,lolA,lolA,0.0267151018165452,0.0516681024799091,0.0281262727067093,0.0256182996345042,0.0231922835111136,0.0131712139383238,0.0166149736002147,0.0142480356493809,0.0191958516940741,0.0239745310310188,0.0247414005774783
b0905,ycaO,ycaO,0.0476019311452519,0.115733455534726,0.0182356707784764,0.0198771712991664,0.0201180428715552,0.0213075054907272,0.0167009870782616,0.0080301983284675,0.027940676894338,0.0099159723352389,0.0129975311432
b0906,ycaP,ycaP,0.0001896361240744,7.54099584802485e-05,0.0006102846468187,0.0005517649592066,0.0004500281944954,0.000682122570024,0.0006810135373648,0.0012788736586468,0.0005897838004029,0.0003637376324671,0.000458753483804
b0917,ycaR,ycaR,0.0222290723818298,0.0169911853973243,0.0200571343770815,0.0215023715655493,0.0249424240941387,0.0212611872094023,0.0185896881231235,0.0154720977747074,0.0243614171506509,0.011559573176288,0.0174484664343439
b0927,gloC,ycbL,0.0332084217576564,0.0288660720445905,0.023653541368964,0.0242447376710415,0.0234839694412571,0.017822713057856,0.020281835491209,0.0148315187926398,0.0304048517383083,0.0266175621312099,0.0239930478791564
b0947,ycbX,ycbX,0.0142801608142218,0.0207540460418336,0.0143550642800258,0.0163230575740532,0.0163606981680477,0.0147626224158489,0.0168128498115566,0.0129844098752314,0.0192922197001141,0.0082921686382732,0.0132923505239329
b0948,rlmL,rlmL,0.0133234127381601,0.0337994758894948,0.0112150027615425,0.0095696771867583,0.0090642575039226,0.0082121601349663,0.0093538922229876,0.004032969538458,0.0120953711029358,0.0097141616360399,0.012805184663148
b0949,uup,uup,0.0185959468219032,0.0501620211818802,0.0143806982103344,0.013271645164385,0.0150749974451504,0.0138105778109214,0.0151461435620343,0.0091964418111754,0.0188258237596921,0.0113991785186043,0.012716388046643
b0951,pqiB,pqiB,0.0001064221652733,0.0001112574981112,0.0008263523178861,0.0001243066692906,,0.0007383236111379,,0.0001994479780647,,6.63834464236725e-05,0.0084844427385461
b0952,pqiC,ymbA,0.0028899646253812,0.0048251554189025,0.0026771034490375,0.0020762608414132,0.0014650619598375,0.002197153414049,0.0017106997516614,0.0015745420731032,0.0018968478247928,0.002056798465321,0.0018335215540715
b0955,ycbZ,ycbZ,0.0042093833542568,0.0115244618055268,0.004560108829358,0.0041807073749002,0.0047436852307828,0.0033749704533808,0.0032648544329815,0.0031186567017187,0.004598376389388,0.0035430366894561,0.0039027270322087
b0961,yccF,yccF,0.0072221409979147,0.0145738928010952,0.0071018693239908,0.0061649511145623,0.007971822595542,0.0052699758600571,0.0040953535337268,0.003906271229585,0.0092099557513932,0.0022448779435993,0.0033220315726653
b0963,mgsA,mgsA,0.0243609594474028,0.063213852411101,0.0458403614026309,0.0437205062135718,0.0127892378284955,0.0252657512851682,0.0182624119891791,0.0152134646780148,0.0174220191751765,0.0332962841860562,0.0441173917097794
b0965,yccU,yccU,0.0450150898083417,0.0384425487296661,0.0473965168956555,0.0436711419724422,0.0612125403624672,0.0720115637325599,0.086900122909857,0.125875526262301,0.0641046264866806,0.0366937990506215,0.0237794868812561
b0966,hspQ,hspQ,0.0002921950594201,0.000104682194164,0.00231324274705,8.28732515559874e-07,,5.75394672565417e-05,,0.000122641342629,,0.0001913277129547,0.0002720949603403
b0967,rlmI,rlmI,0.0126834975376422,0.0315748872852705,0.0107582112445657,0.0113082413361992,0.0218165135138728,0.0122712921265914,0.0133365989569628,0.0093569701267763,0.0256712041529601,0.0067669279648424,0.0103336318116239
b0968,yccX,yccX,0.0020121415033446,0.0026055652542842,0.0052697570090683,0.0051424068156394,0.0057504769515938,0.0030956445478586,0.0033945672147502,0.0063988012162871,0.0033626115044552,0.0041822477862029,0.0037996938164424
b0990,cspG,cspG,0.0005885794094194,0.0013520843978984,0.0006341033092902,0.0003298694416361,,0.0002963540980626,,0.0002441724376001,,0.0003764152190446,3.46141642315852e-05
b1018,efeO,efeO,0.0434150812996158,0.0290669148623108,0.0470411896916451,0.0170336503708291,0.109313062605179,0.035549960732195,0.0250247050677066,0.020465458045572,0.0386883698329054,0.0194096065848732,0.0179733273961676
b1023,pgaB,pgaB,0.0002701621802695,7.30939846774239e-05,0.0004809551002449,0.0004557790367253,0.0009255666864428,0.0002927190678676,9.33201590925262e-05,0.0002821882077857,0.000818374186208,0.0005048272904724,0.0003141016138108
b1033,ghrA,ghrA,0.0598221195384748,0.0810496739581433,0.0511681814562294,0.0580931917800012,0.0623808250566677,0.0574898286504316,0.0601180511740026,0.045556487950474,0.0628975563563849,0.0426262575758508,0.0496353847284833
b1034,ycdX,ycdX,0.0106661024084458,0.0098617392615091,0.0088619807304814,0.0098970368734841,0.0121520338435315,0.0077088109419038,0.0078428278363525,0.0066593312032642,0.0103573401964512,0.0068045383649996,0.0123181833781413
b1035,ycdY,ycdY,0.0233095134679096,0.018500473494489,0.0126257864272607,0.0180136810722228,0.0141919613816652,0.0145794120626012,0.0150962712276113,0.0075517796941967,0.0162978393748478,0.0104738622828173,0.0139584447285996
b1037,csgG,csgG,0.0013721286464845,0.0002858211534192,0.000230287219718,0.0004241564530681,,0.0001587619307538,,0.0001904847504525,,0.0008212529307638,0.0002148417541768
b1040,csgD,csgD,8.7847315614035e-06,3.84864174648477e-06,7.55099873708065e-06,1.40129800706453e-06,,4.35334291916917e-06,,2.90013549061158e-05,,6.02697572455688e-07,1.68511100785564e-05
b1045,ymdB,ymdB,0.002154778898552,0.0022897752342162,0.0034021160378274,0.0021285578088245,0.0027581321603951,0.0015816417431624,0.0016783285979837,0.0039695947611417,0.0017327570036538,0.0032350869433714,0.0018475941624827
b1059,solA,solA,0.0551713055988418,0.0340700027326945,0.0311916582060135,0.0362017116774363,0.0347001126018035,0.0327869319441679,0.0336140582450081,0.024492121188735,0.0376762969490222,0.0231980256547573,0.0361347801964063
b1061,dinI,dinI,0.0016675344449732,0.0033531197263856,0.0010318545463721,0.0007781981916976,0.000705413017173,0.0011092570647464,0.0008412664577648,0.0005017675214794,0.001175140486356,0.0001732801453445,0.0002000907190296
b1068,yceM,mviM,0.0021917396608463,0.0012695322744787,0.0026744336894368,0.0028051910663854,0.0018223859584715,0.0015543052814284,0.0014913222768892,0.0017050006055142,0.0014232136089591,0.0021701433365554,0.0032786356875481
b1105,lpoB,lpoB,0.0263200144788697,0.0314798356803406,0.0321758891838959,0.0270319354053687,0.020159255534562,0.0188832203929662,0.0198588702074204,0.0164287215099184,0.021964795310223,0.0195584219208152,0.0212032683990979
b1107,nagZ,nagZ,0.0081618253358634,0.0122943667372793,0.0054364073767726,0.006511414842821,0.0082499082822512,0.0060254740365273,0.0053523819373215,0.005546327105941,0.0068602630024714,0.0050411267043752,0.0058744737741749
b1108,ycfP,ycfP,0.0278985410415194,0.0339761912587263,0.0266354270483641,0.0284485060888501,0.0316467887068366,0.0266592751285476,0.0296633881580432,0.0320890952097136,0.0269247000531259,0.0258065833166987,0.0241984586699509
b1111,comR,ycfQ,7.26328245497973e-05,3.05270657415923e-05,2.7604439996085e-05,4.22841426421037e-05,4.75718770651329e-07,3.21924559943417e-05,4.48453569901895e-07,3.73610909614224e-07,4.54624953768885e-05,5.08340050356542e-05,7.52249765763108e-05
b1112,bhsA,bhsA,0.0022747336444121,0.005296779154388,0.0010037978936712,0.0059243037066111,0.0409017312682721,0.0212092024332573,0.0252668412936533,0.0170595983801888,0.0425711001887155,0.0006175427071925,0.0007024725625042
b1113,ldtC,ycfS,0.0011580721636363,0.0014179977834749,0.0003136852296887,0.0024172343300097,5.09247061371872e-05,0.0018301013759683,0.0013463040568245,7.71881504372517e-05,0.0003964760907173,0.0007144089935871,0.0020017112472617
b1116,lolC,lolC,0.0020826405826794,0.003416104968437,0.0019634477016602,0.001512706531194,0.0033873731854373,0.0014507460238288,0.0020230567547468,0.0006114554388593,0.0036254653606805,0.0010303674901255,0.0026890483349338
b1117,lolD,lolD,0.0210969342858152,0.0308228530836483,0.0177107594986733,0.0171299624630459,0.0185510159059734,0.0156692574972394,0.0168900543996343,0.0102564585815496,0.0216405849643023,0.0123182983103697,0.0176405302800583
b1118,lolE,lolE,0.0001320598262215,0.0004316007804687,0.0003014548161706,0.0001896097574121,0.0003012693678585,0.0001799320068867,0.0001377234665458,8.71446905788654e-05,0.0002467801648097,9.34898900918473e-05,0.0002604881322774
b1119,nagK,nagK,0.0005149369552664,0.0010378660122322,0.0004069835265285,0.0004934342957272,0.0004613390719047,0.0004137653859722,0.000408470775108,0.0002997986235959,0.0004619531006037,0.0002840937535046,0.0005417451763842
b1120,cobB,cobB,0.0263180542747949,0.0322600727310785,0.0317898925354078,0.0307772940520037,0.0377605012084153,0.0342241300203105,0.0301724229427338,0.0240490074785299,0.0347787709289888,0.0216910318553604,0.0280862458101078
b1134,nudJ,nudJ,0.0013418719553055,0.0009090753253769,0.0014329686204664,0.0008844209492991,0.0008176022135934,0.0004164274665272,0.0003982488283715,0.0004360031588056,0.0008521996073962,0.0003129690177234,0.0003277528286682
b1145,ymfK,cohE,0.000214975581428,0.000270302945855,0.0002591220461151,0.0001721226118796,0.0003441131212075,0.0001802248646762,0.0002495984955661,0.0003430617019531,0.0001801043464075,0.000185105682171,0.0002126650437299
b1162,bluR,ycgE,9.08803953814766e-05,7.83840998139253e-05,9.37618572908787e-05,7.98380574118626e-05,9.2037056331261e-05,9.13602413807611e-05,8.37111348431094e-05,7.42054262537172e-05,8.98918521273172e-05,7.43959977349214e-05,8.72402422889601e-05
b1165,ymgA,ymgA,0.0,0.0,0.0,0.0,,4.60482486731199e-06,,0.0,,0.0,0.0
b1171,ymgD,ymgD,8.44635645285794e-05,0.0002133816396225,0.0002102110215584,9.24265250654775e-06,,9.32653495895612e-06,,9.78826914989553e-06,,5.35918705630014e-05,0.0003336766817109
b1172,ymgG,ymgG,0.0,5.86201317135337e-06,9.10819857317303e-06,3.2014765215181e-13,,7.65538333052659e-06,,2.08313343297655e-06,,1.07301681540954e-06,6.88288718580989e-05
b1177,ycgJ,ycgJ,0.000485380066323,0.0006775442791821,0.0004750583939422,0.000341721711197,0.0005682209788441,0.0004081960144002,0.0004693237924511,0.0004630378077147,0.0003808100586754,0.0003204802505596,0.0002385379936532
b1178,pliG,pliG,0.0119756900559487,0.0050371973159212,0.0075358036351666,0.0102510284773081,0.0044012324879916,0.0066602517612392,0.0071151145889374,0.0066940311741226,0.0041874372084327,0.0071064082820262,0.0080605215028536
b1179,ycgL,ycgL,0.002372745593977,0.0023717530223704,0.0015704760343563,0.0019329175822834,0.0019229691856315,0.001342514256878,0.0015928398675151,0.001775153383202,0.0023609627456034,0.0012620267159788,0.0018913568522539
b1180,ycgM,ycgM,0.0040483153749528,0.003972332277523,0.0048377343786761,0.0070951815355285,0.008480718581466,0.006663446364523,0.0061147415791889,0.0140526934945033,0.0063857695480568,0.0049539266926494,0.00533015995802
b1191,cvrA,cvrA,0.0001992731431766,0.0005613572222789,0.0002682948507129,0.0004194181414626,0.0003410345579721,2.22512661753694e-05,2.66527701650637e-05,8.76040307804275e-05,1.01816767727847e-05,0.0001904250546672,0.0001197752338663
b1192,ldcA,ldcA,0.0059660673785618,0.0060976776417532,0.0052273406171891,0.0046101832302547,0.0071926009682773,0.0045056149434841,0.0056290978144506,0.0049474261346264,0.0048269408532945,0.0046843426052347,0.0044172005882241
b1193,emtA,emtA,0.0062833327254214,0.0067566349570991,0.0038758294440194,0.0043458569178758,0.0048686913064368,0.0078127521902093,0.0040248254206872,0.0038844811309919,0.0055846167996627,0.0025109300177212,0.0038150286914742
b1199,dhaL,dhaL,0.0035536731761172,0.0048768706192436,0.0045141191698976,0.0082855300976563,0.0026403649700814,0.0012556377652683,0.0026500115690931,0.0019785844907815,0.0021305701633095,0.0018973213810266,0.0016941101487768
b1200,dhaK,dhaK,0.0478043273209886,0.0599263654246985,0.0778790007000752,0.150922865468888,0.0455583968810783,0.0429766917869396,0.0685001039762261,0.0507460317034391,0.0406908961619891,0.0409046693659219,0.0493538395007037
b1248,yciU,yciU,0.0029463784392892,0.0028710491893732,0.002373993970584,0.0017320771860392,,0.0040842901550945,,0.0013609589881599,,0.0019346704486841,0.0011698495742666
b1267,yciO,yciO,0.027170328489976,0.0418951274301265,0.0346164832424169,0.0312930799077141,0.0332525955762247,0.0249596228656171,0.0303106357272122,0.0374936936115823,0.0298026025219643,0.0278372384743573,0.027365474129728
b1279,lapA,yciS,0.0010981652232687,0.000737726403055,0.0029381487675249,0.0031282442062507,0.0034290861652071,0.003071301288766,0.0032409142857425,0.0033117676273828,0.0036183590666842,0.0025393001138487,0.0031780453243238
b1284,yciT,yciT,0.0037628019855053,0.0047720955061674,0.0047958593148619,0.0035620462822107,0.0047210504780435,0.0036932035711286,0.0040026520935779,0.0035342316990283,0.0045440043048452,0.0033374565785286,0.0042319085057175
b1287,yciW,yciW,0.0049234241545527,0.0005481198510652,0.0063918626382594,0.0048560627239889,0.0026060776714462,0.0052403459654662,0.0040533794449538,0.0038779350308992,0.0052530079865624,0.0047806917375524,0.0046663027652017
b1295,ymjA,ymjA,0.0047001315783472,0.0026951659099176,0.0040253191201902,0.0042487118495378,0.0051534613930041,0.0052518492034625,0.0041794747564632,0.00525753536899,0.0046744941723123,0.0048547828422743,0.0052869313271982
b1297,puuA,puuA,0.0107757616311284,0.0084029695863332,0.0211624556950157,0.0074412270712537,0.0055138413204559,0.0086088819919862,0.012982737814894,0.0222966542683836,0.0083779335189456,0.0249487112294324,0.0053889603919319
b1298,puuD,puuD,0.0052862033411556,0.0013977097226245,0.0072581888931396,0.0016308580515189,0.0013468941518143,0.0016538379177092,0.0054147383135299,0.0009356034976668,0.0021765461221791,0.0019946444738364,0.0015646981205826
b1302,puuE,puuE,0.0030742661659668,0.0005762029286262,0.0035846984121121,0.0016842861799264,0.0023681495246038,0.0014773308006778,0.006517432635562,0.003266264735463,0.0049879516429714,0.0003303000744258,0.0015969819208736
b1320,ycjW,ycjW,0.0017609127647169,0.0028749002252661,0.0014920712420096,0.0017701984607462,0.0019448202117957,0.0026880366151317,0.0027478779675273,0.0019085222596574,0.0026220474537302,0.0021207658978183,0.0022594763055822
b1321,ycjX,ycjX,0.0026814082913535,0.0049158035196609,0.0017043353508429,0.0029717609673139,0.0016225990658445,0.0016535696294274,0.0016519904383639,0.0007827443922627,0.0012886044887243,0.0014137754744781,0.0019084490341451
b1324,tpx,tpx,0.730160109792451,0.854477521537982,0.706824555054777,0.693085197124571,0.954318168625503,0.787803768708539,0.70768465051482,0.721000074408424,0.857899862832882,0.516507737529094,0.719986640109114
b1325,ycjG,ycjG,0.00588964723013,0.0035435129241529,0.0117252964606409,0.0055429039155143,,0.0052817167399241,,0.0066738215596066,,0.0081529522770205,0.0053923841639092
b1326,mpaA,mpaA,0.0003895175743673,0.0006502806924666,0.0014378919144839,0.001494854753029,0.0019303590134961,0.0011792521353378,8.47542533822792e-05,0.0045009301924084,0.0008512411286226,0.0013686756091697,0.0010166539586936
b1327,ycjY,ycjY,0.0026778882375605,0.0023239430941093,0.0019182452791882,0.0022281285121921,,0.0017680374500343,,0.001393533026985,,0.0005607456795171,0.0008102926793926
b1329,mppA,mppA,0.0067001483569741,0.0250330558939561,0.00975276094499,0.0094537878269627,0.0067512803778093,0.0104324233405821,0.0099707056790932,0.0084003785143456,0.007674280554364,0.007175357754561,0.0092917956185393
b1330,ynaI,ynaI,0.0001509717315736,0.000233979370635,0.0003598842253274,0.0001180922169019,0.0002845419585553,0.0002528459440804,0.0001564992467112,0.0001156061196408,0.0002245872466692,0.0001697650572626,0.0002834033485129
b1340,smrA,ydaL,0.0020201235419089,0.00412386481732,0.0018210074674115,0.0017458250977845,,0.0016690853393078,,0.0007571170145279,,0.0009338759182456,0.0014548686552593
b1341,dgcM,ydaM,0.000262611635905,0.0013154462151998,0.0013304855641337,0.0010485572951898,0.000794776382101,0.0017422420258486,0.0010848469714247,0.0008579573434444,0.0008660100409295,0.0009363427199502,0.0002353201346369
b1342,zntB,zntB,0.0005389317004362,0.001827809842252,0.0010626346372259,0.0010339684336237,0.0012215355025828,0.0006076878892476,0.0007301042248806,0.000769059117904,0.0011690261996782,0.0007065138071228,0.0003941045993054
b1344,ttcA,ttcA,0.0045881546860837,0.0120304835076162,0.0014692395335365,0.0022330940351351,0.0009757967398081,0.0017657922018764,0.00110878503752,0.0002204709793793,0.0021236526633489,0.001124177276475,0.0011128395917999
b1356,racR,racR,0.0048709978777513,0.0031624295122436,0.0027128391215187,0.0019364214837054,0.0027615591513799,0.0017249316957309,0.0026122122534581,0.001511277251285,0.0012569700639061,0.0023647101847565,0.002125855923149
b1375,ynaE,ynaE,0.0005234021304684,0.0001521369914369,0.000316358326695,6.89701237095108e-05,,0.0001223115066138,,0.0001654866033571,,0.0001387524617761,0.0002168453933975
b1376,uspF,uspF,0.036589902072946,0.0799980162367128,0.105230420872499,0.0890922526031015,0.0471670735592803,0.10769925519069,0.126645159182362,0.135067900818438,0.0588207434773705,0.0849311016479017,0.12480246237606
b1378,ydbK,ydbK,0.0139919168108812,0.0420841679237843,0.0201503065340316,0.0128951527403755,0.0110309788995075,0.0139104345023872,0.0108696079878964,0.008349581146721,0.017670778238857,0.0100791686690559,0.0086864265368258
b1379,hslJ,hslJ,0.0006135446590444,0.0023577357954205,0.0002842560494711,0.000411803215874,0.0016425283435096,0.0002921315191305,0.0003016605722083,0.0004968999290291,0.0003234447417746,0.0004790066505432,0.0012713211158602
b1382,ynbE,ynbE,0.0009416847222906,0.0011764042314364,0.0011207658245783,0.0009899351789883,0.0011152650464008,0.0009392260588695,0.0008582752819454,0.0007654500979186,0.0016417871996706,0.0005168300536174,0.0008863729907885
b1383,ydbL,ydbL,0.0001704296467089,0.0003218653245471,0.000139481143855,0.0001465569229665,0.0002168545342484,0.0001971964932357,0.0001889957614996,0.0001374185530055,0.000156062470973,8.49002120205834e-05,0.0001766337254922
b1384,feaR,feaR,0.0002065174680757,0.0001525915215928,5.24483600003813e-05,2.75669474956814e-05,,0.0002453717880834,,1.20539134050733e-05,,2.58339424152571e-06,1.63428535913753e-05
b1389,paaB,paaB,4.46567825169013e-07,0.002156421639428,4.04936834788787e-07,4.12009266220509e-07,4.37308570595951e-07,4.03017257269455e-07,4.13779973911467e-07,1.56511211347076e-06,8.6739526196292e-06,3.58889061200841e-07,3.74179339999467e-06
b1390,paaC,paaC,2.87040649802426e-05,0.000105286445847,2.9908581685795e-05,3.0639002204418e-05,5.37579005790611e-07,4.12859732986242e-05,9.83780868544922e-06,4.34969491351026e-07,5.71423639458141e-07,2.35541025067503e-05,8.66027381574849e-05
b1392,paaE,paaE,5.40073985371396e-07,0.0009736845484404,4.85228795992738e-07,4.95403647722384e-07,5.22253090080846e-07,4.03918926885026e-06,4.94655704668919e-07,4.1074680695358e-07,5.49065642821092e-07,4.26424445742577e-07,4.66404877855406e-07
b1397,paaJ,paaJ,0.0012343791080971,0.0024761462680336,0.0007691538432671,0.0008705367202724,0.0006313592458161,0.0003742262885936,0.0003085777591277,0.0004098327975672,0.0007020359348423,0.0009167049401501,0.0006727445242375
b1398,paaK,paaK,6.69399252421293e-07,0.0004325328023095,6.12648900305452e-07,6.1203453876147e-07,6.48741403334633e-07,5.98065907695045e-07,6.22445799062932e-07,5.0582669963926e-07,6.90335115989263e-07,5.35261381875706e-07,5.78289313787068e-07
b1399,paaX,paaX,0.0006474411035188,0.001871621078901,0.0011413301028871,0.0010593753274928,0.000635557753119,0.002324068458337,0.0016672677862144,0.0023012037994542,0.0019159670429843,0.0014856973083298,0.0015069475084823
b1400,paaY,paaY,0.0002616135054948,0.0004698468597925,0.0005525858002732,0.0003794670210916,0.0005119593827909,0.0009322461187312,0.0007979884382532,0.0011095998042146,0.0005581074021995,0.0004698427860217,0.0003674791636611
b1412,azoR,azoR,0.028787986080374,0.0161002766763203,0.0183145575727782,0.0270122081914275,0.0608068207022209,0.0289845967664018,0.0352766521698209,0.0149013548923947,0.0401382016628611,0.0224574259765023,0.0147530117165965
b1413,hrpA,hrpA,0.0078265137828045,0.0148180760591615,0.0080109905343552,0.0056696744547037,0.0064264800969551,0.0058481630237513,0.0063329659950055,0.004474348932229,0.0092036489022777,0.0049906290118543,0.00584757500713
b1422,ydcI,ydcI,0.0073612314882332,0.0147732674661641,0.0135912514448713,0.0078725346596213,0.0093009904570341,0.0124557733832625,0.0133053178618208,0.006476898519015,0.0088798470088717,0.0133142378803194,0.0138199901901339
b1423,ydcJ,ydcJ,0.0036042846469288,0.0051801655010629,0.0052425428922603,0.0070987188093965,0.0031254081725435,0.0055347339416007,0.005013409639516,0.0083262860565507,0.0037013083990465,0.004641981150287,0.0042177723235002
b1431,ydcL,ydcL,0.0595315171734425,0.0520137739150546,0.0958079419293537,0.0868031989277293,0.0518869393334696,0.0751261924084729,0.0804250242290972,0.126657995961369,0.0602410948358487,0.0533003874801801,0.0525631416899672
b1434,sutR,ydcN,0.0004775801979133,0.0002852863125685,0.0004449900559024,0.0002662727251661,,0.0004748302460693,,0.0002132232002344,,0.0002774763955827,0.0001972747175275
b1435,rlhA,ydcP,0.0032842351429389,0.007407452095298,0.0007159608870276,0.0010841986023629,,0.0014363218183984,,0.0001243267962884,,0.0001694292281585,0.000453892730083
b1438,hicB,hicB,0.0047870747727907,0.0001719031195507,0.0024437738081729,0.0029839105166602,0.0018816877383251,0.0021686861428477,0.0026288136347385,0.0020459340856833,0.0031453236020011,0.0015546662901686,0.0028120763107645
b1440,ydcS,ydcS,0.0057801419184849,0.0162860358491132,0.0333685861447656,0.0223060572933013,0.0041860271702861,0.020946724747399,0.0254319444135397,0.0563323820167076,0.0064689728270177,0.020398288716524,0.0184693334495918
b1441,ydcT,ydcT,0.0014737384495896,0.0023423900087913,0.0020734097704384,0.0025093436260918,0.0010829727518105,0.0023319046278678,0.0021469176948887,0.002494924908997,0.0012000643732412,0.0013573502680879,0.0016856409706784
b1444,patD,prr,0.0263633684191417,0.065200362227426,0.0779766984460026,0.106506894163529,0.0255344681678764,0.160758421885538,0.0991730239497353,0.171599657351634,0.0273562141371474,0.0433093875343526,0.0997799973334682
b1446,ydcY,ydcY,0.0055366058794072,0.0077742583914137,0.0035412693559437,0.0040144641720331,0.0066826085524676,0.0033645247662431,0.0035826175609381,0.0030982388787806,0.0052884486968851,0.0033187015692216,0.0033580632288406
b1448,mnaT,yncA,0.00241008948195,0.000528733782562,0.0012666152242029,0.0018022273182972,0.0023426953811407,0.0012735112490909,0.0018020042611181,0.0011910326613848,0.0021496599147415,0.0015747610097732,0.0015444242682164
b1449,curA,yncB,0.0413493607275691,0.0237223553598796,0.0464702686230514,0.0434454575013621,0.0277572943904508,0.0307487775199381,0.0414165352101394,0.063857613846896,0.0275572699205947,0.0427592207435053,0.0299585950436984
b1451,pqqU,yncD,0.0007538283004958,0.0052610177124256,0.0003018219135274,0.0002716332604799,0.0002085240538823,0.0007284801600973,0.000617721552758,0.0003461249146651,0.0002478071519789,0.0002055093950582,0.0002311104258913
b1452,yncE,yncE,0.221986241150242,0.125160352448389,0.188062982174128,0.192004319131373,0.509315285529433,0.20536238064367,0.18306589121279,0.0968715877223807,0.262098765954547,0.109414891751885,0.206913260349853
b1462,yddH,yddH,0.0003381574724873,0.0001079656974154,0.0001757819988878,5.08277685090823e-05,3.68285089609975e-07,9.21716158618497e-06,7.14898768684746e-05,2.63744968314246e-05,1.11972766227717e-06,0.0008038006448618,3.96225075929375e-05
b1477,yddM,yddM,0.0011994329524058,0.0021761063598582,0.0007915349756871,0.0010145782572337,0.0005321071683237,0.0001587913554511,0.0003171374309183,4.81139071333732e-05,0.0001293605788763,0.0007951802835287,0.0012916738140192
b1478,adhP,adhP,0.0015396073241373,0.0028303612804663,0.0013053114832768,0.0015280569124365,0.00074408430406,0.0005303906659206,0.0011603546246407,0.000422257393957,0.0008022329995047,0.0040941516595362,0.0017079614052567
b1487,ddpA,ddpA,0.0015116052740764,0.0016838917578091,0.0036968879436015,0.0035654844889741,0.0016634511681675,0.0094160152178026,0.0098784053093665,0.0126542264761304,0.0016962802733226,0.0041341802041184,0.0042278659374419
b1490,dosC,dosC,0.0006534227091739,0.0011240638674364,0.0018045367620411,0.0009150808276324,0.000774940029982,0.0017731468967446,0.0011943046806086,0.0020563101671305,0.0010531349119271,0.0014971439569897,0.0010246614953528
b1492,gadC,gadC,0.0056491822726348,0.0080008075769094,0.0098976471098814,0.0028980818121715,0.0014355067893389,0.0013136099952915,0.0007025721503738,0.0016356380977956,0.0009952101580436,0.0127622676951562,0.002894690750131
b1498,ydeN,ydeN,0.0014177920175293,0.0152700871371072,0.0548638561598585,0.004058733098055,0.0027520381593824,0.0098109382619315,0.0203675762677984,0.0277203446043375,0.001868046281798,0.0141384886083409,0.0088004175622433
b1501,ydeP,ydeP,0.0008947020628843,0.000308659529731,0.0013016653043429,0.0002368564949573,,0.0006665760243817,,0.0003457231622062,,0.0003472964115977,0.00102933720718
b1502,ydeQ,ydeQ,0.0002117656254602,8.52877900903141e-05,0.0001703483344865,0.0003228940965804,,5.60152928600939e-05,,0.0,,7.17423871812778e-06,3.7641891178200196e-11
b1511,lsrK,lsrK,0.0005371644445044,0.0021290865685057,0.000519288986473,0.0008885428950431,0.0004284380410086,0.0007302330480682,0.0002054177181723,0.0012942830243859,0.0002165971847313,0.0013242419196569,0.0006569760660198
b1512,lsrR,lsrR,0.0025164673265916,0.0008675143041709,0.0007234993438901,0.0004746035606895,,0.0007399528840527,,0.0004671149350419,,0.0011778623095213,0.0008642915552123
b1513,lsrA,lsrA,5.56632891864264e-07,8.40554584379126e-05,5.10782652493565e-07,5.16530861077295e-07,5.54309605661974e-07,5.10809596889993e-07,4.94275702719478e-05,0.0001193213596325,9.62013864841037e-07,1.122980662287e-05,4.7961103468022e-07
b1516,lsrB,lsrB,0.0051892270661177,0.0073337058340566,0.0067321110703657,0.0039472111270412,0.0061889227091185,0.0163426769275897,0.0057353763689912,0.0176980536279614,0.0055166853285824,0.0099185136808373,0.0060760389138819
b1517,lsrF,lsrF,0.0046374498723605,0.0061902933840722,0.0068430989660442,0.0035501433871927,0.0063534257351687,0.0133926769319508,0.004751130499767,0.0132060636913919,0.00933052877386,0.0140578747390692,0.0055806944829528
b1518,lsrG,lsrG,7.25053862785363e-05,4.85879629271481e-05,2.79162223799529e-05,6.31382416660747e-05,0.0001525318735562,0.0001286108821711,3.44231434594466e-05,0.0002484855500897,0.0001776399186824,0.0001555145463705,4.26824135779342e-05
b1519,tam,tam,0.0046449430246331,0.0117053726392744,0.0062738118478114,0.0082445297422487,0.0047662744535841,0.0062767186164545,0.0054736198666973,0.0144546257001287,0.0033568398085836,0.008825666458082,0.0051953030263266
b1525,sad,sad,0.001412987823278,0.0012849299202182,0.0017461725453509,0.0021048906879789,0.0028236961798324,0.0032103981373661,0.0020855548644165,0.0019241196757167,0.0022177615843365,0.0004138573072358,0.0009028381407958
b1540,rspR,ydfH,0.0042155043459554,0.0067834638800101,0.0022701803089199,0.0023570996842065,,0.0026430751259057,,0.0015061212654845,,0.0018737616998254,0.0019295773060661
b1541,ydfZ,ydfZ,0.0002139139670394,0.0001557364857675,0.0001967465067196,0.0001406664087434,0.0002384502974607,0.0001950002228547,0.0002315606661955,0.0003904009244453,6.87864746541999e-05,0.0001863878754585,0.000187687035831
b1550,gnsB,gnsB,0.0187085652369382,0.0212985884251111,0.0185253569949458,0.0162104918992063,0.0217156638754967,0.0162858685219958,0.0193531968824267,0.0149017796506987,0.0205857874028883,0.0122077691565001,0.0148604060255381
b1566,flxA,flxA,0.0001412469361116,9.12727600907783e-06,0.000100423343058,3.66112494855847e-05,,7.8332293365632e-05,,2.38898380467114e-05,,5.97888924068031e-05,1.47379076451007e-05
b1567,ydfW,ydfW,0.0024719781269342,2.18741625318467e-05,0.0005898918857683,0.0007085393016413,0.0012130278317416,0.0002757718776435,0.0009174705361262,0.0003517107344934,0.0012845382245297,0.0007702242407396,0.0008051933128204
b1580,rspB,rspB,5.93031258429187e-05,0.0001421615956458,0.000177130595719,0.0005385948600976,,5.39298195955078e-05,,0.0001272230426802,,2.78145486606832e-05,0.0009202109185956
b1581,rspA,rspA,7.24063404368943e-05,0.0002226116283465,4.24485666636531e-05,7.64214127243242e-05,5.41431055474689e-05,0.0002327132905115,3.5031934234239e-05,0.0010803379167062,0.0002283728842497,3.52148218533301e-05,1.86333044327044e-05
b1583,ynfB,ynfB,0.0098207674615672,0.0124195880349158,0.0110003775830524,0.011602093342229,0.0122454149445003,0.0095280151674567,0.007972790920448,0.011525992213033,0.0114827352830136,0.007606494197202,0.011335104855889
b1584,speG,speG,0.0032751102238788,0.0058289356638071,0.0025247794212742,0.0027380973036668,0.003220196466227,0.0022438330889038,0.0024669574121014,0.0019096388579649,0.0030325145300612,0.0021081221782512,0.0030608326331609
b1586,ynfD,ynfD,2.21962603948127e-05,0.0001139095635436,2.3887784280219e-05,2.38429807265091e-05,2.30554909820414e-05,8.6833783377824e-05,3.11405038743561e-05,4.32638941078516e-05,0.0001278955362257,4.03344967834199e-05,1.42592768100577e-05
b1588,ynfF,ynfF,6.13410497311732e-07,9.50944676091327e-07,1.67854177623359e-05,5.56449173045838e-07,1.41062163138403e-05,5.47957105961758e-07,5.68723123745771e-07,4.82532528051424e-06,6.42069680794359e-07,4.92975392216494e-07,5.28578134461963e-07
b1591,dmsD,dmsD,0.0057848985729015,0.0063052031343404,0.0035114803983739,0.0030772790138433,0.0016014931247575,0.0005607213906103,0.0011577328342871,0.0006199199083544,0.0028767863259996,0.0031451406482973,0.0028219975134803
b1594,mlc,mlc,0.0014191954070633,0.004073566315094,0.0036911501288779,0.0015441253547721,0.0005168864621067,0.0017705549863563,0.0024384247038418,0.0013919481170634,0.0011690861699988,0.0015081150489439,0.0019360697947079
b1595,ynfL,ynfL,0.0001835736362458,0.0022006535912625,0.0027750690315173,0.0001739894673381,,0.002134984365967,,0.0004754418284762,,0.0008089291234851,0.002113768894797
b1597,asr,asr,1.45924158438821e-06,1.64647380397931e-05,1.32755555737517e-06,1.32968907895306e-06,1.4038809651663e-06,1.3174683923698e-06,1.36111761183001e-06,1.12513095756408e-06,1.50588294174511e-06,1.16966524468618e-06,1.25103835654261e-06
b1598,ydgD,ydgD,0.0007139676221733,0.0011087857097889,0.0005905289352416,0.0005124005644771,,0.0009216281551049,,0.0001857190180685,,0.0002536866527889,0.0006611345893948
b1604,ydgH,ydgH,0.153451417695489,0.150092597010127,0.156989727670283,0.137043922767163,0.146262753264193,0.122385335620281,0.133481351838833,0.107456556867814,0.171355183293062,0.0881338040209111,0.134811560126698
b1606,folM,folM,0.0017048510597496,0.0017178910346278,0.0013645429919753,0.0019844741516064,0.0015713375696456,0.0015524600704448,0.0015753836506424,0.00216889883974,0.0017883867375718,0.0013258842619327,0.0014720440510332
b1608,rstA,rstA,0.0107590687381086,0.012309456028729,0.0059594695372088,0.0097695260723652,0.0093231676565152,0.0083052104283018,0.0067622336710891,0.0072383415356011,0.0417896173804851,0.0077595073891906,0.0109692481395582
b1614,ydgA,ydgA,0.110198233449701,0.204733910657621,0.131413571755201,0.109309920810627,0.104623640805188,0.0929914527419035,0.0908000433826407,0.0838366030588482,0.101316853927475,0.101672263857128,0.0830477082382108
b1618,uidR,uidR,0.0050124305588272,0.0050569683884022,0.0043569718475273,0.0019068526872013,,0.0035161543407518,,0.0027407377183779,,0.0026690991960894,0.0027382522749807
b1624,ydgJ,ydgJ,0.0033366212278742,0.0027358307978938,0.0056246367846724,0.0059811163076435,0.0061142155232352,0.0083729417152466,0.0057004771561617,0.009299816918853,0.0077040839592428,0.0051373811249717,0.0069420904133502
b1625,cnu,cnu,0.0006416893549042,0.002720200999035,0.0005568908737319,0.0004848433281382,0.0004195690469452,0.0003112211426831,0.0003702499250686,0.0001825811161249,0.0004865068456231,0.0002429332015238,0.0004691388157275
b1629,rsxC,rsxC,0.0013647166954113,0.002670464419564,0.0006105366637936,0.0010767721327073,0.0009780154599628,0.0008181203389775,0.0009265996360512,0.0007781911453287,0.0012461163201205,0.0006158125378917,0.0006570886740924
b1631,rsxG,rsxG,0.0032786908428777,0.0044669762533179,0.0034736593907056,0.0029764796571926,0.0026307646074696,0.0025069205918895,0.0026681036956024,0.0022021280119873,0.0025835179419414,0.0024745453781982,0.0027864419484541
b1634,dtpA,dtpA,8.96669813512988e-07,0.0002358472917706,8.13162187271335e-07,8.22451475653394e-07,8.6209140150113e-07,8.10455161913984e-07,8.19240578967406e-07,6.84082733781431e-07,9.28926201064307e-07,7.10539951230087e-07,7.67157784781622e-07
b1635,gstA,gst,0.0259762202966755,0.0156405378999292,0.0320316948620651,0.0298284770545779,0.025483190286385,0.0233128115385791,0.0297896267122481,0.0330584042755842,0.021971551064135,0.0324604267175925,0.0330612247871256
b1636,pdxY,pdxY,0.0044153945322275,0.0150385018007794,0.0048523761432794,0.001871096398202,0.0060017282770617,0.0031184204355796,0.0012273529799856,0.0005818890556315,0.0034192559239284,0.0027288063101596,0.0019872525012372
b1640,anmK,anmK,0.0035301151279277,0.0039825237651009,0.0051222679408405,0.0055171543080822,0.0051296507288978,0.0041577546910844,0.0041611309098728,0.0035259124906493,0.0046902307571548,0.0038664938164037,0.0046517152570958
b1641,slyB,slyB,0.365044186127996,0.44633444088499,0.297029655783138,0.357143202353154,0.283401986329845,0.26413257673924,0.280411735332575,0.232765555802517,0.346290013308839,0.258570415093112,0.329993191979707
b1642,slyA,slyA,0.0212865494231998,0.0212418223445142,0.0213464381671071,0.0181053759893531,0.0251743894739274,0.0209610482141698,0.0212415900627697,0.0137447282805856,0.0173354083118383,0.0188358424105538,0.0212991396100382
b1646,sodC,sodC,0.0101305734394873,0.0081966957698482,0.0155490621115297,0.0087230823227299,0.0070696341701274,0.0056972466494223,0.0085343535862422,0.0210850845554806,0.006937344271506,0.0078587292738916,0.0071464910544353
b1647,ydhF,ydhF,0.0165339465364565,0.0267079281794001,0.0276988263163274,0.0160567578741814,0.0135224604037046,0.0127144126200982,0.0174223624138038,0.0192958524861856,0.0179197179340508,0.0295423836711042,0.0152182618538361
b1649,nemR,nemR,0.0001142652030946,0.0007997634277922,0.0001651226880898,0.000139169722606,,9.67863752019459e-05,,4.3318522359549e-05,,6.41797069194138e-06,4.85822083813825e-06
b1650,nemA,nemA,0.0065039733512528,0.012864562429976,0.0050144037332506,0.0057284967038385,0.0057894658482143,0.0035107591896163,0.0025074324093915,0.0013766675234225,0.0039539983940355,0.00357965138723,0.0036624729017623
b1651,gloA,gloA,0.0486286091401609,0.0476097958602449,0.035405806634957,0.0602381473083874,0.0462147345779163,0.0443361208348781,0.0399394985398043,0.03197878408451,0.0586047217597934,0.0297880150309747,0.0391115677632355
b1655,mepH,ydhO,1.56550102804903e-05,0.0,0.0,2.94604552054858e-06,,2.57981599582671e-05,,5.57045444037988e-05,,1.62342318278966e-05,5.88877420010641e-05
b1664,ydhQ,ydhQ,0.0060437367305611,0.0226492074298324,0.0059477196924815,0.0065871199541014,0.0100879850792562,0.0053680127302192,0.0046352834928804,0.003346238789426,0.0060919222752291,0.0048683447357625,0.0053281690057582
b1667,ydhR,ydhR,0.0544690442192356,0.0387112441451867,0.0696212833322117,0.0586981327497922,0.0736799528404385,0.0534681911590332,0.0553549038993658,0.048635067282429,0.0497870171185291,0.0520045168279621,0.0491721330864358
b1668,ydhS,ydhS,0.0042563716802419,0.0032641044882953,0.0053989327790643,0.0052392878989392,0.0028744837661782,0.0029182779335597,0.0034449480755783,0.0051438245472604,0.0020830177979697,0.0081126762355248,0.0032501182182044
b1675,fumD,ydhZ,0.0009696139893691,0.0011663583854987,0.0005886624029378,0.0005940000929319,0.0006195435376455,0.0004094544748547,0.0005749969453451,0.0003397699371381,0.0004232555579359,0.0002741300622723,0.0003239001466445
b1678,ldtE,ynhG,0.0308983978419824,0.0224136415507795,0.036581390112489,0.0147329710422353,0.0209550128117662,0.0161408001378108,0.0190815525773483,0.0216062112217614,0.0212180385817004,0.0172869673616267,0.0111685116048119
b1679,sufE,sufE,0.0001228970411641,2.16508798038359e-05,0.0003153217887859,0.0001943635166667,0.0005064139484672,0.0003588183613364,0.0014052342366463,0.0002764502831523,0.0003429151115132,0.0002531840744099,0.0001729235032074
b1680,sufS,sufS,0.0374267670926348,0.0130600750998818,0.0257711238030861,0.0270555207988563,0.0516491300031386,0.0181708930059555,0.0277636722753738,0.0253068196305837,0.0240646606594008,0.0304448077907576,0.0309183547316553
b1681,sufD,sufD,0.0195527569167447,0.0119703854520923,0.0152010272904736,0.0170403764414863,0.0411194939133579,0.0149765771913213,0.0192826131266233,0.0140030403397818,0.0189390715427352,0.0149047090192704,0.0181996070103227
b1682,sufC,sufC,0.0287065301014334,0.0136193410056936,0.0241005920597793,0.0242213960450758,0.0474714725143493,0.0206376258876679,0.0275771743088046,0.0238318692882974,0.0293196601164422,0.0180379453961846,0.0283354329565326
b1683,sufB,sufB,0.0241718425758,0.020364489499555,0.0315607357554063,0.0231869012998139,0.0493364502308455,0.0223593755268205,0.0280850788426446,0.0402035828384966,0.0282520876008153,0.0195376774389377,0.0248052223158637
b1685,ydiH,ydiH,0.0068470939150623,0.0032611145183266,0.004386054072403,0.0024076415799795,0.0096246078541738,0.0027747836383437,0.0040609685677791,0.0025926069758122,0.0030262991572108,0.0064891235477981,0.0030041003068419
b1686,menI,ydiI,0.0077567759349213,0.0057047387951155,0.0054301720135628,0.00661487261,0.0068041184924607,0.0053932224024796,0.0060544947210442,0.0045511501227644,0.0072444902041407,0.005744806637522,0.0068807058757444
b1687,ydiJ,ydiJ,0.0434225278739332,0.0234417295039168,0.0441744719582904,0.0470437983611576,0.0399161368737497,0.0546362636737043,0.0383458437397026,0.0285587030398069,0.0613162305407978,0.0392667966294243,0.0469359583089445
b1706,selO,ydiU,0.0062991132150961,0.0079378285125325,0.0047197118639473,0.0060814728620073,,0.0044276795875511,,0.0027225505795939,,0.0027091761430115,0.0030297155690879
b1722,ydiY,ydiY,0.0001129526566423,0.001991116365143,0.0001517453692749,0.0002056104542302,,1.813171845379e-06,,3.14091699540656e-05,,2.54132607927123e-06,2.10347714925764e-05
b1724,ydiZ,ydiZ,0.0022420464546921,0.0002641534789403,0.0015883837259558,0.0016515928449463,0.0005622177284196,0.0004223515776068,0.0009069750284594,0.0008934672917209,0.000504542486264,0.0042683103524224,0.0016684103992207
b1725,yniA,yniA,0.0104597730236676,0.0158483215921372,0.0179276473841351,0.0178340498404868,0.0104110916843946,0.0187385913936632,0.0224263782646097,0.0250066475771852,0.0103170258966938,0.0196265794283732,0.0157955102379446
b1727,hxpB,yniC,0.0209425741333399,0.0357171519126507,0.0190226597768372,0.0172986900668635,0.0172466778036059,0.0159622002305561,0.0155983806656314,0.0098415264087223,0.019394549435548,0.0146100050553214,0.0194474863669475
b1729,tcyP,ydjN,0.179976712302203,0.078347719851131,0.130166449668559,0.0794512633363984,0.150585505488634,0.103471380157779,0.0903999683609887,0.065464106223627,0.171977526853474,0.0588359884045293,0.111599821189116
b1731,cedA,cedA,0.0012411723554589,0.003642091349904,0.0017934967630743,0.0007942001393227,,0.0009859275546679,,0.0003368668516074,,0.0006571737721326,0.000822015726918
b1743,spy,spy,0.0127898703623686,0.013392757374714,0.022967566896602,0.0187763521158284,0.0106925580227182,0.0160935624302213,0.0167110601437446,0.0229633508822289,0.0188081446438917,0.0242734400656797,0.0260260434555907
b1746,astD,astD,0.0004722018441632,0.0008755310705626,0.0005945457653699,0.0004147822002488,5.14159626832467e-05,0.0006498902038094,0.0005465387808172,0.0003751678075686,0.0006171417158295,0.0004939470235233,0.0003030147305477
b1748,astC,astC,0.0032066807776799,0.0162333925631887,0.0102124408011129,0.0041520979057594,0.0041193633929084,0.0097220973045044,0.0094909702552948,0.0099502411515514,0.0037513326840945,0.005694100544852,0.0046784503087382
b1751,ydjY,ydjY,5.36398741933772e-05,5.96566131230582e-05,5.53549925716732e-05,8.32207428172993e-05,8.85106774009263e-05,8.25818449525739e-05,8.72839309029873e-05,2.70359048474414e-05,0.0001186901258792,0.0001112132297483,0.0001418309602255
b1754,ynjB,ynjB,0.001203223953446,0.0010289243195813,0.0009079518771214,0.0009210731570024,0.0005746121407358,0.000707423663798,0.0007990670100532,0.0006951102121146,0.0009264697771108,0.0008213489402038,0.0008762378458095
b1757,ynjE,ynjE,0.0013425386448017,0.0010975324752031,0.0033034747043417,0.0020395569867769,0.0011543573234844,0.0032583419831998,0.0036894977531886,0.0032468679222569,0.0018559328377899,0.0032324297075037,0.0023251083501656
b1759,nudG,nudG,0.0067692152248112,0.0102647257408791,0.0095578791051325,0.006167947879082,,0.0074692163900313,,0.0040102389507999,,0.0045953144213398,0.0046828117675908
b1760,ynjH,ynjH,0.0022941862086786,0.0058290307653633,0.0019775944826583,0.0018919377090835,,0.0017637584510341,,0.0014210883209164,,0.0015058420989543,0.0020210284769006
b1770,ydjF,ydjF,0.0010624249084629,0.0031972453276217,0.0013383065810558,0.0009798363431989,0.0009596835297078,0.0013926988041459,0.0013317999243176,0.0008624284194238,0.0011106816333616,0.0013932479744597,0.0017816899171221
b1777,yeaC,yeaC,0.0013468400830593,0.003893412812294,0.0009523461463343,0.0012074925089872,0.0012125888338199,0.0007599923817936,0.0007531282338353,0.0005561353238879,0.0013951412727025,0.0006241810395433,0.0008576530228621
b1780,yeaD,yeaD,0.117121921677801,0.13123887542796,0.109243148662202,0.112574438228865,0.105291215518798,0.0914869727247931,0.0937728111730825,0.0600761859486181,0.192971291267863,0.0807629770203878,0.0745217992639214
b1781,yeaE,yeaE,0.0015267229148564,0.0022340186127916,0.0018866089959231,0.0013773001401199,,0.0018122320127883,,0.0011852744773063,,0.0018323969742995,0.0012319360474981
b1782,mipA,mipA,0.153599705385727,0.315685384483393,0.114046869303826,0.10841448763882,0.106630771446399,0.120196417723373,0.101670445804371,0.062027041553216,0.111888627992109,0.0869903188491828,0.0915631914812544
b1783,yeaG,yeaG,0.0640857073951926,0.0583576519365731,0.08740122212652,0.0870915094014777,0.0531217274591606,0.0684613005515775,0.0913916853688975,0.142120474400112,0.0671756638037356,0.085463660766731,0.061147959575154
b1784,yeaH,yeaH,0.0016665083848385,0.0023412199446677,0.0030651666244598,0.0026842432565339,0.0013254689282088,0.0022048121928992,0.0037754822191098,0.0046355006634426,0.0015162327916871,0.0037808746302942,0.0011692810080108
b1786,dgcJ,yeaJ,9.22720953991574e-05,0.0001478773054532,0.0002705731893879,7.86617587427054e-05,6.83042991917068e-05,2.55146995859959e-05,0.0001086838324349,0.0002473028015922,5.31833169785771e-07,0.000275642136332,0.0001274682045779
b1787,yeaK,yeaK,0.0129694426895108,0.0166175813420424,0.0089091430655768,0.0114630703940041,0.0163974009328212,0.008247206155564,0.0085564927239281,0.0099900173758484,0.0124773700645924,0.0120010084381706,0.0114927576974131
b1792,yeaO,yeaO,0.0048935354609645,0.0043862912484124,0.0064878460541316,0.0034356939879951,0.0057446219079522,0.0024688150902191,0.0046210098219327,0.0038948659842958,0.0031176755216135,0.0072628389980807,0.0045743773622951
b1793,yoaF,yoaF,9.46145300069502e-05,1.97798405008889e-05,0.0002143178217933,5.53994002833994e-05,,0.0,,3.36577419732436e-05,,2.44019565244879e-05,4.16634509343766e-07
b1794,dgcP,yeaP,0.0001635319556415,0.0003665927660446,0.0001121310523095,0.0001253653810932,,0.0001023193867181,,1.3119686524431e-05,,1.90892597036744e-05,1.02271315413683e-05
b1797,yeaR,yeaR,4.19964039286091e-05,0.0001623604690936,4.94604169710923e-05,6.16289744807993e-05,0.0001874778103816,5.74808011032116e-05,4.74483058173313e-05,3.75326019063731e-05,3.50808561499387e-05,5.44662095090323e-05,6.46492718787041e-05
b1806,yeaY,yeaY,0.0025481723413892,0.0037455848990737,0.0026614311152873,0.0020679823529265,0.0020656344312019,0.0021226182692016,0.002484335063233,0.0056059577530323,0.0026707281470561,0.0017636421165571,0.0031888738338885
b1807,tsaB,yeaZ,0.004389783818386,0.009150173055378,0.0024307534603214,0.001852527465615,0.0022547992141488,0.001142603228236,0.0010040587450026,0.0007706349093361,0.0017220550821264,0.0026171146185119,0.002167061375111
b1809,yoaB,yoaB,0.0383857519467693,0.036510901302055,0.0329074487406716,0.0312357841003093,0.0369246437950086,0.03345653265847,0.0340095165569937,0.029178635545926,0.0452254837525517,0.0285538551087668,0.0285282907123172
b1810,yoaC,yoaC,0.0001338426933704,0.0005227671573749,0.000517680133054,0.0002748548925703,4.66005438125443e-05,0.0001163465974365,0.0001436439635999,7.71191420539563e-05,8.67068355741928e-05,0.0001255387223914,9.38144257692237e-05
b1811,yoaH,yoaH,0.000913395470285,0.0006213983067105,0.0007538039929138,0.0009703684165723,,0.0007421883919918,,0.0003630978924373,,0.0006758907729504,0.0005089211719818
b1816,yoaE,yoaE,0.0043633940490558,0.0026059794568555,0.0066277432244071,0.0074255423559035,0.0053569764476899,0.0068802331637792,0.0078012911782447,0.0066707254793533,0.0066474702525851,0.0045575853334479,0.0077570714423799
b1825,yebO,yebO,0.0078797525999897,0.0062621163324446,0.0022446403949479,0.0018843672556093,0.0043967578399867,0.0020600106025988,0.0015091565792677,0.0006507061870203,0.0048089333928346,0.0006064961746562,0.0012207713519121
b1827,kdgR,kdgR,0.0272021944386748,0.0431267890520712,0.0330408565613116,0.0280851450343813,0.030115460447141,0.033144392346996,0.0319065387423243,0.0284660964325091,0.0353850280444852,0.022103014208675,0.0272456642460044
b1832,msrC,yebR,0.0315643037289771,0.0354469204331994,0.0312384744128437,0.0322172782711617,0.0481098988837864,0.0353736218507788,0.0320409610373894,0.0374994905324288,0.108463161604342,0.0268476567464374,0.0279349590520099
b1834,letB,yebT,0.0015988351903976,0.0030947801948033,0.0029004677719816,0.0015907395644928,0.0030944765732074,0.0026396962602403,0.0024567506599191,0.0019077703685946,0.0031148703608861,0.0021098324904006,0.0023744981807202
b1835,rsmF,rsmF,0.0037240430021752,0.0059810430998643,0.0045335085672435,0.0043305200161624,0.0026747774796207,0.0034647505614934,0.0054181775571172,0.002330985534276,0.0043822542603672,0.0071846752736806,0.0107549624219842
b1836,yebV,yebV,0.019843394319206,0.0111254666049088,0.0326992336971923,0.0258362750031195,0.0287590079182085,0.0197486097333994,0.0265391418119066,0.029825356032424,0.0213655658620933,0.0515254944972548,0.0290598641078696
b1839,yebY,yebY,0.0285706039055861,0.031166904797107,0.0093703645879887,0.0123148542527964,0.011087472117885,0.0102956413103805,0.0094898928893416,0.0060767272671037,0.0161746009772253,0.0100736197610959,0.0136058069298327
b1841,yobA,yobA,0.0039961238888616,0.0023640972163075,0.0006706777550975,0.0017409990599943,0.0021517284886922,0.0009393548120085,0.0019269326007245,0.000852763628703,0.0033327175960942,0.0026568705725293,0.0025014136240786
b1844,exoX,exoX,0.0006923642522168,0.0016618783001692,0.0008761075329032,0.0003998167746921,,0.000570751571098,,0.0002197304760367,,0.0007849949424903,6.86816508941027e-05
b1857,znuA,znuA,0.0242937449499809,0.0317498418822483,0.0058619210711905,0.0122433884168119,0.0094583482150364,0.0140824842216984,0.0077837910587672,0.0069592940387577,0.0136383120694879,0.0053434451805916,0.0074132737819614
b1858,znuC,znuC,0.0010204130739369,0.0026887289076058,0.0079755320522556,0.0002901136213085,,0.0002335657668771,,0.0002974578617905,,0.0003564377567638,9.62017407474654e-05
b1870,cmoA,cmoA,0.0256240827471616,0.0229918684753429,0.017487537951285,0.0183031156254976,0.020225903327013,0.0120571007763828,0.0132355265466896,0.0114476151565326,0.0148727640721656,0.0119922839483449,0.0124988773839577
b1871,cmoB,cmoB,0.0076591175997674,0.0241178467169797,0.0068870118059012,0.0061137835444546,0.0058462272840165,0.0062750002778501,0.0048711015209393,0.0031876927299876,0.0068913509158425,0.0036274215222232,0.0039913955783152
b1874,cutC,cutC,0.0034178720562909,0.0040651946329511,0.0025688059334171,0.002419043563201,0.0023898531934813,0.0025654755252238,0.0018398182390234,0.0015456603978162,0.0015338956921841,0.001802711229855,0.0023364665387252
b1875,yecM,yecM,0.0098847269410587,0.0123675473710216,0.0063372631079764,0.0081791230542931,0.0085274283185907,0.0065158459716033,0.0067563952934641,0.0053132600794552,0.0071014303595866,0.0056872549552361,0.0085323516081269
b1895,uspC,uspC,0.0067416267485246,0.0025661874354296,0.0035111074989942,0.0035111538407677,,0.0025378646859986,,0.0021169624338665,,0.0050293129676314,0.0144926899285525
b1902,ftnB,ftnB,5.98890827346588e-05,0.0001182663809471,4.70840332971846e-05,9.69649668213228e-07,,5.5371883999468e-05,,7.93450156018835e-06,,2.01246513776761e-05,4.67174976820967e-05
b1906,yecH,yecH,4.69974765336993e-05,4.62917554889564e-05,4.82212214034622e-05,5.30410456965972e-05,,4.4852335360368e-05,,2.51599770057884e-05,,8.85863633775856e-06,0.0001109298696054
b1918,tcyL,yecS,0.005424166021288,0.0018002629765855,0.0056081447350491,0.0045801700085474,0.0050487615016238,0.0032754403387915,0.0046888201334251,0.0030846616039733,0.0040080086984443,0.0028531518466999,0.0034472882007777
b1919,dcyD,dcyD,0.0575345303204051,0.0519730437074977,0.059182897142651,0.0459119281526612,0.0434737281636337,0.0390941862548227,0.0427650574321464,0.0397788027922908,0.0423841906935856,0.0371904548972059,0.0404094717370849
b1920,tcyJ,fliY,0.549114279729257,0.150880163774582,0.537766920868182,0.549072705729494,0.393756380347459,0.425079051187815,0.486314962402587,0.455947183735529,0.553752865716254,0.438971981845778,0.382469209995725
b1953,yodD,yodD,0.0011756462053751,0.0017583798898175,0.0011994192635687,0.0011237333369378,0.0015331307043564,0.0014878180406432,0.0010883093676893,0.0012842938089499,0.0008528754389223,0.0011286588555009,0.000610135081991
b1955,yedP,yedP,0.0019924062013041,0.0021163832357799,0.0048223791532007,0.0029061659249303,0.0020679133291476,0.002895757538882,0.0042913985637578,0.0070553548484109,0.0019153352034005,0.0037533087530752,0.0022504132327986
b1956,dgcQ,yedQ,0.0007007615448825,0.0012105707544326,0.0009784902364161,0.000645283359655,0.0010667075640585,0.0014085508534621,0.0011763559569022,0.0008329502253404,0.0021987811308487,0.0013428103314721,0.0006779012499065
b1957,yodC,yodC,0.0002467420152064,3.98673633348287e-05,0.0001024369955208,0.0003140942106747,,6.7400753593489e-05,,4.80794203395083e-05,,0.0002275175480044,3.91558060877488e-05
b1967,hchA,hchA,0.03248161802222,0.043878024857238,0.0537057426447428,0.0311238057517072,0.0213861057665713,0.0272845014566409,0.0371822336426469,0.0435657038593471,0.023905455116553,0.0629508224925615,0.0177854249073407
b1968,hprS,yedV,0.0005900854216626,6.84105819178239e-05,0.0002939265913049,0.0002510137383037,0.0003638943299343,0.0004875844996493,0.0005422145948827,0.0003233179386618,0.0010920653155888,0.0002285886197033,0.0002425252754923
b1969,hprR,yedW,0.0004059180062816,4.46257185949921e-05,0.0009669383327319,0.0002332875056384,,0.0006543212727667,,0.0001739894339469,,0.0002185095399818,0.0006887145572957
b1970,hiuH,hiuH,0.0097196435595507,0.0013921776015594,0.0019905417769451,0.0114307833361295,0.0033769213978681,0.0055634200436104,0.0140238083827753,0.0114410794962273,0.0103033565092203,0.0074069986851236,0.0039816528875077
b1971,msrP,yedY,0.0012302769935629,0.0002589376484138,0.0009919687163365,0.0016305025222725,0.000979824246816,0.0013825346367357,0.0012077374317693,0.0017983410576479,0.002076297609294,0.0008406535066871,0.0007445215526704
b1973,zinT,zinT,0.0011013163976882,0.0002430679911541,3.00176867381923e-05,8.29628212490216e-05,4.88074717150642e-07,4.56723250862769e-07,4.63630094287783e-07,7.46567003498001e-06,5.15654399835099e-07,2.57786345352706e-05,1.12934770615509e-05
b1976,mtfA,mtfA,0.0216335182893069,0.0396733224286644,0.0292335119881293,0.0340379094909479,0.0173303122083393,0.0502768668849258,0.0546350818702328,0.039134876447668,0.0285311490076366,0.0343732030519584,0.0351581565992003
b1981,shiA,shiA,0.0026994813717128,0.0003848759042672,0.0011674057867812,0.0012336605971736,0.0016461731084559,0.0009390281924755,0.0010815629273993,0.0008425407196236,0.0014277600852492,0.0001283189715483,0.0005586281335789
b1983,yeeN,yeeN,0.0899888457464502,0.202403433728219,0.0621369603021266,0.0487308713568034,0.0731269515103035,0.0398169405176489,0.0458090741374853,0.0281239182366818,0.0535084631401114,0.0438367390532954,0.0469403995087909
b1987,cbl,cbl,0.0025557928094302,0.0010886554162296,0.0004107633883381,0.0005445876690002,0.0013819693394876,0.0010500606717226,0.001302072109444,0.0004766827146027,0.0016222676406433,0.0002824323280401,0.0003132497057676
b1990,ldtA,erfK,0.0039546910461996,0.0042218537159595,0.0064199776538008,0.0052149939152461,0.0050321881585935,0.0051463491396932,0.0057175706735938,0.0087609009126976,0.0054639882156166,0.0062483279829728,0.0033657298437257
b2000,flu,flu,0.010540109987337,0.0182469024423899,0.025954183740316,0.0085327568778013,0.0108450240592622,0.0029220075175581,0.0173266012531775,0.030531790293371,0.0576550987822804,0.013136935544773,0.0084654224896658
b2007,tmaR,yeeX,0.429351803461951,0.320195752930496,0.318749713582773,0.350660264875272,0.529539345087109,0.228052291260321,0.344317204139071,0.258988488943291,0.543206238524377,0.217897650813435,0.208126130018434
b2016,yeeZ,yeeZ,0.0160909961008787,0.0121643216709026,0.0101890654545524,0.0106137473720954,0.0149611899681875,0.007466988593972,0.0123487369832755,0.0110624490815483,0.0134582771152751,0.009944223478601,0.0116994198814838
b2027,wzzB,wzzB,0.0990076282905034,0.140978032558755,0.0840911173910196,0.0785107825659324,0.0945808391932102,0.0875249586690684,0.0686388266314671,0.0645553223231379,0.0939145917178279,0.0509126457531767,0.0669795794223534
b2028,ugd,ugd,0.0007175423554162,0.0003163665596737,0.0011190263350495,0.0003599732820106,,0.0016392186471277,,0.0004040469950778,,0.0004015490365047,0.000408185135979
b2042,galF,galF,0.26487752031436,0.266250604829924,0.206042935264286,0.206218821043764,0.256456745035516,0.205556005695811,0.191341722229629,0.145264169583942,0.248078294021411,0.145758481512943,0.167781370373018
b2060,wzc,wzc,5.9372098319563e-07,0.0002721534333083,5.39723719036205e-07,5.44298132806244e-07,5.80148423889774e-07,5.38459678331482e-07,3.42591370533705e-06,4.56694070005239e-07,6.172313930328e-07,4.73059473056288e-07,5.29295961401058e-07
b2063,yegH,yegH,0.0021273505969762,0.002603867253995,0.002222211491724,0.0017458253455323,0.003803229936185,0.0010764517907394,0.0015223506450134,0.0007463187961977,0.0018611088090513,0.0012259296400022,0.0021023246473669
b2074,mdtA,mdtA,0.0093241603897703,0.0051968087910398,0.0080749483887824,0.0089457352575505,0.0098320179993972,0.0075627448083089,0.0087267584927603,0.0081591070425874,0.0106158995053018,0.0084084302602913,0.0062029834235372
b2075,mdtB,mdtB,8.18838993625315e-07,1.25206581882055e-06,0.0002192190157592,0.0002050255766623,1.41411559223073e-05,0.0001512993697926,0.0006627418335634,6.25035042836142e-07,0.0009765272381915,8.77008455268823e-05,0.0001143938979478
b2080,yegP,yegP,0.0076958663163793,0.0032802411377259,0.0107946135678065,0.0073105366790475,0.0061100870634216,0.0063176349150902,0.0091092933789634,0.0174081373901975,0.0057386942810488,0.0069514860945102,0.0053693990227745
b2081,trhP,yegQ,0.0224901633484522,0.0580534099697309,0.016820751972329,0.0143692598731737,0.0214309909299721,0.0163939973424955,0.0127588512038087,0.0069963759363034,0.0194440426364626,0.0143573189944726,0.0101983321519392
b2086,yegS,yegS,0.0022154632263128,0.0021816365542386,0.0040743674833169,0.0036755057386886,0.0042000745659655,0.0029982802760049,0.0036301422646823,0.0043555443523043,0.0025596650989615,0.0052609656325449,0.0024329876311499
b2095,gatZ,gatZ,0.110428953721281,0.962741222323641,0.514149511531427,0.225994441761759,0.199876814481364,0.454400460352882,0.284205888874781,0.547594165802942,0.340968734738671,0.919457610853101,0.492012949705043
b2097,fbaB,fbaB,0.136519758433708,0.074699998282492,0.214090285187514,0.213091027830797,0.175695544995072,0.23828723842154,0.271062175694867,0.285441612548143,0.157032185819404,0.267130442256755,0.207676421969492
b2101,yegW,yegW,0.0030337319026587,0.0031344768948383,0.0032398338741356,0.0018122594120794,,0.0031492036580794,,0.0016410660725465,,0.0019099577733562,0.0025327599717672
b2103,thiD,thiD,0.001324097293716,0.0067794428776053,0.000707701325849,0.0026618062046953,,0.0009761413109372,,0.0002750183554413,,0.0005446703633735,0.0011974373920415
b2105,rcnR,rcnR,0.0082909145098779,0.0021295087550568,0.0066242700465591,0.0066053281035549,0.0056617859963619,0.0048804436844986,0.0048662694813002,0.0047421259764641,0.0037576025315389,0.0056327350330129,0.0072973117238132
b2107,rcnB,yohN,0.0091809020122569,0.0182373304736448,0.0100968345550962,0.0090317444328552,0.0091090794857439,0.0081110793840394,0.0076182255982428,0.0080831712318784,0.0097074528457056,0.0075473118777321,0.0095815644951758
b2146,preT,yeiT,7.95415986139036e-05,0.00742780788263,6.11598014727492e-05,2.94625436718603e-05,6.54056452539949e-05,7.6105192657719e-05,7.17514672191897e-05,0.0001228149932024,8.13323195940674e-05,0.0001430978534744,0.0001027547565887
b2174,lpxT,yeiU,0.0007576431773541,0.0024625578151106,8.97047868251969e-05,0.0001638234627134,0.0007698497983577,0.0003314447060955,0.0003200557573139,0.0001839446027714,0.0010789764604018,5.58970218849928e-05,0.000177919273147
b2175,mepS,spr,0.062170864915487,0.0145355296264255,0.0207561166297543,0.0839671919569841,0.0142971740945412,0.123799440702341,0.0982782313246145,0.0657304420274348,0.0843462482524583,0.0533765236274856,0.112679658547197
b2176,pdeN,rtn,7.28246600944525e-05,3.47112049782586e-05,0.000434115978163,2.56832198616822e-05,4.16614724251992e-05,3.35339802079235e-05,5.27994664147473e-05,3.98473094927282e-05,2.50010210581986e-05,4.21926929519428e-05,0.0004500901170067
b2249,yfaY,yfaY,0.009418231371467,0.0134705789108586,0.0092626202560884,0.0066909570090107,0.0091839583735593,0.0051778900391747,0.0063406178281929,0.0061087650762539,0.0090984243764729,0.0052745155283545,0.0057384083219554
b2250,yfaZ,yfaZ,0.0001069413993037,5.92393620765622e-05,0.0001155036025303,9.38935328178198e-05,,0.0001353051618261,,2.63583459575854e-06,,3.22813438615169e-05,1.00972486583854e-06
b2251,nudI,nudI,0.0005657813567677,0.0022403468091249,0.0004410115443188,0.0001062322513596,,0.0002905496041971,,0.0001285326648479,,0.00022342082283,3.45622959005213e-05
b2253,arnB,arnB,0.0010438198518593,0.0009204682537548,0.0009390480131905,0.0012482420035854,0.0006408969559623,0.0005975028571438,0.0009313565113358,0.0007069083065078,0.0006828753020079,0.0009263746900221,0.0008581151248067
b2255,arnA,arnA,0.0007927107217409,0.0006944937514536,0.0003218118629538,0.0012678584862091,3.02343964148072e-05,7.85196904907676e-06,1.72125602144561e-05,3.6016976395522e-07,2.93037170541395e-06,0.0004264996448436,0.0010534597915307
b2259,pmrD,pmrD,5.9307306729323e-05,0.0005850973998618,0.0001443296001385,7.51292590145638e-05,7.63368572510088e-05,8.11335155203813e-05,5.88812941119185e-05,7.36848431831094e-05,4.28760040943311e-05,0.0006969705740752,2.06614192594811e-05
b2266,elaB,elaB,0.135911482411324,0.0547957951136999,0.174411623471429,0.153425505531638,0.115972986260664,0.126295820129392,0.162990268339435,0.232830354206227,0.0951498528182021,0.197982009837966,0.11657938079416
b2267,elaA,elaA,0.0040128033136585,0.0045848673955869,0.0043185079365427,0.002908901654098,0.0058489864930387,0.0027788677469741,0.0023511777217112,0.0018502729654329,0.0032009836385431,0.002117314965041,0.001933822299688
b2290,alaA,alaA,0.0075864704374494,0.0078914800006968,0.0074840091781817,0.0082679768776088,0.0040511227096823,0.0056435650401716,0.0047750573492614,0.0044777339823106,0.0047337865325831,0.0044959118329666,0.0053108028536707
b2291,yfbR,yfbR,0.0022077340614897,0.0023673961178535,0.0015520432045051,0.0017185565311026,0.000981693920291,0.0007180893516305,0.0011500437987907,0.0007282983678502,0.0012437966841554,0.0011504203078737,0.0014312596441357
b2293,hxpA,yfbT,0.046533745257441,0.0444688018795845,0.0371363496334034,0.0421959446224069,0.0359913443226238,0.0210041125643287,0.0374927092805631,0.024505452072794,0.03639813864513,0.0301697963810567,0.0305677494458537
b2294,yfbU,yfbU,0.0398911145829306,0.0449346673928648,0.0513376850090961,0.0571904525650752,0.0606688031856482,0.038333624648844,0.0428459259323277,0.0467831423766045,0.0578122623533302,0.0278049554202881,0.0341955338811043
b2299,yfcD,yfcD,0.0479466244648485,0.0990656037683914,0.0403563929278003,0.0406363843790572,0.0392751517319953,0.0293824755345051,0.0238572894640369,0.0293462854982903,0.034293660775285,0.0358176145127417,0.0393733996394777
b2300,yfcE,yfcE,0.0302465998976632,0.0436994093870166,0.0261582353361616,0.0194859628873226,0.0300650374358763,0.0195983863976188,0.0182755409110028,0.020033737154387,0.0224118511398605,0.0157100740026231,0.0203483039603367
b2301,yfcF,yfcF,0.0077051366996942,0.0029771726985464,0.0045663477872853,0.0046255758784914,0.0056277715755579,0.0036100118900939,0.0042862979282612,0.0044035906516866,0.0041511292169335,0.003396970276151,0.0029201969573165
b2302,yfcG,yfcG,0.0008264050173051,0.0014262456375541,0.0010628736037667,0.0010718824827013,0.0010014480503402,0.0011953539220175,0.0010940153845275,0.0017485397181376,0.0006784824074493,0.0013756181493997,0.0005443333103523
b2303,folX,folX,0.0275845630286506,0.0443231073376182,0.0274734848241835,0.0281077106170466,0.0353331827510016,0.0231205434970124,0.0233977274513685,0.0156248746264897,0.0320827958184335,0.0149376495171939,0.0195969906700026
b2304,yfcH,yfcH,0.0051590939667659,0.004885455496613,0.008368184354395,0.0060494279226671,0.0049147714495206,0.0059426552865508,0.0075000634866906,0.0120134086087058,0.0054662593428348,0.0079195410509853,0.0070025405589876
b2324,mnmC,mnmC,0.000816115238785,0.0014725495713125,0.0006707346415617,0.000369285781407,0.0004320880962735,0.0006487271428648,0.0001340402751386,0.0002625850702958,0.000219639167266,0.0004655105028699,0.0003385798961923
b2325,yfcL,yfcL,0.0074614302391907,0.014773382545856,0.0038143489456219,0.0032332066512163,0.0044634327782161,0.0031937719217788,0.0023313125127648,0.0023531231576379,0.0037292032986249,0.0034446153692142,0.0029366200273206
b2331,smrB,yfcN,0.0025886618250753,0.0024138400150826,0.0020605747361228,0.0020651646117126,0.002922529246184,0.0019279478336987,0.0017605242453346,0.0008672140782978,0.0021615901684855,0.0015199769637038,0.0021583080240466
b2335,yfcR,yfcR,0.003078266571169,0.0024612823197711,0.0021897610309563,0.0012656780473859,,0.0016176609684488,,0.0010949097920509,,0.0011767969385072,0.0053909701284101
b2340,sixA,sixA,0.0017519022010587,0.001389370692248,0.0015670887090354,0.0010533668046784,0.0011158103511679,0.0010975794189708,0.0009380278801789,0.0006538709253997,0.0010018984660206,0.0006539017061427,0.0011111339455219
b2341,fadJ,fadJ,0.0030926403942799,0.0111810272743109,0.0218624122314178,0.0044726154335869,0.0043228359396385,0.0055713737618516,0.0111284720271108,0.0047225176379118,0.0043003120148826,0.0123621536415467,0.0138239276500509
b2342,fadI,fadI,0.0017375929574461,0.0071068919017346,0.0050441898947753,0.0041657865739493,0.0038625425222021,0.0059848767367985,0.0077880226457698,0.0059079255328569,0.0071859257958277,0.0101286492632224,0.011812650864076
b2343,yfcZ,yfcZ,0.0328326981254301,0.0675305943323326,0.039722794630699,0.0351878590682216,0.0232299802060603,0.0378524454921602,0.041796175341682,0.0214473083900553,0.0347544747590081,0.0298541660642682,0.0333596361755353
b2346,mlaA,mlaA,0.0159792313556986,0.0333586538397692,0.0136885679711305,0.0114252489266115,0.0117659518082548,0.0100537495675126,0.0091200422643223,0.0080760230102168,0.0109403095543073,0.0073167988454805,0.0095584516412438
b2347,yfdC,yfdC,0.0006718340991986,0.0016408697173057,0.0015662155696925,0.0013757080766009,0.0006388056857316,0.0004821641123701,0.0014261100111389,0.0008840629699646,0.0008382200892583,0.0009054702767302,0.0004271676950261
b2351,yfdH,yfdH,0.0002012113431739,0.0002768571433316,0.0003050535182342,3.00005969580648e-05,1.862326624878e-05,5.03328421723289e-07,7.15197625835629e-06,4.27542882701755e-07,5.86335140661552e-07,4.65506680440054e-05,9.60963371040244e-05
b2352,yfdI,yfdI,0.0097069376637086,0.0265678609986498,0.00880453364612,0.0060141322074832,0.0049067383814008,0.0036384647108157,0.0035099409861915,0.0022397991104623,0.0068748948410614,0.003462746813419,0.0046573807014445
b2379,alaC,alaC,0.0071421967811822,0.008887404757323,0.0061612215838995,0.0059308156442207,0.0079431782208216,0.0060565045063032,0.0076005668407444,0.0059283603010075,0.0054774954034952,0.0072794759730058,0.0051802447885642
b2381,pyrR,ypdB,0.0007061871099344,0.0009129399010383,0.00108501304144,0.0006942952303459,0.0022062835333626,0.0011075974685991,0.0014025993379059,0.0011492862912716,0.0016309596963304,0.0005133554754564,0.0008007246663522
b2412,zipA,zipA,0.0630557824480245,0.0959970934957009,0.0702820855698064,0.0746401533090088,0.0934321761257674,0.0799669081315929,0.0734936916017701,0.0749536873942936,0.082678569682358,0.0748229889277929,0.0590740974330047
b2418,pdxK,pdxK,0.0026443322483925,0.0113619714744755,0.0077674780373904,0.0074021856314974,0.0088012784610593,0.0043273251468811,0.004081801122589,0.0042393049354764,0.0041171930487013,0.0075551888331342,0.0061771970367061
b2427,murR,murR,0.0002498504532038,0.0007114034507729,0.0002456074339365,7.71317216890343e-06,,0.0001222673235666,,7.30018209270818e-05,,0.0001310407772231,0.0062522460250031
b2428,murQ,murQ,0.0020172200254756,0.0215795723604348,0.0048820939174147,0.0055615203793104,0.0024450070902879,0.0047659425537543,0.0049668639448253,0.0033159365378055,0.003128923546116,0.0034483503596778,0.0035241908399675
b2430,yfeW,yfeW,0.0011385079098863,0.0033890477035667,0.0030952468976186,0.0014959109831185,,0.0028275220419503,,0.000876498900627,,0.0005506927625741,0.0012342168233374
b2431,yfeX,yfeX,0.0267939094410384,0.0601824137362762,0.0231700641399036,0.0290727332369592,0.0270515573991701,0.0212969313714488,0.0229932009512965,0.0171461514160273,0.0250171779642609,0.0233645016738615,0.0295903313434067
b2432,yfeY,yfeY,0.0019489995510419,0.0014513908311958,0.0010561159352471,0.001605222727864,1.71945754227632e-05,0.0019400512595341,0.0019084810624048,0.0017362969677075,0.0019459285827959,0.0009733827027756,0.0019566194952179
b2434,ypeA,ypeA,0.0022098413197924,0.0048325004242445,0.0022933394354107,0.0017489969779873,0.0032139664913635,0.0015321202319898,0.001760058628376,0.0011272226493931,0.0019298857189884,0.0015990178857627,0.0018716785307187
b2439,eutL,eutL,0.0036954663695981,0.0047444497660072,0.0032305472424467,0.0041736595680273,0.0041862371532574,0.002797445415578,0.003005632010879,0.004478224165128,0.0024194506723222,0.0035965354532492,0.0033675659767538
b2449,yffR,yffR,0.0012884226271772,0.001336964967029,0.0010833909664208,0.001298624214909,,0.0013219134235202,,0.0004761539529417,,0.0004378680313368,0.0035298797930107
b2450,yffS,yffS,0.0022830453182367,0.0048267424327182,0.0030523022286209,0.0024617986860279,0.0022519775224949,0.001945404075197,0.0022669620428512,0.0021803062637477,0.002472839218769,0.0019343461686328,0.0025219892339838
b2457,eutM,eutM,0.0002242115818871,0.0010442827807287,0.0004255632704252,0.0002720554579479,2.85558274347167e-05,0.0002410918678083,0.0001859163185256,1.33492029393156e-05,4.9921799569932e-05,0.000299635425258,0.0003457779571491
b2463,maeB,maeB,0.0641063350546925,0.338190575084511,0.179442526805331,0.15501811982648,0.132474721579817,0.198940368728848,0.218162801440024,0.134884178831799,0.170297935861695,0.205590753525219,0.171893173091143
b2473,ypfH,ypfH,0.0020998119768662,0.0015971684017226,0.0008414689162649,0.0016573020867222,0.0015808359988323,2.82977524762495e-05,0.0016544126765713,0.0009971271640519,8.16851531907721e-07,0.0017484280694172,0.0006981782419476
b2475,ypfJ,ypfJ,0.0065933814603258,0.0051545913505952,0.0088129115442651,0.0071128562121396,0.0075586727721749,0.0050094124936978,0.0037360064715173,0.0073173660389132,0.0041618775909139,0.0050831901247013,0.0052953615719339
b2494,bepA,yfgC,0.0157975215278679,0.0125049705469214,0.0156958032443933,0.0167392144133097,0.0212932169730306,0.020697720564558,0.0205164559941173,0.0249864289088845,0.0200441564765494,0.0153226801440348,0.0187818121696717
b2495,yfgD,yfgD,0.0498373582576563,0.0584924052227525,0.0332615491281696,0.0366093691485503,0.0500655803317528,0.0336500061070018,0.0373765306642103,0.02601131577656,0.0501401879679827,0.0236374386781876,0.0395084299556986
b2496,hda,hda,0.0004703123561688,0.0002946882702184,0.000693287758843,0.0005504309079233,,0.00059890357097,,0.0003299137982952,,0.0002076113576116,0.000675905208267
b2510,yfgJ,yfgJ,8.59018713359679e-05,0.0001435641042766,5.54144157830604e-05,0.0006081275262202,0.0001173681921453,3.60379018169947e-05,8.69512936270859e-05,3.713933944733e-05,7.06100338975737e-05,0.0006798101393259,0.0002576795748642
b2511,der,der,0.0243834869347083,0.0336787758984275,0.0165949474086788,0.0153407928440311,0.0171603046310147,0.0111747818100173,0.0149036889772928,0.011052161339119,0.0211998081805422,0.0166255038797009,0.0175948283082952
b2512,bamB,bamB,0.0668651738903003,0.116052927921095,0.0610635873058189,0.064293368448309,0.067027430781356,0.0558696757606351,0.0595604611588451,0.0491412250554678,0.062647217236612,0.0455831906926456,0.0770629372402154
b2513,yfgM,yfgM,0.0372544090080424,0.0573451076891435,0.0281173111017508,0.0266300808493393,0.0350013507719996,0.0244758272882343,0.0266633575252043,0.0184376322277721,0.0287331348487332,0.0182660832939347,0.0269814629580841
b2520,yfhM,yfhM,0.0086857158276958,0.0182059243076883,0.0172337032120149,0.0146773855092926,0.0122871294788726,0.0127223010621893,0.0147758125334621,0.0096007977407,0.0109345794098746,0.0160776644516878,0.0181893100837714
b2529,iscU,iscU,0.216462168855046,0.201271702413191,0.144028783186964,0.20672498271125,0.293343069081441,0.146608171900864,0.215485231516664,0.177649630448773,0.283439935801719,0.156411044241185,0.158318607188972
b2530,iscS,iscS,1.02340093797759,0.9541531414946,0.747941801502791,0.923131699663813,1.16410022086447,0.644336246743858,0.922337029261888,0.676369142913874,1.08755857178263,0.709007221990191,0.734782065035494
b2531,iscR,iscR,0.220930955072434,0.204856161286158,0.157593336863363,0.20360370855636,0.227381623381783,0.0993879766111889,0.197685400550384,0.0956848470300222,0.150085105879701,0.121663672155435,0.187092187257216
b2532,trmJ,trmJ,0.011572063639686,0.0189877986312792,0.0065878479196062,0.0060973661754647,0.0075817180471419,0.0067571152179212,0.0064429414174173,0.0046260596558826,0.0102844616807415,0.005917112236936,0.0078215921083474
b2545,yphC,yphC,0.0001463481859339,8.93448831560015e-05,0.0001903487054796,0.0001319400250078,,0.0002308885126491,,8.78046925800181e-05,,8.91449523814687e-05,0.0001107615556835
b2548,yphF,yphF,0.0013962097228867,0.0002101153944215,0.0008534002545592,0.0004132125559296,,0.0004819194198904,,0.0007048518385299,,0.0002459616845905,0.0003382186940916
b2571,rseB,rseB,0.0054129356660816,0.0059057297869291,0.0048199301922815,0.005016334585684,0.0055396840212224,0.0054919184202704,0.0046579284033016,0.0081651145949389,0.0062910295681364,0.0039215794158376,0.0053032745105466
b2584,patZ,yfiQ,0.002804360142981,0.0030842762553549,0.0054298387457914,0.0038498062674931,0.0026636037472271,0.0052325374786529,0.0069819937892464,0.0071536420446888,0.0032093491191043,0.0039715040810905,0.0071293131332778
b2595,bamD,bamD,0.0632983296086417,0.0972386531739229,0.0486932832179996,0.050103257876248,0.0504510409275203,0.0415757248948334,0.0428153722419123,0.0291794307504277,0.0535517111526407,0.0294709258643698,0.0646346410962731
b2618,yfjF,yfjF,0.0022656469480382,0.0024317920574386,0.0012977875526463,0.0015971781833759,0.0020701280291751,0.0019945907951047,0.0013798238306612,0.0013142908797583,0.0027131692167697,0.0015044660710465,0.0013070834356669
b2619,ratA,yfjG,0.0009593803454583,0.0071254754379991,0.0004411582535346,0.0003121310784038,,0.0002204672108835,,0.0001405488636956,,0.0001848286323282,0.0003306187842669
b2659,glaH,csiD,0.0034592057616844,0.0393959994438805,0.0128753498324321,0.0139753718534912,0.0027865453292582,0.0089758670918544,0.0084409734589286,0.0090639161620465,0.003548198164913,0.0155687981232687,0.0159508911966123
b2665,kbp,ygaU,0.049434744642268,0.0305206497013575,0.113427325278844,0.0810891865753115,0.0535716136041739,0.0811758601157219,0.110775529433823,0.160451604932053,0.0842517449371828,0.081608254352812,0.075889661279558
b2667,ygaV,ygaV,0.0025031550043588,0.0022991364609027,0.0012930180387512,0.0015501749146288,,0.0015633183631116,,0.0009370107144111,,0.0015366705672416,0.0010097230089239
b2668,ygaP,ygaP,0.0148902193325402,0.0348465822831948,0.011678335296517,0.0139064100753741,0.0153013399228581,0.0184049992642871,0.0202467248540454,0.0190387799164737,0.0234187806501829,0.0102592043862567,0.015549471843531
b2672,ygaM,ygaM,0.0101930009366579,0.0108162798933096,0.0127674259940464,0.0138450207268288,0.0093950695708369,0.0095141063882693,0.0128328789142236,0.0313552708529296,0.0092492913789604,0.0181853233397262,0.0087207400276571
b2673,nrdH,nrdH,0.0005065539922714,9.01621498910339e-05,0.0004366709065106,6.70264246017769e-05,,0.0003004184879036,,0.0001085355481574,,0.0001523006391533,8.27975983826902e-05
b2690,yqaB,yqaB,0.0054939931182027,0.0118711220930473,0.0025436511263032,0.0023676453765308,0.0008116722240016,0.00057426398338,0.0009005454384218,0.0004834445891252,0.0006380984069769,0.0018120149907985,0.0038553372761086
b2700,pncC,ygaD,0.0025289762706291,0.0044262716762504,0.0027986991613954,0.0035896945954049,0.0030410279417986,0.0024144321757581,0.0025802833851054,0.0031967935739944,0.0029392046967454,0.0026012973978699,0.0029789899926016
b2701,mltB,mltB,0.0021910821389721,0.0014548523574631,0.0020838601298681,0.0015505534553719,0.001492522710066,0.0017337184397185,0.0008904767725173,0.0014795547197965,0.0008532236209441,0.0009651186620836,0.0017949581327067
b2717,hycI,hycI,0.000306577513433,0.0002832391974178,0.0004000800871195,0.000489905693673,0.0005831287371907,0.000410514721776,0.0003635144196483,0.0005773144034626,0.0004379233352331,0.0003545289102386,0.0004739356808369
b2735,ygbI,ygbI,7.0623246118198e-05,0.0002725902831704,9.74340056768926e-05,0.0001536746726858,,8.65332609582668e-05,,6.7002039400801e-06,,7.55793737581125e-07,2.62938142583788e-05
b2739,ygbM,ygbM,0.0003535968865565,0.0002470483402518,9.83841928553616e-05,8.67231628801494e-05,,2.18714691936372e-05,,0.0002878410751547,,4.3453235613602e-05,4.0554133362759e-05
b2745,truD,truD,0.0151367888533781,0.0190589880924335,0.0081325778342004,0.0110099569154153,0.0107238813100885,0.0095112962835849,0.0103861656805421,0.0048501536187877,0.0111067420343585,0.0093300273811277,0.0104456675383969
b2747,ispD,ispD,0.0028712367826858,0.0059610599736643,0.0020946867745471,0.0021494927637523,0.0023251478611754,0.0012245707900945,0.001191164095425,0.0012744067667992,0.0017530687787927,0.0019895789903486,0.002282876093839
b2748,ftsB,ftsB,0.0005302705074915,0.0004620067963541,0.0002961188968483,0.0003487421302383,0.0006129892724811,0.0002239170896766,0.0002830012757072,0.0002731284500307,0.000528564332761,0.0002281576657024,0.0004946384728289
b2755,cas1,ygbT,0.0001172738850305,0.0002714380846746,0.0001096175469648,0.0001037588153169,4.65536460099282e-05,0.0003031643590778,0.0004510962668641,9.93155536976489e-05,0.0001098990273492,0.0001042369794355,0.0001114312075487
b2765,queD,queD,0.0064536975736017,0.01353119884364,0.0046736851626396,0.0048174138875289,0.003735410215808,0.0045815972952096,0.0033701256864961,0.0035806665633275,0.0060278394349173,0.0017409905884525,0.0040327119005818
b2777,queE,ygcF,0.007985087506292,0.0257218249402762,0.0044475748451714,0.0062392393752714,0.0065454887918779,0.0049400252587923,0.0053560623588594,0.0037236211380165,0.0083360087015742,0.0039300512005082,0.0049210939555203
b2787,gudD,gudD,7.48646542319577e-05,0.0001970929505189,8.19034615526041e-05,0.0001155286073424,0.0001126050820371,5.62169314987931e-05,6.30376963071808e-05,9.93718022045742e-05,0.000104188673664,6.00220229830543e-05,0.0001418720789643
b2790,yqcA,yqcA,0.0042239034647359,0.0074843457512263,0.0032837803827034,0.0036279433998928,0.0020343389406677,0.0008834076084083,0.0019170716925611,0.002267788926558,0.000964836731881,0.0048090969987369,0.0031632101677536
b2791,truC,truC,0.00246620279038,0.004310937645995,0.0012500050931226,0.0012063881770307,,0.0021545695201916,,0.0007777971393835,,0.0004418810352419,0.0007555797858104
b2792,yqcC,yqcC,0.0029128306691509,0.0074648899677001,0.0014450086882815,0.0018614031446088,0.0024089366616446,0.0024346637261467,0.0020953673476528,0.0012166806575878,0.0020559005138933,0.0016469291048343,0.0016475706133792
b2793,syd,syd,0.0026447361346409,0.0054037531841032,0.0021327841116389,0.002091368159482,7.79960032419406e-07,0.0001231310304119,0.0010239133962669,4.94161650918531e-07,0.0025507102305378,0.0014284381996101,0.0020507213794473
b2794,queF,queF,0.003182530057978,0.0049822668263344,0.0031181455676083,0.0034353891422193,0.0024651598703391,0.0026685138785723,0.0019911617759606,0.0016871646094459,0.0038392960397237,0.0015241155592355,0.0027682974715897
b2809,ygdI,ygdI,0.0195746625093888,0.0079308040586191,0.0282354331978107,0.0237264992726114,0.0087725610180057,0.0175312712875829,0.0218133570383206,0.0267683765036052,0.0128262931491768,0.0168253714156461,0.0244798488347763
b2810,csdA,csdA,0.0008766903120594,0.0018004031764564,0.0002893381048768,0.0002937191937728,0.000670505558144,0.000346969074826,0.0003764893687717,0.0003848237650621,0.0003582344553834,0.0001672888631623,0.0002355951090128
b2811,csdE,csdE,0.0051705250780327,0.0058596976403808,0.0053045077888395,0.0045601857991847,0.0063824751912332,0.0039357286341248,0.0039741852342711,0.0040243457202531,0.0050588156861312,0.0033988483837165,0.0036007602787635
b2812,tcdA,ygdL,0.0022618488018547,0.0066443180966007,0.0030075451414623,0.0018488835365225,,0.0015186742006903,,0.0011520760290037,,0.001911820073647,0.0021741910403918
b2813,mltA,mltA,0.0016420229460146,0.0025549386401067,0.0009265842250844,0.0010989220564674,0.0033381766186169,0.0021838752902892,0.0025361577056915,0.0018001586643766,0.0018360928226814,0.0008629278916805,0.0011965754737084
b2817,amiC,amiC,5.50600134642085e-07,6.17943133732253e-05,5.00496831404885e-07,5.03260998879844e-07,5.36768506940526e-07,7.09386860410871e-07,6.49042207392855e-07,4.18042549148899e-07,5.81953594460095e-07,5.10347424000448e-06,1.90154246032391e-06
b2830,rppH,rppH,0.0018105707151429,0.000313399612385,0.0011968804241073,0.0011344557542834,,0.0010019140747307,,0.0006357877733011,,0.0006979390209497,0.0004792717903478
b2833,ygdR,ygdR,5.79676744422403e-05,9.61156542122096e-07,0.001834611477412,0.0011406522235205,4.27945813979569e-05,2.77709201614136e-06,0.0001002153771573,4.9933144826742e-05,0.0001334670219202,0.0006660849426959,0.0013494006361925
b2834,tas,tas,0.0155026011564947,0.0154067417177059,0.0134417010153906,0.0140793923835261,0.0116453795070302,0.0071094095656372,0.0105395413304987,0.0112834274762365,0.0121228050434984,0.0093109435026265,0.009209547362404
b2843,kduI,kduI,0.0009683537621971,0.0016347517283664,0.0008155562627162,7.69401627001162e-05,,0.0003345417641016,,0.0003483672625935,,5.39679607186366e-05,0.0001210935684094
b2844,yqeF,yqeF,0.0013044132280406,0.0076698156910024,0.0039601773342312,0.0032249674794456,0.0011350956842062,0.0063376495331553,0.0044762686528417,0.0054685184784302,0.0027691205563579,0.0031627733119402,0.0031967630059766
b2845,yqeG,yqeG,1.0905498463372e-06,1.6966976632755e-06,1.00374666980257e-06,1.02261792845354e-06,3.00963761202907e-05,9.95365554633345e-07,1.02641288853191e-06,8.51335499921583e-07,1.14247143254228e-06,8.88977629712526e-07,9.55550610435844e-07
b2865,actS,ygeR,0.0001008653425741,0.0002136747109812,8.39780224579855e-05,9.52166200581236e-05,8.57841533575283e-05,7.93487295942044e-05,7.1520660428037e-05,6.81689017759308e-05,7.35059341074719e-05,7.7414215760824e-05,8.17773946761471e-05
b2867,xdhB,xdhB,0.0004738274461512,6.37323931560123e-05,0.0002661054224668,0.000135848344795,,0.0002601027607681,,0.0001079856624299,,4.83653527745039e-05,0.0001818310786412
b2868,xdhC,xdhC,5.55958163611056e-05,0.0002347968095347,5.03428053304825e-05,0.0003620552871733,,4.65017209107886e-05,,2.32365351205746e-05,,5.54730556629784e-06,4.16765657837742e-05
b2869,ygeV,ygeV,6.547065436555e-07,0.0023038931545082,0.0001255215333306,8.76005033241792e-05,6.58887880460694e-07,0.0001775091334403,0.0001684644698153,3.42334596957134e-05,1.79723351398803e-05,0.0002118903955716,0.0002469588123924
b2870,ygeW,ygeW,0.0003558587572363,0.0002883894159072,0.000441018304831,0.0002521305190374,,0.0001437894832966,,0.0001464372806756,,9.27304082069228e-05,0.0004506201845034
b2872,ygeY,ygeY,0.0007435271601487,0.0005729595433652,0.0005348585568984,0.0005641298038767,,0.0005761219275696,,0.000254370420132,,0.0004349457763936,0.0003260732923635
b2877,mocA,ygfJ,0.0015752377058962,0.0006320771767066,0.000346047427925,0.0003666655725163,,0.0002818039091119,,0.0003836445511286,,0.0004507443280041,0.000291136184247
b2883,guaD,guaD,0.0004479419757821,0.0003385754672934,0.0003886074256459,0.0005072486496269,,0.0002064843892193,,0.0002857257936064,,0.0001406985121519,8.49333196084992e-05
b2889,idi,idi,0.0005700597896013,0.0010991566292172,0.0004565155696553,0.0006300335277276,0.0002778319520729,0.0005443589300086,0.0003925360796718,0.0021069726125248,0.00053803200755,0.0011608181647105,0.0003472106633092
b2897,sdhE,ygfY,0.0033204233671565,0.0023575335442248,0.0096787182174389,0.0040377802347593,,0.0112609829071372,,0.0025578393841961,,0.0032161176897614,0.0057500525089673
b2898,ygfZ,ygfZ,0.0963911133652013,0.147078444397391,0.106335170605586,0.12092500095685,0.118825129882421,0.109996089850896,0.105592276506649,0.0990949751176786,0.124617258477398,0.0975000575805928,0.10712655024236
b2900,yqfB,yqfB,0.0138025077811821,0.021101147620855,0.0180008344705671,0.017557081343222,0.0175841181335219,0.0154643206637326,0.017181799990278,0.0129213662344439,0.016244942585583,0.0210853677165423,0.0214824662802998
b2902,ygfF,ygfF,0.0007627968986818,0.0007360447725466,0.0003262646724044,0.0005253365390706,,0.0003695863168913,,0.0001625059369201,,0.000481153411113,0.0001729556512215
b2948,yqgE,yqgE,0.014054984645145,0.0151289562058255,0.0100235812355908,0.0102431477196748,0.0085251891408062,0.0090623308141253,0.0083982690092665,0.0060813556135121,0.0135522846031653,0.006367618829223,0.0090488963465023
b2949,yqgF,yqgF,0.0017731021093585,0.0034339715823323,0.0017525360134144,0.0015696762542978,0.0018689943915318,0.0014011331710879,0.0014275056247225,0.0012931718761353,0.0018129569796082,0.0010133355670698,0.0014096077802898
b2951,yggS,yggS,0.0088868335257692,0.0126894401983645,0.0071870386743424,0.0082097886568388,0.0080145158148645,0.0058268497492103,0.0062228313385484,0.0046970664371348,0.0064517919141394,0.0054507275262613,0.0075389815781935
b2952,yggT,yggT,0.007450151371019,0.0098139108648024,0.007149649594827,0.0083800261777751,0.0093293910909744,0.0062416725339979,0.0088019808438019,0.0047795695390871,0.0124750268412287,0.004728489754383,0.0095320526116009
b2953,yggU,yggU,0.0007918109789946,0.0009771600374847,0.00057768419412,0.0003891491791811,0.0012266555374917,0.0007248302914107,0.00062826232881,0.0007258756379552,0.0011407887623694,0.0003940905346435,0.0006551059384982
b2954,rdgB,rdgB,0.0236103827167861,0.0371036466654799,0.0164519285056033,0.0164335806346396,0.0131246352117512,0.015473982055424,0.0167818349705497,0.0095869462814633,0.0162752007575119,0.0111886500687808,0.0158958516061557
b2955,hemW,yggW,0.0001025593147989,0.0001474540389857,5.98466060638416e-05,8.02558296031434e-05,6.9926663268695e-06,1.30141596329685e-05,2.486319239943e-06,4.35599959179559e-05,2.88490432509363e-05,4.52565621491105e-05,6.92565130108583e-05
b2962,yggX,yggX,0.0625263699424835,0.0770551139576826,0.0588525221477908,0.0506093913341013,0.0728354431166177,0.0414164460284514,0.0461548783236871,0.0458375889876215,0.0617025784894653,0.0292739782242314,0.0482543954450782
b2963,mltC,mltC,2.41843354839731e-05,7.12794196368531e-05,9.00087854976515e-05,9.47815524838242e-05,0.0021623430305897,0.0022215986743915,0.0020036468516418,0.0019372866833537,0.002609104311849,5.6046525450413e-05,5.14344392850711e-05
b2975,glcA,glcA,9.88960497211499e-05,0.0009095061034366,0.0028970587307241,0.0007178836754192,0.0003239468718709,0.0007009078534826,0.0018731308357787,0.0026672280320295,8.82965637148492e-05,0.0039322294769612,0.0001732795107022
b2977,glcG,glcG,0.0033769729547931,0.0104748095431592,0.0117173843891328,0.0067198574733831,0.0013771204419284,0.0058251115213174,0.0070473496129016,0.0101001731131367,0.0029191641855312,0.0466644216053195,0.0028330158296353
b4468,glcE,glcE,5.43641004756227e-07,0.0001921101260399,4.40798234748091e-06,5.03189150331334e-07,5.34091490627099e-07,4.95001212608394e-07,5.07325741097291e-07,4.18380123360602e-07,5.62088620194458e-07,0.0014402962054958,4.74770599132962e-07
b2979,glcD,glcD,0.0029874499664445,0.0086688422722359,0.001362634149649,0.0020695702521583,0.003370979290003,0.0035169374766393,0.0036817789937872,0.0020369506974041,0.0041940496726044,0.0042651824983317,0.0010538307005842
b2980,glcC,glcC,0.0008851987918762,0.0044788167140357,0.0024638896187859,0.0010726856935994,0.0025294514060517,0.0024812091061074,0.001998990666629,0.0019239775860734,0.0006220138679879,0.002026228589587,0.0025756851135445
b2989,yghU,yghU,0.0413308569931971,0.0262090205282103,0.0505807272225646,0.055864021745701,0.0448508656954457,0.0516116501279219,0.051587494509369,0.0697611367272745,0.0385915827346048,0.0534623192707978,0.0489201623534527
b2998,yghW,yghW,1.32963218488683e-05,1.71068831389731e-05,3.892253446889e-06,3.43579578112064e-05,,3.50299229771745e-06,,5.13701034859032e-06,,4.48539391550335e-07,2.25162298172866e-06
b3001,gpr,gpr,0.0107709727992057,0.0254245809768849,0.024373163904143,0.021448778461912,0.0151480339113468,0.0366703835634735,0.0306512693613301,0.0372037316476158,0.0163957966314787,0.0534573892291244,0.0363499097163245
b3010,yqhC,yqhC,0.0033105725315638,4.58334696366185e-05,4.59528499105322e-05,2.66013220073191e-05,,6.18679806063991e-05,,1.09528095088854e-05,,1.16600296900368e-05,1.39610326868288e-05
b3011,yqhD,yqhD,0.0734482617859096,0.404704590928271,0.031905246962375,0.113269658392872,0.123747901224275,0.0185532511068988,0.0356949783668338,0.0245513924468392,0.187380072390103,0.0315990983504304,0.0319459288829452
b3012,dkgA,dkgA,0.0169083533297057,0.037902696222291,0.0229816176429412,0.0241642837299382,0.0215777097309023,0.0104847304789056,0.0106891328171049,0.0237677342289636,0.0202148143094817,0.0165739860072579,0.0135725152830931
b4469,ygiQ,ygiQ,1.38885628167064e-05,0.0012044366897774,8.1874885104655e-06,4.65128424342402e-05,,1.25845961908674e-05,,6.26815825456894e-06,,5.06772093990191e-06,2.47000347791596e-05
b3020,ygiS,ygiS,0.0047699406756725,0.007497998730751,0.0076752354444962,0.0075637408331904,,0.0124109930170615,,0.007108801389187,,0.0114243411219596,0.0096691147661438
b3021,mqsA,mqsA,0.0008365598059616,0.0044028910113302,0.000802103658375,0.0008257209444941,0.00075080630722,0.0006655856000992,0.0004785390302734,0.0014004060421931,0.0007475800591334,0.0005990427144859,0.0004734061675563
b3024,ygiW,ygiW,0.0387513680579458,0.0503172067188809,0.0624222888815116,0.0660322824482682,0.0387315244377576,0.0391967068365368,0.0509686488789578,0.0513241007074339,0.0375673494166991,0.039691683242531,0.0370343040044798
b3025,qseB,qseB,0.0028793777966873,0.011015304525593,0.0034168244941337,0.002463765538934,,0.0017574950467135,,0.0012372294020782,,0.0017077755192427,0.001102540081523
b3031,yqiA,yqiA,0.0008304148661857,0.0022296190809461,0.0016809896977288,0.0013226244248979,0.0018900530477871,0.001323822601066,0.0015435725473039,0.0016951216667566,0.0015671932372923,0.0016186724429119,0.0011416166869253
b3032,cpdA,cpdA,0.008727758524671,0.0103002914072934,0.0132570536237824,0.0109818486377133,0.0125806118605344,0.0100429291067794,0.0107399483140598,0.0122330708516247,0.0112460794445499,0.0087575719464229,0.0109537164913527
b3033,yqiB,yqiB,0.0003917997917054,0.0010365802867044,0.0002000695799006,0.0003875458308981,,0.0001319218755015,,3.98911970555317e-05,,5.86561162607285e-05,0.0001222608692572
b3042,ubiK,yqiC,0.0284004247503224,0.0302089341602092,0.0238250710437534,0.0245455393763588,0.0258669894862436,0.020068447047438,0.0195445943591325,0.0170168009394107,0.0236266898288527,0.0166307632475608,0.0190292882656193
b3052,hldE,hldE,0.0678927922518877,0.114215100960852,0.0523433973517559,0.0627493197053219,0.0710924465914797,0.0564574755656689,0.0635651742502547,0.0524677249512294,0.0697740860379268,0.0359058346523691,0.0599162385941837
b3070,nfeF,yqjH,0.0208253795609694,0.0237801420241695,0.0203826077083968,0.0201569785432743,0.0234555323727619,0.0210109235214481,0.0166345377988918,0.0166271702200308,0.0233120030530071,0.0198148184418645,0.0184154245144592
b3071,nfeR,yqjI,0.0032801881508975,0.0054452368048243,0.0026112593320926,0.0024764018901723,0.003925542245373,0.0021284226385428,0.0024933645369144,0.0015335966352405,0.002893931231239,0.0019954172316354,0.0020435444512534
b3073,patA,patA,0.0028165450974392,0.0026609478972847,0.002807197886912,0.0046197687379871,0.0035262413175554,0.0022756553979161,0.0024722389082186,0.0021043020856607,0.0028128119719406,0.0028918450749274,0.0018939157422236
b3084,rlmG,rlmG,4.63817918543808e-06,0.00083672419193,6.56357812631549e-05,0.000191641179924,0.0002779456202645,0.0001018408553565,4.05123328362191e-05,9.75596443405558e-05,0.0001178287721324,4.99931468570645e-05,1.79545637427332e-05
b3085,ygjP,ygjP,1.72868324438216e-05,1.09349462727163e-05,1.3713513750309e-05,9.42957505264386e-08,,3.57405071782944e-05,,7.40148647865222e-06,,0.0,1.96581698964582e-07
b3087,ygjR,ygjR,0.0111843695207601,0.0179375460569772,0.013395501840184,0.0149577972822428,0.0121532571161156,0.0144835225820407,0.0165670651550716,0.0170483672846484,0.0098421847094991,0.0142514139191719,0.0170553760201902
b3095,yqjA,yqjA,0.0015151110096644,0.0006899649543817,0.0004145653362775,0.0021681344057579,0.0015262106382508,0.001615599486994,0.0024084300524563,0.0008734138470079,0.0032313294631807,0.0007347367455131,0.0026151687502383
b3097,yqjC,yqjC,0.0116020571314106,0.0103900946792797,0.0095731016393254,0.0054193475211106,,0.0073829616068484,,0.0028688125386451,,0.0040857221834249,0.0048675539510138
b3098,yqjD,yqjD,0.172734522384616,0.141991268910637,0.215245494386797,0.284748008031445,0.218895158852807,0.218346081759117,0.261919351473731,0.391116515758433,0.196034127466792,0.188935341828524,0.166277428458489
b3099,yqjE,yqjE,0.0003043251686322,0.0006306006007576,0.0004182309810763,0.0004996247002246,9.44798335014634e-05,0.0001052416463271,0.0004871508415975,0.0002069955843361,0.0002656899167594,0.0003724550297349,0.0002628487040755
b3100,yqjK,yqjK,0.0,0.0,0.0,0.0,,0.0,,0.0,,0.0,0.0
b3102,yqjG,yqjG,0.0066439323992762,0.0072277191162541,0.0085095691723324,0.0055254361261093,0.0031857088095825,0.0047181785938852,0.0049609596847392,0.010224328483228,0.0031605084420456,0.008154029524946,0.0042462337765998
b3105,yhaJ,yhaJ,0.0002827840584921,0.0002705534848779,5.6429515220335e-05,0.0003123884449848,0.0002510182691266,0.000163490236909,0.0001605597851744,0.0001407818465,0.0003183976364507,0.0001510356219656,0.000169747127657
b3106,yhaK,yhaK,0.0014232211661947,0.0003310830879952,0.0007001319246996,0.0007722848559592,,0.0012678484558294,,0.000367754218485,,0.0008101689961281,0.0008118117391589
b4470,cyuA,yhaM,0.0005145136759967,0.0025945280893496,0.0004796475030969,0.0007155009536147,0.000482841432254,0.0006902589720554,0.0007498419918581,0.0004879230374982,0.0005680530496099,0.0003293465159787,0.0006948802466868
b3114,tdcE,tdcE,0.0043459428128845,0.0008756044743555,0.0006642212608676,0.0001530561259659,,0.0001531748579882,,0.0020251078190868,,2.64668346009123e-06,5.14636117289641e-06
b3130,yhaV,yhaV,0.0002228514552786,0.0002921543092701,0.0001526547760829,0.0001534443649036,,5.44904928752537e-05,,4.71909852445906e-05,,7.84400727844673e-05,5.75530269832758e-05
b3131,agaR,agaR,0.0014479666139708,0.0026196354201911,0.0012067170333855,0.0014536547589617,0.0014636111144805,0.0011926662164899,0.0018743788577179,0.0010827562873472,0.0016787355212749,0.0013979442851598,0.0013038505470601
b3132,kbaZ,kbaZ,0.000457941340099,0.0007117234972063,0.0002179437023978,0.0005025783518893,,0.0003780625496753,,9.21105011241858e-05,,5.51064537457584e-05,0.0001955790143842
b3133,agaV,agaV,0.0005084526956411,0.0017236622850772,0.0013800532594732,0.0013277178129182,0.000501130462373,0.0013480242947066,0.0017609031056377,0.001782179628081,0.0007325822179509,0.0005712169261296,0.0010627023727132
b3146,rsmI,rsmI,0.0198929255417665,0.0266485312937176,0.0140809558575847,0.0153172148368021,0.0156840064188633,0.0121372288871465,0.0139855496311849,0.0116336556255218,0.014720171113458,0.0126518763270587,0.0167485506904839
b3147,lpoA,lpoA,0.0591508905935224,0.0914386876981692,0.0559702925097734,0.0583465679802433,0.0477608190349711,0.0537205625072444,0.0486587302901208,0.0411070142532934,0.0544675681662234,0.0369411524083829,0.0581992169097836
b3150,dolP,yraP,0.0250368978356145,0.0435557117839376,0.027144495657809,0.026320620918746,0.0245561057054729,0.0183546731044105,0.0210065639024464,0.0211439666738423,0.020936365624766,0.0161822774178835,0.0271995064035102
b3151,yraQ,yraQ,0.0006246549754729,0.0002728657699856,0.0004278134973611,0.0005506431051449,0.0004351462064691,0.000606790134615,0.0005038596248462,0.0004235881414243,0.000882785886306,0.0003779100916604,0.0006801040328699
b3152,yraR,yraR,0.0003071936322322,0.0003400875319015,0.0003691300104876,0.0002945255462421,0.0004314494914817,0.0006832808595378,0.0004650107246825,0.000999038187669,0.0003529476033674,0.0003732780461035,0.0003209096464203
b3153,yhbO,yhbO,0.0089991933332813,0.0066922359850912,0.0096356492458484,0.0088861195281382,0.0091352679940523,0.0061027992126842,0.0092867075519494,0.0206318201428991,0.0064344066880869,0.0104965450717366,0.0076578370383844
b3156,yhbS,yhbS,0.0192919760350312,0.0359497066703081,0.0199336491948915,0.0215812707362426,0.0188876520869597,0.0171204958782115,0.028064187241464,0.0228069204728396,0.0178789571748076,0.0191365240030166,0.0257054513260871
b3157,ubiT,yhbT,0.0001892804969012,0.0024335365581344,0.000538949925798,0.0010735729106426,,0.0001639549535183,,0.0003794032525195,,8.92007766263613e-05,1.68602554575778e-05
b3160,yhbW,yhbW,0.0067973359433827,0.0083417108582028,0.003744748831193,0.0060053064360856,0.0027282757319215,0.0022529600759607,0.0030288495996719,0.001754637566739,0.0029730932374488,0.0033986043320159,0.0030566490004167
b3183,obgE,obgE,0.0299877419059578,0.0745129856256646,0.0198488793994418,0.0222390230701613,0.0213552945825097,0.023354836326338,0.0233684451494535,0.0213744683203993,0.0253837063716677,0.0208731926999216,0.0220455643220594
b3190,ibaG,yrbA,0.0078093441195677,0.0094805293261566,0.003914586624894,0.0044175600302902,0.0032301119511867,0.0036044054001813,0.0025303278665721,0.0031387809121129,0.004776030757391,0.0030812012568324,0.0040031668911129
b3191,mlaB,mlaB,0.0109926618012885,0.0199217142753571,0.0083279259012922,0.0106223957840307,0.0101085710415658,0.0087786907403704,0.0092758188523674,0.0070410291622507,0.0146074690480858,0.0060175457857704,0.0091750196574511
b3192,mlaC,mlaC,0.062281672205631,0.0865458169202042,0.0667515813688877,0.0616017238888641,0.0555974340545423,0.0537526689938223,0.0564557827790681,0.0611680178589788,0.0552707332470106,0.0318383299077427,0.0526340321826198
b3197,kdsD,kdsD,0.0048982275761681,0.0092663972725051,0.0037761313070779,0.0054165112331907,0.0035300713548214,0.0034031774300421,0.0036611329988711,0.002598220212621,0.0034325209187002,0.0037715850771949,0.0052713442472812
b3198,kdsC,kdsC,0.0067305438073106,0.0124401515054244,0.0052606134670621,0.0062853132361985,0.0109620045478608,0.0091294551032116,0.0058295033872851,0.0092285001888256,0.0088452483502536,0.0058834478141246,0.0055817792381103
b3199,lptC,lptC,0.0020876884823513,0.0032095671183244,0.0022012752205257,0.0020733024982529,0.0022642299170841,0.0027327932266995,0.0027942310778709,0.0029491711776796,0.0028252578683298,0.0020539618866707,0.0019578995299704
b3200,lptA,lptA,0.0361391587227048,0.0499164358280868,0.037717988152413,0.0362747273898447,0.0378118113150148,0.0332323333561906,0.0332656758395911,0.0392284700718466,0.035884559816472,0.0261506209108503,0.0348042146376976
b3207,yrbL,yrbL,0.0004685053924087,0.0018625187680713,0.0005406303360898,0.0003143819537613,0.0015401299630794,0.0008553573144181,0.000323839853424,0.0003241018648782,0.0010139401746897,0.0003270138187205,0.0008050642064897
b3208,mtgA,mtgA,8.84286710261114e-06,1.69096355937934e-05,1.75591594134853e-05,6.52777765482743e-05,,5.03899915896219e-05,,1.34299131733838e-05,,7.88949940492634e-06,0.0
b3221,nanQ,yhcH,0.003644708474248,0.0298645001440124,0.00457934942209,0.002954928686545,,0.002725117746267,,0.0023786480719187,,0.0029556012922518,0.0049533304779663
b3222,nanK,nanK,0.0003282804707992,0.0275566678764097,0.0004502183782085,0.0006003781436367,0.0002503943482757,0.0005749795327009,0.0009541561100308,0.0003238381433012,0.0011848454654562,0.0004563608659914,0.0007802148811003
b3223,nanE,nanE,0.0008843127759175,0.0348383731116342,0.0018753531950847,0.0020531038306699,0.0007562304264169,0.0017883838346255,0.0025627733301276,0.0019493426026787,0.0010158069753858,0.0010594807121508,0.0018940770685751
b3226,nanR,nanR,0.0057061267528173,0.00987565036641,0.0068471418172308,0.0045271540912819,0.0059671895099454,0.005393813060063,0.0063226726062878,0.0046287066595963,0.0058340120740353,0.0038376797595344,0.004983671466336
b3232,zapE,yhcM,0.002294748430537,0.0022262670955896,0.0023937120812451,0.0020107926581784,0.001176295786433,0.0021973702486586,0.0020185756617091,0.0011373283902458,0.0031164608619129,0.0012420846308041,0.001988144112437
b3233,zapG,yhcB,0.135002907745563,0.152504670169043,0.128402651304141,0.128139312202882,0.0824289591259122,0.0745506930450367,0.0879297096561044,0.0808285069575935,0.0945815341777504,0.0733816895872364,0.121992877546522
b3234,degQ,degQ,0.0662135189845332,0.0664412998060433,0.0672596095911707,0.0886888096241806,0.0655890665331215,0.0706347650963533,0.0948393160478766,0.077028468636027,0.0749877680792553,0.0549604980631249,0.0813141488996046
b3238,yhcN,yhcN,0.0005335259873193,0.0012736401925236,0.0001179652225679,0.0009735250368374,,0.0003085359042314,,0.0002127512921112,,0.0002774224923658,0.0002324347562019
b3239,yhcO,yhcO,0.0006268108907288,0.0005802876357107,0.0012049743888721,0.0009081880725642,0.0009480776530749,0.0010025474524313,0.0009962857328624,0.001620674320248,0.0005956810435704,0.0007564514855913,0.0005483989798595
b3244,tldD,tldD,0.0316404539095791,0.0401994552644118,0.018716761933204,0.0204131495562244,0.0243646392546575,0.0118249831949109,0.0181052037968171,0.017868297382757,0.0181806276337922,0.0190226993245387,0.0169588030593872
b4472,yhdP,yhdP,0.0001675247996614,0.0007606251430677,0.0004818682156805,0.0003125076743572,0.0008741251630421,0.0006328453768572,0.000573453927211,0.0004167935153831,0.0006059180183649,0.0002658525013907,0.0004108235422387
b3279,yrdA,yrdA,0.0281920122472755,0.0292667274733494,0.0219142227978378,0.0204744363179232,0.0223772153490625,0.0210817225970252,0.0323216661575524,0.0196978092787513,0.0347904041183399,0.0095679776639803,0.0182855149956583
b3280,yrdB,yrdB,0.0050041658991491,0.0046536319153303,0.003384311850033,0.0023015360536315,,0.002609937414674,,0.0013899651317349,,0.0020346117050611,0.0020602019070706
b3282,tsaC,rimN,0.0142582151754847,0.0250407946847718,0.0143214404233308,0.0119329715204116,0.0170913696755411,0.0126731582641794,0.0111642583462834,0.0105353778390027,0.0144956765520876,0.0119571018246549,0.0089696858364372
b3283,yrdD,yrdD,0.0001097891879225,0.000101140950505,0.0001761913672168,9.11243443774104e-05,0.0001255471109963,0.0001816507604061,0.0001049702533023,0.0001465262204173,0.0001099820568522,0.0001055433135502,0.0001167652679647
b3343,tusB,tusB,0.0032680429163384,0.0035261821175926,0.0032198547398585,0.0016782096890661,,0.0021269631745303,,0.0016404214449003,,0.0021729388610124,0.0023952121513824
b3344,tusC,tusC,0.000464771425024,0.0004912614664863,0.0006155845066742,0.0003412183088676,0.0008003170258422,0.0004113891982006,0.0004295839201706,0.0004449188200751,0.0004971901883477,0.0004413942044151,0.0006730618171851
b3345,tusD,tusD,0.0005568347709438,0.0003111927573433,0.0004411677294687,0.0004620683487746,,0.0005240455772162,,0.0004006991454537,,0.0004032417984046,0.0011555792374481
b3346,yheO,yheO,0.0232401951157204,0.0308759466858331,0.0192380216969138,0.0205797910275324,0.0204472245897418,0.0116892615993869,0.0199252714307741,0.0135209909350571,0.0143176104227012,0.022970016228655,0.0185057618432446
b3347,fkpA,fkpA,0.272037485940918,0.50951240325487,0.183585098721136,0.229794996016657,0.219257793942558,0.199276921763325,0.209555033230874,0.142105379282442,0.289778386792318,0.138186734712589,0.223934654809734
b3351,kefG,kefG,0.003991723384097,0.0036574756046804,0.0036986026879589,0.0034258488803995,,0.0020834728802088,,0.0015256463620119,,0.002254736841209,0.002169253185008
b3353,yheT,yheT,0.0011755492227855,0.0024520947531096,0.0010465859752292,0.000502306388279,,0.0002972935495824,,9.60380005714094e-05,,0.0002030910914398,0.0002203121071297
b3354,yheU,yheU,7.86560995142701e-07,1.19837374938067e-06,7.17817609733916e-07,7.25487934259619e-07,7.69879014116288e-07,7.08228838337435e-07,7.21122005218105e-07,5.98174311886917e-07,8.18204082929359e-07,6.3345717895443e-07,6.81943569028388e-07
b3371,frlB,frlB,5.30989324790839e-05,0.0006546860511899,3.59655401230928e-05,0.0001122470064738,,4.24321224625068e-06,,6.81564560619635e-06,,6.27456040242014e-05,1.46105015037559e-05
b3375,frlR,frlR,0.0004880674827491,0.001324516535103,0.0006579568834916,0.0008552751709483,0.0009732275884163,0.0012797873601136,0.000716784293496,0.0010156147500589,0.0012743805633484,0.0006542979314985,0.0008803183183844
b3383,yhfZ,yhfZ,0.0021564962193795,0.0025849856615834,0.0005562571702081,0.0007047943263989,,0.0006137048018957,,0.0002018679102536,,0.0001507392754497,0.000253284393522
b3397,nudE,nudE,0.019662116116553,0.0198227010760988,0.0167200576266951,0.0157010821305336,0.019391747700909,0.0190673820866773,0.0169311082613733,0.0121697177882601,0.0170058003910659,0.0113196639513111,0.0192374378865755
b3398,igaA,yrfF,0.005450172829252,0.0092460284896095,0.005987717748904,0.0043371975886452,0.003919201940692,0.0051633955730955,0.0067534085600162,0.0029719939166345,0.0057880012792744,0.0039661519101805,0.0035284582370303
b3399,yrfG,yrfG,0.002594252343947,0.0062175674678888,0.0028049650498182,0.0018200690087767,,0.0014763640201737,,0.0008470484260891,,0.0006288053615804,0.0011990168949731
b3400,hslR,hslR,0.0004440798882609,0.0017208847764974,0.0013264418805973,0.0020810206163311,0.0088072754912995,0.0072242434002565,0.0063950965532337,0.0066552312122996,0.0100549742355169,0.0008400285016421,0.0010076365222531
b3401,hslO,hslO,0.12748889377818,0.299811164538101,0.101118665689505,0.109337937180082,0.0995415690610583,0.0794673309805539,0.0979161562113343,0.0634608069934541,0.0897632642149553,0.0783703028127777,0.0895716240063885
b3407,yhgF,yhgF,0.0239341421237151,0.046458959124827,0.0212218215806356,0.0190647911064627,0.0309861810384364,0.023144397068509,0.0221023144951525,0.0129962123489315,0.0348931968410724,0.0147511189415847,0.0201775319905855
b3414,nfuA,nfuA,0.130673462775892,0.230593553889898,0.133870342027399,0.115479673580868,0.163428985271182,0.103193097186329,0.106152536447925,0.0776267381928645,0.141884642492729,0.0764170568599032,0.103332400641014
b3439,yhhW,yhhW,0.0035399271135875,0.0034728175574542,0.0039344449043818,0.0052601738829292,0.0049510015066152,0.00449345401108,0.0045771963230876,0.0078410773299016,0.0047428499750854,0.0034877778417991,0.0032865356126767
b3440,yhhX,yhhX,0.0272687162739651,0.0509200546666206,0.0248055195324221,0.0264809441396589,0.0296276870727139,0.0229052243778988,0.0199311056070946,0.0187624065367304,0.0261627524655525,0.0215006654228428,0.0260360117696548
b3441,yhhY,yhhY,0.0001743620693884,0.000174167299943,0.0002198750348996,1.62959959089109e-05,,0.000209906365727,,7.39999925777525e-05,,7.54064467826253e-05,0.0001097084926859
b3472,dcrB,dcrB,0.0713856220747396,0.113300073713358,0.0594008785246864,0.0583714479543898,0.0606264906798296,0.0443014712942248,0.04685540208217,0.034366489121898,0.0549814432455623,0.0374411663114116,0.0510038355921081
b4479,dgoR,dgoR,0.0018062486445749,0.0022073765846616,0.0019852045630793,0.0016820028474387,0.0006042106638591,0.0009883688577951,0.0011867418027576,0.0011900321066954,0.0008406160986482,0.0022869986686922,0.0028263359667216
b4481,wecF,wecF,0.0003328000455219,0.0009346802452468,0.0004053923629168,0.0004628189166019,0.0006628547585422,0.0003872367507899,0.0004000565900547,0.0003041122687463,0.0006518475730911,0.0002111190769929,0.0003260280534627
b3830,ysgA,ysgA,0.0332593554089285,0.0235208070968746,0.051884194500182,0.0544561372510594,0.0341680223424975,0.0579064656272528,0.0749881277495671,0.0565197966180914,0.0469684008760951,0.0702882084553151,0.0459981553092249
b3836,tatA,tatA,0.0396504910654062,0.0676582651363597,0.0328224657762233,0.0288042851971383,0.0287035335880603,0.0230716370411096,0.0266744835641994,0.0221937795596653,0.0312964710323257,0.015580650359097,0.0287149707947342
b3838,tatB,tatB,0.0197754296184061,0.032370320448803,0.0199539269436925,0.0178707252797652,0.0209196809437537,0.0189616435804842,0.0206960661081714,0.0180665765949513,0.0200502888657509,0.0134709027231839,0.020690655383097
b4484,cpxP,cpxP,0.0103092787846261,0.00396892627839,0.0048887324309739,0.0232875014721528,0.0054958315131334,0.0127218576948795,0.0163322882819523,0.0095545127460447,0.0109477824451528,0.0155409675395481,0.0466287401852647
b4089,alsR,rpiR,0.0031132894926826,0.0021506082653589,0.0023885945949205,0.0011688555773774,0.0012724592661838,0.0017861710592542,0.0036999665543328,0.0022179574497708,0.0014858932859589,0.0013776557901411,0.0012208186450461
b4124,dcuR,dcuR,3.79693522585471e-05,0.0002483194639481,0.0001091787724899,0.0002102822847129,0.0001073052530122,0.0003594134027719,0.0004331732688959,0.0005286888327462,0.0001374460351739,0.0001896500167907,0.0002492301320499
b4126,yjdI,yjdI,0.0014760511194083,0.0004240285076763,0.0002244035079643,0.0006203616531333,,0.0004698923000933,,2.96316199161647e-05,,0.0005662171632344,0.0003807089054454
b4140,fxsA,fxsA,1.4945138095642e-05,0.0012272722270601,8.42605240522656e-07,0.0001613842994035,8.97883203074123e-07,0.0002371982496768,0.0006905826300016,7.05489011785472e-07,9.5196615704823e-07,7.29405482946204e-07,0.0001328806122135
b4144,yjeI,yjeI,0.016294489276472,0.03385460452585,0.0382136103515294,0.0239065331626825,0.0361689057081692,0.0196087293177721,0.012907151772431,0.026278206395719,0.0172890663932013,0.0215571512171055,0.0241152600253753
b4146,epmB,yjeK,0.0034054778932467,0.0057367678993763,0.0016450586543723,0.0021120534012354,0.0016461970855915,0.0012892006326585,0.0010319341095494,0.0009874601456842,0.0015425180642423,0.0010355016164383,0.0014623213913104
b4149,blc,blc,0.0016303381309891,0.0063971108448665,0.0028222988156516,0.0023300467401944,0.0017345157939622,0.0020939318725171,0.0024967994518622,0.0025479400051076,0.0016636585001393,0.0027164033519555,0.0015738302146676
b4161,rsgA,rsgA,0.024342183017893,0.0254839402163073,0.0195225367167684,0.0212735982550833,0.0207473025590485,0.0157770234882195,0.0170282530513376,0.0140456927836967,0.0183191508491829,0.0127663941455839,0.0201679853778347
b4162,orn,orn,0.0175830879167551,0.0216288623821585,0.0144867138726964,0.0141800571879095,0.0205186206285447,0.0172011005606482,0.0172740656722093,0.0160419907133239,0.0191668365160555,0.0130099223446698,0.013184812452973
b4180,rlmB,rlmB,0.0207454020650605,0.0326958269619212,0.0133447495830819,0.017861933259781,0.0127573490053816,0.0085518334649972,0.0123550133707863,0.0089335406492532,0.0141035598539908,0.009449166506478,0.0147301344472
b4188,yjfN,yjfN,7.33751977550156e-05,0.0008594699917558,0.0001368732044839,5.60708151806258e-06,,0.0002255536215465,,5.45756711990403e-05,,6.06773941459275e-05,0.0002728139223743
b4190,yjfP,yjfP,0.0072720157000558,0.0165423404941502,0.0058433755751893,0.0065183966118729,0.0073995485450957,0.004226937007292,0.0054572922397972,0.0031765963870639,0.0051712665761098,0.0042846391105433,0.0040889461030146
b4191,ulaR,ulaR,0.0014225430481442,0.0024984518187848,0.0009208199884592,0.0013596243281754,0.0010338547962816,0.0009343927409327,0.0010735735169328,0.0004153587487504,0.0005362750737281,0.0007782235696957,0.0016486456874563
b4206,ytfB,ytfB,0.0075697028412066,0.0086591380076131,0.0082284355056111,0.0089084737742619,0.0078294486019151,0.004971032344593,0.0066527134770778,0.0065836338641279,0.0065507605520649,0.0063329857177787,0.0094126873660185
b4207,fklB,fklB,0.161402175758357,0.294299476531335,0.126314540505111,0.123419265148879,0.124513553358687,0.118473834295396,0.110234579784254,0.0680723272965721,0.131930490411825,0.0662015112447404,0.132375391847307
b4209,ytfE,ytfE,0.0002603778320993,0.0028901867412741,0.0004246505389596,0.0001657245911512,0.0007881531370882,0.0001428447522925,0.0002077920476933,0.0001853265099947,0.0001300696991217,0.0002983558897121,0.0001388130815873
b4211,qorB,qorB,0.0132445352905002,0.0064500239247922,0.0110391850402718,0.0115402574913793,0.0085083254881008,0.0117517726785792,0.0121104359380596,0.009862002621733,0.0140944557772287,0.0084181708759497,0.0094503987215612
b4212,ytfH,ytfH,0.0004743908197372,0.0014469861724602,0.0002671015189803,0.0004224717960086,,0.0003315622682469,,0.0001686845185698,,0.000442628928488,5.09722603370981e-05
b4216,ytfJ,ytfJ,0.0014989923689846,0.0135447992910137,0.0079119539594512,0.0020414097549566,0.0008743910892883,0.0019029388556637,0.0024739395294326,0.0010934915804443,0.0015211902013874,0.0014418235553228,0.0020808199255347
b4218,paeA,ytfL,0.0009836754423206,0.0018167456844005,0.0013565323197164,0.0005892506466408,0.00048271694818,0.0003346557799378,0.0003731887218036,0.0001200642266422,0.0002638604403465,0.0007117008756781,0.001071012798686
b4220,tamA,ytfM,0.0038788770583668,0.00645385877953,0.0039204510884182,0.003101335818516,0.0037541813274292,0.0024090294006353,0.0025666219817111,0.0031313413634008,0.0029220792349236,0.0026386725853185,0.0025417323746587
b4221,tamB,ytfN,0.0006778340468286,0.0021296818842886,0.0007642182944833,0.0004671970785971,0.0008988267816204,0.0006917602819035,0.0008243611160605,0.0006885973878071,0.0009143791357486,0.0003634211390763,0.0009635610215928
b4222,ytfP,ytfP,0.022979891306419,0.0259527038935693,0.0186239674516651,0.0247613335490936,0.0182760774357598,0.019078798800352,0.0133440996483888,0.0140810064056313,0.0278856008084812,0.0108067668225869,0.010987857680566
b4243,ridA,yjgF,0.208967566293794,0.410905705497841,0.179047954451063,0.202827982070021,0.251399819658413,0.246666638781691,0.19189840669192,0.156447679298121,0.187441851904714,0.219615482733881,0.181051412869218
b4248,yjgH,yjgH,0.0003739059981643,0.0001259625103952,9.27554918896424e-05,5.0915301209947e-05,,0.0001130431602235,,7.21906826364452e-05,,0.0002390963820238,4.38765223257719e-05
b4251,bdcR,yjgJ,0.0044233490278175,0.0254475669029228,0.0017601734030444,0.0018107458899615,0.0020617247452404,0.001441355164191,0.0013661317588859,0.0005056253334393,0.0013467034740018,0.0021541054050497,0.001764976939106
b4252,tabA,tabA,0.443253460689302,0.353828915387174,0.375228145392994,0.471491748114091,0.53186096448722,0.401255026604614,0.470580335382704,0.316563302092448,0.477453409611753,0.484562083094591,0.333620234726846
b4255,rraB,rraB,0.0501521804960428,0.0492771417138492,0.0507536518999807,0.0418144115209205,0.0575570817804377,0.0376320513123607,0.0387783019422897,0.0322942087198424,0.0528808054378869,0.052434594789408,0.0415221121509259
b4256,yjgM,yjgM,0.0039602402645235,0.0025276908501769,0.0034478145250056,0.0027214227029168,0.0043080246513012,0.0023990643637751,0.0032455315048535,0.003122796856498,0.0036595900646035,0.0020905804757874,0.00297285398429
b4261,lptF,lptF,0.0048929083103269,0.0086534900576668,0.0065146139167407,0.0053083605857563,0.0064873954022954,0.0048140973090532,0.0049901879334618,0.0058759278082533,0.0070853681808754,0.0043603606177824,0.0046916588484819
b4262,lptG,lptG,0.0058325705897516,0.0103611748045394,0.0050383637330753,0.0045760962828141,0.0085086368717408,0.0065019854367369,0.007948863301274,0.0064021085513811,0.0090379609055245,0.0028011293524081,0.0061841267398236
b4263,yjgR,yjgR,0.0156518756460879,0.0106431059776614,0.016935028167339,0.0204295690350578,0.0145683465493497,0.0190946794061258,0.0198631595211183,0.024968070591019,0.0122192059359863,0.0139177042742943,0.0152321652672706
b4266,idnO,idnO,0.0274563441913188,0.0479107353525125,0.685094739124502,0.0176057332243041,,0.018461654737793,,0.0131589479962946,,0.0178739949692311,0.0203024858986213
b4267,idnD,idnD,0.0168585518819912,0.0235148004972114,0.493241843873096,0.0114219604973101,,0.0062762844490784,,0.0062837746091893,,0.0079204303961535,0.0105403023901306
b4280,nanY,yjhC,0.0006567942962364,0.0105705440831533,0.0015564843606393,0.0012547367952761,,0.0015828778833715,,0.0008957049006472,,0.0013030710647033,0.0017245251726853
b4295,yjhU,yjhU,0.00044363764761,0.0008716755390324,0.0008482782082357,0.0005914840995997,0.0009073494444528,0.0007560618463955,0.0009529583005995,0.0006794575750329,0.001319612391279,0.0002033250869394,0.0004445802505847
b4298,yjhH,yjhH,0.0014253725256629,0.0008441165959824,0.0006315749753051,0.0006933238166723,,0.0009242971623886,,0.0001329714217972,,0.0008617293759176,0.0008956569253391
b4303,sgcQ,sgcQ,4.99329724232078e-05,3.99793561024271e-05,0.0003258531528418,3.72131350759957e-06,5.16061193467603e-05,5.83676835180897e-05,0.0001164181537455,5.30470673155375e-05,5.88162906679082e-05,5.9185525298625e-06,2.43838626669911e-05
b4310,nanM,nanM,0.0004303308567332,0.0025934012345958,0.0001639632310557,0.000506922806938,,0.0002449163254814,,0.0011344921847618,,0.0008392302604233,0.0005507880985814
b4328,iadA,iadA,0.0152045939838569,0.0348225113029085,0.0092932486921173,0.0081241289952935,0.0129450936545686,0.0099354649053451,0.0073147905195047,0.0041222554179574,0.0098625677286022,0.0079302803858089,0.0069554093551541
b4331,kptA,kptA,5.26151712663975e-05,6.94054522756115e-06,0.0,1.71239244768169e-05,,7.12122861094867e-06,,6.4623593421408e-06,,1.46272817459555e-05,6.7700781223261e-08
b4335,yjiM,yjiM,8.82929243877597e-06,8.94918292389204e-07,5.30086955549978e-07,5.3350578338949e-07,5.61665858433226e-07,1.16896107963326e-05,5.42462102845004e-07,1.6791308485319e-05,3.6203308501768e-05,1.72876480159699e-05,1.25664618482682e-06
b4353,yjiX,yjiX,0.0003114638850463,0.0022692742277022,0.000483628162352,1.56171576283291e-05,,1.17716882077949e-05,,1.42364762492932e-05,,2.11112718347799e-05,0.0010225574772018
b4354,btsT,yjiY,0.001789468626748,0.0589053456099576,0.0009151210271821,0.0017547296994473,0.0014330727660999,0.0014091733048615,0.0018776505639317,0.0012837046392565,0.0024023962518897,0.000650802722634,0.132732588532778
b4367,fhuF,fhuF,2.6533662569549e-05,5.39833744775038e-05,0.0001351106556965,0.0003120161012895,0.0022031348137866,0.0007251154876789,0.0004484370499749,0.0004210723529882,0.0006630204552613,3.21105816290831e-05,8.99351189089514e-05
b4371,rsmC,rsmC,0.0415222886708691,0.0312998364121666,0.0257615724715012,0.0314156750703042,0.0283675852800556,0.0304120138719262,0.0216677897361807,0.0248557163641548,0.0387143061393114,0.019387914242139,0.0261244889240303
b4377,yjjU,yjjU,0.0002691397553997,0.0003880492391383,0.0002294342650572,0.0001413466096843,,0.0001450561409295,,6.08927192883768e-05,,0.0002160937838374,0.0
b4378,yjjV,yjjV,0.0010222532460718,0.0009846689495083,0.0006855318067597,0.000665811234763,0.0009069635337818,0.0003267631883958,0.0006109317094914,0.000697284236855,0.0003516989620398,0.0006172271806838,0.0003954087366601
b1385,feaB,feaB,0.0006736322400961,0.0008460081142336,0.0016829458962364,0.0020663191563626,0.0017690716035469,0.002659475841851,0.0035382812451499,0.0036063919369175,0.0019580568106503,0.0020155692827886,0.0019308920192219
b2169,fruB,fruB,0.0197980573778659,0.0388116575507828,0.0256029198162002,0.0169217443395374,0.0233341149354611,0.0108721125726414,0.0174247888432712,0.0121972845374543,0.454005159987523,0.0090486464886786,0.0089205619304189
b3092,uxaC,uxaC,0.0128000436075198,0.031767053039605,0.0221490783004684,0.0204630169448559,0.0143078610693357,0.0158260642773339,0.0208055329697011,0.0169545670830312,0.0289488147632199,0.0149929069481034,0.0161079616802805
b4488,ilvG,ilvG,0.0051381775843419,0.0043068506676354,0.0030642475679544,0.0034585328378353,0.0058619928242696,0.002758929938649,0.0020014648459238,0.0009843004862786,0.0036491588221793,0.0012888405400639,0.0071147054526425
b4478,dgoD,dgoD,0.0006588853920511,0.0008984117248196,0.00052797863441,0.0003960510876925,0.0005797974545344,0.0008207922490427,0.0010484439394108,0.0476350014104327,0.0008447110916536,0.0002781662939682,0.0002386419802779
b3386,rpe,rpe,0.0213392181589384,0.0226899643684931,0.0160938989970116,0.0099256586554569,,0.0104847878971963,,0.0053855574812221,,0.0059957309689466,0.0105875904314351
b2104,thiM,thiM,0.0001576535505436,0.004908269850719,0.0002844452753009,0.0001254110058052,,7.58009618954366e-05,,3.55313286798357e-05,,0.0001460686800423,0.0001121942225561
b0350,mhpD,mhpD,0.0003478611749328,0.000612737801821,0.0004944665247328,9.86274513621075e-05,,0.0002594937880677,,0.0002580093490039,,0.0001633077138093,0.000185666059923
b0351,mhpF,mhpF,0.0142156048863389,0.0111359114023937,0.0075280598696254,0.0053449855172393,,0.0075558117221777,,0.0031723982277068,,0.0042752951981058,0.0045414602895425
b1861,ruvA,ruvA,0.0036847754363916,0.0092173708704891,0.0095847659088857,0.006660769568119,,0.0071502845274239,,0.0031629278592269,,0.0042466147400039,0.0060348515486495
b1860,ruvB,ruvB,0.0144701412497614,0.0213157401051645,0.0100813597619622,0.0105969093105882,0.0090380942195626,0.0093977408547606,0.0108918743223913,0.0074331991366012,0.0099944717912215,0.0105092943614209,0.0110836973071261
