,bnumber,gene_name,product,sum_of_no-effect,sum_of_essential,sum_of_important,sum_of_enhancing
b4699,b4699,fnrS,small regulatory RNA FnrS,42.0,0.0,2.0,2.0
b4698,b4698,mgrR,small regulatory RNA MgrR,41.0,0.0,2.0,3.0
b4701,b4701,sokX,small RNA SokX,46.0,0.0,0.0,0.0
b4704,b4704,arrS,small regulatory RNA ArrS,29.0,1.0,16.0,0.0
b4702,b4702,mgtL,leader peptide MgtL,4.0,26.0,15.0,1.0
b0001,b0001,thrL,<i>thr</i> operon leader peptide,30.0,0.0,16.0,0.0
b0002,b0002,thrA,fused aspartate kinase/homoserine dehydrogenase 1,3.0,41.0,2.0,0.0
b0003,b0003,thrB,homoserine kinase,3.0,43.0,0.0,0.0
b0004,b0004,thrC,threonine synthase,3.0,43.0,0.0,0.0
b0005,b0005,yaaX,DUF2502 domain-containing protein YaaX,46.0,0.0,0.0,0.0
b0006,b0006,yaaA,DNA binding and peroxide stress response protein YaaA,46.0,0.0,0.0,0.0
b0007,b0007,yaaJ,putative transporter YaaJ,45.0,0.0,0.0,1.0
b0008,b0008,talB,transaldolase B,40.0,0.0,3.0,3.0
b0009,b0009,mog,molybdopterin adenylyltransferase,45.0,0.0,0.0,1.0
b0010,b0010,yaaH,acetate/succinate:H<sup>+</sup> symporter,46.0,0.0,0.0,0.0
b0011,b0011,yaaW,putative enzyme-specific chaperone YaaW,46.0,0.0,0.0,0.0
b0013,b0013,yaaI,DUF2541 domain-containing protein YaaI,46.0,0.0,0.0,0.0
b0014,b0014,dnaK,chaperone protein DnaK,15.0,4.0,12.0,15.0
b0015,b0015,dnaJ,chaperone protein DnaJ,28.0,1.0,10.0,7.0
b0018,b0018,mokC,regulatory protein MokC,32.0,0.0,10.0,4.0
b0019,b0019,nhaA,Na<sup>+</sup>:H<sup>+</sup> antiporter NhaA,46.0,0.0,0.0,0.0
b0020,b0020,nhaR,DNA-binding transcriptional activator NhaR,46.0,0.0,0.0,0.0
b0028,b0028,fkpB,peptidyl-prolyl <i>cis-trans</i> isomerase FkpB,45.0,0.0,1.0,0.0
b0030,b0030,rihC,ribonucleoside hydrolase RihC,46.0,0.0,0.0,0.0
b0032,b0032,carA,carbamoyl-phosphate synthetase small subunit,3.0,42.0,1.0,0.0
b0033,b0033,carB,carbamoyl-phosphate synthetase large subunit,3.0,42.0,1.0,0.0
b0034,b0034,caiF,DNA-binding transcriptional activator CaiF,46.0,0.0,0.0,0.0
b0035,b0035,caiE,putative transferase CaiE,46.0,0.0,0.0,0.0
b0036,b0036,caiD,crotonobetainyl-CoA hydratase,46.0,0.0,0.0,0.0
b0037,b0037,caiC,carnitine&mdash;CoA ligase,46.0,0.0,0.0,0.0
b0038,b0038,caiB,&gamma;-butyrobetainyl-CoA:carnitine CoA transferase,46.0,0.0,0.0,0.0
b0039,b0039,caiA,crotonobetainyl-CoA reductase,46.0,0.0,0.0,0.0
b0040,b0040,caiT,L-carnitine:&gamma;-butyrobetaine antiporter,46.0,0.0,0.0,0.0
b0041,b0041,fixA,putative electron transfer flavoprotein FixA,46.0,0.0,0.0,0.0
b0042,b0042,fixB,putative electron transfer flavoprotein FixB,46.0,0.0,0.0,0.0
b0043,b0043,fixC,putative oxidoreductase FixC,46.0,0.0,0.0,0.0
b0044,b0044,fixX,putative ferredoxin FixX,46.0,0.0,0.0,0.0
b0045,b0045,yaaU,putative transporter YaaU,46.0,0.0,0.0,0.0
b0046,b0046,kefF,regulator of KefC-mediated potassium transport and quinone oxidoreductase,46.0,0.0,0.0,0.0
b0047,b0047,kefC,K<sup>+</sup> : H<sup>+</sup> antiporter KefC,46.0,0.0,0.0,0.0
b0049,b0049,apaH,diadenosine tetraphosphatase,0.0,43.0,3.0,0.0
b0050,b0050,apaG,DUF525 domain-containing protein ApaG,39.0,0.0,1.0,6.0
b0051,b0051,ksgA,"16S rRNA m<sup>6</sup><sub>2</sub>A1518,m<sup>6</sup><sub>2</sub>A1519 dimethyltransferase",29.0,1.0,11.0,5.0
b0052,b0052,pdxA,4-hydroxythreonine-4-phosphate dehydrogenase,1.0,44.0,1.0,0.0
b0053,b0053,surA,chaperone SurA,3.0,2.0,41.0,0.0
b0055,b0055,djlA,co-chaperone protein DjlA,46.0,0.0,0.0,0.0
b0058,b0058,rluA,23S rRNA pseudouridine<sup>746</sup> and tRNA pseudouridine<sup>32</sup> synthase,39.0,0.0,0.0,7.0
b0059,b0059,hepA,RNA polymerase-binding ATPase and RNAP recycling factor,10.0,0.0,0.0,36.0
b0060,b0060,polB,DNA polymerase II,46.0,0.0,0.0,0.0
b0061,b0061,araD,L-ribulose-5-phosphate 4-epimerase AraD,46.0,0.0,0.0,0.0
b0064,b0064,araC,AraC,46.0,0.0,0.0,0.0
b0065,b0065,yabI,DedA family protein YabI,42.0,0.0,1.0,3.0
b0066,b0066,thiQ,thiamine ABC transporter ATP binding subunit,43.0,0.0,2.0,1.0
b0067,b0067,thiP,thiamine ABC transporter membrane subunit,44.0,0.0,2.0,0.0
b0068,b0068,tbpA,thiamine ABC transporter periplasmic binding protein,44.0,0.0,1.0,1.0
b0069,b0069,sgrR,DNA-binding transcriptional dual regulator SgrR,46.0,0.0,0.0,0.0
b0071,b0071,leuD,3-isopropylmalate dehydratase subunit LeuD,5.0,40.0,1.0,0.0
b0072,b0072,leuC,3-isopropylmalate dehydratase subunit LeuC,5.0,40.0,1.0,0.0
b0073,b0073,leuB,3-isopropylmalate dehydrogenase,5.0,40.0,1.0,0.0
b0074,b0074,leuA,2-isopropylmalate synthase,5.0,40.0,1.0,0.0
b0075,b0075,leuL,<i>leu</i> operon leader peptide,5.0,2.0,39.0,0.0
b0076,b0076,leuO,DNA-binding transcriptional dual regulator LeuO,36.0,0.0,10.0,0.0
b0078,b0078,ilvH,"acetolactate synthase / acetohydroxybutanoate synthase, regulatory subunit",7.0,17.0,22.0,0.0
b0080,b0080,fruR,DNA-binding transcriptional dual regulator Cra,9.0,19.0,18.0,0.0
b0081,b0081,mraZ,DNA-binding transcriptional repressor MraZ,43.0,0.0,3.0,0.0
b0082,b0082,mraW,16S rRNA m<sup>4</sup>C1402 methyltransferase,30.0,0.0,7.0,9.0
b0088,b0088,murD,UDP-<i>N</i>-acetylmuramoyl-L-alanine&mdash;D-glutamate ligase,5.0,4.0,37.0,0.0
b0092,b0092,ddlB,D-alanine&mdash;D-alanine ligase B,31.0,0.0,15.0,0.0
b0097,b0097,yacA,SecA translation regulator,43.0,0.0,3.0,0.0
b0099,b0099,mutT,8-oxo-dGTP diphosphatase,45.0,0.0,0.0,1.0
b0101,b0101,yacG,DNA gyrase inhibitor YacG,21.0,3.0,21.0,1.0
b0102,b0102,yacF,cell division factor ZapD,46.0,0.0,0.0,0.0
b0104,b0104,guaC,GMP reductase,42.0,0.0,3.0,1.0
b0106,b0106,hofC,inner membrane protein HofC,46.0,0.0,0.0,0.0
b0107,b0107,hofB,T2SSE family protein,46.0,0.0,0.0,0.0
b0108,b0108,ppdD,prepilin-type N-terminal cleavage/methylation domain-containing protein PpdD,46.0,0.0,0.0,0.0
b0109,b0109,nadC,quinolinate phosphoribosyltransferase (decarboxylating),10.0,7.0,29.0,0.0
b0110,b0110,ampD,"1,6-anhydro-<i>N</i>-acetylmuramoyl-L-alanine amidase",42.0,0.0,4.0,0.0
b0111,b0111,ampE,protein AmpE,46.0,0.0,0.0,0.0
b0112,b0112,aroP,aromatic amino acid:H<sup>+</sup> symporter AroP,44.0,0.0,1.0,1.0
b0113,b0113,pdhR,DNA-binding transcriptional dual regulator PdhR,4.0,19.0,23.0,0.0
b0114,b0114,aceE,pyruvate dehydrogenase E1 component,2.0,35.0,7.0,2.0
b0117,b0117,yacH,DUF3300 domain-containing protein YacH,46.0,0.0,0.0,0.0
b0118,b0118,acnB,AcnB,0.0,42.0,4.0,0.0
b0119,b0119,yacL,PF06062 family protein YacL,45.0,0.0,1.0,0.0
b0120,b0120,speD,<i>S</i>-adenosylmethionine decarboxylase proenzyme // &beta; cleavage product of SpeD // &alpha; cleavage product of SpeD,40.0,0.0,4.0,2.0
b0121,b0121,speE,spermidine synthase,36.0,0.0,10.0,0.0
b0122,b0122,yacC,putative lipoprotein YacC,42.0,0.0,1.0,3.0
b0123,b0123,cueO,multicopper oxidase CueO,46.0,0.0,0.0,0.0
b0124,b0124,gcd,quinoprotein glucose dehydrogenase,46.0,0.0,0.0,0.0
b0125,b0125,hpt,hypoxanthine phosphoribosyltransferase,42.0,0.0,3.0,1.0
b0127,b0127,yadG,putative ABC transporter ATP-binding protein YadG,45.0,0.0,1.0,0.0
b0128,b0128,yadH,putative ABC transporter membrane subunit YadH,45.0,0.0,1.0,0.0
b0129,b0129,yadI,putative PTS enzyme IIA component YadI,46.0,0.0,0.0,0.0
b0130,b0130,yadE,putative polysaccharide deacetylase lipoprotein YadE,46.0,0.0,0.0,0.0
b0131,b0131,panD,PanD &beta; cleavage product // PanD &alpha; cleavage product // aspartate 1-decarboxylase proenzyme,21.0,3.0,22.0,0.0
b0132,b0132,yadD,recombination-promoting nuclease RpnC,46.0,0.0,0.0,0.0
b0133,b0133,panC,pantothenate synthetase,25.0,3.0,18.0,0.0
b0134,b0134,panB,3-methyl-2-oxobutanoate hydroxymethyltransferase,23.0,3.0,20.0,0.0
b0135,b0135,yadC,fimbrial tip-adhesin YadC,46.0,0.0,0.0,0.0
b0136,b0136,yadK,putative fimbrial protein YadK,45.0,0.0,1.0,0.0
b0137,b0137,yadL,putative fimbrial protein YadL,46.0,0.0,0.0,0.0
b0138,b0138,yadM,putative fimbrial protein YadM,46.0,0.0,0.0,0.0
b0139,b0139,htrE,putative fimbrial usher protein HtrE,46.0,0.0,0.0,0.0
b0140,b0140,ecpD,putative fimbrial chaperone YadV,46.0,0.0,0.0,0.0
b0141,b0141,yadN,putative fimbrial protein YadN,46.0,0.0,0.0,0.0
b0142,b0142,folK,2-amino-4-hydroxy-6-hydroxymethyldihydropteridine diphosphokinase,1.0,41.0,4.0,0.0
b0143,b0143,pcnB,poly(A) polymerase I,31.0,1.0,14.0,0.0
b0144,b0144,yadB,glutamyl-Q tRNA<sup>Asp</sup> synthetase,45.0,0.0,1.0,0.0
b0145,b0145,dksA,RNA polymerase-binding transcription factor DksA,1.0,44.0,1.0,0.0
b0146,b0146,sfsA,sugar fermentation stimulation protein A,46.0,0.0,0.0,0.0
b0147,b0147,yadP,"RNA 2',3'-cyclic phosphodiesterase",46.0,0.0,0.0,0.0
b0148,b0148,hrpB,RNA-dependent NTPase HrpB,46.0,0.0,0.0,0.0
b0149,b0149,mrcB,PBP1B&gamma; // peptidoglycan glycosyltransferase / peptidoglycan DD-transpeptidase MrcB,21.0,4.0,21.0,0.0
b0150,b0150,fhuA,ferrichrome outer membrane transporter/phage receptor,46.0,0.0,0.0,0.0
b0151,b0151,fhuC,iron(III) hydroxamate ABC transporter ATP binding subunit,46.0,0.0,0.0,0.0
b0152,b0152,fhuD,iron(III) hydroxamate ABC transporter periplasmic binding protein,45.0,0.0,0.0,1.0
b0153,b0153,fhuB,iron(III) hydroxamate ABC transporter membrane subunit,46.0,0.0,0.0,0.0
b0155,b0155,clcA,chloride:H<sup>+</sup> antiporter ClcA,46.0,0.0,0.0,0.0
b0157,b0157,yadS,PF03458 family protein YadS,45.0,0.0,1.0,0.0
b0158,b0158,btuF,vitamin B<sub>12</sub> ABC transporter periplasmic binding protein,44.0,0.0,1.0,1.0
b0160,b0160,dgt,dGTP triphosphohydrolase,45.0,0.0,0.0,1.0
b0161,b0161,degP,periplasmic serine endoprotease DegP,43.0,0.0,3.0,0.0
b0162,b0162,yaeG,DNA-binding transcriptional activator CdaR,45.0,1.0,0.0,0.0
b0163,b0163,yaeH,DUF3461 domain-containing protein YaeH,46.0,0.0,0.0,0.0
b0164,b0164,yaeI,phosphodiesterase YaeI,46.0,0.0,0.0,0.0
b0167,b0167,glnD,protein-PII uridylyltransferase/uridylyl-removing enzyme,23.0,2.0,20.0,1.0
b0178,b0178,hlpA,periplasmic chaperone Skp,42.0,0.0,1.0,3.0
b0183,b0183,rnhB,RNase HII,45.0,0.0,0.0,1.0
b0186,b0186,ldcC,lysine decarboxylase 2,46.0,0.0,0.0,0.0
b0187,b0187,yaeR,VOC domain-containing protein YaeR,46.0,0.0,0.0,0.0
b0189,b0189,yaeO,modulator of Rho-dependent transcription termination,19.0,0.0,26.0,1.0
b0190,b0190,yaeQ,uncharacterized protein YaeQ,36.0,0.0,0.0,10.0
b0191,b0191,yaeJ,"peptidyl-tRNA hydrolase, ribosome rescue factor",34.0,0.0,0.0,12.0
b0192,b0192,nlpE,sensor lipoprotein NlpE,46.0,0.0,0.0,0.0
b0193,b0193,yaeF,peptidase C92 family protein YaeF,46.0,0.0,0.0,0.0
b0195,b0195,yaeB,tRNA m<sup>6</sup>t<sup>6</sup>A37 methyltransferase,44.0,0.0,0.0,2.0
b0196,b0196,rcsF,sensor lipoprotein RcsF,46.0,0.0,0.0,0.0
b0197,b0197,metQ,L-methionine/D-methionine ABC transporter membrane anchored binding protein,42.0,0.0,3.0,1.0
b0198,b0198,metI,L-methionine/D-methionine ABC transporter membrane subunit,41.0,0.0,3.0,2.0
b0199,b0199,metN,L-methionine/D-methionine ABC transporter ATP binding subunit,43.0,0.0,2.0,1.0
b0200,b0200,gmhB,"D-<i>glycero</i>-&beta;-D-<i>manno</i>-heptose-1,7-bisphosphate 7-phosphatase",2.0,30.0,14.0,0.0
b0207,b0207,dkgB,methylglyoxal reductase DkgB,46.0,0.0,0.0,0.0
b0208,b0208,yafC,DNA-binding transcriptional regulator YafC,46.0,0.0,0.0,0.0
b0209,b0209,yafD,endonuclease/exonuclease/phosphatase domain-containing protein YafD,33.0,0.0,4.0,9.0
b0210,b0210,yafE,putative S-adenosylmethionine-dependent methyltransferase,45.0,0.0,0.0,1.0
b0211,b0211,mltD,membrane-bound lytic murein transglycosylase D,44.0,0.0,2.0,0.0
b0212,b0212,gloB,hydroxyacylglutathione hydrolase GloB,44.0,0.0,1.0,1.0
b0213,b0213,yafS,putative S-adenosyl-L-methionine-dependent methyltransferase,42.0,0.0,3.0,1.0
b0217,b0217,yafT,lipoprotein YafT,46.0,0.0,0.0,0.0
b0218,b0218,yafU,putative inner membrane protein,46.0,0.0,0.0,0.0
b0219,b0219,yafV,2-oxoglutaramate amidase,45.0,0.0,1.0,0.0
b0220,b0220,ivy,"periplasmic chaperone, inhibitor of vertebrate C-type lysozyme",45.0,0.0,1.0,0.0
b0221,b0221,yafH,acyl-CoA dehydrogenase,44.0,0.0,2.0,0.0
b0222,b0222,lpcA,D-sedoheptulose 7-phosphate isomerase,5.0,24.0,16.0,1.0
b0223,b0223,yafJ,putative glutamine amidotransferase YafJ,29.0,0.0,17.0,0.0
b0224,b0224,yafK,peptidoglycan <i>meso</i>-diaminopimelic acid protein amidase A,46.0,0.0,0.0,0.0
b0225,b0225,yafQ,ribosome-dependent mRNA interferase toxin YafQ,37.0,0.0,0.0,9.0
b0226,b0226,dinJ,antitoxin/DNA-binding transcriptional repressor DinJ,44.0,0.0,2.0,0.0
b0227,b0227,yafL,NlpC/P60 family protein YafL,46.0,0.0,0.0,0.0
b0228,b0228,yafM,REP-associated tyrosine transposase,46.0,0.0,0.0,0.0
b0229,b0229,lfhA,"flagellar system protein, promoterless fragment",46.0,0.0,0.0,0.0
b0230,b0230,mbhA,"flagellar system protein, promoterless fragment",46.0,0.0,0.0,0.0
b0231,b0231,dinB,DNA polymerase IV,46.0,0.0,0.0,0.0
b0232,b0232,yafN,antitoxin YafN,26.0,0.0,6.0,14.0
b0233,b0233,yafO,ribosome-dependent mRNA interferase toxin YafO,46.0,0.0,0.0,0.0
b0234,b0234,yafP,putative <i>N</i>-acetyltransferase YafP,42.0,0.0,4.0,0.0
b0235,b0235,ykfJ,RNA ligase superfamily protein YkfJ,46.0,0.0,0.0,0.0
b0236,b0236,prfH,putative peptide chain release factor,46.0,0.0,0.0,0.0
b0237,b0237,pepD,peptidase D,42.0,2.0,2.0,0.0
b0238,b0238,gpt,xanthine-guanine phsophoribosyltransferase,33.0,0.0,12.0,1.0
b0239,b0239,frsA,fermentation-respiration switch protein,46.0,0.0,0.0,0.0
b0240,b0240,crl,RNA polymerase holoenzyme assembly factor Crl,19.0,0.0,1.0,26.0
b0241,b0241,phoE,outer membrane porin PhoE,46.0,0.0,0.0,0.0
b0242,b0242,proB,glutamate 5-kinase,4.0,40.0,2.0,0.0
b0243,b0243,proA,glutamate-5-semialdehyde dehydrogenase,4.0,41.0,1.0,0.0
b0245,b0245,ykfI,CP4-6 prophage; toxin of the YkfI-YafW toxin-antitoxin system,46.0,0.0,0.0,0.0
b0246,b0246,yafW,antitoxin of the YkfI-YafW toxin-antitoxin pair,46.0,0.0,0.0,0.0
b0247,b0247,ykfG,CP4-6 prophage; RadC-like JAB domain-containing protein YkfG,40.0,0.0,6.0,0.0
b0248,b0248,yafX,CP4-6 prophage; protein YafX,46.0,0.0,0.0,0.0
b0249,b0249,ykfF,CP4-6 prophage; protein YkfF,39.0,0.0,7.0,0.0
b0250,b0250,ykfB,CP4-6 prophage; protein YkfB,45.0,0.0,0.0,1.0
b0251,b0251,yafY,CP4-6 prophage; inner membrane lipoprotein YafY,35.0,0.0,11.0,0.0
b0252,b0252,yafZ,CP4-6 prophage; DUF932 domain-containing protein YafZ,46.0,0.0,0.0,0.0
b0253,b0253,ykfA,CP4-6 prophage; putative GTP-binding protein YkfA,46.0,0.0,0.0,0.0
b0254,b0254,perR,CP4-6 prophage; putative transcriptional regulator PerR,46.0,0.0,0.0,0.0
b0258,b0258,ykfC,CP4-6 prophage; PF00078 domain-containing protein YkfC,46.0,0.0,0.0,0.0
b0260,b0260,ykfD,CP4-6 prophage; <i>S</i>-methyl-L-methionine transporter,46.0,0.0,0.0,0.0
b0261,b0261,mmuM,CP4-6 prophage; homocysteine <i>S</i>-methyltransferase,46.0,0.0,0.0,0.0
b0262,b0262,afuC,CP4-6 prophage; ABC transporter ATP-binding protein AfuC,46.0,0.0,0.0,0.0
b0263,b0263,afuB,CP4-6 prophage; ABC transporter membrane protein AfuB,42.0,0.0,4.0,0.0
b0266,b0266,yagB,CP4-6 prophage; orphan antitoxin YagB,46.0,0.0,0.0,0.0
b0267,b0267,yagA,CP4-6 prophage; integrase core domain-containing protein YagA,46.0,0.0,0.0,0.0
b0268,b0268,yagE,CP4-6 prophage; putative 2-dehydro-3-deoxygluconate aldolase,46.0,0.0,0.0,0.0
b0269,b0269,yagF,CP4-6 prophage; D-xylonate dehydratase,46.0,0.0,0.0,0.0
b0270,b0270,yagG,CP4-6 prophage; putative D-xylonate transporter YagG,46.0,0.0,0.0,0.0
b0271,b0271,yagH,CP4-6 prophage; putative xylosidase/arabinosidase,46.0,0.0,0.0,0.0
b0272,b0272,yagI,CP4-6 prophage; DNA-binding transcriptional repressor XynR,46.0,0.0,0.0,0.0
b0273,b0273,argF,CP4-6 prophage; ornithine carbamoyltransferase ArgF,46.0,0.0,0.0,0.0
b0276,b0276,yagJ,CP4-6 prophage; protein YagJ,46.0,0.0,0.0,0.0
b0277,b0277,yagK,CP4-6 prophage; uncharacterized protein YagK,46.0,0.0,0.0,0.0
b0278,b0278,yagL,CP4-6 prophage; resolvase-like catalytic domain-containing protein YagL,46.0,0.0,0.0,0.0
b0279,b0279,yagM,CP4-6 prophage; protein YagM,35.0,0.0,11.0,0.0
b0280,b0280,yagN,CP4-6 prophage; protein YagN,46.0,0.0,0.0,0.0
b0281,b0281,intF,CP4-6 prophage; putative phage integrase,46.0,0.0,0.0,0.0
b0283,b0283,yagQ,molybdenum cofactor insertion chaperone PaoD,46.0,0.0,0.0,0.0
b0284,b0284,yagR,aldehyde dehydrogenase: molybdenum cofactor-binding subunit,46.0,0.0,0.0,0.0
b0285,b0285,yagS,"aldehyde dehydrogenase, FAD-binding subunit",45.0,0.0,0.0,1.0
b0286,b0286,yagT,"aldehyde dehydrogenase, Fe-S subunit",46.0,0.0,0.0,0.0
b0287,b0287,yagU,DUF1440 domain-containing inner membrane protein YagU,46.0,0.0,0.0,0.0
b0288,b0288,ykgJ,putative metal-chelating domain-containing protein YkgJ,46.0,0.0,0.0,0.0
b0289,b0289,yagV,putative fimbrial chaperone EcpE,45.0,0.0,0.0,1.0
b0290,b0290,yagW,fimbrial adhesin EcpD,46.0,0.0,0.0,0.0
b0291,b0291,yagX,putative fimbrial usher protein EcpC,46.0,0.0,0.0,0.0
b0292,b0292,yagY,putative fimbrial chaperone EcpB,46.0,0.0,0.0,0.0
b0293,b0293,yagZ,common pilus major subunit,46.0,0.0,0.0,0.0
b0294,b0294,ykgK,DNA-binding transcriptional dual regulator MatA,46.0,0.0,0.0,0.0
b0295,b0295,ykgL,uncharacterized protein YkgL,46.0,0.0,0.0,0.0
b0296,b0296,ykgM,50S ribosomal subunit protein L31B,37.0,0.0,9.0,0.0
b0297,b0297,eaeH,putative porin domain-containing protein EaeH,46.0,0.0,0.0,0.0
b0300,b0300,ykgA,putative DNA-binding transcriptional regulator YkgA,46.0,0.0,0.0,0.0
b0301,b0301,ykgB,DUF417 domain-containing inner membrane protein RclC,46.0,0.0,0.0,0.0
b0303,b0303,ykgI,DUF1471 domain-containing protein RclB,36.0,0.0,10.0,0.0
b0304,b0304,ykgC,cupric reductase RclA,46.0,0.0,0.0,0.0
b0305,b0305,ykgD,DNA-binding transcriptional activator RclR,46.0,0.0,0.0,0.0
b0306,b0306,ykgE,putative lactate utilization oxidoreductase YkgE,46.0,0.0,0.0,0.0
b0307,b0307,ykgF,putative amino acid dehydrogenase with NAD(P)-binding domain and ferridoxin-like domain,46.0,0.0,0.0,0.0
b0308,b0308,ykgG,DUF162 domain-containing lactate utilization protein YkgG,46.0,0.0,0.0,0.0
b0310,b0310,ykgH,uncharacterized protein YkgH,38.0,0.0,8.0,0.0
b0311,b0311,betA,choline dehydrogenase,46.0,0.0,0.0,0.0
b0312,b0312,betB,betaine aldehyde dehydrogenase,46.0,0.0,0.0,0.0
b0313,b0313,betI,DNA-binding transcriptional repressor BetI,46.0,0.0,0.0,0.0
b0314,b0314,betT,choline:H+ symporter,46.0,0.0,0.0,0.0
b0315,b0315,yahA,DNA-binding transcriptional regulator/c-di-GMP phosphodiesterase PdeL,46.0,0.0,0.0,0.0
b0316,b0316,yahB,putative LysR-type DNA-binding transcriptional regulator YahB,46.0,0.0,0.0,0.0
b0317,b0317,yahC,uncharacterized protein YahC,45.0,0.0,1.0,0.0
b0318,b0318,yahD,ankyrin repeat-containing protein YahD,46.0,0.0,0.0,0.0
b0319,b0319,yahE,DUF2877 domain-containing protein YahE,46.0,0.0,0.0,0.0
b0320,b0320,yahF,putative acyl-CoA synthetase YahF,46.0,0.0,0.0,0.0
b0321,b0321,yahG,DUF1116 domain-containing protein YahG,46.0,0.0,0.0,0.0
b0323,b0323,yahI,carbamate kinase-like protein YahI,46.0,0.0,0.0,0.0
b0324,b0324,yahJ,amidohydrolase family protein YahJ,46.0,0.0,0.0,0.0
b0325,b0325,yahK,"aldehyde reductase, NADPH-dependent",46.0,0.0,0.0,0.0
b0326,b0326,yahL,uncharacterized protein YahL,35.0,0.0,11.0,0.0
b0327,b0327,yahM,uncharacterized protein YahM,46.0,0.0,0.0,0.0
b0328,b0328,yahN,putative amino acid exporter YahN,46.0,0.0,0.0,0.0
b0329,b0329,yahO,DUF1471 domain-containing protein YahO,46.0,0.0,0.0,0.0
b0330,b0330,prpR,DNA-binding transcriptional dual regulator PrpR,46.0,0.0,0.0,0.0
b0331,b0331,prpB,2-methylisocitrate lyase,45.0,0.0,1.0,0.0
b0333,b0333,prpC,2-methylcitrate synthase,45.0,0.0,1.0,0.0
b0334,b0334,prpD,2-methylcitrate dehydratase,40.0,0.0,6.0,0.0
b0335,b0335,prpE,propionyl-CoA synthetase,46.0,0.0,0.0,0.0
b0336,b0336,codB,cytosine transporter,46.0,0.0,0.0,0.0
b0337,b0337,codA,cytosine/isoguanine deaminase,45.0,0.0,1.0,0.0
b0338,b0338,cynR,DNA-binding transcriptional dual regulator CynR,46.0,0.0,0.0,0.0
b0339,b0339,cynT,carbonic anhydrase 1,44.0,0.0,1.0,1.0
b0340,b0340,cynS,cyanase,44.0,0.0,2.0,0.0
b0341,b0341,cynX,cyanate transporter,46.0,0.0,0.0,0.0
b0342,b0342,lacA,galactoside <i>O</i>-acetyltransferase,46.0,0.0,0.0,0.0
b0343,b0343,lacY,lactose permease,46.0,0.0,0.0,0.0
b0344,b0344,lacZ,&beta;-galactosidase,45.0,0.0,0.0,1.0
b0345,b0345,lacI,DNA-binding transcriptional repressor LacI,46.0,0.0,0.0,0.0
b0346,b0346,mhpR,DNA-binding transcriptional activator MhpR,45.0,0.0,1.0,0.0
b0347,b0347,mhpA,3-(3-hydroxyphenyl)propanoate hydroxylase,46.0,0.0,0.0,0.0
b0348,b0348,mhpB,"3-carboxyethylcatechol 2,3-dioxygenase",46.0,0.0,0.0,0.0
b0349,b0349,mhpC,"2-hydroxy-6-ketonona-2,4-dienedioate hydrolase",46.0,0.0,0.0,0.0
b0350,b0350,mhpD,2-hydroxypentadienoate hydratase,46.0,0.0,0.0,0.0
b0351,b0351,mhpF,acetaldehyde dehydrogenase (acetylating) MhpF,46.0,0.0,0.0,0.0
b0352,b0352,mhpE,4-hydroxy-2-oxovalerate aldolase,46.0,0.0,0.0,0.0
b0353,b0353,mhpT,3-hydroxyphenylpropionate/3-hydroxycinnamate:H<sup>+</sup> symporter,46.0,0.0,0.0,0.0
b0354,b0354,yaiL,DUF2058 domain-containing protein YaiL,46.0,0.0,0.0,0.0
b0355,b0355,frmB,<i>S</i>-formylglutathione hydrolase FrmB,46.0,0.0,0.0,0.0
b0356,b0356,frmA,<i>S</i>-(hydroxymethyl)glutathione dehydrogenase,46.0,0.0,0.0,0.0
b0357,b0357,yaiN,DNA-binding transcriptional repressor FrmR,42.0,0.0,4.0,0.0
b0358,b0358,yaiO,outer membrane protein YaiO,46.0,0.0,0.0,0.0
b0363,b0363,yaiP,putative glucosyltransferase,46.0,0.0,0.0,0.0
b0364,b0364,yaiS,putative deacetylase YaiS,46.0,0.0,0.0,0.0
b0365,b0365,tauA,taurine ABC transporter periplasmic binding protein,46.0,0.0,0.0,0.0
b0366,b0366,tauB,taurine ABC transporter ATP binding subunit,46.0,0.0,0.0,0.0
b0367,b0367,tauC,taurine ABC transporter membrane subunit,45.0,0.0,1.0,0.0
b0368,b0368,tauD,taurine dioxygenase,45.0,0.0,1.0,0.0
b0375,b0375,yaiV,putative DNA-binding transcriptional regulator IprA,46.0,0.0,0.0,0.0
b0376,b0376,ampH,peptidoglycan DD-carboxypeptidase/peptidoglycan DD-endopeptidase,46.0,0.0,0.0,0.0
b0377,b0377,sbmA,peptide antibiotic/peptide nucleic acid transporter,46.0,0.0,0.0,0.0
b0378,b0378,yaiW,surface-exposed outer membrane lipoprotein,46.0,0.0,0.0,0.0
b0379,b0379,yaiY,DUF2755 domain-containing inner membrane protein YaiY,44.0,0.0,2.0,0.0
b0380,b0380,b0380,DUF2754 domain-containing protein YaiZ,46.0,0.0,0.0,0.0
b0381,b0381,ddlA,D-alanine&mdash;D-alanine ligase A,45.0,0.0,0.0,1.0
b0382,b0382,yaiB,anti-adaptor protein IraP,23.0,0.0,0.0,23.0
b0383,b0383,phoA,alkaline phosphatase,46.0,0.0,0.0,0.0
b0384,b0384,psiF,phosphate starvation-inducible protein PsiF,45.0,0.0,0.0,1.0
b0385,b0385,yaiC,diguanylate cyclase DgcC,44.0,0.0,0.0,2.0
b0386,b0386,proC,pyrroline-5-carboxylate reductase,3.0,42.0,1.0,0.0
b0387,b0387,yaiI,DUF188 domain-containing protein YaiI,46.0,0.0,0.0,0.0
b0388,b0388,aroL,shikimate kinase 2,34.0,0.0,2.0,10.0
b0389,b0389,yaiA,protein YaiA,41.0,0.0,5.0,0.0
b0390,b0390,aroM,protein AroM,33.0,5.0,8.0,0.0
b0391,b0391,yaiE,nucleoside phosphorylase PpnP,46.0,0.0,0.0,0.0
b0392,b0392,ykiA,DUF2773 domain-containing protein YkiA,45.0,0.0,0.0,1.0
b0393,b0393,rdgC,nucleoid-associated protein RdgC,46.0,0.0,0.0,0.0
b0394,b0394,yajF,fructokinase,46.0,0.0,0.0,0.0
b0396,b0396,araJ,putative transport protein AraJ,46.0,0.0,0.0,0.0
b0397,b0397,sbcC,ATP-dependent structure-specific DNA nuclease - SbcC subunit,46.0,0.0,0.0,0.0
b0398,b0398,sbcD,ATP-dependent structure-specific DNA nuclease - SbcD subunit,46.0,0.0,0.0,0.0
b0399,b0399,phoB,DNA-binding transcriptional dual regulator PhoB-phosphorylated // DNA-binding transcriptional dual regulator PhoB,40.0,0.0,5.0,1.0
b0400,b0400,phoR,sensor histidine kinase PhoR,37.0,0.0,9.0,0.0
b0401,b0401,brnQ,branched chain amino acid transporter BrnQ,38.0,2.0,1.0,5.0
b0402,b0402,proY,putative transporter ProY,46.0,0.0,0.0,0.0
b0403,b0403,malZ,maltodextrin glucosidase,46.0,0.0,0.0,0.0
b0404,b0404,yajB,acyl carrier protein phosphodiesterase,44.0,0.0,0.0,2.0
b0405,b0405,queA,tRNA preQ134 S-adenosylmethionine ribosyltransferase-isomerase,30.0,0.0,15.0,1.0
b0406,b0406,tgt,tRNA-guanine transglycosylase,17.0,0.0,26.0,3.0
b0407,b0407,yajC,Sec translocon accessory complex subunit YajC,35.0,0.0,6.0,5.0
b0410,b0410,yajD,HNH nuclease family protein YajD,46.0,0.0,0.0,0.0
b0411,b0411,tsx,nucleoside-specific channel-forming protein Tsx,46.0,0.0,0.0,0.0
b0412,b0412,yajI,putative lipoprotein YajI,45.0,0.0,0.0,1.0
b0418,b0418,pgpA,phosphatidylglycerophosphatase A,46.0,0.0,0.0,0.0
b0419,b0419,yajO,1-deoxyxylulose-5-phosphate synthase YajO,45.0,0.0,1.0,0.0
b0423,b0423,thiI,tRNA uridine 4-sulfurtransferase,15.0,1.0,30.0,0.0
b0424,b0424,thiJ,protein/nucleic acid deglycase 3,46.0,0.0,0.0,0.0
b0425,b0425,panE,2-dehydropantoate 2-reductase,43.0,0.0,2.0,1.0
b0426,b0426,yajQ,nucleotide binding protein YajQ,42.0,0.0,1.0,3.0
b0427,b0427,yajR,putative transport protein YajR,38.0,0.0,8.0,0.0
b0428,b0428,cyoE,heme O synthase,30.0,8.0,6.0,2.0
b0429,b0429,cyoD,cytochrome <i>bo</i><sub>3</sub> subunit 4,28.0,4.0,13.0,1.0
b0430,b0430,cyoC,cytochrome <i>bo</i><sub>3</sub> subunit 3,27.0,7.0,10.0,2.0
b0431,b0431,cyoB,cytochrome <i>bo</i><sub>3</sub> subunit 1,29.0,6.0,9.0,2.0
b0432,b0432,cyoA,cytochrome <i>bo</i><sub>3</sub> subunit 2,33.0,7.0,5.0,1.0
b0433,b0433,ampG,muropeptide:H<sup>+</sup> symporter,45.0,0.0,1.0,0.0
b0434,b0434,yajG,putative lipoprotein YajG,46.0,0.0,0.0,0.0
b0435,b0435,bolA,DNA binding transcriptional dual regulator BolA-phosphorylated // DNA-binding transcriptional dual regulator BolA,46.0,0.0,0.0,0.0
b0436,b0436,tig,trigger factor,23.0,1.0,22.0,0.0
b0437,b0437,clpP,ATP-dependent Clp protease proteolytic subunit,3.0,29.0,14.0,0.0
b0438,b0438,clpX,ATP-dependent Clp protease ATP-binding subunit ClpX,3.0,18.0,25.0,0.0
b0439,b0439,lon,Lon protease,2.0,29.0,15.0,0.0
b0440,b0440,hupB,DNA-binding protein HU-&beta;,36.0,0.0,6.0,4.0
b0441,b0441,ppiD,periplasmic folding chaperone,46.0,0.0,0.0,0.0
b0442,b0442,ybaV,helix-hairpin-helix 3 family protein,46.0,0.0,0.0,0.0
b0443,b0443,ybaW,long-chain acyl-CoA thioesterase FadM,46.0,0.0,0.0,0.0
b0444,b0444,ybaX,7-cyano-7-deazaguanine synthase,46.0,0.0,0.0,0.0
b0445,b0445,ybaE,uncharacterized protein YbaE,46.0,0.0,0.0,0.0
b0446,b0446,cof,HMP-PP phosphatase,45.0,0.0,1.0,0.0
b0447,b0447,ybaO,DNA-binding transcriptional activator DecR,46.0,0.0,0.0,0.0
b0448,b0448,mdlA,ABC transporter family protein MdlA,46.0,0.0,0.0,0.0
b0449,b0449,mdlB,ABC transporter family protein MdlB,45.0,0.0,1.0,0.0
b0450,b0450,glnK,uridylyl-[protein PII-2] // nitrogen regulatory protein PII-2,24.0,2.0,19.0,1.0
b0451,b0451,amtB,ammonium transporter,37.0,3.0,4.0,2.0
b0452,b0452,tesB,acyl-CoA thioesterase II,46.0,0.0,0.0,0.0
b0453,b0453,ybaY,PF09619 family lipoprotein YbaY,46.0,0.0,0.0,0.0
b0454,b0454,ybaZ,DNA base-flipping protein,46.0,0.0,0.0,0.0
b0456,b0456,ybaA,DUF1428 domain-containing protein YbaA,46.0,0.0,0.0,0.0
b0457,b0457,ylaB,c-di-GMP phosphodiesterase PdeB,46.0,0.0,0.0,0.0
b0458,b0458,ylaC,putative inner membrane protein,46.0,0.0,0.0,0.0
b0459,b0459,maa,maltose <i>O</i>-acetyltransferase,46.0,0.0,0.0,0.0
b0460,b0460,hha,haemolysin expression-modulating protein Hha,40.0,0.0,6.0,0.0
b0461,b0461,ybaJ,Hha toxicity modulator TomB,43.0,0.0,0.0,3.0
b0462,b0462,acrB,multidrug efflux pump RND permease AcrB,45.0,0.0,1.0,0.0
b0463,b0463,acrA,multidrug efflux pump membrane fusion lipoprotein AcrA,42.0,0.0,1.0,3.0
b0464,b0464,acrR,DNA-binding transcriptional repressor AcrR,46.0,0.0,0.0,0.0
b0465,b0465,kefA,"potassium dependent, small conductance mechanosensitive channel",46.0,0.0,0.0,0.0
b0467,b0467,priC,primosomal replication protein N'',43.0,0.0,2.0,1.0
b0468,b0468,ybaN,DUF454 domain-containing inner membrane protein YbaN,35.0,0.0,0.0,11.0
b0469,b0469,apt,adenine phosphoribosyltransferase,44.0,0.0,1.0,1.0
b0471,b0471,ybaB,putative nucleoid-associated protein YbaB,39.0,0.0,7.0,0.0
b0472,b0472,recR,recombination mediator protein RecR,46.0,0.0,0.0,0.0
b0473,b0473,htpG,chaperone protein HtpG,45.0,0.0,0.0,1.0
b0476,b0476,aes,acetylesterase,46.0,0.0,0.0,0.0
b0477,b0477,gsk,inosine/guanosine kinase,46.0,0.0,0.0,0.0
b0478,b0478,ybaL,putative transporter YbaL,46.0,0.0,0.0,0.0
b0479,b0479,fsr,fosmidomycin efflux pump,46.0,0.0,0.0,0.0
b0480,b0480,ushA,5'-nucleotidase / UDP-sugar hydrolase,46.0,0.0,0.0,0.0
b0481,b0481,ybaK,Cys-tRNA<sup>Pro</sup>/Cys-tRNA<sup>Cys</sup> deacylase YbaK,46.0,0.0,0.0,0.0
b0482,b0482,ybaP,TraB family protein YbaP,46.0,0.0,0.0,0.0
b0483,b0483,ybaQ,DNA-binding transcriptional regulator YbaQ,41.0,0.0,5.0,0.0
b0484,b0484,copA,soluble Cu<sup>+</sup> chaperone // Cu<sup>+</sup> exporting P-type ATPase,29.0,2.0,15.0,0.0
b0485,b0485,ybaS,glutaminase 1,46.0,0.0,0.0,0.0
b0486,b0486,ybaT,putative transporter YbaT,46.0,0.0,0.0,0.0
b0487,b0487,cueR,DNA-binding transcriptional dual regulator CueR,46.0,0.0,0.0,0.0
b0488,b0488,ybbJ,NfeD-like family protein YbbJ,46.0,0.0,0.0,0.0
b0489,b0489,ybbK,PHB domain-containing protein QmcA,46.0,0.0,0.0,0.0
b0490,b0490,ybbL,putative iron ABC exporter ATP-binding subunit FetA,46.0,0.0,0.0,0.0
b0491,b0491,ybbM,putative iron ABC exporter membrane subunit FetB,46.0,0.0,0.0,0.0
b0492,b0492,ybbN,chaperedoxin,46.0,0.0,0.0,0.0
b0493,b0493,ybbO,NADP<sup>+</sup>-dependent aldehyde reductase YbbO,46.0,0.0,0.0,0.0
b0494,b0494,tesA,multifunctional acyl-CoA thioesterase I and protease I and lysophospholipase L1,46.0,0.0,0.0,0.0
b0495,b0495,ybbA,putative ABC transporter ATP-binding protein YbbA,45.0,0.0,1.0,0.0
b0496,b0496,ybbP,putative ABC transporter membrane subunit YbbP,46.0,0.0,0.0,0.0
b0497,b0497,rhsD,protein RhsD,46.0,0.0,0.0,0.0
b0499,b0499,ylbH,putative RHS domain-containing protein YlbH,46.0,0.0,0.0,0.0
b0500,b0500,ybbD,NA,4.0,0.0,42.0,0.0
b0503,b0503,ybbB,tRNA 2-selenouridine synthase,34.0,0.0,0.0,12.0
b0504,b0504,ybbS,DNA-binding transcriptional activator AllS,46.0,0.0,0.0,0.0
b0505,b0505,allA,ureidoglycolate lyase,33.0,1.0,12.0,0.0
b0506,b0506,allR,DNA-binding transcriptional repressor AllR,24.0,0.0,21.0,1.0
b0507,b0507,gcl,glyoxylate carboligase,45.0,1.0,0.0,0.0
b0508,b0508,hyi,hydroxypyruvate isomerase,45.0,1.0,0.0,0.0
b0509,b0509,glxR,tartronate semialdehyde reductase 2,45.0,0.0,1.0,0.0
b0511,b0511,ybbW,putative allantoin transporter,46.0,0.0,0.0,0.0
b0512,b0512,allB,allantoinase,46.0,0.0,0.0,0.0
b0513,b0513,ybbY,putative purine transporter,44.0,0.0,1.0,1.0
b0514,b0514,glxK,glycerate 2-kinase 2,46.0,0.0,0.0,0.0
b0515,b0515,ylbA,(S)-ureidoglycine aminohydrolase,46.0,0.0,0.0,0.0
b0516,b0516,allC,allantoate amidohydrolase,46.0,0.0,0.0,0.0
b0517,b0517,allD,ureidoglycolate dehydrogenase,46.0,0.0,0.0,0.0
b0518,b0518,fdrA,putative oxamate carbamoyltransferase FdrA,46.0,0.0,0.0,0.0
b0520,b0520,ylbF,DUF2877 domain-containing protein YlbF,46.0,0.0,0.0,0.0
b0521,b0521,ybcF,putative carbamate kinase,42.0,0.0,4.0,0.0
b0522,b0522,purK,5-(carboxyamino)imidazole ribonucleotide synthase,4.0,41.0,1.0,0.0
b0523,b0523,purE,<i>N<sup>5</sup></i>-carboxyaminoimidazole ribonucleotide mutase,4.0,41.0,1.0,0.0
b0527,b0527,ybcI,PF04307 family inner membrane protein YbcI,46.0,0.0,0.0,0.0
b0530,b0530,sfmA,putative fimbrial protein SfmA,46.0,0.0,0.0,0.0
b0531,b0531,sfmC,putative fimbrial chaperone SfmC,43.0,0.0,3.0,0.0
b0532,b0532,sfmD,putative fimbrial usher protein SfmD,46.0,0.0,0.0,0.0
b0533,b0533,sfmH,putative fimbrial adhesin protein SfmH,46.0,0.0,0.0,0.0
b0534,b0534,sfmF,putative fimbrial protein SfmF,46.0,0.0,0.0,0.0
b0535,b0535,fimZ,LuxR family transcriptional regulator FimZ,46.0,0.0,0.0,0.0
b0537,b0537,intD,DLP12 prophage; putative integrase,46.0,0.0,0.0,0.0
b4508,b4508,peaD,,42.0,0.0,4.0,0.0
b0539,b0539,ybcC,DLP12 prophage; putative exonuclease ExoD,46.0,0.0,0.0,0.0
b0542,b0542,renD,DLP12 prophage; protein RenD,38.0,0.0,8.0,0.0
b0543,b0543,emrE,DLP12 prophage; multidrug/betaine/choline efflux transporter EmrE,46.0,0.0,0.0,0.0
b0545,b0545,ybcL,DLP12 prophage; periplasmic protein YbcL,43.0,0.0,0.0,3.0
b0546,b0546,ybcM,DLP12 prophage; putative DNA-binding transcriptional regulator,46.0,0.0,0.0,0.0
b0547,b0547,ybcN,DLP12 prophage; DNA base-flipping protein,46.0,0.0,0.0,0.0
b0548,b0548,ninE,DLP12 prophage; NinE family prophage protein,43.0,0.0,3.0,0.0
b0549,b0549,ybcO,DLP12 prophage; putative nuclease YbcO,36.0,0.0,0.0,10.0
b0550,b0550,rusA,DLP12 prophage; crossover junction endodeoxyribonuclease RusA,45.0,0.0,0.0,1.0
b0551,b0551,ybcQ,DLP12 prophage; prophage antitermination protein Q homolog QuuD,46.0,0.0,0.0,0.0
b0553,b0553,nmpC,DLP12 prophage; putative outer membrane porin NmpC,46.0,0.0,0.0,0.0
b0554,b0554,essD,DLP12 prophage; putative phage lysis protein,46.0,0.0,0.0,0.0
b0555,b0555,ybcS,DLP12 prophage; lysozyme,46.0,0.0,0.0,0.0
b0556,b0556,rzpD,DLP12 prophage; putative prophage endopeptidase RzpD,45.0,0.0,1.0,0.0
b0557,b0557,borD,DLP12 prophage; prophage lipoprotein BorD,46.0,0.0,0.0,0.0
b0559,b0559,ybcW,DLP12 prophage; uncharacterized protein YbcW,46.0,0.0,0.0,0.0
b0560,b0560,nohB,DLP12 prophage; putative DNA-packaging protein NohD,43.0,0.0,0.0,3.0
b0561,b0561,tfaD,DLP12 prophage; putative tail fiber assembly protein TfaD,46.0,0.0,0.0,0.0
b0562,b0562,ybcY,DLP12 prophage; putative SAM-dependent methyltransferase YbcY,46.0,0.0,0.0,0.0
b0563,b0563,tfaX,DLP12 prophage; protein TfaX,41.0,0.0,5.0,0.0
b0564,b0564,appY,DLP12 prophage; DNA-binding transcriptional activator AppY,18.0,1.0,26.0,1.0
b0565,b0565,ompT,DLP12 prophage; omptin family outer membrane protease OmpT,46.0,0.0,0.0,0.0
b0566,b0566,envY,DNA-binding transcriptional activator EnvY,46.0,0.0,0.0,0.0
b0567,b0567,ybcH,putative exopolysaccharide secretion system auxiliary component,46.0,0.0,0.0,0.0
b0568,b0568,nfrA,exopolysaccharide secretion system outer membrane protein NfrA,46.0,0.0,0.0,0.0
b0569,b0569,nfrB,"cyclic di-3',5'-guanylate-activated glycosyltransferase",46.0,0.0,0.0,0.0
b0570,b0570,cusS,CusS-<i>N</i>-phospho-L-histidine // sensor histidine kinase CusS,45.0,0.0,1.0,0.0
b0571,b0571,cusR,DNA-binding transcriptional activator CusR-phosphorylated // DNA-binding transcriptional activator CusR,46.0,0.0,0.0,0.0
b0572,b0572,cusC,copper/silver export system outer membrane channel,46.0,0.0,0.0,0.0
b0573,b0573,cusF,copper/silver export system periplasmic binding protein,46.0,0.0,0.0,0.0
b0574,b0574,cusB,copper/silver export system membrane fusion protein,46.0,0.0,0.0,0.0
b0575,b0575,cusA,copper/silver export system RND permease,46.0,0.0,0.0,0.0
b0576,b0576,pheP,phenylalanine:H+ symporter PheP,46.0,0.0,0.0,0.0
b0577,b0577,ybdG,miniconductance mechanosensitive channel YbdG,46.0,0.0,0.0,0.0
b0578,b0578,nfnB,NAD(P)H-dependent nitroreductase NfsB,46.0,0.0,0.0,0.0
b0579,b0579,ybdF,PF04237 family protein YbdF,45.0,0.0,1.0,0.0
b0580,b0580,ybdJ,DUF1158 domain-containing protein YbdJ,38.0,0.0,8.0,0.0
b0581,b0581,ybdK,putative glutamate&mdash;cysteine ligase 2,46.0,0.0,0.0,0.0
b0583,b0583,entD,phosphopantetheinyl transferase EntD,45.0,0.0,1.0,0.0
b0584,b0584,fepA,ferric enterobactin outer membrane transporter,30.0,1.0,15.0,0.0
b0585,b0585,fes,ferric enterobactin esterase,5.0,16.0,25.0,0.0
b0586,b0586,entF,seryl-[EntF peptidyl-carrier protein] // <i>holo</i> [EntF peptidyl-carrier protein] // apo-serine activating enzyme,46.0,0.0,0.0,0.0
b0587,b0587,fepE,polysaccharide co-polymerase family protein FepE,46.0,0.0,0.0,0.0
b0588,b0588,fepC,ferric enterobactin ABC transporter ATP binding subunit,7.0,20.0,19.0,0.0
b0589,b0589,fepG,ferric enterobactin ABC transporter membrane subunit FepG,8.0,20.0,18.0,0.0
b0590,b0590,fepD,ferric enterobactin ABC transporter membrane subunit FebD,7.0,17.0,22.0,0.0
b0591,b0591,ybdA,enterobactin exporter EntS,46.0,0.0,0.0,0.0
b0592,b0592,fepB,ferric enterobactin ABC transporter periplasmic binding protein,9.0,14.0,23.0,0.0
b0593,b0593,entC,isochorismate synthase EntC,46.0,0.0,0.0,0.0
b0594,b0594,entE,"2,3-dihydroxybenzoate-AMP ligase",46.0,0.0,0.0,0.0
b0595,b0595,entB,<i>holo</i> EntB // enterobactin synthase component B,46.0,0.0,0.0,0.0
b0596,b0596,entA,"2,3-dihydro-2,3-dihydroxybenzoate dehydrogenase",41.0,0.0,0.0,5.0
b0597,b0597,ybdB,proofreading thioesterase in enterobactin biosynthesis,46.0,0.0,0.0,0.0
b0598,b0598,cstA,pyruvate transporter CstA,44.0,0.0,2.0,0.0
b0599,b0599,ybdH,hydroxycarboxylate dehydrogenase A,46.0,0.0,0.0,0.0
b0600,b0600,ybdL,methionine transaminase,46.0,0.0,0.0,0.0
b0601,b0601,ybdM,ParB-like nuclease domain-containing protein YbdM,45.0,0.0,1.0,0.0
b0602,b0602,ybdN,putative PAPS reductase/DUF3440 domain-containing protein YbdN,46.0,0.0,0.0,0.0
b0603,b0603,ybdO,DNA-binding transcriptional repressor CitR,5.0,0.0,41.0,0.0
b0604,b0604,dsbG,protein sulfenic acid reductase and chaperone DsbG,46.0,0.0,0.0,0.0
b0605,b0605,ahpC,"alkyl hydroperoxide reductase, AhpC component",22.0,2.0,18.0,4.0
b0606,b0606,ahpF,"alkyl hydroperoxide reductase, AhpF component",44.0,0.0,2.0,0.0
b0607,b0607,uspG,universal stress protein G,40.0,0.0,0.0,6.0
b0608,b0608,ybdR,putative Zn<sup>2+</sup>-dependent alcohol dehydrogenase YbdR,46.0,0.0,0.0,0.0
b0610,b0610,rnk,nucleoside diphosphate kinase regulator,44.0,0.0,1.0,1.0
b0611,b0611,rna,RNase I,46.0,0.0,0.0,0.0
b0612,b0612,citT,citrate:succinate antiporter,46.0,0.0,0.0,0.0
b0613,b0613,citG,triphosphoribosyl-dephospho-CoA synthase,40.0,0.0,0.0,6.0
b0615,b0615,citF,citrate lyase &alpha; subunit,46.0,0.0,0.0,0.0
b0616,b0616,citE,citrate lyase &beta; subunit,46.0,0.0,0.0,0.0
b0617,b0617,citD,citrate lyase acyl carrier protein,39.0,0.0,7.0,0.0
b0618,b0618,citC,citrate lyase synthetase,46.0,0.0,0.0,0.0
b0619,b0619,citA,DpiB-<i>N</i>-phospho-L-histidine // sensor histidine kinase DpiB,46.0,0.0,0.0,0.0
b0620,b0620,citB,DNA-binding transcriptional dual regulator DpiA-phosphorylated // DNA-binding transcriptional dual regulator DpiA,46.0,0.0,0.0,0.0
b0621,b0621,dcuC,anaerobic C4-dicarboxylate transporter DcuC,46.0,0.0,0.0,0.0
b0622,b0622,crcA,Lipid A palmitoyltransferase,46.0,0.0,0.0,0.0
b0623,b0623,cspE,transcription antiterminator and regulator of RNA stability CspE,25.0,0.0,17.0,4.0
b0624,b0624,crcB,F<sup>-</sup> channel,45.0,0.0,1.0,0.0
b0627,b0627,tatE,twin arginine protein translocation system - TatE protein,38.0,0.0,8.0,0.0
b0629,b0629,ybeF,putative DNA-binding transcriptional regulator YbeF,46.0,0.0,0.0,0.0
b0630,b0630,lipB,lipoyl(octanoyl) transferase,2.0,21.0,23.0,0.0
b0632,b0632,dacA,D-alanyl-D-alanine carboxypeptidase DacA,23.0,0.0,22.0,1.0
b0633,b0633,rlpA,rare lipoprotein RlpA,45.0,0.0,1.0,0.0
b0636,b0636,ybeA,23S rRNA m<sup>3</sup>&Psi;1915 methyltransferase,43.0,0.0,3.0,0.0
b0638,b0638,cobC,putative adenosylcobalamin phosphatase/&alpha;-ribazole phosphatase,46.0,0.0,0.0,0.0
b0641,b0641,rlpB,lipopolysaccharide assembly protein LptE,40.0,0.0,0.0,6.0
b0643,b0643,ybeL,DUF1451 domain-containing protein YbeL,44.0,0.0,0.0,2.0
b0644,b0644,ybeQ,Sel1 repeat-containing protein YbeQ,46.0,0.0,0.0,0.0
b0645,b0645,ybeR,DUF1266 domain-containing protein YbeR,46.0,0.0,0.0,0.0
b0646,b0646,djlB,J domain-containing protein DjlB,46.0,0.0,0.0,0.0
b0647,b0647,ybeT,Sel1 repeat-containing protein YbeT,46.0,0.0,0.0,0.0
b0648,b0648,ybeU,DUF1266 domain-containing protein YbeU,46.0,0.0,0.0,0.0
b0649,b0649,djlC,co-chaperone DjlC,46.0,0.0,0.0,0.0
b0650,b0650,hscC,chaperone protein HscC,46.0,0.0,0.0,0.0
b0651,b0651,rihA,pyrimidine-specific ribonucleoside hydrolase RihA,46.0,0.0,0.0,0.0
b0652,b0652,gltL,glutamate/aspartate ABC transporter ATP binding subunit,45.0,0.0,1.0,0.0
b0653,b0653,gltK,glutamate/aspartate ABC transporter membrane subunit GltK,46.0,0.0,0.0,0.0
b0654,b0654,gltJ,glutamate/aspartate ABC transporter membrane subunit GltJ,46.0,0.0,0.0,0.0
b0655,b0655,gltI,glutamate/aspartate ABC transporter periplasmic binding protein,46.0,0.0,0.0,0.0
b0658,b0658,ybeX,CorC-HlyC family protein YbeX,24.0,3.0,6.0,13.0
b0660,b0660,ybeZ,PhoH-like protein,42.0,0.0,4.0,0.0
b0661,b0661,miaB,isopentenyl-adenosine A37 tRNA methylthiolase,40.0,0.0,1.0,5.0
b0674,b0674,asnB,asparagine synthetase B,39.0,5.0,2.0,0.0
b0675,b0675,nagD,UMP phosphatase,46.0,0.0,0.0,0.0
b0676,b0676,nagC,DNA-binding transcriptional dual regulator NagC,23.0,3.0,14.0,6.0
b0677,b0677,nagA,<i>N</i>-acetylglucosamine-6-phosphate deacetylase,24.0,4.0,15.0,3.0
b0678,b0678,nagB,glucosamine-6-phosphate deaminase,43.0,2.0,0.0,1.0
b0679,b0679,nagE,N-acetylglucosamine-specific PTS enzyme IIABC component,45.0,0.0,1.0,0.0
b0681,b0681,ybfM,chitooligosaccharide outer membrane channel,46.0,0.0,0.0,0.0
b0682,b0682,ybfN,lipoprotein ChiQ,45.0,0.0,0.0,1.0
b0683,b0683,fur,DNA-binding transcriptional dual regulator Fur,0.0,23.0,23.0,0.0
b0685,b0685,ybfE,ribbon-helix-helix domain-containing protein YbfE,36.0,0.0,10.0,0.0
b0686,b0686,ybfF,esterase,45.0,0.0,0.0,1.0
b0688,b0688,pgm,phosphoglucomutase,15.0,10.0,20.0,1.0
b0689,b0689,ybfP,lipoprotein YbfP,46.0,0.0,0.0,0.0
b0691,b0691,ybfG,PF10964 domain-containing protein YbfG,46.0,0.0,0.0,0.0
b0692,b0692,potE,putrescine transporter PotE,46.0,0.0,0.0,0.0
b0693,b0693,speF,inducible ornithine decarboxylase,46.0,0.0,0.0,0.0
b0694,b0694,kdpE,KdpE-Phosphorylated // DNA-binding transcriptional activator KdpE,46.0,0.0,0.0,0.0
b0695,b0695,kdpD,sensor histidine kinase KdpD,46.0,0.0,0.0,0.0
b0696,b0696,kdpC,K<sup>+</sup> transporting P-type ATPase subunit KdpC,44.0,0.0,2.0,0.0
b0697,b0697,kdpB,K<sup>+</sup> transporting P-type ATPase subunit KdpB,46.0,0.0,0.0,0.0
b0698,b0698,kdpA,K<sup>+</sup> transporting P-type ATPase subunit KdpA,46.0,0.0,0.0,0.0
b0700,b0700,rhsC,rhs element protein RhsC,46.0,0.0,0.0,0.0
b0703,b0703,ybfO,RHS repeats-containing protein YbfO,46.0,0.0,0.0,0.0
b0705,b0705,ybfL,putative transposase YbfL,34.0,0.0,6.0,6.0
b0706,b0706,ybfD,H repeat-associated putative transposase YbfD,46.0,0.0,0.0,0.0
b0707,b0707,ybgA,DUF1722 domain-containing protein YbgA,46.0,0.0,0.0,0.0
b0708,b0708,phr,deoxyribodipyrimidine photolyase,46.0,0.0,0.0,0.0
b0709,b0709,ybgH,dipeptide:H<sup>+</sup> symporter DtpD,46.0,0.0,0.0,0.0
b0710,b0710,ybgI,radiation resistance protein YbgI,42.0,0.0,4.0,0.0
b0711,b0711,ybgJ,5-oxoprolinase component B,46.0,0.0,0.0,0.0
b0712,b0712,ybgK,5-oxoprolinase component C,46.0,0.0,0.0,0.0
b0713,b0713,ybgL,5-oxoprolinase component A,46.0,0.0,0.0,0.0
b0714,b0714,nei,endonuclease VIII,46.0,0.0,0.0,0.0
b0715,b0715,abrB,putative regulator,46.0,0.0,0.0,0.0
b0716,b0716,ybgO,putative fimbrial protein YbgO,46.0,0.0,0.0,0.0
b0717,b0717,ybgP,putative fimbrial chaperone YbgP,46.0,0.0,0.0,0.0
b0718,b0718,ybgQ,putative fimbrial usher protein YbgQ,46.0,0.0,0.0,0.0
b0719,b0719,ybgD,putative fimbrial protein YbgD,46.0,0.0,0.0,0.0
b0720,b0720,gltA,citrate synthase,7.0,36.0,3.0,0.0
b0721,b0721,sdhC,"succinate:quinone oxidoreductase, membrane protein SdhC",18.0,9.0,19.0,0.0
b0722,b0722,sdhD,"succinate:quinone oxidoreductase, membrane protein SdhD",23.0,5.0,17.0,1.0
b0723,b0723,sdhA,"succinate:quinone oxidoreductase, FAD binding protein",27.0,8.0,11.0,0.0
b0724,b0724,sdhB,"succinate:quinone oxidoreductase, iron-sulfur cluster binding protein",22.0,7.0,16.0,1.0
b0726,b0726,sucA,subunit of E1(0) component of 2-oxoglutarate dehydrogenase,0.0,38.0,8.0,0.0
b0728,b0728,sucC,succinyl-CoA synthetase subunit &beta;,33.0,4.0,9.0,0.0
b0729,b0729,sucD,succinyl-CoA synthetase subunit &alpha;,30.0,4.0,11.0,1.0
b0730,b0730,mngR,DNA-binding transcriptional repressor MngR,43.0,0.0,3.0,0.0
b0731,b0731,mngA,2-O-alpha-mannosyl-D-glycerate specific PTS enzyme II,46.0,0.0,0.0,0.0
b0732,b0732,mngB,&alpha;-mannosidase,46.0,0.0,0.0,0.0
b0735,b0735,ybgE,PF09600 family protein YbgE,45.0,0.0,0.0,1.0
b0736,b0736,ybgC,esterase/thioesterase,41.0,0.0,0.0,5.0
b0737,b0737,tolQ,Tol-Pal system protein TolQ,1.0,21.0,23.0,1.0
b0738,b0738,tolR,Tol-Pal system protein TolR,1.0,24.0,21.0,0.0
b0739,b0739,tolA,Tol-Pal system protein TolA,1.0,25.0,20.0,0.0
b0740,b0740,tolB,Tol-Pal system periplasmic protein TolB,1.0,19.0,26.0,0.0
b0741,b0741,pal,peptidoglycan-associated outer membrane lipoprotein Pal,3.0,16.0,27.0,0.0
b0742,b0742,ybgF,cell division coordinator CpoB,45.0,0.0,1.0,0.0
b0750,b0750,nadA,quinolinate synthase,2.0,11.0,33.0,0.0
b0751,b0751,pnuC,nicotinamide riboside transporter,46.0,0.0,0.0,0.0
b0752,b0752,zitB,Zn<sup>2+</sup>/Cd<sup>2+</sup>/Ni<sup>2+</sup>/Cu<sup>2+</sup> exporter,46.0,0.0,0.0,0.0
b0753,b0753,ybgS,PF13985 family protein YbgS,46.0,0.0,0.0,0.0
b0754,b0754,aroG,"3-deoxy-7-phosphoheptulonate synthase, Phe-sensitive",45.0,0.0,1.0,0.0
b0755,b0755,gpmA,"2,3-bisphosphoglycerate-dependent phosphoglycerate mutase",27.0,0.0,19.0,0.0
b0756,b0756,galM,galactose-1-epimerase,44.0,0.0,2.0,0.0
b0757,b0757,galK,galactokinase,44.0,1.0,1.0,0.0
b0758,b0758,galT,galactose-1-phosphate uridylyltransferase,37.0,2.0,6.0,1.0
b0759,b0759,galE,UDP-glucose 4-epimerase,41.0,2.0,2.0,1.0
b0760,b0760,modF,ABC family protein ModF,46.0,0.0,0.0,0.0
b0761,b0761,modE,DNA-binding transcriptional dual regulator ModE,44.0,0.0,0.0,2.0
b0763,b0763,modA,molybdate ABC transporter periplasmic binding protein,42.0,0.0,0.0,4.0
b0764,b0764,modB,molybdate ABC transporter membrane subunit,43.0,0.0,0.0,3.0
b0765,b0765,modC,molybdate ABC transporter ATP binding subunit,34.0,0.0,0.0,12.0
b0766,b0766,ybhA,"pyridoxal phosphate/fructose-1,6-bisphosphate phosphatase",45.0,0.0,1.0,0.0
b0767,b0767,ybhE,6-phosphogluconolactonase,6.0,5.0,35.0,0.0
b0768,b0768,ybhD,putative DNA-binding transcriptional regulator YbhD,42.0,0.0,4.0,0.0
b0769,b0769,ybhH,putative isomerase YbhH,46.0,0.0,0.0,0.0
b0770,b0770,ybhI,putative tricarboxylate transporter,46.0,0.0,0.0,0.0
b0771,b0771,ybhJ,putative hydratase YbhJ,46.0,0.0,0.0,0.0
b0772,b0772,ybhC,outer membrane lipoprotein YbhC,46.0,0.0,0.0,0.0
b0773,b0773,ybhB,putative kinase inhibitor,46.0,0.0,0.0,0.0
b0774,b0774,bioA,adenosylmethionine-8-amino-7-oxononanoate aminotransferase,34.0,1.0,11.0,0.0
b0775,b0775,bioB,biotin synthase,28.0,3.0,15.0,0.0
b0776,b0776,bioF,8-amino-7-oxononanoate synthase,35.0,0.0,11.0,0.0
b0777,b0777,bioC,malonyl-acyl carrier protein methyltransferase,31.0,0.0,15.0,0.0
b0778,b0778,bioD,dethiobiotin synthetase,34.0,1.0,11.0,0.0
b0779,b0779,uvrB,UvrABC excision nuclease subunit B,46.0,0.0,0.0,0.0
b0780,b0780,ybhK,putative transferase YbhK,45.0,0.0,0.0,1.0
b0781,b0781,moaA,"GTP 3',8'-cyclase",39.0,0.0,0.0,7.0
b0782,b0782,moaB,protein MoaB,41.0,0.0,2.0,3.0
b0783,b0783,moaC,cyclic pyranopterin monophosphate synthase,44.0,0.0,1.0,1.0
b0784,b0784,moaD,MoaD-S // molybdopterin synthase sulfur carrier subunit,41.0,0.0,0.0,5.0
b0785,b0785,moaE,molybdopterin synthase catalytic subunit,37.0,0.0,0.0,9.0
b0786,b0786,ybhL,Bax1-I family protein YbhL,46.0,0.0,0.0,0.0
b0787,b0787,ybhM,Bax1-I family protein YbhM,46.0,0.0,0.0,0.0
b0788,b0788,ybhN,PF03706 family inner membrane protein YbhN,46.0,0.0,0.0,0.0
b0789,b0789,ybhO,cardiolipin synthase B,46.0,0.0,0.0,0.0
b0790,b0790,ybhP,endonuclease/exonuclease/phosphatase domain-containing protein YbhP,46.0,0.0,0.0,0.0
b0791,b0791,ybhQ,inner membrane protein YbhQ,44.0,0.0,2.0,0.0
b0792,b0792,ybhR,ABC exporter membrane subunit YbhR,46.0,0.0,0.0,0.0
b0793,b0793,ybhS,ABC exporter membrane subunit YbhS,46.0,0.0,0.0,0.0
b0794,b0794,ybhF,ABC exporter ATP binding subunit YbhF,46.0,0.0,0.0,0.0
b0795,b0795,ybhG,HlyD_D23 family protein YbhG,46.0,0.0,0.0,0.0
b0796,b0796,ybiH,DNA-binding transcriptional dual regulator CecR,45.0,0.0,0.0,1.0
b0797,b0797,rhlE,ATP-dependent RNA helicase RhlE,46.0,0.0,0.0,0.0
b0798,b0798,ybiA,<i>N</i>-glycosidase YbiA,42.0,0.0,3.0,1.0
b0799,b0799,dinG,ATP-dependent DNA helicase DinG,46.0,0.0,0.0,0.0
b0800,b0800,ybiB,nonspecific DNA-binding protein YbiB,40.0,0.0,6.0,0.0
b0801,b0801,ybiC,hydroxycarboxylate dehydrogenase B,46.0,0.0,0.0,0.0
b0802,b0802,ybiJ,DUF1471 domain-containing protein YbiJ,44.0,0.0,2.0,0.0
b0803,b0803,ybiI,zinc finger domain-containing protein YbiI,46.0,0.0,0.0,0.0
b0804,b0804,ybiX,PKHD-type hydroxylase YbiX,46.0,0.0,0.0,0.0
b0805,b0805,fiu,iron catecholate outer membrane transporter Fiu,46.0,0.0,0.0,0.0
b0806,b0806,ybiM,DUF1471 domain-containing protein McbA,46.0,0.0,0.0,0.0
b0807,b0807,ybiN,23S rRNA m<sup>6</sup>A1618 methyltransferase,46.0,0.0,0.0,0.0
b0808,b0808,ybiO,moderate conductance mechanosensitive channel YbiO,46.0,0.0,0.0,0.0
b0809,b0809,glnQ,L-glutamine ABC transporter ATP binding subunit,46.0,0.0,0.0,0.0
b0810,b0810,glnP,L-glutamine ABC transporter membrane subunit,46.0,0.0,0.0,0.0
b0811,b0811,glnH,L-glutamine ABC transporter periplasmic binding protein,43.0,0.0,3.0,0.0
b0812,b0812,dps,DNA protection during starvation protein,46.0,0.0,0.0,0.0
b0813,b0813,rhtA,L-threonine/L-homoserine exporter,46.0,0.0,0.0,0.0
b0814,b0814,ompX,outer membrane protein X,46.0,0.0,0.0,0.0
b0815,b0815,ybiP,phosphoethanolamine transferase OpgE,46.0,0.0,0.0,0.0
b0817,b0817,mntR,DNA-binding transcriptional dual regulator MntR,46.0,0.0,0.0,0.0
b0818,b0818,ybiR,putative transporter YbiR,46.0,0.0,0.0,0.0
b0819,b0819,ybiS,"L,D-transpeptidase LdtB",38.0,0.0,0.0,8.0
b0820,b0820,ybiT,putative ATP-binding protein YbiT,46.0,0.0,0.0,0.0
b0821,b0821,ybiU,DUF1479 domain-containing protein YbiU,46.0,0.0,0.0,0.0
b0822,b0822,ybiV,sugar phosphatase YbiV,46.0,0.0,0.0,0.0
b0823,b0823,ybiW,putative pyruvate formate lyase,46.0,0.0,0.0,0.0
b0824,b0824,ybiY,putative pyruvate formate-lyase activating enzyme YbiY,46.0,0.0,0.0,0.0
b0825,b0825,mipB,fructose-6-phosphate aldolase 1,44.0,0.0,0.0,2.0
b0826,b0826,moeB,molybdopterin-synthase adenylyltransferase,41.0,0.0,0.0,5.0
b0827,b0827,moeA,molybdopterin molybdotransferase,45.0,0.0,1.0,0.0
b0828,b0828,iaaA,&beta; cleavage product of IaaA // &alpha; cleavage product of IaaA // isoaspartyl dipeptidase proenzyme,45.0,0.0,0.0,1.0
b0829,b0829,gsiA,glutathione ABC transporter ATP binding subunit GsiA,42.0,0.0,4.0,0.0
b0830,b0830,yliB,glutathione ABC transporter periplasmic binding protein,45.0,0.0,0.0,1.0
b0831,b0831,yliC,glutathione ABC transporter membrane subunit GsiC,44.0,0.0,0.0,2.0
b0832,b0832,yliD,glutathione ABC transporter membrane subunit GsiD,45.0,0.0,0.0,1.0
b0833,b0833,yliE,putative c-di-GMP phosphodiesterase PdeI,46.0,0.0,0.0,0.0
b0834,b0834,yliF,putative diguanylate cyclase DgcI,46.0,0.0,0.0,0.0
b0835,b0835,yliG,ribosomal protein S12 methylthiotransferase RimO,43.0,0.0,0.0,3.0
b0836,b0836,yliH,regulator of biofilm formation,45.0,0.0,1.0,0.0
b0837,b0837,yliI,aldose sugar dehydrogenase YliI,46.0,0.0,0.0,0.0
b0838,b0838,yliJ,glutathione <i>S</i>-transferase GstB,46.0,0.0,0.0,0.0
b0839,b0839,dacC,D-alanyl-D-alanine carboxypeptidase DacC,46.0,0.0,0.0,0.0
b0840,b0840,deoR,DNA-binding transcriptional repressor DeoR,28.0,0.0,18.0,0.0
b0841,b0841,ybjG,undecaprenyl pyrophosphate phosphatase,46.0,0.0,0.0,0.0
b0842,b0842,cmr,multidrug efflux pump MdfA / Na<sup>+</sup>:H<sup>+</sup> antiporter / K<sup>+</sup>:H<sup>+</sup> antiporter,46.0,0.0,0.0,0.0
b0843,b0843,ybjH,uncharacterized protein YbjH,39.0,0.0,4.0,3.0
b0844,b0844,b0844,5-amino-6-(5-phospho-D-ribitylamino)uracil phosphatase,46.0,0.0,0.0,0.0
b0845,b0845,ybjJ,inner membrane protein YbjJ,46.0,0.0,0.0,0.0
b0846,b0846,ybjK,RcdA,41.0,0.0,5.0,0.0
b0847,b0847,ybjL,putative transport protein YbjL,45.0,0.0,0.0,1.0
b0848,b0848,ybjM,putative inner membrane protein,45.0,1.0,0.0,0.0
b0849,b0849,grxA,oxidized glutaredoxin 1 // reduced glutaredoxin 1,37.0,0.0,9.0,0.0
b0850,b0850,ybjC,DUF1418 domain-containing protein YbjC,45.0,0.0,1.0,0.0
b0851,b0851,nfsA,NADPH-dependent nitro/quinone reductase NfsA,42.0,0.0,1.0,3.0
b0852,b0852,rimK,ribosomal protein S6 modification protein,41.0,0.0,0.0,5.0
b0853,b0853,ybjN,protein YbjN,36.0,0.0,10.0,0.0
b0854,b0854,potF,putrescine ABC transporter periplasmic binding protein,42.0,0.0,4.0,0.0
b0855,b0855,potG,putrescine ABC transporter ATP binding subunit,46.0,0.0,0.0,0.0
b0856,b0856,potH,putrescine ABC transporter membrane subunit PotH,45.0,0.0,1.0,0.0
b0857,b0857,potI,putrescine ABC transporter membrane subunit PotI,44.0,0.0,1.0,1.0
b0858,b0858,ybjO,putative inner membrane protein,44.0,0.0,1.0,1.0
b0859,b0859,rumB,23S rRNA m<sup>5</sup>U747 methyltransferase,40.0,0.0,0.0,6.0
b0860,b0860,artJ,L-arginine ABC transporter periplasmic binding protein,46.0,0.0,0.0,0.0
b0861,b0861,artM,L-arginine ABC transporter membrane subunit ArtM,46.0,0.0,0.0,0.0
b0862,b0862,artQ,L-arginine ABC transporter membrane subunit ArtQ,45.0,0.0,1.0,0.0
b0863,b0863,artI,putative ABC transporter periplasmic binding protein ArtI,45.0,0.0,1.0,0.0
b0864,b0864,artP,L-arginine ABC transporter ATP binding subunit,44.0,0.0,1.0,1.0
b0865,b0865,ybjP,DUF3828 domain-containing lipoprotein YbjP,46.0,0.0,0.0,0.0
b0866,b0866,ybjQ,putative heavy metal binding protein YbjQ,38.0,0.0,3.0,5.0
b0867,b0867,ybjR,<i>N</i>-acetylmuramoyl-L-alanine amidase D,46.0,0.0,0.0,0.0
b0868,b0868,b0868,putative epimerase YbjS,46.0,0.0,0.0,0.0
b0869,b0869,ybjT,putative NAD(P)-binding protein YbjT,46.0,0.0,0.0,0.0
b0870,b0870,ltaE,low-specificity L-threonine aldolase,40.0,0.0,0.0,6.0
b0871,b0871,poxB,pyruvate oxidase,46.0,0.0,0.0,0.0
b0872,b0872,hcr,NADH oxidoreductase,42.0,0.0,0.0,4.0
b0873,b0873,ybjW,protein <i>S</i>-nitrosylase,46.0,0.0,0.0,0.0
b0874,b0874,ybjE,L-lysine/thialysine exporter,46.0,0.0,0.0,0.0
b0875,b0875,aqpZ,water channel AqpZ,46.0,0.0,0.0,0.0
b0876,b0876,ybjD,DUF2813 domain-containing protein YbjD,46.0,0.0,0.0,0.0
b0877,b0877,ybjX,DUF535 domain-containing protein YbjX,45.0,0.0,0.0,1.0
b0878,b0878,b0878,ABC-type tripartite efflux pump membrane fusion protein,46.0,0.0,0.0,0.0
b0879,b0879,macB,ABC-type tripartite efflux pump ATP binding/membrane subunit,46.0,0.0,0.0,0.0
b0880,b0880,cspD,DNA replication inhibitor CspD,38.0,0.0,4.0,4.0
b0881,b0881,clpS,specificity factor for ClpA-ClpP chaperone-protease complex,44.0,0.0,2.0,0.0
b0882,b0882,clpA,ATP-dependent Clp protease ATP-binding subunit ClpA,31.0,0.0,8.0,7.0
b0885,b0885,aat,leucyl/phenylalanyl-tRNA&mdash;protein transferase,45.0,0.0,1.0,0.0
b0888,b0888,trxB,thioredoxin reductase,9.0,3.0,33.0,1.0
b0889,b0889,lrp,DNA-binding transcriptional dual regulator Lrp,4.0,38.0,4.0,0.0
b0890,b0890,ftsK,cell division DNA translocase FtsK,1.0,9.0,36.0,0.0
b0892,b0892,ycaJ,replication-associated recombination protein A,46.0,0.0,0.0,0.0
b0894,b0894,dmsA,dimethyl sulfoxide reductase subunit A,46.0,0.0,0.0,0.0
b0895,b0895,dmsB,dimethyl sulfoxide reductase subunit B,46.0,0.0,0.0,0.0
b0896,b0896,dmsC,dimethyl sulfoxide reductase subunit C,46.0,0.0,0.0,0.0
b0897,b0897,ycaC,putative hydrolase YcaC,46.0,0.0,0.0,0.0
b0898,b0898,ycaD,putative transporter YcaD,46.0,0.0,0.0,0.0
b0899,b0899,b0899,putative transporter YcaM,46.0,0.0,0.0,0.0
b0900,b0900,ycaN,putative DNA-binding transcriptional regulator YcaN,46.0,0.0,0.0,0.0
b0901,b0901,ycaK,putative oxidoreductase YcaK,46.0,0.0,0.0,0.0
b0902,b0902,pflA,pyruvate formate-lyase activating enzyme,42.0,0.0,4.0,0.0
b0903,b0903,pflB,pyruvate formate-lyase,41.0,0.0,5.0,0.0
b0904,b0904,focA,formate channel FocA,45.0,0.0,1.0,0.0
b0905,b0905,ycaO,ribosomal protein S12 methylthiotransferase accessory factor YcaO,46.0,0.0,0.0,0.0
b0906,b0906,ycaP,DUF421 domain-containing protein YcaP,46.0,0.0,0.0,0.0
b0907,b0907,serC,phosphoserine/phosphohydroxythreonine aminotransferase,1.0,45.0,0.0,0.0
b0908,b0908,aroA,3-phosphoshikimate 1-carboxyvinyltransferase,3.0,43.0,0.0,0.0
b0909,b0909,ycaL,periplasmic protease YcaL,46.0,0.0,0.0,0.0
b0912,b0912,ihfB,integration host factor subunit &beta;,3.0,33.0,8.0,2.0
b0913,b0913,ycaI,metallo-&beta;-lactamase superfamily inner membrane protein YcaI,46.0,0.0,0.0,0.0
b0916,b0916,ycaQ,interstrand DNA crosslink repair glycosylase,46.0,0.0,0.0,0.0
b0919,b0919,ycbJ,putative phosphotransferase YcbJ,46.0,0.0,0.0,0.0
b0920,b0920,ycbC,envelope biogenesis factor,34.0,0.0,0.0,12.0
b0921,b0921,smtA,tRNA <b>cmo</b><sup>5</sup>U34 methyltransferase,44.0,0.0,2.0,0.0
b0925,b0925,ycbB,"L,D-transpeptidase LdtD",46.0,0.0,0.0,0.0
b0926,b0926,ycbK,"peptidoglycan L,D-endopeptidase",32.0,3.0,11.0,0.0
b0927,b0927,ycbL,hydroxyacylglutathione hydrolase GloC,45.0,0.0,1.0,0.0
b0928,b0928,aspC,aspartate aminotransferase,7.0,19.0,20.0,0.0
b0929,b0929,ompF,outer membrane porin F,37.0,0.0,9.0,0.0
b0931,b0931,pncB,nicotinate phosphoribosyltransferase,43.0,0.0,1.0,2.0
b0932,b0932,pepN,aminopeptidase N,41.0,0.0,5.0,0.0
b0933,b0933,ssuB,aliphatic sulfonate ABC transporter ATP binding subunit,46.0,0.0,0.0,0.0
b0934,b0934,ycbM,aliphatic sulfonate ABC transporter membrane subunit,46.0,0.0,0.0,0.0
b0935,b0935,ssuD,FMNH<sub>2</sub>-dependent alkanesulfonate monooxygenase,46.0,0.0,0.0,0.0
b0936,b0936,ycbO,aliphatic sulfonate ABC transporter periplasmic binding protein,46.0,0.0,0.0,0.0
b0937,b0937,ssuE,NADPH-dependent FMN reductase,37.0,0.0,9.0,0.0
b0938,b0938,ycbQ,putative laminin-binding fimbrial subunit,45.0,0.0,1.0,0.0
b0939,b0939,ycbR,putative fimbrial chaperone ElfD,46.0,0.0,0.0,0.0
b0940,b0940,ycbS,putative fimbrial usher protein ElfC,46.0,0.0,0.0,0.0
b0941,b0941,ycbT,putative fimbrial-like adhesin protein,46.0,0.0,0.0,0.0
b0942,b0942,ycbU,putative fimbrial protein YcbU,46.0,0.0,0.0,0.0
b0943,b0943,b0943,putative fimbrial protein YcbV,46.0,0.0,0.0,0.0
b0944,b0944,ycbF,putative fimbrial chaperone YcbF,46.0,0.0,0.0,0.0
b0945,b0945,pyrD,"dihydroorotate dehydrogenase, type 2",4.0,42.0,0.0,0.0
b0946,b0946,ycbW,cell division protein ZapC,46.0,0.0,0.0,0.0
b0947,b0947,ycbX,6-<i>N</i>-hydroxylaminopurine resistance protein,45.0,0.0,1.0,0.0
b0948,b0948,ycbY,fused 23S rRNA m<sup>2</sup>G2445 methyltransferase and 23S rRNA m<sup>7</sup>G2069 methyltransferase,42.0,0.0,0.0,4.0
b0949,b0949,uup,ATP-binding protein Uup,43.0,0.0,3.0,0.0
b0950,b0950,pqiA,intermembrane transport protein PqiA,46.0,0.0,0.0,0.0
b0951,b0951,pqiB,intermembrane transport protein PqiB,46.0,0.0,0.0,0.0
b0952,b0952,ymbA,intermembrane transport lipoprotein PqiC,46.0,0.0,0.0,0.0
b0953,b0953,rmf,ribosome modulation factor,29.0,0.0,3.0,14.0
b0955,b0955,ycbZ,putative ATP-dependent protease YcbZ,25.0,0.0,0.0,21.0
b0957,b0957,ompA,outer membrane protein A,14.0,2.0,29.0,1.0
b0958,b0958,sulA,cell division inhibitor SulA,46.0,0.0,0.0,0.0
b0959,b0959,yccR,transcriptional coactivator for CRP,46.0,0.0,0.0,0.0
b0960,b0960,b0960,putative transporter YccS,42.0,0.0,0.0,4.0
b0961,b0961,yccF,PF03733 family inner membrane protein YccF,44.0,0.0,0.0,2.0
b0962,b0962,helD,DNA helicase IV,46.0,0.0,0.0,0.0
b0963,b0963,mgsA,methylglyoxal synthase,41.0,0.0,5.0,0.0
b0964,b0964,yccT,DUF2057 domain-containing protein YccT,44.0,0.0,1.0,1.0
b0965,b0965,b0965,putative HspQ acetyl donor,42.0,0.0,0.0,4.0
b0966,b0966,hspQ,heat shock protein HspQ,42.0,0.0,4.0,0.0
b0967,b0967,yccW,23S rRNA m<sup>5</sup>C1962 methyltransferase,45.0,0.0,0.0,1.0
b0968,b0968,yccX,acylphosphatase,46.0,0.0,0.0,0.0
b0970,b0970,yccA,modulator of FtsH protease,46.0,0.0,0.0,0.0
b0972,b0972,hyaA,hydrogenase 1 small subunit,46.0,0.0,0.0,0.0
b0973,b0973,hyaB,hydrogenase 1 large subunit,45.0,0.0,0.0,1.0
b0974,b0974,hyaC,hydrogenase 1 cytochrome <i>b</i> subunit,45.0,0.0,1.0,0.0
b0975,b0975,hyaD,putative hydrogenase 1 maturation protease HyaD,46.0,0.0,0.0,0.0
b0976,b0976,hyaE,putative HyaA chaperone,42.0,0.0,4.0,0.0
b0977,b0977,hyaF,protein HyaF,46.0,0.0,0.0,0.0
b0978,b0978,appC,cytochrome <i>bd</i>-II subunit 1,46.0,0.0,0.0,0.0
b0979,b0979,appB,cytochrome <i>bd</i>-II subunit 2,46.0,0.0,0.0,0.0
b0980,b0980,appA,periplasmic phosphoanhydride phosphatase/multiple inositol-polyphosphate phosphatase,46.0,0.0,0.0,0.0
b0981,b0981,yccC,protein-tyrosine kinase Etk,46.0,0.0,0.0,0.0
b0982,b0982,yccY,phosphotyrosine-protein phosphatase Etp,46.0,0.0,0.0,0.0
b0983,b0983,yccZ,putative exopolysaccharide export lipoprotein GfcE,46.0,0.0,0.0,0.0
b0984,b0984,ymcA,putative lipoprotein GfcD,46.0,0.0,0.0,0.0
b0985,b0985,ymcB,capsule biosynthesis GfcC family protein,46.0,0.0,0.0,0.0
b0986,b0986,ymcC,lipoprotein GfcB,46.0,0.0,0.0,0.0
b0987,b0987,ymcD,threonine-rich inner membrane protein GfcA,46.0,0.0,0.0,0.0
b0989,b0989,cspH,CspA family protein CspH,46.0,0.0,0.0,0.0
b0990,b0990,cspG,cold shock protein CspG,44.0,0.0,2.0,0.0
b0991,b0991,ymcE,protein YmcE,46.0,0.0,0.0,0.0
b0992,b0992,yccM,putative electron transport protein YccM,46.0,0.0,0.0,0.0
b0993,b0993,torS,sensor histidine kinase TorS,46.0,0.0,0.0,0.0
b0994,b0994,torT,TorT-TMAO // periplasmic trimethylamine-N-oxide binding protein,46.0,0.0,0.0,0.0
b0995,b0995,torR,DNA-binding transcriptional dual regulator TorR,46.0,0.0,0.0,0.0
b0996,b0996,torC,cytochrome <i>c</i> menaquinol dehydrogenase TorC,46.0,0.0,0.0,0.0
b0997,b0997,torA,trimethylamine <i>N</i>-oxide reductase 1,46.0,0.0,0.0,0.0
b0998,b0998,torD,trimethylamine-N-oxide reductase-specific chaperone,41.0,0.0,0.0,5.0
b0999,b0999,cbpM,chaperone modulator CbpM,40.0,0.0,5.0,1.0
b1000,b1000,cbpA,curved DNA-binding protein,46.0,0.0,0.0,0.0
b1001,b1001,yccE,uncharacterized protein YccE,40.0,0.0,6.0,0.0
b1002,b1002,agp,glucose-1-phosphatase,46.0,0.0,0.0,0.0
b1004,b1004,wrbA,NAD(P)H:quinone oxidoreductase,46.0,0.0,0.0,0.0
b1006,b1006,ycdG,pyrimidine:H<sup>+</sup> symporter,46.0,0.0,0.0,0.0
b1007,b1007,b1007,FMN reductase RutF,37.0,0.0,8.0,1.0
b1008,b1008,ycdI,putative malonic semialdehyde reductase,45.0,0.0,1.0,0.0
b1009,b1009,rarA,putative aminoacrylate hydrolase RutD,46.0,0.0,0.0,0.0
b1010,b1010,ycdK,3-aminoacrylate deaminase,46.0,0.0,0.0,0.0
b1011,b1011,b1011,ureidoacrylate amidohydrolase,43.0,0.0,3.0,0.0
b1012,b1012,b1012,pyrimidine monooxygenase RutA,38.0,0.0,8.0,0.0
b1013,b1013,ycdC,DNA-binding transcriptional dual regulator RutR,42.0,0.0,1.0,3.0
b1014,b1014,putA,fused DNA-binding transcriptional repressor / proline dehydrogenase / 1-pyrroline-5-carboxylate dehydrogenase PutA,44.0,0.0,1.0,1.0
b1015,b1015,putP,proline:Na<sup>+</sup> symporter,45.0,0.0,1.0,0.0
b1018,b1018,ycdO,ferrous iron transport system protein EfeO,46.0,0.0,0.0,0.0
b1019,b1019,ycdB,heme-containing peroxidase/deferrochelatase,46.0,0.0,0.0,0.0
b1020,b1020,phoH,ATP-binding protein PhoH,46.0,0.0,0.0,0.0
b1021,b1021,ycdP,poly-<i>N</i>-acetyl-D-glucosamine synthase subunit PgaD,46.0,0.0,0.0,0.0
b1022,b1022,ycdQ,poly-<i>N</i>-acetyl-D-glucosamine synthase subunit PgaC,46.0,0.0,0.0,0.0
b1023,b1023,ycdR,"poly-&beta;-1,6-<i>N</i>-acetyl-D-glucosamine <i>N</i>-deacetylase and &beta;-1,6 glycoside hydrolase",46.0,0.0,0.0,0.0
b1024,b1024,ycdS,"partially deacetylated poly-&beta;-1,6-<i>N</i>-acetyl-D-glucosamine export outer membrane porin",46.0,0.0,0.0,0.0
b1025,b1025,ycdT,probable diguanylate cyclase DgcT,45.0,0.0,1.0,0.0
b1028,b1028,ymdE,putative uncharacterized protein YmdE,46.0,0.0,0.0,0.0
b1029,b1029,ycdU,uncharacterized protein YcdU,46.0,0.0,0.0,0.0
b1033,b1033,ycdW,glyoxylate/hydroxypyruvate reductase A,46.0,0.0,0.0,0.0
b1034,b1034,ycdX,zinc-binding phosphatase YcdX,46.0,0.0,0.0,0.0
b1035,b1035,ycdY,chaperone protein YcdY,46.0,0.0,0.0,0.0
b1036,b1036,ycdZ,inner membrane protein YcdZ,46.0,0.0,0.0,0.0
b1037,b1037,csgG,curli secretion channel,46.0,0.0,0.0,0.0
b1038,b1038,csgF,curli assembly component CsgF,46.0,0.0,0.0,0.0
b1039,b1039,csgE,curli assembly component CsgE,46.0,0.0,0.0,0.0
b1040,b1040,csgD,DNA-binding transcriptional dual regulator CsgD,42.0,0.0,4.0,0.0
b1041,b1041,csgB,"curlin, minor subunit",46.0,0.0,0.0,0.0
b1042,b1042,csgA,"curlin, major subunit",46.0,0.0,0.0,0.0
b1043,b1043,csgC,curlin chaperone,46.0,0.0,0.0,0.0
b1044,b1044,ymdA,uncharacterized protein YmdA,46.0,0.0,0.0,0.0
b1045,b1045,ymdB,"2'-<i>O</i>-acetyl-ADP-ribose deacetylase, regulator of RNase III activity",45.0,0.0,1.0,0.0
b1046,b1046,ymdC,cardiolipin synthase C,46.0,0.0,0.0,0.0
b1047,b1047,mdoC,osmoregulated periplasmic glucans (OPG) biosynthesis protein C,46.0,0.0,0.0,0.0
b1048,b1048,mdoG,osmoregulated periplasmic glucans biosynthesis protein G,37.0,0.0,8.0,1.0
b1049,b1049,mdoH,osmoregulated periplasmic glucans biosynthesis protein H,35.0,1.0,10.0,0.0
b1053,b1053,mdtG,efflux pump MdtG,46.0,0.0,0.0,0.0
b1055,b1055,yceA,tRNA U34 hydroxylase TrhO,45.0,0.0,0.0,1.0
b1056,b1056,yceI,protein YceI,45.0,0.0,1.0,0.0
b1057,b1057,yceJ,putative cytochrome b561 YceJ,46.0,0.0,0.0,0.0
b1058,b1058,yceO,DUF2770 domain-containing protein YceO,22.0,0.0,24.0,0.0
b1059,b1059,solA,N-methyl-L-tryptophan oxidase,46.0,0.0,0.0,0.0
b1060,b1060,yceP,regulator of biofilm formation,31.0,0.0,15.0,0.0
b1061,b1061,dinI,DNA damage-inducible protein I,46.0,0.0,0.0,0.0
b1062,b1062,pyrC,dihydroorotase,3.0,42.0,1.0,0.0
b1063,b1063,yceB,putative lipid-binding lipoprotein YceB,42.0,0.0,3.0,1.0
b1064,b1064,grxB,oxidized glutaredoxin 2 // reduced glutaredoxin 2,40.0,0.0,6.0,0.0
b1065,b1065,yceL,multidrug efflux pump MdtH,46.0,0.0,0.0,0.0
b1066,b1066,rimJ,ribosomal-protein-S5-alanine N-acetyltransferase,41.0,0.0,2.0,3.0
b1067,b1067,yceH,DUF480 domain-containing protein YceH,45.0,0.0,0.0,1.0
b1068,b1068,mviM,putative oxidoreductase YceM,46.0,0.0,0.0,0.0
b1070,b1070,flgN,flagellar biosynthesis protein FlgN,19.0,0.0,2.0,25.0
b1072,b1072,flgA,flagellar basal body P-ring formation protein FlgA,43.0,0.0,0.0,3.0
b1073,b1073,flgB,flagellar basal-body rod protein FlgB,46.0,0.0,0.0,0.0
b1074,b1074,flgC,flagellar basal-body rod protein FlgC,37.0,0.0,0.0,9.0
b1075,b1075,flgD,"flagellar biosynthesis, initiation of hook assembly",41.0,0.0,2.0,3.0
b1076,b1076,flgE,flagellar hook protein FlgE,46.0,0.0,0.0,0.0
b1077,b1077,flgF,flagellar basal-body rod protein FlgF,46.0,0.0,0.0,0.0
b1078,b1078,flgG,flagellar basal-body rod protein FlgG,46.0,0.0,0.0,0.0
b1079,b1079,flgH,flagellar L-ring protein,46.0,0.0,0.0,0.0
b1080,b1080,flgI,flagellar P-ring protein,46.0,0.0,0.0,0.0
b1081,b1081,flgJ,putative peptidoglycan hydrolase FlgJ,46.0,0.0,0.0,0.0
b1082,b1082,flgK,flagellar hook-filament junction protein 1,46.0,0.0,0.0,0.0
b1083,b1083,flgL,flagellar hook-filament junction protein 2,43.0,0.0,0.0,3.0
b1084,b1084,rne,ribonuclease E,2.0,16.0,28.0,0.0
b1085,b1085,b1085,DUF2655 domain-containing protein YceQ,7.0,0.0,1.0,38.0
b1086,b1086,rluC,23S rRNA pseudouridine<sup>955/2504/2580</sup> synthase,42.0,0.0,1.0,3.0
b1087,b1087,yceF,m<sup>7</sup>GTP pyrophosphatase,46.0,0.0,0.0,0.0
b1088,b1088,yceD,DUF177 domain-containing protein YceD,41.0,0.0,1.0,4.0
b1090,b1090,plsX,putative phosphate acyltransferase,41.0,0.0,3.0,2.0
b1095,b1095,fabF,3-oxoacyl-[acyl carrier protein] synthase 2,18.0,0.0,1.0,27.0
b1096,b1096,pabC,aminodeoxychorismate lyase,44.0,0.0,2.0,0.0
b1097,b1097,yceG,endolytic murein transglycosylase,45.0,0.0,1.0,0.0
b1100,b1100,ycfH,putative metal-dependent hydrolase YcfH,46.0,0.0,0.0,0.0
b1101,b1101,ptsG,EIIBC<sup>glc</sup> - phosphorylated // glucose-specific PTS enzyme IIBC component,29.0,2.0,12.0,3.0
b1102,b1102,fhuE,ferric coprogen/ferric rhodotorulic acid outer membrane transporter,46.0,0.0,0.0,0.0
b1103,b1103,ycfF,purine nucleoside phosphoramidase,36.0,0.0,8.0,2.0
b1104,b1104,ycfL,DUF1425 domain-containing protein YcfL,28.0,0.0,0.0,18.0
b1105,b1105,ycfM,outer membrane lipoprotein - activator of MrcB activity,38.0,3.0,2.0,3.0
b1106,b1106,ycfN,thiamine kinase,45.0,0.0,1.0,0.0
b1107,b1107,nagZ,&beta;-<i>N</i>-acetylglucosaminidase,44.0,0.0,1.0,1.0
b1108,b1108,ycfP,PF05728 family protein YcfP,44.0,0.0,2.0,0.0
b1109,b1109,ndh,NADH:quinone oxidoreductase II,38.0,0.0,8.0,0.0
b1110,b1110,ycfJ,PF05433 family protein YcfJ,43.0,0.0,0.0,3.0
b1111,b1111,ycfQ,DNA-binding transcriptional repressor ComR,39.0,0.0,7.0,0.0
b1113,b1113,ycfS,"L,D-transpeptidase LdtC",46.0,0.0,0.0,0.0
b1114,b1114,mfd,transcription-repair coupling factor,39.0,0.0,4.0,3.0
b1115,b1115,ycfT,inner membrane protein YcfT,46.0,0.0,0.0,0.0
b1119,b1119,nagK,<i>N</i>-acetyl-D-glucosamine kinase,46.0,0.0,0.0,0.0
b1120,b1120,cobB,CobB-S // protein-lysine deacetylase/desuccinylase/delipoylase,44.0,0.0,2.0,0.0
b1121,b1121,ycfZ,putative inner membrane protein YcfZ,45.0,0.0,1.0,0.0
b1122,b1122,ymfA,putative inner membrane protein YmfA,46.0,0.0,0.0,0.0
b1123,b1123,potD,spermidine preferential ABC transporter periplasmic binding protein,44.0,0.0,1.0,1.0
b1124,b1124,potC,spermidine preferential ABC transporter membrane subunit PotC,45.0,0.0,1.0,0.0
b1125,b1125,potB,spermidine preferential ABC transporter membrane subunit PotB,43.0,0.0,1.0,2.0
b1126,b1126,potA,spermidine preferential ABC transporter ATP binding subunit,43.0,0.0,3.0,0.0
b1127,b1127,pepT,peptidase T,46.0,0.0,0.0,0.0
b1128,b1128,ycfD,50S ribosomal protein L16-arginine 3-hydroxylase,45.0,0.0,1.0,0.0
b1129,b1129,phoQ,sensor histidine kinase PhoQ,1.0,42.0,3.0,0.0
b1130,b1130,phoP,DNA-binding transcriptional dual regulator PhoP-phosphorylated // DNA-binding transcriptional dual regulator PhoP,0.0,40.0,6.0,0.0
b1132,b1132,hflD,lysogenization regulator,41.0,0.0,3.0,2.0
b1134,b1134,ymfB,phosphatase NudJ,35.0,0.0,6.0,5.0
b1135,b1135,ymfC,23S rRNA pseudouridine<sup>2457</sup> synthase,46.0,0.0,0.0,0.0
b1138,b1138,ymfE,e14 prophage; uncharacterized protein YmfE,32.0,0.0,14.0,0.0
b1139,b1139,lit,e14 prophage; cell death peptidase Lit,46.0,0.0,0.0,0.0
b1140,b1140,intE,e14 prophage; putative integrase,46.0,0.0,0.0,0.0
b1141,b1141,ymfG,e14 prophage; putative excisionase,46.0,0.0,0.0,0.0
b1143,b1143,ymfI,e14 prophage; uncharacterized protein YmfI,36.0,0.0,5.0,5.0
b1144,b1144,ymfJ,e14 prophage; uncharacterized protein YmfJ,25.0,0.0,21.0,0.0
b1147,b1147,ymfL,e14 prophage; uncharacterized protein YmfL,46.0,0.0,0.0,0.0
b1148,b1148,ymfM,e14 prophage; cell division inhibitor YmfM,44.0,0.0,0.0,2.0
b1150,b1150,ymfR,e14 prophage; IPR020297 domain-containing protein YmfR,38.0,0.0,4.0,4.0
b1151,b1151,ymfO,e14 prophage; protein BeeE,37.0,0.0,9.0,0.0
b1152,b1152,ymfP,e14 prophage; putative protein JayE,46.0,0.0,0.0,0.0
b1153,b1153,ymfQ,e14 prophage; DUF2313 domain-containing protein YmfQ,46.0,0.0,0.0,0.0
b1154,b1154,ycfK,e14 prophage; protein StfP,46.0,0.0,0.0,0.0
b1155,b1155,ymfS,e14 prophage; putative tail fiber assembly protein TfaP,46.0,0.0,0.0,0.0
b1156,b1156,tfaE,e14 prophage; putative tail fiber assembly protein TfaE,46.0,0.0,0.0,0.0
b1158,b1158,pin,e14 prophage; site-specific DNA recombinase,46.0,0.0,0.0,0.0
b1159,b1159,mcrA,e14 prophage; Type IV methyl-directed restriction enzyme EcoKMcrA,44.0,0.0,2.0,0.0
b1160,b1160,elbA,anti-adaptor protein IraM,35.0,0.0,11.0,0.0
b1161,b1161,ycgX,DUF1398 domain-containing protein YcgX,41.0,0.0,5.0,0.0
b1162,b1162,ycgE,DNA-binding transcriptional repressor BluR,28.0,0.0,18.0,0.0
b1163,b1163,ycgF,blue light- and temperature-regulated antirepressor BluF,46.0,0.0,0.0,0.0
b1164,b1164,ycgZ,putative two-component system connector protein YcgZ,43.0,0.0,3.0,0.0
b1165,b1165,ymgA,putative two-component system connector protein YmgA,34.0,0.0,12.0,0.0
b1167,b1167,ymgC,protein YmgC,7.0,1.0,38.0,0.0
b1168,b1168,b1168,putative c-di-GMP phosphodiesterase PdeG,46.0,0.0,0.0,0.0
b1171,b1171,b1171,PF16456 family protein YmgD,46.0,0.0,0.0,0.0
b1172,b1172,ymgG,PF13436 family protein YmgG,46.0,0.0,0.0,0.0
b1175,b1175,minD,Z-ring positioning protein MinD,27.0,0.0,19.0,0.0
b1176,b1176,minC,Z-ring positioning protein MinC,35.0,0.0,11.0,0.0
b1177,b1177,ycgJ,PF05666 family protein YcgJ,40.0,0.0,6.0,0.0
b1178,b1178,ycgK,inhibitor of g-type lysozyme,46.0,0.0,0.0,0.0
b1179,b1179,ycgL,PF05166 family protein YcgL,43.0,0.0,3.0,0.0
b1180,b1180,ycgM,putative isomerase/hydrolase,45.0,0.0,1.0,0.0
b1181,b1181,ycgN,putative metal-chelating domain-containing protein YcgN,46.0,0.0,0.0,0.0
b1182,b1182,hlyE,hemolysin E,45.0,0.0,1.0,0.0
b1183,b1183,umuD,DNA polymerase V protein UmuD,38.0,0.0,6.0,2.0
b1184,b1184,umuC,DNA polymerase V catalytic protein,46.0,0.0,0.0,0.0
b1185,b1185,dsbB,protein thiol:quinone oxidoreductase DsbB<sub>oxidized</sub> // protein thiol:quinone oxidoreductase DsbB,22.0,4.0,19.0,1.0
b1186,b1186,nhaB,Na<sup>+</sup>:H<sup>+</sup> antiporter NhaB,44.0,0.0,0.0,2.0
b1187,b1187,fadR,DNA-binding transcriptional dual regulator FadR,33.0,2.0,8.0,3.0
b1188,b1188,ycgB,PF04293 family protein YcgB,36.0,0.0,6.0,4.0
b1189,b1189,dadA,D-amino acid dehydrogenase,44.0,1.0,1.0,0.0
b1190,b1190,dadX,alanine racemase 2,34.0,0.0,4.0,8.0
b1191,b1191,b1191,putative K<sup>+</sup>:H<sup>+</sup> antiporter,44.0,0.0,0.0,2.0
b1192,b1192,ldcA,murein tetrapeptide carboxypeptidase,2.0,41.0,3.0,0.0
b1194,b1194,ycgR,flagellar brake protein YcgR,46.0,0.0,0.0,0.0
b1195,b1195,ymgE,PF04226 family protein YmgE,45.0,0.0,1.0,0.0
b1196,b1196,ycgY,uncharacterized protein YcgY,41.0,0.0,5.0,0.0
b1197,b1197,treA,periplasmic trehalase,45.0,0.0,1.0,0.0
b1198,b1198,dhaM,dihydroxyacetone kinase subunit M,39.0,0.0,0.0,7.0
b1199,b1199,dhaL,dihydroxyacetone kinase subunit L,42.0,0.0,1.0,3.0
b1200,b1200,b1200,dihydroxyacetone kinase subunit K,41.0,0.0,0.0,5.0
b1201,b1201,b1201,DNA-binding transcriptional dual regulator DhaR,41.0,0.0,0.0,5.0
b1202,b1202,ycgV,putative autotransporter adhesin YcgV,46.0,0.0,0.0,0.0
b1205,b1205,ychH,stress-induced protein,39.0,0.0,0.0,7.0
b1206,b1206,ychM,aerobic C4-dicarboxylate transporter DauA,45.0,0.0,0.0,1.0
b1213,b1213,ychQ,SirB family protein YchQ,46.0,0.0,0.0,0.0
b1214,b1214,ychA,transglutaminase-like/TPR repeat-containing protein,46.0,0.0,0.0,0.0
b1216,b1216,chaA,Na<sup>+</sup>/K<sup>+</sup>:H<sup>+</sup> antiporter ChaA,46.0,0.0,0.0,0.0
b1217,b1217,chaB,putative cation transport regulator ChaB,45.0,0.0,1.0,0.0
b1218,b1218,chaC,glutathione-specific &gamma;-glutamylcyclotransferase,43.0,0.0,3.0,0.0
b1219,b1219,ychN,DsrE/F sulfur relay family protein YchN,45.0,0.0,0.0,1.0
b1220,b1220,ychO,putative invasin YchO,46.0,0.0,0.0,0.0
b1221,b1221,narL,DNA-binding transcriptional dual regulator NarL-phosphorylated // DNA-binding transcriptional dual regulator NarL,43.0,0.0,0.0,3.0
b1222,b1222,narX,sensor histidine kinase NarX,39.0,0.0,0.0,7.0
b1223,b1223,narK,nitrate:nitrite antiporter NarK,45.0,0.0,0.0,1.0
b1224,b1224,narG,nitrate reductase A subunit &alpha;,46.0,0.0,0.0,0.0
b1225,b1225,narH,nitrate reductase A subunit &beta;,42.0,0.0,4.0,0.0
b1226,b1226,narJ,nitrate reductase 1 molybdenum cofactor assembly chaperone,46.0,0.0,0.0,0.0
b1227,b1227,narI,nitrate reductase A subunit &gamma;,46.0,0.0,0.0,0.0
b1232,b1232,purU,formyltetrahydrofolate deformylase,29.0,0.0,17.0,0.0
b1233,b1233,ychJ,NTF2-like domain-containing protein YchJ,41.0,0.0,1.0,4.0
b1234,b1234,rssA,putative patatin-like phospholipase RssA,40.0,0.0,6.0,0.0
b1235,b1235,rssB,RssB-P // regulator of RpoS,5.0,12.0,29.0,0.0
b1236,b1236,galU,UTP&mdash;glucose-1-phosphate uridylyltransferase,22.0,5.0,16.0,3.0
b1238,b1238,tdk,thymidine/deoxyuridine kinase,44.0,0.0,2.0,0.0
b1241,b1241,adhE,fused acetaldehyde-CoA dehydrogenase and iron-dependent alcohol dehydrogenasealdehyde/alcohol dehydrogenase AdhE,34.0,0.0,0.0,12.0
b1242,b1242,ychE,MarC family putative inner membrane protein YchE,45.0,0.0,0.0,1.0
b1243,b1243,oppA,oligopeptide ABC transporter periplasmic binding protein,45.0,0.0,1.0,0.0
b1244,b1244,oppB,murein tripeptide ABC transporter / oligopeptide ABC transporter inner membrane subunit OppB,45.0,0.0,1.0,0.0
b1245,b1245,oppC,murein tripeptide ABC transporter / oligopeptide ABC transporter inner membrane subunit OppC,45.0,0.0,1.0,0.0
b1247,b1247,oppF,murein tripeptide ABC transporter / oligopeptide ABC transporter ATP binding subunit OppF,44.0,0.0,2.0,0.0
b1248,b1248,b1248,DUF440 domain-containing protein YciU,42.0,0.0,0.0,4.0
b1249,b1249,cls,cardiolipin synthase A,40.0,0.0,5.0,1.0
b1250,b1250,kch,K<sup>+</sup> channel Kch,46.0,0.0,0.0,0.0
b1251,b1251,yciI,protein YciI,44.0,0.0,1.0,1.0
b1252,b1252,tonB,Ton complex subunit TonB,15.0,3.0,28.0,0.0
b1253,b1253,yciA,acyl-CoA thioesterase YciA,46.0,0.0,0.0,0.0
b1255,b1255,yciC,putative inner membrane protein,43.0,0.0,0.0,3.0
b1256,b1256,ompW,outer membrane protein W,46.0,0.0,0.0,0.0
b1257,b1257,yciE,DUF892 domain-containing protein YciE,4.0,4.0,38.0,0.0
b1258,b1258,yciF,DUF892 domain-containing protein YciF,43.0,0.0,3.0,0.0
b1259,b1259,yciG,stress-induced bacterial acidophilic repeat motifs-containing protein YciG,41.0,0.0,1.0,4.0
b1260,b1260,trpA,tryptophan synthase subunit &alpha;,3.0,43.0,0.0,0.0
b1261,b1261,trpB,tryptophan synthase subunit &beta;,3.0,43.0,0.0,0.0
b1262,b1262,trpC,fused indole-3-glycerol phosphate synthase/phosphoribosylanthranilate isomerase,3.0,39.0,4.0,0.0
b1263,b1263,trpD,anthranilate synthase subunit TrpD,2.0,35.0,8.0,1.0
b1264,b1264,trpE,anthranilate synthase subunit TrpE,3.0,20.0,23.0,0.0
b1266,b1266,yciV,RNase AM,44.0,0.0,2.0,0.0
b1268,b1268,yciQ,DUF2207 domain-containing protein YciQ,46.0,0.0,0.0,0.0
b1269,b1269,rluB,23S rRNA pseudouridine<sup>2605</sup> synthase,20.0,0.0,26.0,0.0
b1270,b1270,btuR,cobinamide/cobalamin adenosyltransferase,46.0,0.0,0.0,0.0
b1271,b1271,yciK,putative oxidoreductase,44.0,0.0,2.0,0.0
b1272,b1272,sohB,S49 peptidase family protein,46.0,0.0,0.0,0.0
b1273,b1273,yciN,protein YciN,6.0,8.0,32.0,0.0
b1276,b1276,acnA,aconitate hydratase 1,46.0,0.0,0.0,0.0
b1278,b1278,pgpB,phosphatidylglycerophosphatase B,44.0,0.0,0.0,2.0
b1279,b1279,yciS,lipopolysaccharide assembly protein A,38.0,0.0,5.0,3.0
b1281,b1281,pyrF,orotidine-5'-phosphate decarboxylase,4.0,42.0,0.0,0.0
b1282,b1282,yciH,putative translation factor,39.0,0.0,7.0,0.0
b1283,b1283,osmB,osmotically-inducible lipoprotein OsmB,46.0,0.0,0.0,0.0
b1284,b1284,yciT,DNA-binding transcriptional dual regulator YciT,42.0,0.0,4.0,0.0
b1285,b1285,gmr,cyclic di-GMP phosphodiesterase PdeR,46.0,0.0,0.0,0.0
b1286,b1286,rnb,RNase II,20.0,0.0,18.0,8.0
b1287,b1287,yciW,putative peroxidase YciW,44.0,0.0,1.0,1.0
b1289,b1289,ycjD,DUF559 domain-containing protein YcjD,46.0,0.0,0.0,0.0
b1290,b1290,sapF,putrescine ABC exporter ATP binding protein SapF,2.0,26.0,18.0,0.0
b1291,b1291,sapD,putrescine ABC exporter ATP binding protein SapD,5.0,18.0,23.0,0.0
b1292,b1292,sapC,putrescine ABC exporter membrane protein SapC,5.0,17.0,24.0,0.0
b1293,b1293,sapB,putrescine ABC exporter membrane subunit SapB,18.0,4.0,22.0,2.0
b1294,b1294,sapA,putative periplasmic binding protein SapA,43.0,0.0,0.0,3.0
b1295,b1295,ymjA,DUF2543 domain-containing protein YmjA,44.0,0.0,2.0,0.0
b1296,b1296,ycjJ,putrescine:H+ symporter PuuP,44.0,1.0,0.0,1.0
b1297,b1297,b1297,glutamate-putrescine ligase,45.0,1.0,0.0,0.0
b1298,b1298,ycjL,&gamma;-glutamyl-&gamma;-aminobutyrate hydrolase,45.0,1.0,0.0,0.0
b1299,b1299,puuR,DNA-binding transcriptional repressor PuuR,45.0,1.0,0.0,0.0
b1300,b1300,puuC,&gamma;-glutamyl-&gamma;-aminobutyraldehyde dehydrogenase,45.0,1.0,0.0,0.0
b1301,b1301,puuB,&gamma;-glutamylputrescine oxidase,45.0,1.0,0.0,0.0
b1302,b1302,puuE,4-aminobutyrate aminotransferase PuuE,43.0,0.0,2.0,1.0
b1303,b1303,pspF,DNA-binding transcriptional dual regulator PspF,46.0,0.0,0.0,0.0
b1304,b1304,pspA,phage shock protein A,34.0,1.0,11.0,0.0
b1305,b1305,pspB,phage shock protein B,44.0,0.0,1.0,1.0
b1306,b1306,pspC,phage shock protein C,46.0,0.0,0.0,0.0
b1307,b1307,pspD,phage shock protein D,41.0,0.0,5.0,0.0
b1308,b1308,pspE,thiosulfate sulfurtransferase PspE,46.0,0.0,0.0,0.0
b1309,b1309,ycjM,glucosylglycerate phosphorylase,45.0,0.0,1.0,0.0
b1310,b1310,ycjN,putative ABC transporter periplasmic binding protein YcjN,46.0,0.0,0.0,0.0
b1311,b1311,ycjO,putative ABC transporter membrane subunit YcjO,46.0,0.0,0.0,0.0
b1312,b1312,ycjP,putative ABC transporter membrane subunit YcjP,46.0,0.0,0.0,0.0
b1313,b1313,ycjQ,D-guloside 3-dehydrogenase,46.0,0.0,0.0,0.0
b1314,b1314,b1314,3-dehydro-D-guloside 4-epimerase,46.0,0.0,0.0,0.0
b1315,b1315,ycjS,D-glucoside 3-dehydrogenase,46.0,0.0,0.0,0.0
b1316,b1316,ycjT,kojibiose phosphorylase,46.0,0.0,0.0,0.0
b1317,b1317,ycjU,&beta;-phosphoglucomutase,46.0,0.0,0.0,0.0
b1319,b1319,ompG,outer membrane porin G,46.0,0.0,0.0,0.0
b1320,b1320,ycjW,DNA-binding transcriptional repressor YcjW,46.0,0.0,0.0,0.0
b1321,b1321,ycjX,DUF463 domain-containing protein YcjX,46.0,0.0,0.0,0.0
b1322,b1322,ycjF,DUF697 domain-containing inner membrane protein YcjF,46.0,0.0,0.0,0.0
b1323,b1323,tyrR,DNA-binding transcriptional dual regulator TyrR,22.0,0.0,24.0,0.0
b1324,b1324,tpx,lipid hydroperoxide peroxidase,46.0,0.0,0.0,0.0
b1325,b1325,ycjG,L-Ala-D/L-Glu epimerase,46.0,0.0,0.0,0.0
b1326,b1326,mpaA,murein tripeptide amidase A,45.0,0.0,0.0,1.0
b1327,b1327,ycjY,putative hydrolase YcjY,46.0,0.0,0.0,0.0
b1328,b1328,ycjZ,DNA-binding transcriptional repressor PgrR,46.0,0.0,0.0,0.0
b1329,b1329,b1329,murein tripeptide ABC transporter periplasmic binding protein,43.0,0.0,0.0,3.0
b1330,b1330,ynaI,small conductance mechanosensitive channel YnaI,46.0,0.0,0.0,0.0
b1332,b1332,ynaJ,DUF2534 domain-containing protein YnaJ,36.0,0.0,0.0,10.0
b1333,b1333,uspE,universal stress protein E,35.0,5.0,5.0,1.0
b1334,b1334,fnr,DNA-binding transcriptional dual regulator FNR,43.0,0.0,1.0,2.0
b1335,b1335,ogt,methylated-DNA&mdash;[protein]-cysteine <i>S</i>-methyltransferase,46.0,0.0,0.0,0.0
b1336,b1336,ydaH,<i>p</i>-aminobenzoyl glutamate:H<sup>+</sup> symporter,46.0,0.0,0.0,0.0
b1337,b1337,abgB,<i>p</i>-aminobenzoyl-glutamate hydrolase subunit B,42.0,0.0,1.0,3.0
b1338,b1338,ydaJ,<i>p</i>-aminobenzoyl-glutamate hydrolase subunit A,42.0,0.0,0.0,4.0
b1339,b1339,abgR,putative LysR-type DNA-binding transcriptional regulator AbgR,46.0,0.0,0.0,0.0
b1341,b1341,b1341,diguanylate cyclase DgcM,46.0,0.0,0.0,0.0
b1342,b1342,ydaN,Zn<sup>2+</sup>:H<sup>+</sup> symporter,46.0,0.0,0.0,0.0
b1343,b1343,dbpA,ATP-dependent RNA helicase DbpA,40.0,0.0,1.0,5.0
b1344,b1344,ydaO,tRNA cytosine<sup>32</sup> 2-sulfurtransferase TtcA,41.0,0.0,1.0,4.0
b1345,b1345,intR,Rac prophage; putative integrase,45.0,0.0,1.0,0.0
b1346,b1346,ydaQ,Rac prophage; excisionase,38.0,0.0,7.0,1.0
b1347,b1347,ydaC,Rac prophage; double-strand break reduction protein,22.0,0.0,24.0,0.0
b1348,b1348,lar,Rac prophage; endodeoxyribonuclease toxin RalR,46.0,0.0,0.0,0.0
b1349,b1349,recT,Rac prophage; recombinase RecT,42.0,0.0,0.0,4.0
b1350,b1350,recE,"Rac prophage; exonuclease VIII, ds DNA exonuclease, 5' --> 3' specific",46.0,0.0,0.0,0.0
b1351,b1351,racC,Rac prophage; protein RacC,31.0,1.0,13.0,1.0
b1353,b1353,sieB,Rac prophage; phage superinfection exclusion protein,46.0,0.0,0.0,0.0
b4527,b4527,b1354,Rac prophage; DUF1391 domain-containing protein YdaF,42.0,0.0,4.0,0.0
b1355,b1355,b1355,Rac prophage; uncharacterized protein YdaG,46.0,0.0,0.0,0.0
b1357,b1357,ydaS,Rac prophage; putative DNA-binding transcriptional regulator YdaS,43.0,0.0,2.0,1.0
b1358,b1358,ydaT,Rac prophage; putative transcriptional regulator YdaT,38.0,0.0,5.0,3.0
b1359,b1359,ydaU,Rac prophage; DUF1376 domain-containing protein YdaU,46.0,0.0,0.0,0.0
b1360,b1360,ydaV,Rac prophage; putative ATP-binding protein YdaV,44.0,0.0,2.0,0.0
b1361,b1361,ydaW,Rac prophage; putative uncharacterized protein YdaW,32.0,0.0,2.0,12.0
b1362,b1362,rzpR,Rac prophage; putative endopeptidase RzpR,45.0,0.0,1.0,0.0
b1363,b1363,trkG,Rac prophage; K<sup>+</sup> transporter TrkG,19.0,0.0,27.0,0.0
b1365,b1365,ynaK,Rac prophage; ParB-like nuclease domain-containing protein YnaK,46.0,0.0,0.0,0.0
b1366,b1366,ydaY,Rac prophage; putative uncharacterized protein YdaY,46.0,0.0,0.0,0.0
b1368,b1368,ynaA,Rac prophage; putative prophage tail length tape measure domain-containing protein YnaA,46.0,0.0,0.0,0.0
b1370,b1370,insH-5,Rac prophage; IS<i>5</i> transposase and trans-activator,42.0,0.0,2.0,2.0
b1372,b1372,b1372,Rac prophage; putative prophage side tail fiber protein StfR,42.0,0.0,0.0,4.0
b1376,b1376,ynaF,universal stress protein F,46.0,0.0,0.0,0.0
b1377,b1377,ompN,outer membrane porin N,46.0,0.0,0.0,0.0
b1378,b1378,ydbK,putative pyruvate-flavodoxin oxidoreductase,46.0,0.0,0.0,0.0
b1379,b1379,hslJ,lipoprotein implicated in Novobiocin resistance,44.0,0.0,0.0,2.0
b1380,b1380,ldhA,D-lactate dehydrogenase,41.0,0.0,1.0,4.0
b1381,b1381,ydbH,putative phospholipid transport factor YdbH,46.0,0.0,0.0,0.0
b1382,b1382,ynbE,lipoprotein YnbE,46.0,0.0,0.0,0.0
b1383,b1383,ydbL,DUF1318 domain-containing protein YdbL,46.0,0.0,0.0,0.0
b1384,b1384,feaR,DNA-binding transcriptional activator FeaR,46.0,0.0,0.0,0.0
b1385,b1385,feaB,phenylacetaldehyde dehydrogenase,46.0,0.0,0.0,0.0
b1386,b1386,tynA,copper-containing amine oxidase,46.0,0.0,0.0,0.0
b1387,b1387,maoC,"fused 3-oxo-5,6-dehydrosuberyl-CoA semialdehyde dehydrogenase and oxepin-CoA hydrolase",46.0,0.0,0.0,0.0
b1388,b1388,paaA,"phenylacetyl-CoA 1,2-epoxidase, monooxygenase subunit",46.0,0.0,0.0,0.0
b1390,b1390,paaC,"phenylacetyl-CoA 1,2-epoxidase, structural subunit",43.0,0.0,0.0,3.0
b1392,b1392,paaE,"phenylacetyl-CoA 1,2-epoxidase, reductase subunit",45.0,0.0,0.0,1.0
b1394,b1394,paaG,"putative ring 1,2-epoxyphenylacetyl-CoA isomerase (oxepin-CoA forming)",37.0,0.0,9.0,0.0
b1395,b1395,paaH,3-hydroxyadipyl-CoA dehydrogenase,45.0,0.0,1.0,0.0
b1396,b1396,paaI,phenylacetyl-CoA thioesterase,45.0,0.0,1.0,0.0
b1397,b1397,paaJ,&beta;-ketoadipyl-CoA thiolase,45.0,0.0,1.0,0.0
b1399,b1399,paaX,DNA-binding transcriptional repressor PaaX,41.0,0.0,1.0,4.0
b1400,b1400,paaY,"2-hydroxycyclohepta-1,4,6-triene-1-carboxyl-CoA thioesterase",38.0,0.0,1.0,7.0
b1406,b1406,ydbC,pyridoxal reductase,45.0,0.0,0.0,1.0
b1407,b1407,ydbD,DUF2773 domain-containing protein YdbD,45.0,0.0,1.0,0.0
b1408,b1408,b1408,CDP-alcohol phosphatidyltransferase domain-containing protein YnbA,46.0,0.0,0.0,0.0
b1409,b1409,ynbB,putative CDP-diglyceride synthase,21.0,0.0,25.0,0.0
b1410,b1410,ynbC,hydrolase/methyltransferase domain-containing protein YnbC,46.0,0.0,0.0,0.0
b1411,b1411,ynbD,phosphatase domain-containing protein YnbD,46.0,0.0,0.0,0.0
b1412,b1412,azoR,FMN dependent NADH:quinone oxidoreductase,43.0,0.0,0.0,3.0
b1413,b1413,hrpA,ATP-dependent 3'&rarr;5' RNA helicase HrpA,44.0,0.0,0.0,2.0
b1414,b1414,ydcF,DUF218 domain-containing protein YdcF,45.0,0.0,1.0,0.0
b1415,b1415,aldA,aldehyde dehydrogenase A,43.0,1.0,0.0,2.0
b1418,b1418,cybB,superoxide oxidase,44.0,0.0,1.0,1.0
b1419,b1419,ydcA,protein YdcA,43.0,0.0,3.0,0.0
b1421,b1421,trg,methyl-accepting chemotaxis protein Trg,42.0,0.0,1.0,3.0
b1422,b1422,ydcI,DNA-binding transcriptional dual regulator YdcI,36.0,0.0,0.0,10.0
b1423,b1423,ydcJ,DUF1338 domain-containing protein YdcJ,43.0,0.0,3.0,0.0
b1424,b1424,mdoD,glucans biosynthesis protein D,34.0,0.0,12.0,0.0
b1426,b1426,ydcH,DUF465 domain-containing protein YdcH,20.0,2.0,24.0,0.0
b1427,b1427,rimL,ribosomal-protein-L12-serine <i>N</i>-acetyltransferase,42.0,0.0,0.0,4.0
b1428,b1428,ydcK,putative acyltransferase YdcK,46.0,0.0,0.0,0.0
b1429,b1429,tehA,tellurite resistance protein,44.0,0.0,2.0,0.0
b1430,b1430,tehB,tellurite methyltransferase,45.0,0.0,0.0,1.0
b1431,b1431,ydcL,DUF3313 domain-containing lipoprotein YdcL,45.0,0.0,1.0,0.0
b1432,b1432,insQ,putative RNA-guided DNA endonuclease InsQ,45.0,0.0,1.0,0.0
b1433,b1433,b1433,putative transport protein YdcO,46.0,0.0,0.0,0.0
b1434,b1434,ydcN,DNA-binding transcriptional dual regulator SutR,37.0,0.0,9.0,0.0
b1435,b1435,ydcP,23S rRNA 5-hydroxycytidine C2501 synthase,46.0,0.0,0.0,0.0
b4532,b4532,yncN,mRNA interferase toxin HicA,45.0,0.0,1.0,0.0
b1438,b1438,ydcQ,antitoxin of the HicA-HicB toxin-antitoxin system /  DNA-binding transcriptional repressor HicB,32.0,0.0,5.0,9.0
b1439,b1439,ydcR,fused putative DNA-binding transcriptional regulator/putative aminotransferase YdcR,46.0,0.0,0.0,0.0
b1440,b1440,ydcS,putative ABC transporter periplasmic binding protein / polyhydroxybutyrate synthase,46.0,0.0,0.0,0.0
b1441,b1441,ydcT,putative ABC transporter ATP-binding protein YdcT,46.0,0.0,0.0,0.0
b1442,b1442,ydcU,putative ABC transporter membrane subunit YdcU,45.0,0.0,1.0,0.0
b1443,b1443,ydcV,putative ABC transporter membrane subunit YdcV,46.0,0.0,0.0,0.0
b1444,b1444,ydcW,&gamma;-aminobutyraldehyde dehydrogenase,41.0,0.0,5.0,0.0
b1446,b1446,ydcY,DUF2526 domain-containing protein YdcY,41.0,0.0,0.0,5.0
b1448,b1448,yncA,L-amino acid N-acyltransferase,45.0,0.0,1.0,0.0
b1449,b1449,yncB,NADPH-dependent curcumin/dihydrocurcumin reductase,46.0,0.0,0.0,0.0
b1450,b1450,b1450,DNA-binding transcriptional dual regulator McbR,46.0,0.0,0.0,0.0
b1451,b1451,yncD,pyrroloquinoline quinone outer membrane transporter,46.0,0.0,0.0,0.0
b1452,b1452,yncE,PQQ-like domain-containing protein YncE,46.0,0.0,0.0,0.0
b1453,b1453,ansP,L-asparagine transporter,46.0,0.0,0.0,0.0
b1454,b1454,yncG,putative glutathione <i>S</i>-transferase YncG,45.0,0.0,0.0,1.0
b1456,b1456,rhsE,RhsE protein in rhs element,46.0,0.0,0.0,0.0
b1461,b1461,ydcE,tautomerase PptA,45.0,0.0,1.0,0.0
b1462,b1462,b1462,flavin reductase-like protein YddH,46.0,0.0,0.0,0.0
b1463,b1463,nhoA,arylamine <i>N</i>-acetyltransferase,46.0,0.0,0.0,0.0
b1464,b1464,yddE,PF02567 family protein YddE,46.0,0.0,0.0,0.0
b1465,b1465,narV,nitrate reductase Z subunit &gamma;,45.0,0.0,0.0,1.0
b1466,b1466,narW,"NarW, putative private chaperone for NarZ nitrate reductase subunit",46.0,0.0,0.0,0.0
b1467,b1467,narY,nitrate reductase Z subunit &beta;,46.0,0.0,0.0,0.0
b1468,b1468,narZ,nitrate reductase Z subunit &alpha;,46.0,0.0,0.0,0.0
b1469,b1469,narU,nitrate/nitrite transporter NarU,46.0,0.0,0.0,0.0
b1473,b1473,yddG,amino acid exporter YddG,46.0,0.0,0.0,0.0
b1474,b1474,fdnG,formate dehydrogenase N subunit &alpha;,46.0,0.0,0.0,0.0
b1475,b1475,fdnH,formate dehydrogenase N subunit &beta;,45.0,0.0,0.0,1.0
b1476,b1476,fdnI,formate dehydrogenase N subunit &gamma;,37.0,0.0,8.0,1.0
b1478,b1478,adhP,ethanol dehydrogenase / alcohol dehydrogenase,45.0,0.0,1.0,0.0
b1479,b1479,sfcA,malate dehydrogenase (oxaloacetate-decarboxylating),44.0,2.0,0.0,0.0
b1480,b1480,sra,ribosome-associated protein Sra,31.0,0.0,15.0,0.0
b1481,b1481,b1481,biofilm-dependent modulation protein,46.0,0.0,0.0,0.0
b1482,b1482,osmC,osmotically inducible peroxiredoxin OsmC,41.0,0.0,0.0,5.0
b1483,b1483,ddpF,"putative D,D-dipeptide ABC transporter ATP-binding subunit DdpF",46.0,0.0,0.0,0.0
b1484,b1484,ddpD,"putative D,D-dipeptide ABC transporter ATP-binding subunit DdpD",46.0,0.0,0.0,0.0
b1485,b1485,ddpC,"putative D,D-dipeptide ABC transporter membrane subunit DdpC",45.0,0.0,1.0,0.0
b1486,b1486,ddpB,"putative D,D-dipeptide ABC transporter membrane subunit DdpB",43.0,0.0,3.0,0.0
b1487,b1487,ddpA,"putative D,D-dipeptide ABC transporter periplasmic binding protein",45.0,0.0,1.0,0.0
b1488,b1488,ddpX,D-alanyl-D-alanine dipeptidase,46.0,0.0,0.0,0.0
b1489,b1489,b1489,oxygen-sensing c-di-GMP phosphodiesterase DosP,46.0,0.0,0.0,0.0
b1490,b1490,yddV,diguanylate cyclase DosC,44.0,0.0,2.0,0.0
b1491,b1491,yddW,divisome localized glycosyl hydrolase,46.0,0.0,0.0,0.0
b1492,b1492,gadC,L-glutamate:4-aminobutyrate antiporter,45.0,0.0,1.0,0.0
b1493,b1493,gadB,glutamate decarboxylase B,46.0,0.0,0.0,0.0
b1494,b1494,pqqL,periplasmic metalloprotease,46.0,0.0,0.0,0.0
b1495,b1495,yddB,putative TonB-dependent receptor YddB,46.0,0.0,0.0,0.0
b1496,b1496,yddA,ABC transporter family protein YddA,46.0,0.0,0.0,0.0
b1497,b1497,b1497,putative anaerobic sulfatase maturation enzyme YdeM,5.0,0.0,41.0,0.0
b1498,b1498,b1498,putative sulfatase YdeN,45.0,0.0,1.0,0.0
b1499,b1499,ydeO,DNA-binding transcriptional dual regulator YdeO,28.0,0.0,18.0,0.0
b1501,b1501,YdeP,putative oxidoreductase YdeP,46.0,0.0,0.0,0.0
b1502,b1502,ydeQ,putative fimbrial adhesin protein YdeQ,34.0,0.0,12.0,0.0
b1503,b1503,ydeR,putative fimbrial protein YdeR,46.0,0.0,0.0,0.0
b1504,b1504,ydeS,putative fimbrial protein YdeS,46.0,0.0,0.0,0.0
b1505,b1505,ydeT,fimbrial usher domain-containing protein YdeT,42.0,0.0,4.0,0.0
b1506,b1506,yneL,putative HTH-type transcriptional regulator YneL,46.0,0.0,0.0,0.0
b1507,b1507,hipA,phosphorylated serine/threonine-protein kinase HipA // serine/threonine-protein kinase toxin HipA,46.0,0.0,0.0,0.0
b1511,b1511,ydeV,autoinducer-2 kinase,45.0,0.0,0.0,1.0
b1512,b1512,lsrR,DNA-binding transcriptional repressor LsrR,46.0,0.0,0.0,0.0
b1513,b1513,lsrA,Autoinducer-2 ABC transporter ATP binding subunit,46.0,0.0,0.0,0.0
b1514,b1514,lsrC,Autoinducer-2 ABC transporter membrane subunit LsrC,40.0,0.0,2.0,4.0
b1515,b1515,lsrD,Autoinducer-2 ABC transporter membrane subunit LsrD,45.0,0.0,1.0,0.0
b1516,b1516,lsrB,Autoinducer-2 ABC transporter periplasmic binding protein,46.0,0.0,0.0,0.0
b1517,b1517,lsrF,"3-hydroxy-2,4-pentadione 5-phosphate thiolase",41.0,0.0,5.0,0.0
b1518,b1518,lsrG,"(4<i>S</i>)-4-hydroxy-5-phosphonooxypentane-2,3-dione isomerase",30.0,0.0,1.0,15.0
b1519,b1519,tam,<i>trans</i>-aconitate 2-methyltransferase,45.0,0.0,1.0,0.0
b1520,b1520,b1520,PF01062 family inner membrane protein YneE,44.0,0.0,0.0,2.0
b1522,b1522,yneF,putative diguanylate cyclase DgcF,46.0,0.0,0.0,0.0
b1523,b1523,yneG,DUF4186 domain-containing protein YneG,39.0,0.0,0.0,7.0
b1524,b1524,yneH,glutaminase 2,37.0,0.0,9.0,0.0
b1525,b1525,b1525,succinate semialdehyde dehydrogenase (NAD(P)<sup>+</sup>) Sad,45.0,0.0,1.0,0.0
b1526,b1526,yneJ,DNA-binding transcriptional repressor PtrR,45.0,0.0,1.0,0.0
b1527,b1527,yneK,protein YneK,38.0,0.0,8.0,0.0
b1528,b1528,ydeA,L-arabinose exporter,45.0,0.0,0.0,1.0
b1530,b1530,marR,DNA-binding transcriptional repressor MarR,46.0,0.0,0.0,0.0
b1531,b1531,marA,DNA-binding transcriptional dual regulator MarA,45.0,0.0,1.0,0.0
b1533,b1533,ydeD,cysteine/<i>O</i>-acetylserine exporter EamA,40.0,0.0,5.0,1.0
b1534,b1534,ydeE,dipeptide exporter,46.0,0.0,0.0,0.0
b1535,b1535,ydeH,diguanylate cyclase DgcZ,46.0,0.0,0.0,0.0
b1536,b1536,ydeI,BOF family protein YdeI,45.0,0.0,1.0,0.0
b1537,b1537,ydeJ,PF02464 family protein YdeJ,46.0,0.0,0.0,0.0
b1538,b1538,dcp,peptidyl-dipeptidase Dcp,46.0,0.0,0.0,0.0
b1539,b1539,ydfG,3-hydroxy acid dehydrogenase YdfG,40.0,0.0,6.0,0.0
b1540,b1540,ydfH,DNA-binding transcriptional repressor RspR,39.0,0.0,6.0,1.0
b1542,b1542,ydfI,putative oxidoreductase YdfI,39.0,0.0,0.0,7.0
b1545,b1545,pinQ,Qin prophage; putative recombinase PinQ,3.0,7.0,36.0,0.0
b1547,b1547,stfQ,Qin prophage; putative prophage side tail fiber protein StfQ,44.0,0.0,0.0,2.0
b1548,b1548,nohA,Qin prophage; putative prophage DNA-packaging protein NohA,35.0,0.0,1.0,10.0
b1550,b1550,b1550,Qin prophage; protein GnsB,42.0,0.0,3.0,1.0
b1551,b1551,b1551,Qin prophage; protein YnfN,23.0,0.0,23.0,0.0
b1553,b1553,ydfP,Qin prophage; DUF2514 domain-containing protein RzpQ,42.0,0.0,0.0,4.0
b1556,b1556,b1556,Qin prophage; putative prophage lysis protein EssQ,46.0,0.0,0.0,0.0
b1557,b1557,cspB,Qin prophage; cold shock-like protein CspB,43.0,0.0,1.0,2.0
b1558,b1558,cspF,Qin prophage; cold shock-like protein CspF,43.0,0.0,2.0,1.0
b1559,b1559,b1559,Qin prophage; putative antitermination protein Q,46.0,0.0,0.0,0.0
b1560,b1560,ydfU,Qin prophage; protein YdfU,46.0,0.0,0.0,0.0
b1562,b1562,hokD,Qin prophage; toxic protein HokD,45.0,0.0,1.0,0.0
b1563,b1563,relE,Qin prophage; mRNA interferase toxin RelE,46.0,0.0,0.0,0.0
b1565,b1565,ydfV,Qin prophage; protein YdfV,41.0,0.0,0.0,5.0
b1566,b1566,flxA,Qin prophage; PF14282 family protein FlxA,43.0,0.0,0.0,3.0
b1567,b1567,intK,Qin prophage; protein YdfW,42.0,0.0,4.0,0.0
b1569,b1569,dicC,Qin prophage; putative DNA-binding transcriptional regulator DicC,46.0,0.0,0.0,0.0
b1572,b1572,ydfB,Qin prophage; uncharacterized protein YdfB,43.0,0.0,0.0,3.0
b1573,b1573,ydfC,Qin prophage; uncharacterized protein YdfC,46.0,0.0,0.0,0.0
b1575,b1575,dicB,Qin prophage; cell division inhibition protein DicB,33.0,0.0,13.0,0.0
b1576,b1576,ydfD,Qin prophage; lysis protein,8.0,0.0,38.0,0.0
b1577,b1577,ydfE,Qin prophage; protein YdfE,46.0,0.0,0.0,0.0
b1579,b1579,intQ,Qin prophage; putative defective integrase,46.0,0.0,0.0,0.0
b1580,b1580,rspB,putative zinc-binding dehydrogenase RspB,43.0,0.0,3.0,0.0
b1581,b1581,rspA,mandelate racemase/muconate lactonizing enzyme family protein RspA,45.0,0.0,0.0,1.0
b1582,b1582,ynfA,putative transporter YnfA,46.0,0.0,0.0,0.0
b1583,b1583,ynfB,DUF1283 domain-containing protein YnfB,42.0,0.0,0.0,4.0
b1584,b1584,speG,spermidine <i>N</i>-acetyltransferase,36.0,1.0,8.0,1.0
b1585,b1585,ynfC,PF06788 family lipoprotein YnfC,46.0,0.0,0.0,0.0
b1586,b1586,b1586,DUF1161 domain-containing protein YnfD,46.0,0.0,0.0,0.0
b1587,b1587,ynfE,putative selenate reductase YnfE,46.0,0.0,0.0,0.0
b1588,b1588,ynfF,putative selenate reductase YnfF,45.0,0.0,0.0,1.0
b1589,b1589,ynfG,putative oxidoreductase YnfG,43.0,0.0,3.0,0.0
b1590,b1590,ynfH,putative menaquinol dehydrogenase,46.0,0.0,0.0,0.0
b1591,b1591,b1591,redox enzyme maturation protein DmsD,36.0,0.0,0.0,10.0
b1592,b1592,b1592,putative chloride:H<sup>+</sup> antiporter ClcB,46.0,0.0,0.0,0.0
b1593,b1593,b1593,dethiobiotin synthetase BidA,40.0,0.0,6.0,0.0
b1594,b1594,dgsA,DNA-binding transcriptional repressor Mlc,37.0,0.0,7.0,2.0
b1595,b1595,ynfL,putative DNA-binding transcriptional regulator YnfL,45.0,0.0,1.0,0.0
b1596,b1596,ynfM,putative transporter YnfM,46.0,0.0,0.0,0.0
b1597,b1597,asr,periplasmic chaperone Asr,46.0,0.0,0.0,0.0
b1598,b1598,ydgD,putative serine protease YdgD,46.0,0.0,0.0,0.0
b1600,b1600,mdtJ,multidrug/spermidine efflux pump membrane subunit MdtJ,46.0,0.0,0.0,0.0
b1601,b1601,ydgG,autoinducer 2 exporter,46.0,0.0,0.0,0.0
b1602,b1602,pntB,pyridine nucleotide transhydrogenase subunit &beta;,42.0,0.0,4.0,0.0
b1603,b1603,pntA,pyridine nucleotide transhydrogenase subunit &alpha;,42.0,0.0,4.0,0.0
b1604,b1604,ydgH,DUF1471 domain-containing protein YdgH,46.0,0.0,0.0,0.0
b1605,b1605,ydgI,putative arginine:ornithine antiporter,46.0,0.0,0.0,0.0
b1606,b1606,folM,dihydromonapterin reductase,39.0,0.0,1.0,6.0
b1607,b1607,ydgC,GlpM family protein,46.0,0.0,0.0,0.0
b1608,b1608,rstA,DNA-binding transcriptional regulator RstA-phosphorylated // DNA-binding transcriptional regulator RstA,46.0,0.0,0.0,0.0
b1609,b1609,rstB,RstB-<i>N</i>-phospho-L-histidine // sensor histidine kinase RstB,46.0,0.0,0.0,0.0
b1610,b1610,tus,DNA replication terminus site-binding protein,46.0,0.0,0.0,0.0
b1611,b1611,fumC,fumarase C,45.0,0.0,0.0,1.0
b1612,b1612,fumA,fumarase A,44.0,0.0,2.0,0.0
b1613,b1613,manA,mannose-6-phosphate isomerase,32.0,1.0,4.0,9.0
b1614,b1614,ydgA,DUF945 domain-containing protein YdgA,46.0,0.0,0.0,0.0
b1615,b1615,uidC,outer membrane porin family protein UidC,46.0,0.0,0.0,0.0
b1616,b1616,uidB,glucuronide:H<sup>+</sup> symporter,46.0,0.0,0.0,0.0
b1617,b1617,uidA,&beta;-glucuronidase,42.0,0.0,0.0,4.0
b1618,b1618,uidR,DNA-binding transcriptional repressor UidR,44.0,0.0,2.0,0.0
b1619,b1619,hdhA,7-&alpha;-hydroxysteroid dehydrogenase,46.0,0.0,0.0,0.0
b1620,b1620,malI,DNA-binding transcriptional repressor MalI,43.0,0.0,2.0,1.0
b1621,b1621,malX,PTS enzyme IIBC component MalX,46.0,0.0,0.0,0.0
b1622,b1622,malY,negative regulator of MalT activity/cystathionine &beta;-lyase,46.0,0.0,0.0,0.0
b1623,b1623,add,adenosine deaminase,45.0,0.0,1.0,0.0
b1624,b1624,b1624,putative oxidoreductase YdgJ,46.0,0.0,0.0,0.0
b1625,b1625,ydgT,H-NS- and StpA-binding protein,46.0,0.0,0.0,0.0
b1626,b1626,b1626,DUF2569 domain-containing inner membrane protein YdgK,46.0,0.0,0.0,0.0
b1627,b1627,rsxA,SoxR [2Fe-2S] reducing system protein RsxA,35.0,1.0,9.0,1.0
b1628,b1628,rsxB,SoxR [2Fe-2S] reducing system protein RsxB,33.0,0.0,8.0,5.0
b1629,b1629,rsxC,SoxR [2Fe-2S] reducing system protein RsxC,45.0,0.0,0.0,1.0
b1630,b1630,rsxD,SoxR [2Fe-2S] reducing system protein RsxD,34.0,1.0,10.0,1.0
b1632,b1632,rsxE,SoxR [2Fe-2S] reducing system protein RsxE,41.0,0.0,4.0,1.0
b1633,b1633,nth,endonuclease III,46.0,0.0,0.0,0.0
b1634,b1634,tppB,dipeptide/tripeptide:H<sup>+</sup> symporter DtpA,45.0,0.0,0.0,1.0
b1635,b1635,gst,glutathione <i>S</i>-transferase GstA,39.0,0.0,7.0,0.0
b1636,b1636,pdxY,pyridoxal kinase 2,45.0,0.0,0.0,1.0
b1639,b1639,ydhA,"inhibitor of c-type lysozyme, putative lipoprotein",46.0,0.0,0.0,0.0
b1640,b1640,ydhH,anhydro-<i>N</i>-acetylmuramic acid kinase,41.0,0.0,0.0,5.0
b1642,b1642,slyA,DNA-binding transcriptional dual regulator SlyA,32.0,0.0,3.0,11.0
b1643,b1643,ydhI,DUF1656 domain-containing protein YdhI,45.0,0.0,1.0,0.0
b1644,b1644,b1644,putative membrane fusion protein YdhJ,44.0,0.0,2.0,0.0
b1645,b1645,ydhK,putative transporter YdhK,46.0,0.0,0.0,0.0
b1648,b1648,b1648,DUF1289 domain-containing protein YdhL,26.0,0.0,0.0,20.0
b1650,b1650,nemA,<i>N</i>-ethylmaleimide reductase,46.0,0.0,0.0,0.0
b1651,b1651,gloA,lactoylglutathione lyase,46.0,0.0,0.0,0.0
b1653,b1653,lhr,ATP-dependent helicase Lhr,46.0,0.0,0.0,0.0
b1656,b1656,sodB,superoxide dismutase (Fe),37.0,0.0,9.0,0.0
b1657,b1657,ydhP,putative transporter YdhP,45.0,0.0,0.0,1.0
b1658,b1658,purR,DNA-binding transcriptional repressor PurR,36.0,0.0,2.0,8.0
b1659,b1659,ydhB,DNA-binding transcriptional activator PunR,44.0,0.0,2.0,0.0
b1661,b1661,cfa,cyclopropane fatty acyl phospholipid synthase,44.0,0.0,2.0,0.0
b1664,b1664,ydhQ,putative adhesin-related protein YdhQ,45.0,0.0,1.0,0.0
b1667,b1667,ydhR,putative monooxygenase YdhR,40.0,0.0,0.0,6.0
b1668,b1668,ydhS,FAD/NAD(P) binding domain-containing protein YdhS,46.0,0.0,0.0,0.0
b1669,b1669,ydhT,uncharacterized protein YdhT,44.0,0.0,1.0,1.0
b1670,b1670,ydhU,putative cytochrome YdhU,46.0,0.0,0.0,0.0
b1671,b1671,ydhX,putative 4Fe-4S ferredoxin-like protein YdhX,39.0,0.0,6.0,1.0
b1672,b1672,ydhW,uncharacterized protein YdhW,43.0,0.0,1.0,2.0
b1673,b1673,ydhV,putative oxidoreductase YdhV,46.0,0.0,0.0,0.0
b1674,b1674,ydhY,putative 4Fe-4S ferredoxin-like protein YdhY,46.0,0.0,0.0,0.0
b1675,b1675,ydhZ,fumarase D,45.0,0.0,1.0,0.0
b1676,b1676,pykF,pyruvate kinase 1,40.0,0.0,1.0,5.0
b1677,b1677,lpp,murein lipoprotein,10.0,2.0,32.0,2.0
b1678,b1678,ynhG,"L,D-transpeptidase LdtE",46.0,0.0,0.0,0.0
b1679,b1679,sufE,sulfur carrier protein SufE,40.0,0.0,1.0,5.0
b1680,b1680,sufS,L-cysteine desulfurase,44.0,0.0,0.0,2.0
b1681,b1681,sufD,Fe-S cluster scaffold complex subunit SufD,38.0,0.0,0.0,8.0
b1682,b1682,sufC,Fe-S cluster scaffold complex subunit SufC,38.0,0.0,0.0,8.0
b1683,b1683,ynhE,Fe-S cluster scaffold complex subunit SufB,35.0,0.0,0.0,11.0
b1684,b1684,sufA,iron-sulfur cluster insertion protein SufA,24.0,0.0,21.0,1.0
b1685,b1685,ydiH,uncharacterized protein YdiH,42.0,0.0,3.0,1.0
b1686,b1686,ydiI,"1,4-dihydroxy-2-naphthoyl-CoA hydrolase",42.0,0.0,3.0,1.0
b1687,b1687,ydiJ,D-2-hydroxyglutarate dehydrogenase,36.0,0.0,10.0,0.0
b1688,b1688,ydiK,putative transporter YdiK,46.0,0.0,0.0,0.0
b1689,b1689,b1689,DUF1870 domain-containing protein YdiL,46.0,0.0,0.0,0.0
b1690,b1690,ydiM,putative exporter YdiM,45.0,0.0,1.0,0.0
b1691,b1691,ydiN,putative transporter YdiN,46.0,0.0,0.0,0.0
b1692,b1692,ydiB,quinate/shikimate dehydrogenase,46.0,0.0,0.0,0.0
b1693,b1693,aroD,3-dehydroquinate dehydratase,1.0,43.0,2.0,0.0
b1694,b1694,ydiF,putative acetate-CoA transferase YdiF,46.0,0.0,0.0,0.0
b1695,b1695,b1695,putative acyl-CoA dehydrogenase YdiO,46.0,0.0,0.0,0.0
b1696,b1696,ydiP,putative DNA-binding transcriptional regulator YdiP,46.0,0.0,0.0,0.0
b1697,b1697,ydiQ,putative electron transfer flavoprotein subunit YdiQ,46.0,0.0,0.0,0.0
b1698,b1698,ydiR,putative electron transfer flavoprotein subunit YdiR,46.0,0.0,0.0,0.0
b1699,b1699,ydiS,putative electron transfer flavoprotein-quinone oxidoreductase YdiS,46.0,0.0,0.0,0.0
b1701,b1701,fadK,short chain acyl-CoA synthetase,46.0,0.0,0.0,0.0
b1702,b1702,pps,phosphoenolpyruvate synthetase,39.0,6.0,1.0,0.0
b1703,b1703,ydiA,phosphoenolpyruvate synthetase regulatory protein,44.0,0.0,2.0,0.0
b1704,b1704,aroH,"3-deoxy-7-phosphoheptulonate synthase, Trp-sensitive",36.0,1.0,9.0,0.0
b1706,b1706,ydiU,protein adenylyltransferase SelO,46.0,0.0,0.0,0.0
b1707,b1707,ydiV,anti-FlhDC factor RflP,46.0,0.0,0.0,0.0
b1708,b1708,nlpC,NlpC/P60 family lipoprotein NlpC,27.0,0.0,19.0,0.0
b1709,b1709,btuD,vitamin B<sub>12</sub> ABC transporter ATP binding subunit,38.0,0.0,7.0,1.0
b1710,b1710,btuE,thioredoxin/glutathione peroxidase BtuE,39.0,0.0,7.0,0.0
b1711,b1711,btuC,vitamin B<sub>12</sub> ABC transporter membrane subunit,44.0,0.0,2.0,0.0
b1712,b1712,ihfA,integration host factor subunit &alpha;,2.0,33.0,10.0,1.0
b1722,b1722,ydiY,acid-inducible putative outer membrane protein YdiY,46.0,0.0,0.0,0.0
b1723,b1723,pfkB,6-phosphofructokinase 2,46.0,0.0,0.0,0.0
b1724,b1724,ydiZ,putative endoribonuclease YdiZ,41.0,0.0,5.0,0.0
b1725,b1725,yniA,putative kinase YniA,30.0,0.0,0.0,16.0
b1726,b1726,yniB,uncharacterized protein YniB,45.0,0.0,1.0,0.0
b1727,b1727,yniC,hexitol phosphatase B,41.0,1.0,4.0,0.0
b1728,b1728,ydjM,inner membrane protein YdjM,42.0,0.0,1.0,3.0
b1729,b1729,ydjN,cystine/sulfocysteine:cation symporter,42.0,0.0,4.0,0.0
b1730,b1730,ydjO,protein YdjO,22.0,0.0,24.0,0.0
b1731,b1731,cedA,cell division modulator,44.0,0.0,2.0,0.0
b1733,b1733,chbG,chitooligosaccharide monodeacetylase ChbG,46.0,0.0,0.0,0.0
b1734,b1734,chbF,monoacetylchitobiose-6-phosphate hydrolase,46.0,0.0,0.0,0.0
b1735,b1735,chbR,ChbR,46.0,0.0,0.0,0.0
b1737,b1737,chbC,"<i>N,N'</i>-diacetylchitobiose-specific PTS enzyme IIC component",46.0,0.0,0.0,0.0
b1738,b1738,chbB,"<I>N,N'</I>-diacetylchitobiose-specific PTS enzyme IIB component",46.0,0.0,0.0,0.0
b1739,b1739,osmE,osmotically-inducible lipoprotein OsmE,41.0,0.0,5.0,0.0
b1741,b1741,ydjQ,excinuclease Cho,46.0,0.0,0.0,0.0
b1742,b1742,b1742,HutD family protein Ves,46.0,0.0,0.0,0.0
b1743,b1743,spy,ATP-independent periplasmic chaperone,38.0,0.0,0.0,8.0
b1744,b1744,astE,succinylglutamate desuccinylase,44.0,0.0,2.0,0.0
b1745,b1745,astB,<i>N</i>-succinylarginine dihydrolase,45.0,1.0,0.0,0.0
b1746,b1746,astD,aldehyde dehydrogenase,45.0,1.0,0.0,0.0
b1747,b1747,astA,arginine N-succinyltransferase,45.0,1.0,0.0,0.0
b1748,b1748,astC,succinylornithine transaminase,45.0,1.0,0.0,0.0
b1749,b1749,xthA,exodeoxyribonuclease III,45.0,0.0,0.0,1.0
b1750,b1750,ydjX,DedA family protein YdjX,46.0,0.0,0.0,0.0
b1751,b1751,ydjY,4Fe-4S ferredoxin-type domain-containing protein YdjY,46.0,0.0,0.0,0.0
b1752,b1752,ydjZ,DedA family protein YdjZ,46.0,0.0,0.0,0.0
b1753,b1753,ynjA,AhpD-like domain-containing protein YnjA,39.0,0.0,7.0,0.0
b1754,b1754,b1754,putative ABC transporter periplasmic binding protein YnjB,36.0,0.0,0.0,10.0
b1755,b1755,ynjC,putative ABC transporter membrane subunit YnjC,46.0,0.0,0.0,0.0
b1756,b1756,ynjD,putative ABC transporter ATP-binding protein YnjD,46.0,0.0,0.0,0.0
b1757,b1757,b1757,molybdopterin synthase sulfurtransferase,44.0,0.0,0.0,2.0
b1758,b1758,b1758,CDP-alcohol phosphatidyltransferase domain-containing protein YnjF,36.0,0.0,0.0,10.0
b1760,b1760,ynjH,DUF1496 domain-containing protein YnjH,46.0,0.0,0.0,0.0
b1761,b1761,gdhA,glutamate dehydrogenase,43.0,0.0,2.0,1.0
b1762,b1762,b1762,DUF1266 domain-containing protein YnjI,46.0,0.0,0.0,0.0
b1763,b1763,topB,DNA topoisomerase III,46.0,0.0,0.0,0.0
b1764,b1764,selD,"selenide, water dikinase",45.0,0.0,1.0,0.0
b1765,b1765,ydjA,putative oxidoreductase YdjA,23.0,3.0,18.0,2.0
b1766,b1766,sppA,"protease IV, a signal peptide peptidase",45.0,0.0,1.0,0.0
b1767,b1767,ansA,L-asparaginase 1,45.0,1.0,0.0,0.0
b1768,b1768,ydjB,nicotinamidase,46.0,0.0,0.0,0.0
b1769,b1769,ydjE,putative transporter YdjE,46.0,0.0,0.0,0.0
b1770,b1770,ydjF,putative DNA-binding transcriptional regulator YdjF,46.0,0.0,0.0,0.0
b1771,b1771,ydjG,NADH-dependent methylglyoxal reductase,46.0,0.0,0.0,0.0
b1772,b1772,b1772,L-<i>glycero</i>-L-galacto-octuluronate kinase,43.0,0.0,3.0,0.0
b1773,b1773,ydjI,L-<i>glycero</i>-L-galacto-octuluronate-1-phosphate aldolase,44.0,0.0,2.0,0.0
b1774,b1774,ydjJ,putative zinc-binding dehydrogenase YdjJ,46.0,0.0,0.0,0.0
b1775,b1775,ydjK,putative transporter YdjK,46.0,0.0,0.0,0.0
b1776,b1776,ydjL,putative zinc-binding dehydrogenase YdjL,46.0,0.0,0.0,0.0
b1777,b1777,b1777,DUF1315 domain-containing protein YeaC,19.0,0.0,1.0,26.0
b1778,b1778,yeaA,methionine sulfoxide reductase B,39.0,0.0,3.0,4.0
b1780,b1780,yeaD,putative aldose 1-epimerase YeaD,46.0,0.0,0.0,0.0
b1781,b1781,yeaE,methylglyoxal reductase YeaE,46.0,0.0,0.0,0.0
b1782,b1782,mipA,MltA-interacting protein,45.0,0.0,0.0,1.0
b1783,b1783,yeaG,protein kinase YeaG,36.0,0.0,7.0,3.0
b1784,b1784,yeaH,DUF444 domain-containing protein YeaH,33.0,0.0,11.0,2.0
b1785,b1785,yeaI,putative c-di-GMP binding protein CdgI,46.0,0.0,0.0,0.0
b1786,b1786,yeaJ,diguanylate cyclase DgcJ,46.0,0.0,0.0,0.0
b1787,b1787,yeaK,mischarged aminoacyl-tRNA deacylase,46.0,0.0,0.0,0.0
b1789,b1789,yeaL,DUF441 domain-containing inner membrane protein YeaL,45.0,0.0,0.0,1.0
b1790,b1790,yeaM,DNA-binding transcriptional repressor NimR,45.0,0.0,1.0,0.0
b1791,b1791,yeaN,2-nitroimidazole exporter,46.0,0.0,0.0,0.0
b1792,b1792,yeaO,DUF488 domain-containing protein YeaO,46.0,0.0,0.0,0.0
b1793,b1793,yoaF,DUF333 domain-containing lipoprotein YoaF,44.0,0.0,2.0,0.0
b1794,b1794,yeaP,diguanylate cyclase DgcP,46.0,0.0,0.0,0.0
b1795,b1795,yeaQ,PF04226 family protein YeaQ,46.0,0.0,0.0,0.0
b1796,b1796,yoaG,DUF1869 domain-containing protein YoaG,46.0,0.0,0.0,0.0
b1797,b1797,yeaR,DUF1971 domain-containing protein YeaR,46.0,0.0,0.0,0.0
b1798,b1798,yeaS,leucine exporter,46.0,0.0,0.0,0.0
b1799,b1799,yeaT,DNA-binding transcriptional regulator DmlR,44.0,0.0,2.0,0.0
b1800,b1800,yeaU,D-malate/3-isopropylmalate dehydrogenase (decarboxylating),46.0,0.0,0.0,0.0
b1801,b1801,yeaV,putative transporter YeaV,46.0,0.0,0.0,0.0
b1802,b1802,yeaW,carnitine monooxygenase subunit YeaW,44.0,0.0,0.0,2.0
b1803,b1803,yeaX,carnitine monooxygenase subunit YeaX,46.0,0.0,0.0,0.0
b1804,b1804,rnd,RNase D,35.0,0.0,5.0,6.0
b1805,b1805,fadD,long-chain-fatty-acid&mdash;CoA ligase,45.0,0.0,1.0,0.0
b1806,b1806,yeaY,Slp family lipoprotein YeaY,46.0,0.0,0.0,0.0
b1808,b1808,yoaA,putative ATP-dependent 5' to 3' DNA helicase,46.0,0.0,0.0,0.0
b1809,b1809,b1809,RutC family protein YoaB,46.0,0.0,0.0,0.0
b1810,b1810,yoaC,DUF1889 domain-containing protein YoaC,46.0,0.0,0.0,0.0
b1811,b1811,yoaH,UFP0181 family protein YoaH,43.0,0.0,3.0,0.0
b1812,b1812,pabB,aminodeoxychorismate synthase subunit 1,45.0,0.0,0.0,1.0
b1813,b1813,yeaB,putative NUDIX hydrolase with low 3-phosphohydroxypyruvate phosphatase activity,44.0,0.0,1.0,1.0
b1814,b1814,sdaA,L-serine deaminase I,38.0,2.0,5.0,1.0
b1815,b1815,b1815,putative c-di-GMP phosphodiesterase PdeD,46.0,0.0,0.0,0.0
b1816,b1816,yoaE,TerC family inner membrane protein YoaE,46.0,0.0,0.0,0.0
b1817,b1817,manX,mannose-specific PTS enzyme IIAB component,39.0,2.0,5.0,0.0
b1818,b1818,manY,mannose-specific PTS enzyme IIC component,39.0,2.0,2.0,3.0
b1819,b1819,manZ,mannose-specific PTS enzyme IID component,42.0,2.0,1.0,1.0
b1820,b1820,yobD,DUF986 domain-containing inner membrane protein YobD,45.0,0.0,1.0,0.0
b1821,b1821,b1821,Mn2+ exporter,45.0,0.0,0.0,1.0
b1822,b1822,rrmA,23S rRNA m<sup>1</sup>G745 methyltransferase,35.0,0.0,0.0,11.0
b1823,b1823,cspC,transcription antiterminator and regulator of mRNA stability CspC,14.0,0.0,0.0,32.0
b1824,b1824,yobF,DUF2527 domain-containing protein YobF,19.0,0.0,0.0,27.0
b1827,b1827,kdgR,DNA-binding transcriptional repressor KdgR,23.0,3.0,19.0,1.0
b1828,b1828,b1828,putative transporter YebQ,46.0,0.0,0.0,0.0
b1829,b1829,htpX,protease HtpX,46.0,0.0,0.0,0.0
b1830,b1830,prc,tail-specific protease,18.0,3.0,22.0,3.0
b1832,b1832,yebR,free methionine-(<i>R</i>)-sulfoxide reductase,46.0,0.0,0.0,0.0
b1833,b1833,yebS,intermembrane transport protein LetA,46.0,0.0,0.0,0.0
b1834,b1834,yebT,lipophilic envelope spanning tunnel,46.0,0.0,0.0,0.0
b1835,b1835,yebU,16S rRNA m<sup>5</sup>C1407 methyltransferase,45.0,0.0,0.0,1.0
b1836,b1836,yebV,DUF1480 domain-containing protein YebV,38.0,1.0,7.0,0.0
b1837,b1837,yebW,DUF1482 domain-containing protein YebW,23.0,1.0,22.0,0.0
b1838,b1838,pphA,phosphoprotein phosphatase 1,46.0,0.0,0.0,0.0
b1839,b1839,yebY,DUF2511 domain-containing protein YebY,38.0,0.0,8.0,0.0
b1840,b1840,yebZ,CopD family protein,46.0,0.0,0.0,0.0
b1841,b1841,yobA,copper-binding protein,36.0,0.0,1.0,9.0
b1842,b1842,holE,DNA polymerase III subunit &theta;,19.0,0.0,2.0,25.0
b1843,b1843,yobB,putative carbon-nitrogen hydrolase family protein YobB,46.0,0.0,0.0,0.0
b1844,b1844,exoX,exonuclease X,41.0,0.0,5.0,0.0
b1845,b1845,ptrB,oligopeptidase B,46.0,0.0,0.0,0.0
b1846,b1846,yebE,DUF533 domain-containing inner membrane protein YebE,46.0,0.0,0.0,0.0
b1847,b1847,yebF,secreted protein YebF,39.0,0.0,1.0,6.0
b1848,b1848,yebG,DNA damage-inducible protein YebG,30.0,0.0,0.0,16.0
b1849,b1849,purT,phosphoribosylglycinamide formyltransferase 2,46.0,0.0,0.0,0.0
b1850,b1850,eda,KHG/KDPG aldolase,16.0,6.0,22.0,2.0
b1851,b1851,edd,phosphogluconate dehydratase,45.0,0.0,1.0,0.0
b1853,b1853,yebK,DNA-binding transcriptional repressor YebK,39.0,0.0,3.0,4.0
b1854,b1854,pykA,pyruvate kinase 2,40.0,1.0,4.0,1.0
b1855,b1855,lpxM,Lipid A biosynthesis myristoyltransferase,31.0,2.0,10.0,3.0
b1856,b1856,yebA,peptidoglycan endopeptidase MepM,46.0,0.0,0.0,0.0
b1857,b1857,yebL,Zn<sup>2+</sup> ABC transporter periplasmic binding protein,17.0,8.0,20.0,1.0
b1858,b1858,znuC,Zn<sup>2+</sup> ABC transporter ATP binding subunit,18.0,5.0,22.0,1.0
b1859,b1859,znuB,Zn<sup>2+</sup> ABC transporter membrane subunit,12.0,9.0,24.0,1.0
b1860,b1860,ruvB,Holliday junction branch migration complex subunit RuvB,13.0,7.0,26.0,0.0
b1861,b1861,ruvA,Holliday junction branch migration complex subunit RuvA,2.0,5.0,39.0,0.0
b1862,b1862,yebB,putative papain-like amidase YebB,46.0,0.0,0.0,0.0
b1863,b1863,ruvC,crossover junction endodeoxyribonuclease RuvC,1.0,10.0,35.0,0.0
b1864,b1864,yebC,putative transcriptional regulator YebC,38.0,0.0,8.0,0.0
b1865,b1865,nudB,dihydroneopterin triphosphate diphosphatase,8.0,11.0,27.0,0.0
b1867,b1867,yecD,isochorismatase family protein YecD,46.0,0.0,0.0,0.0
b1868,b1868,yecE,DUF72 domain-containing protein YecE,46.0,0.0,0.0,0.0
b1869,b1869,yecN,MAPEG family inner membrane protein YecN,43.0,0.0,3.0,0.0
b1871,b1871,yecP,tRNA U34 carboxymethyltransferase,25.0,0.0,21.0,0.0
b1872,b1872,bisZ,trimethylamine <i>N</i>-oxide reductase 2,46.0,0.0,0.0,0.0
b1873,b1873,torY,cytochrome <i>c</i> quinol dehydrogenase TorY,46.0,0.0,0.0,0.0
b1875,b1875,yecM,putative metal-binding enzyme YecM,46.0,0.0,0.0,0.0
b1877,b1877,yecT,protein YecT,45.0,0.0,1.0,0.0
b1878,b1878,flhE,flagellar protein FlhE,45.0,0.0,1.0,0.0
b1879,b1879,flhA,flagellar biosynthesis protein FlhA,46.0,0.0,0.0,0.0
b1880,b1880,flhB,flagellar biosynthesis protein FlhB,46.0,0.0,0.0,0.0
b1881,b1881,cheZ,chemotaxis protein CheZ,45.0,0.0,1.0,0.0
b1882,b1882,cheY,CheY-acetylated // CheY-P<sup>asp</sup> // chemotaxis protein CheY,43.0,0.0,1.0,2.0
b1883,b1883,cheB,CheB-P<SUP>asp</SUP> // protein-glutamate methylesterase/protein glutamine deamidase,45.0,0.0,0.0,1.0
b1884,b1884,cheR,chemotaxis protein methyltransferase,45.0,0.0,0.0,1.0
b1885,b1885,tap,methyl-accepting chemotaxis protein Tap,46.0,0.0,0.0,0.0
b1886,b1886,tar,methyl-accepting chemotaxis protein Tar,46.0,0.0,0.0,0.0
b1887,b1887,cheW,chemotaxis protein CheW,46.0,0.0,0.0,0.0
b1888,b1888,cheA,chemotaxis protein CheA // chemotaxis protein CheA(S),46.0,0.0,0.0,0.0
b1889,b1889,motB,motility protein B,46.0,0.0,0.0,0.0
b1890,b1890,motA,motility protein A,46.0,0.0,0.0,0.0
b1891,b1891,flhC,DNA-binding transcriptional dual regulator FlhC,46.0,0.0,0.0,0.0
b1892,b1892,flhD,DNA-binding transcriptional dual regulator FlhD,46.0,0.0,0.0,0.0
b1895,b1895,yecG,universal stress protein C,46.0,0.0,0.0,0.0
b1896,b1896,otsA,trehalose-6-phosphate synthase,42.0,0.0,1.0,3.0
b1897,b1897,otsB,trehalose-6-phosphate phosphatase,40.0,0.0,6.0,0.0
b1900,b1900,araG,arabinose ABC transporter ATP binding subunit,45.0,0.0,1.0,0.0
b1901,b1901,araF,arabinose ABC transporter periplasmic binding protein,45.0,0.0,0.0,1.0
b1902,b1902,yecI,putative ferritin-like protein,46.0,0.0,0.0,0.0
b1904,b1904,yecR,lipoprotein YecR,46.0,0.0,0.0,0.0
b1905,b1905,ftn,ferritin iron storage protein,33.0,0.0,13.0,0.0
b1907,b1907,tyrP,tyrosine:H+ symporter,45.0,0.0,1.0,0.0
b1908,b1908,yecA,uncharacterized iron-binding protein YecA,45.0,0.0,1.0,0.0
b1913,b1913,uvrC,UvrABC excision nuclease subunit C,46.0,0.0,0.0,0.0
b1914,b1914,uvrY,DNA-binding transcriptional activator UvrY-phosphorylated // DNA-binding transcriptional activator UvrY,42.0,0.0,0.0,4.0
b1915,b1915,yecF,DUF2594 domain-containing protein YecF,46.0,0.0,0.0,0.0
b1916,b1916,sdiA,DNA-binding transcriptional dual regulator SdiA,42.0,0.0,0.0,4.0
b1917,b1917,yecC,cystine ABC transporter ATP binding subunit,44.0,0.0,1.0,1.0
b1918,b1918,yecS,cystine ABC transporter membrane subunit,34.0,0.0,1.0,11.0
b1919,b1919,yedO,D-cysteine desulfhydrase,45.0,0.0,1.0,0.0
b1920,b1920,fliY,cystine ABC transporter periplasmic binding protein,44.0,0.0,0.0,2.0
b1921,b1921,fliZ,DNA-binding transcriptional regulator FliZ,44.0,0.0,2.0,0.0
b1922,b1922,fliA,RNA polymerase sigma factor FliA,41.0,0.0,0.0,5.0
b1923,b1923,fliC,flagellar filament structural protein,46.0,0.0,0.0,0.0
b1924,b1924,fliD,flagellar filament capping protein,46.0,0.0,0.0,0.0
b1925,b1925,fliS,flagellar biosynthesis protein FliS,46.0,0.0,0.0,0.0
b1926,b1926,fliT,flagellar biosynthesis protein FliT,35.0,0.0,1.0,10.0
b1927,b1927,amyA,alpha-amylase,46.0,0.0,0.0,0.0
b1928,b1928,yedD,lipoprotein YedD,46.0,0.0,0.0,0.0
b1929,b1929,yedE,putative selenium transporter YedE,46.0,0.0,0.0,0.0
b1930,b1930,yedF,putative sulfurtransferase YedF,46.0,0.0,0.0,0.0
b1932,b1932,yedL,putative acetyltransferase YedL,46.0,0.0,0.0,0.0
b1936,b1936,intG,putative defective phage integrase,26.0,0.0,20.0,0.0
b1938,b1938,fliF,flagellar basal-body MS-ring and collar protein,46.0,0.0,0.0,0.0
b1939,b1939,fliG,flagellar motor switch protein FliG,45.0,0.0,0.0,1.0
b1940,b1940,fliH,flagellar biosynthesis protein FliH,46.0,0.0,0.0,0.0
b1941,b1941,fliI,flagellar export ATPase FliI,46.0,0.0,0.0,0.0
b1942,b1942,fliJ,flagellar biosynthesis protein FliJ,36.0,0.0,8.0,2.0
b1943,b1943,fliK,flagellar hook-length control protein,46.0,0.0,0.0,0.0
b1944,b1944,fliL,flagellar protein FliL,46.0,0.0,0.0,0.0
b1945,b1945,fliM,flagellar motor switch protein FliM,46.0,0.0,0.0,0.0
b1946,b1946,fliN,flagellar motor switch protein FliN,46.0,0.0,0.0,0.0
b1948,b1948,fliP,flagellar biosynthesis protein FliP,46.0,0.0,0.0,0.0
b1949,b1949,fliQ,flagellar biosynthesis protein FliQ,44.0,0.0,2.0,0.0
b1950,b1950,fliR,flagellar biosynthesis protein FliR,46.0,0.0,0.0,0.0
b1951,b1951,rcsA,DNA-binding transcriptional activator RcsA,42.0,0.0,4.0,0.0
b1952,b1952,dsrB,protein DsrB,46.0,0.0,0.0,0.0
b1953,b1953,b1953,stress-induced protein,46.0,0.0,0.0,0.0
b1955,b1955,yedP,putative mannosyl-3-phosphoglycerate phosphatase,46.0,0.0,0.0,0.0
b1956,b1956,b1956,diguanylate cyclase DgcQ,46.0,0.0,0.0,0.0
b1958,b1958,yedI,DUF808 domain-containing inner membrane protein YedI,46.0,0.0,0.0,0.0
b1959,b1959,yedA,putative transporter YedA,38.0,0.0,0.0,8.0
b1960,b1960,vsr,DNA mismatch endonuclease Vsr,46.0,0.0,0.0,0.0
b1961,b1961,dcm,DNA-cytosine methyltransferase,35.0,0.0,2.0,9.0
b1962,b1962,yedJ,putative HD superfamily phosphohydrolase YedJ,46.0,0.0,0.0,0.0
b1963,b1963,b1963,cell division protein DrpB,38.0,0.0,8.0,0.0
b1967,b1967,hchA,protein/nucleic acid deglycase 1,46.0,0.0,0.0,0.0
b1968,b1968,yedV,sensor histidine kinase HprS,45.0,0.0,1.0,0.0
b1969,b1969,yedW,DNA-binding transcriptional dual regulator HprR-phosphorylated // DNA-binding transcriptional dual regulator HprR,46.0,0.0,0.0,0.0
b1970,b1970,yedX,hydroxyisourate hydrolase / transthyretin-related protein,46.0,0.0,0.0,0.0
b1971,b1971,yedY,protein-L-methionine sulfoxide reductase catalytic subunit MsrP,46.0,0.0,0.0,0.0
b1972,b1972,yedZ,membrane-bound flavocytochrome MsrQ,46.0,0.0,0.0,0.0
b1973,b1973,yodA,metal-binding protein ZinT,46.0,0.0,0.0,0.0
b1974,b1974,yodB,putative cytochrome b561 YodB,46.0,0.0,0.0,0.0
b1976,b1976,b1976,Mlc titration factor,42.0,0.0,4.0,0.0
b1978,b1978,yeeJ,inverse autotransporter adhesin,46.0,0.0,0.0,0.0
b1981,b1981,shiA,shikimate:H+ symporter,46.0,0.0,0.0,0.0
b1982,b1982,amn,AMP nucleosidase,45.0,0.0,1.0,0.0
b1983,b1983,yeeN,putative transcriptional regulator YeeN,44.0,0.0,2.0,0.0
b1985,b1985,yeeO,FMN/FAD exporter,46.0,0.0,0.0,0.0
b1987,b1987,cbl,DNA-binding transcriptional activator Cbl,46.0,0.0,0.0,0.0
b1988,b1988,nac,DNA-binding transcriptional dual regulator Nac,39.0,0.0,6.0,1.0
b1990,b1990,erfK,"L,D-transpeptidase LdtA",46.0,0.0,0.0,0.0
b1991,b1991,cobT,nicotinate-nucleotide&mdash;dimethylbenzimidazole phosphoribosyltransferase,46.0,0.0,0.0,0.0
b1992,b1992,cobS,cobalamin 5'-phosphate synthase,45.0,0.0,0.0,1.0
b1993,b1993,cobU,cobinamide-P guanylyltransferase / cobinamide kinase,43.0,0.0,3.0,0.0
b1999,b1999,yeeP,CP4-44 prophage; putative GTP-binding protein,38.0,0.0,8.0,0.0
b2001,b2001,b2001,CP4-44 prophage; inner membrane protein YeeR,46.0,0.0,0.0,0.0
b2002,b2002,yeeS,CP4-44 prophage; RadC-like JAB domain-containing protein YeeS,46.0,0.0,0.0,0.0
b2003,b2003,yeeT,CP4-44 prophage; DUF987 domain-containing protein YeeT,46.0,0.0,0.0,0.0
b2004,b2004,yeeU,CP4-44 prophage; cytoskeleton bundling-enhancing antitoxin CbeA,39.0,0.0,0.0,7.0
b2005,b2005,yeeV,CP4-44 prophage; cytoskeleton-binding toxin CbtA,44.0,0.0,1.0,1.0
b2006,b2006,yeeW,CP4-44 prophage; putative uncharacterized protein YeeW,43.0,0.0,0.0,3.0
b2007,b2007,yeeX,PTS system regulator TmaR,30.0,0.0,10.0,6.0
b2008,b2008,yeeA,putative transporter YeeA,46.0,0.0,0.0,0.0
b2009,b2009,sbmC,DNA gyrase inhibitor,43.0,0.0,3.0,0.0
b2010,b2010,dacD,D-alanyl-D-alanine carboxypeptidase DacD,46.0,0.0,0.0,0.0
b2011,b2011,sbcB,exodeoxyribonuclease I,46.0,0.0,0.0,0.0
b2012,b2012,yeeD,putative thiosulfate sulfurtransferase,44.0,0.0,0.0,2.0
b2013,b2013,yeeE,thiosulfate transporter,46.0,0.0,0.0,0.0
b2014,b2014,yeeF,putrescine:H+ symporter PlaP,46.0,0.0,0.0,0.0
b2015,b2015,yeeY,putative DNA-binding transcriptional regulator YeeY,46.0,0.0,0.0,0.0
b2016,b2016,yeeZ,putative epimerase YeeZ,46.0,0.0,0.0,0.0
b2017,b2017,yefM,YefM antitoxin of the YoeB-YefM toxin-antitoxin pair and DNA binding transcriptional repressor,13.0,1.0,28.0,4.0
b2019,b2019,hisG,ATP phosphoribosyltransferase,5.0,41.0,0.0,0.0
b2020,b2020,hisD,histidinal/histidinol dehydrogenase,5.0,41.0,0.0,0.0
b2021,b2021,hisC,histidinol-phosphate aminotransferase,5.0,41.0,0.0,0.0
b2022,b2022,hisB,imidazoleglycerol-phosphate dehydratase / histidinol-phosphatase,5.0,41.0,0.0,0.0
b2023,b2023,hisH,imidazole glycerol phosphate synthase subunit HisH,5.0,41.0,0.0,0.0
b2024,b2024,hisA,1-(5-phosphoribosyl)-5-[(5-phosphoribosylamino)methylideneamino]imidazole-4-carboxamide isomerase,5.0,41.0,0.0,0.0
b2025,b2025,hisF,imidazole glycerol phosphate synthase subunit HisF,4.0,41.0,1.0,0.0
b2026,b2026,hisI,putative bifunctional phosphoribosyl-AMP cyclohydrolase/phosphoribosyl-ATP pyrophosphatase,6.0,40.0,0.0,0.0
b2027,b2027,wzzB,O-antigen co-polymerase,46.0,0.0,0.0,0.0
b2028,b2028,ugd,UDP-glucose 6-dehydrogenase,46.0,0.0,0.0,0.0
b2029,b2029,gnd,"6-phosphogluconate dehydrogenase, decarboxylating",17.0,0.0,29.0,0.0
b2032,b2032,wbbK,putative glycosyltransferase WbbK,46.0,0.0,0.0,0.0
b2033,b2033,wbbJ,putative lipopolysaccharide biosynthesis O-acetyl transferase WbbJ,46.0,0.0,0.0,0.0
b2034,b2034,wbbI,"&beta;-1,6-galactofuranosyltransferase WbbI",46.0,0.0,0.0,0.0
b2035,b2035,wbbH,putative O-antigen polymerase,46.0,0.0,0.0,0.0
b2036,b2036,glf,UDP-galactopyranose mutase,46.0,0.0,0.0,0.0
b2037,b2037,rfbX,polyisoprenol-linked O16-antigen repeat unit flippase,41.0,0.0,5.0,0.0
b2038,b2038,rfbC,"dTDP-4-dehydrorhamnose 3,5-epimerase",45.0,0.0,0.0,1.0
b2039,b2039,rfbA,glucose-1-phosphate thymidylyltransferase 1,46.0,0.0,0.0,0.0
b2040,b2040,rfbD,dTDP-4-dehydrorhamnose reductase,46.0,0.0,0.0,0.0
b2041,b2041,rfbB,"dTDP-glucose 4,6-dehydratase 1",46.0,0.0,0.0,0.0
b2042,b2042,galF,"UTP:glucose-1-phosphate uridylyltransferase, low activity",43.0,0.0,0.0,3.0
b2043,b2043,wcaM,putative colanic acid biosynthesis protein WcaM,46.0,0.0,0.0,0.0
b2044,b2044,wcaL,putative colanic acid biosynthesis glycosyl transferase WcaL,45.0,0.0,0.0,1.0
b2045,b2045,wcaK,colanic acid biosynthesis pyruvyl transferase WcaK,46.0,0.0,0.0,0.0
b2046,b2046,wzxC,colanic acid repeat unit flippase,46.0,0.0,0.0,0.0
b2047,b2047,wcaJ,UDP-glucose:undecaprenyl-phosphate glucose-1-phosphate transferase,46.0,0.0,0.0,0.0
b2048,b2048,cpsG,phosphomannomutase,46.0,0.0,0.0,0.0
b2049,b2049,cpsB,mannose-1-phosphate guanylyltransferase,45.0,0.0,1.0,0.0
b2050,b2050,wcaI,colanic acid biosynthesis fucosyltransferase WcaI,46.0,0.0,0.0,0.0
b2051,b2051,wcaH,GDP-mannose mannosyl hydrolase,18.0,0.0,1.0,27.0
b2052,b2052,fcl,GDP-L-fucose synthase,46.0,0.0,0.0,0.0
b2053,b2053,gmd,"GDP-mannose 4,6-dehydratase",46.0,0.0,0.0,0.0
b2054,b2054,wcaF,colanic acid biosynthesis acetyltransferase WcaF,46.0,0.0,0.0,0.0
b2055,b2055,wcaE,"GDP-Fuc:2/3-O-Ac-alpha-L-Fuc-(1->3)-alpha-D-Glc-PP-Und alpha-(1,4)-fucosyltransferase",0.0,1.0,45.0,0.0
b2056,b2056,wcaD,colanic acid polymerase,46.0,0.0,0.0,0.0
b2057,b2057,wcaC,colanic acid biosynthesis galactosyltransferase WcaC,40.0,0.0,0.0,6.0
b2058,b2058,wcaB,colanic acid biosynthesis acetyltransferase WcaB,31.0,0.0,2.0,13.0
b2059,b2059,wcaA,"UDP-glucuronate:2-O-Ac-beta-D-Gal-(1->3)-alpha-L-Fuc-(1->4)-2/3-O-Ac-alpha-L-Fuc-(1->3)-beta-D-Glc-PP-Und beta-(1,3)-glucuronosyltranferase",46.0,0.0,0.0,0.0
b2060,b2060,b2060,protein-tyrosine kinase Wzc,46.0,0.0,0.0,0.0
b2061,b2061,wzb,protein-tyrosine phosphatase,43.0,0.0,3.0,0.0
b2062,b2062,wza,outer membrane polysaccharide export protein Wza,46.0,0.0,0.0,0.0
b2063,b2063,yegH,inner membrane protein YegH,45.0,0.0,0.0,1.0
b2064,b2064,asmA,putative assembly protein AsmA,32.0,0.0,14.0,0.0
b2066,b2066,udk,uridine/cytidine kinase,46.0,0.0,0.0,0.0
b2067,b2067,yegE,putative diguanylate cyclase DgcE,46.0,0.0,0.0,0.0
b2068,b2068,alkA,DNA-3-methyladenine glycosylase 2,46.0,0.0,0.0,0.0
b2069,b2069,yegD,HSP70 family protein YegD,46.0,0.0,0.0,0.0
b2070,b2070,yegI,putative serine/threonine-protein kinase YegI,46.0,0.0,0.0,0.0
b2071,b2071,yegJ,DUF2314 domain-containing protein YegJ,37.0,0.0,9.0,0.0
b2072,b2072,yegK,protein-serine/threonine phosphatase PphC,46.0,0.0,0.0,0.0
b2073,b2073,yegL,IPR002035 domain-containing protein YegL,46.0,0.0,0.0,0.0
b2074,b2074,b2074,multidrug efflux pump membrane fusion protein MdtA,46.0,0.0,0.0,0.0
b2075,b2075,mdtB,multidrug efflux pump RND permease subunit MdtB,46.0,0.0,0.0,0.0
b2076,b2076,mdtC,multidrug efflux pump RND permease subunit MdtC,46.0,0.0,0.0,0.0
b2077,b2077,mdtD,putative multidrug efflux pump MdtD,46.0,0.0,0.0,0.0
b2078,b2078,baeS,BaeS-<i>N</i>-phospho-L-histidine // sensor histidine kinase BaeS,46.0,0.0,0.0,0.0
b2079,b2079,baeR,DNA-binding transcriptional activator BaeR-phosphorylated // DNA-binding transcriptional activator BaeR,46.0,0.0,0.0,0.0
b2080,b2080,b2080,DUF1508 domain-containing protein YegP,42.0,0.0,2.0,2.0
b2081,b2081,yegQ,tRNA wobble base hydroxylation protein TrhP,37.0,0.0,9.0,0.0
b2082,b2082,ogrK,prophage P2 late control protein OgrK,17.0,0.0,29.0,0.0
b2083,b2083,yegZ,phage protein D,42.0,0.0,1.0,3.0
b2085,b2085,b2085,uncharacterized protein YegR,46.0,0.0,0.0,0.0
b2086,b2086,yegS,lipid kinase YegS,46.0,0.0,0.0,0.0
b2091,b2091,gatD,galactitol-1-phosphate 5-dehydrogenase,46.0,0.0,0.0,0.0
b2092,b2092,gatC,galactitol-specific PTS enzyme IIC component,41.0,0.0,5.0,0.0
b2093,b2093,gatB,galactitol-specific PTS enzyme IIB component,44.0,0.0,0.0,2.0
b2094,b2094,gatA,galactitol-specific PTS enzyme IIA component,46.0,0.0,0.0,0.0
b2095,b2095,gatZ,"putative tagatose-1,6-bisphosphate aldolase 2 chaperone",46.0,0.0,0.0,0.0
b2096,b2096,gatY,"tagatose-1,6-bisphosphate aldolase 2",42.0,0.0,3.0,1.0
b2097,b2097,b2097,fructose-bisphosphate aldolase class I,46.0,0.0,0.0,0.0
b2098,b2098,yegT,putative transporter YegT,46.0,0.0,0.0,0.0
b2099,b2099,yegU,putative ADP-ribosylglycohydrolase YegU,46.0,0.0,0.0,0.0
b2100,b2100,yegV,putative sugar kinase YegV,46.0,0.0,0.0,0.0
b2101,b2101,yegW,putative DNA-binding transcriptional regulator YegW,44.0,0.0,0.0,2.0
b2102,b2102,yegX,putative glycosyl hydrolase YegX,46.0,0.0,0.0,0.0
b2103,b2103,thiD,bifunctional hydroxymethylpyrimidine kinase/phosphomethylpyrimidine kinase,10.0,9.0,27.0,0.0
b2104,b2104,thiM,hydroxyethylthiazole kinase,28.0,0.0,18.0,0.0
b2105,b2105,yohL,DNA-binding transcriptional repressor RcnR,46.0,0.0,0.0,0.0
b2106,b2106,yohM,Ni<sup>2+</sup>/Co<sup>2+</sup> exporter,46.0,0.0,0.0,0.0
b2107,b2107,b2107,periplasmic protein involved in nickel/cobalt export,46.0,0.0,0.0,0.0
b2109,b2109,yehB,putative fimbrial usher protein YehB,46.0,0.0,0.0,0.0
b2110,b2110,yehC,putative fimbrial chaperone YehC,18.0,0.0,28.0,0.0
b2111,b2111,yehD,putative fimbrial protein YehD,46.0,0.0,0.0,0.0
b2112,b2112,yehE,DUF2574 domain-containing protein YehE,46.0,0.0,0.0,0.0
b2113,b2113,mrp,P-loop NTPase family protein Mrp,43.0,1.0,2.0,0.0
b2114,b2114,metG,methionine&mdash;tRNA ligase,39.0,0.0,5.0,2.0
b2118,b2118,yehI,DUF4132 domain-containing protein YehI,46.0,0.0,0.0,0.0
b2119,b2119,yehL,putative AAA+ MoxR family ATPase YehL,46.0,0.0,0.0,0.0
b2120,b2120,yehM,uncharacterized protein YehM,46.0,0.0,0.0,0.0
b2121,b2121,yehP,VWA domain-containing protein YehP,46.0,0.0,0.0,0.0
b2122,b2122,yehQ,SWIM zinc finger domains-containing protein YehQ,46.0,0.0,0.0,0.0
b2123,b2123,yehR,DUF1307 domain-containing lipoprotein YehR,36.0,0.0,0.0,10.0
b2124,b2124,yehS,DUF1456 domain-containing protein YehS,46.0,0.0,0.0,0.0
b2125,b2125,yehT,Phosphorylated DNA-binding transcriptional dual regulator BtsR // DNA-binding transcriptional dual regulator BtsR,38.0,1.0,7.0,0.0
b2126,b2126,yehU,BtsS-<i>N</i>-phospho-L-histidine // high-affinity pyruvate receptor,44.0,0.0,2.0,0.0
b2127,b2127,mlrA,DNA-binding transcriptional activator MlrA,45.0,0.0,1.0,0.0
b2128,b2128,yehW,glycine betaine ABC transporter membrane subunit YehW,45.0,0.0,0.0,1.0
b2129,b2129,yehX,glycine betaine ABC transporter ATP binding subunit YehX,46.0,0.0,0.0,0.0
b2130,b2130,yehY,glycine betaine ABC transporter membrane subunit YehY,46.0,0.0,0.0,0.0
b2131,b2131,yehZ,glycine betaine ABC transporter periplasmic binding protein OsmF,46.0,0.0,0.0,0.0
b2132,b2132,bglX,"&beta;-D-glucoside glucohydrolase, periplasmic",46.0,0.0,0.0,0.0
b2133,b2133,dld,quinone-dependent D-lactate dehydrogenase,44.0,0.0,2.0,0.0
b2134,b2134,pbpG,peptidoglycan DD-endopeptidase PbpG,46.0,0.0,0.0,0.0
b2135,b2135,yohC,putative inner membrane protein,46.0,0.0,0.0,0.0
b2136,b2136,yohD,DedA family protein YohD,40.0,0.0,6.0,0.0
b2137,b2137,yohF,putative oxidoreductase YohF,46.0,0.0,0.0,0.0
b2139,b2139,mdtQ,putative multidrug resistance outer membrane protein MdtQ,46.0,0.0,0.0,0.0
b2140,b2140,dusC,tRNA-dihydrouridine<sup>16</sup> synthase,46.0,0.0,0.0,0.0
b2141,b2141,yohJ,putative 3-hydroxypropanoate export protein YohJ,42.0,0.0,1.0,3.0
b2142,b2142,yohK,putative 3-hydroxypropanoate export protein YohK,44.0,0.0,0.0,2.0
b2143,b2143,cdd,cytidine/deoxycytidine deaminase,44.0,0.0,2.0,0.0
b2144,b2144,sanA,DUF218 domain-containing protein SanA,14.0,4.0,28.0,0.0
b2145,b2145,yeiS,DUF2542 domain-containing protein YeiS,46.0,0.0,0.0,0.0
b2146,b2146,yeiT,dihydropyrimidine dehydrogenase (NAD<sup>+</sup>) subunit PreT,46.0,0.0,0.0,0.0
b2147,b2147,yeiA,dihydropyrimidine dehydrogenase (NAD<sup>+</sup>) subunit PreA,46.0,0.0,0.0,0.0
b2148,b2148,mglC,D-galactose/methyl-galactoside ABC transporter membrane subunit,43.0,0.0,3.0,0.0
b2149,b2149,mglA,D-galactose/methyl-galactoside ABC transporter ATP binding subunit,45.0,0.0,1.0,0.0
b2150,b2150,mglB,D-galactose/methyl-galactoside ABC transporter periplasmic binding protein,41.0,0.0,5.0,0.0
b2151,b2151,galS,DNA-binding transcriptional dual regulator GalS,42.0,0.0,2.0,2.0
b2152,b2152,yeiB,DUF418 domain-containing protein YeiB,43.0,0.0,3.0,0.0
b2154,b2154,yeiG,<i>S</i>-formylglutathione hydrolase / <i>S</i>-lactoylglutathione hydrolase,46.0,0.0,0.0,0.0
b2155,b2155,cirA,iron-catecholate outer membrane transporter CirA,46.0,0.0,0.0,0.0
b2156,b2156,lysP,lysine:H+ symporter,44.0,0.0,0.0,2.0
b2157,b2157,yeiE,DNA-binding transcriptional dual regulator YeiE,45.0,0.0,1.0,0.0
b2158,b2158,yeiH,PF03601 family inner membrane protein YeiH,44.0,0.0,0.0,2.0
b2159,b2159,nfo,endonuclease IV,46.0,0.0,0.0,0.0
b2160,b2160,yeiI,putative sugar kinase YeiI,45.0,0.0,1.0,0.0
b2161,b2161,yeiJ,putative nucleoside transporter,41.0,0.0,0.0,5.0
b2162,b2162,rihB,pyrimidine-specific ribonucleoside hydrolase RihB,46.0,0.0,0.0,0.0
b2163,b2163,yeiL,DNA-binding transcriptional activator YeiL,45.0,0.0,1.0,0.0
b2164,b2164,yeiM,putative pseudouridine transporter,46.0,0.0,0.0,0.0
b2165,b2165,yeiN,pseudouridine-5'-phosphate glycosidase,46.0,0.0,0.0,0.0
b2166,b2166,yeiC,putative pseudouridine kinase,46.0,0.0,0.0,0.0
b2167,b2167,fruA,fructose-specific PTS multiphosphoryl transfer protein FruA,44.0,0.0,2.0,0.0
b2168,b2168,fruK,1-phosphofructokinase,8.0,8.0,27.0,3.0
b2169,b2169,fruB,FruB - his299 phosphorylated // fructose-specific PTS multiphosphoryl transfer protein FruB,44.0,0.0,2.0,0.0
b2170,b2170,setB,sugar exporter SetB,46.0,0.0,0.0,0.0
b2171,b2171,yeiP,elongation factor P-like protein YeiP,44.0,0.0,2.0,0.0
b2172,b2172,yeiQ,putative oxidoreductase YeiQ,45.0,0.0,1.0,0.0
b2173,b2173,yeiR,zinc-binding GTPase YeiR,46.0,0.0,0.0,0.0
b2174,b2174,b2174,lipid A-core phosphotransferase,44.0,0.0,2.0,0.0
b2175,b2175,spr,"peptidoglycan endopeptidase/peptidoglycan L,D-carboxypeptidase",35.0,1.0,8.0,2.0
b2176,b2176,rtn,putative c-di-GMP phosphodiesterase PdeN,46.0,0.0,0.0,0.0
b2177,b2177,yejA,putative oligopeptide ABC transporter periplasmic binding protein YejA,45.0,0.0,1.0,0.0
b2178,b2178,yejB,putative oligopeptide ABC transporter membrane subunit YejB,45.0,0.0,1.0,0.0
b2179,b2179,yejE,putative oligopeptide ABC transporter membrane subunit YejE,45.0,0.0,1.0,0.0
b2180,b2180,yejF,putative oligopeptide ABC transporter ATP binding subunit YejF,45.0,0.0,1.0,0.0
b2181,b2181,yejG,protein YejG,41.0,0.0,3.0,2.0
b2182,b2182,bcr,multidrug efflux pump Bcr,44.0,0.0,0.0,2.0
b2183,b2183,rsuA,16S rRNA pseudouridine<sup>516</sup> synthase,37.0,0.0,0.0,9.0
b2184,b2184,yejH,putative DNA repair helicase RadD,46.0,0.0,0.0,0.0
b2186,b2186,yejK,nucleoid-associated protein YejK,46.0,0.0,0.0,0.0
b2187,b2187,yejL,DUF1414 domain-containing protein YejL,26.0,0.0,20.0,0.0
b2188,b2188,yejM,lipopolysaccharide signal transducer LapC,1.0,40.0,4.0,1.0
b2190,b2190,yejO,adhesin-like autotransporter YejO,46.0,0.0,0.0,0.0
b2193,b2193,narP,DNA-binding transcriptional dual regulator NarP-phosphorylated // DNA-binding transcriptional dual regulator NarP,46.0,0.0,0.0,0.0
b2194,b2194,ccmH,holocytochrome <I>c</I> synthase CcmH component,46.0,0.0,0.0,0.0
b2195,b2195,ccmG,thiol:disulfide oxidoreductase CcmG,44.0,0.0,0.0,2.0
b2196,b2196,ccmF,holocytochrome <I>c</I> synthase CcmF component,46.0,0.0,0.0,0.0
b2197,b2197,ccmE,periplasmic heme chaperone,46.0,0.0,0.0,0.0
b2198,b2198,ccmD,cytochrome <i>c</i> maturation protein D,41.0,0.0,3.0,2.0
b2199,b2199,ccmC,cytochrome <i>c</i> maturation protein C,41.0,0.0,0.0,5.0
b2200,b2200,ccmB,cytochrome <i>c</i> maturation protein B,46.0,0.0,0.0,0.0
b2201,b2201,ccmA,cytochrome <i>c</i> maturation protein A,46.0,0.0,0.0,0.0
b2202,b2202,napC,periplasmic nitrate reductase cytochrome c protein,46.0,0.0,0.0,0.0
b2203,b2203,napB,periplasmic nitrate reductase cytochrome c<SUB>550</SUB> protein,46.0,0.0,0.0,0.0
b2204,b2204,napH,ferredoxin-type protein NapH,46.0,0.0,0.0,0.0
b2205,b2205,napG,ferredoxin-type protein NapG,46.0,0.0,0.0,0.0
b2206,b2206,napA,periplasmic nitrate reductase subunit NapA,46.0,0.0,0.0,0.0
b2207,b2207,napD,NapA signal peptide-binding chaperone NapD,28.0,0.0,18.0,0.0
b2208,b2208,napF,ferredoxin-type protein,44.0,0.0,2.0,0.0
b2209,b2209,eco,serine protease inhibitor ecotin,44.0,0.0,2.0,0.0
b2210,b2210,mqo,malate:quinone oxidoreductase,46.0,0.0,0.0,0.0
b2211,b2211,yojI,ABC transporter family protein / microcin J25 efflux protein,46.0,0.0,0.0,0.0
b2212,b2212,alkB,DNA oxidative demethylase,46.0,0.0,0.0,0.0
b2213,b2213,ada,DNA-binding transcriptional dual regulator / DNA repair protein Ada,44.0,0.0,2.0,0.0
b2214,b2214,yojL,FAD:protein FMN transferase,42.0,0.0,4.0,0.0
b2215,b2215,ompC,outer membrane porin C,9.0,6.0,31.0,0.0
b2216,b2216,rcsD,RcsD-<i>N</i>-phospho-L-histidine // RcsD phosphotransferase,39.0,0.0,7.0,0.0
b2217,b2217,rcsB,RcsB-acetylated // DNA-binding transcriptional dual regulator RcsB-phosphorylated // DNA-binding transcriptional activator RcsB,35.0,0.0,0.0,11.0
b2218,b2218,rcsC,RcsC-phospho-L-aspartate // RcsC-<i>N</i>-phospho-L-histidine // histidine kinase RcsC,38.0,0.0,8.0,0.0
b2219,b2219,atoS,sensor histidine kinase AtoS,46.0,0.0,0.0,0.0
b2220,b2220,atoC,DNA-binding transcriptional activator AtoC-phosphorylated // DNA-binding transcriptional activator/ornithine decarboxylase inhibitor AtoC,46.0,0.0,0.0,0.0
b2221,b2221,atoD,acetyl-CoA:acetoacetyl-CoA transferase subunit &alpha;,41.0,0.0,5.0,0.0
b2222,b2222,atoA,acetyl-CoA:acetoacetyl-CoA transferase subunit &beta;,46.0,0.0,0.0,0.0
b2223,b2223,atoE,short chain fatty acid transporter,46.0,0.0,0.0,0.0
b2224,b2224,atoB,acetyl-CoA acetyltransferase,46.0,0.0,0.0,0.0
b2225,b2225,yfaP,DUF2135 domain-containing protein YfaP,46.0,0.0,0.0,0.0
b2226,b2226,yfaQ,tandem DUF2300 domain-containing protein YfaQ,46.0,0.0,0.0,0.0
b2229,b2229,b2229,DUF1175 domain-containing protein YfaT,12.0,0.0,0.0,34.0
b2230,b2230,yfaA,DUF2138 domain-containing protein YfaA,46.0,0.0,0.0,0.0
b2233,b2233,yfaL,putative autotransporter adhesin YfaL,46.0,0.0,0.0,0.0
b2236,b2236,yfaE,ferredoxin-like diferric-tyrosyl radical cofactor maintenance protein YfaE,40.0,0.0,1.0,5.0
b2237,b2237,inaA,putative lipopolysaccharide kinase InaA,46.0,0.0,0.0,0.0
b2239,b2239,glpQ,glycerophosphoryl diester phosphodiesterase GlpQ,46.0,0.0,0.0,0.0
b2240,b2240,glpT,sn-glycerol 3-phosphate:phosphate antiporter,43.0,0.0,0.0,3.0
b2241,b2241,glpA,anaerobic glycerol-3-phosphate dehydrogenase subunit A,45.0,0.0,0.0,1.0
b2242,b2242,glpB,anaerobic glycerol-3-phosphate dehydrogenase subunit B,46.0,0.0,0.0,0.0
b2243,b2243,glpC,anaerobic glycerol-3-phosphate dehydrogenase subunit C,46.0,0.0,0.0,0.0
b2244,b2244,yfaD,inactive recombination-promoting nuclease-like protein RpnE,46.0,0.0,0.0,0.0
b2245,b2245,yfaU,2-keto-3-deoxy-L-rhamnonate aldolase,46.0,0.0,0.0,0.0
b2246,b2246,b2246,putative transporter YfaV,41.0,0.0,0.0,5.0
b2247,b2247,yfaW,L-rhamnonate dehydratase,46.0,0.0,0.0,0.0
b2248,b2248,yfaX,putative DNA-binding transcriptional regulator YfaX,46.0,0.0,0.0,0.0
b2249,b2249,yfaY,IPR008135 CinA family protein YfaY,46.0,0.0,0.0,0.0
b2250,b2250,b2250,putative porin YfaZ,46.0,0.0,0.0,0.0
b2251,b2251,yfaO,pyrimidine deoxynucleotide diphosphatase NudI,46.0,0.0,0.0,0.0
b2252,b2252,ais,putative lipopolysaccharide core heptose(II)-phosphate phosphatase,46.0,0.0,0.0,0.0
b2253,b2253,arnB,UDP-4-amino-4-deoxy-L-arabinose aminotransferase,46.0,0.0,0.0,0.0
b2254,b2254,yfbF,undecaprenyl-phosphate 4-deoxy-4-formamido-L-arabinose transferase,46.0,0.0,0.0,0.0
b2255,b2255,yfbG,fused UDP-4-amino-4-deoxy-L-arabinose formyltransferase/UDP-glucuronate dehydrogenase,46.0,0.0,0.0,0.0
b2256,b2256,yfbH,putative 4-deoxy-4-formamido-L-arabinose-phosphoundecaprenol deformylase ArnD,46.0,0.0,0.0,0.0
b2257,b2257,arnT,lipid IVA 4-amino-4-deoxy-L-arabinosyltransferase,46.0,0.0,0.0,0.0
b2258,b2258,b2258,undecaprenyl-phosphate-&alpha;-L-Ara4N flippase - ArnF subunit,37.0,0.0,9.0,0.0
b2259,b2259,pmrD,signal transduction protein PmrD,44.0,0.0,1.0,1.0
b2260,b2260,menE,<i>o</i>-succinylbenzoate&mdash;CoA ligase,45.0,0.0,1.0,0.0
b2261,b2261,menC,o-succinylbenzoate synthase,42.0,0.0,4.0,0.0
b2262,b2262,menB,"1,4-dihydroxy-2-naphthoyl-CoA synthase",35.0,0.0,1.0,10.0
b2263,b2263,yfbB,"2-succinyl-6-hydroxy-2,4-cyclohexadiene-1-carboxylate synthase",45.0,0.0,0.0,1.0
b2264,b2264,menD,2-succinyl-5-enolpyruvyl-6-hydroxy-3-cyclohexene-1-carboxylate synthase,46.0,0.0,0.0,0.0
b2265,b2265,menF,isochorismate synthase MenF,46.0,0.0,0.0,0.0
b2266,b2266,elaB,tail-anchored inner membrane protein ElaB,46.0,0.0,0.0,0.0
b2267,b2267,elaA,putative acetyltransferase ElaA,46.0,0.0,0.0,0.0
b2268,b2268,elaC,ribonuclease BN,46.0,0.0,0.0,0.0
b2270,b2270,yfbK,IPR002035/DUF3520 domain-containing protein YfbK,46.0,0.0,0.0,0.0
b2271,b2271,yfbL,putative peptidase YfbL,46.0,0.0,0.0,0.0
b2272,b2272,yfbM,DUF1877 domain-containing protein YfbM,45.0,0.0,1.0,0.0
b2274,b2274,yfbO,uncharacterized protein YfbO,46.0,0.0,0.0,0.0
b2275,b2275,yfbP,uncharacterized protein YfbP,45.0,0.0,0.0,1.0
b2276,b2276,nuoN,NADH:quinone oxidoreductase subunit N,20.0,9.0,16.0,1.0
b2277,b2277,nuoM,NADH:quinone oxidoreductase subunit M,20.0,8.0,16.0,2.0
b2278,b2278,nuoL,NADH:quinone oxidoreductase subunit L,22.0,8.0,14.0,2.0
b2279,b2279,nuoK,NADH:quinone oxidoreductase subunit K,23.0,8.0,11.0,4.0
b2280,b2280,nuoJ,NADH:quinone oxidoreductase subunit J,28.0,10.0,5.0,3.0
b2281,b2281,nuoI,NADH:quinone oxidoreductase subunit I,23.0,8.0,12.0,3.0
b2282,b2282,nuoH,NADH:quinone oxidoreductase subunit H,27.0,8.0,8.0,3.0
b2283,b2283,nuoG,NADH:quinone oxidoreductase subunit G,22.0,10.0,11.0,3.0
b2284,b2284,nuoF,NADH:quinone oxidoreductase subunit F,20.0,8.0,17.0,1.0
b2285,b2285,nuoE,NADH:quinone oxidoreductase subunit E,25.0,9.0,9.0,3.0
b2286,b2286,nuoC,NADH:quinone oxidoreductase subunit CD,25.0,8.0,11.0,2.0
b2287,b2287,nuoB,NADH:quinone oxidoreductase subunit B,25.0,8.0,10.0,3.0
b2288,b2288,nuoA,NADH:quinone oxidoreductase subunit A,23.0,8.0,12.0,3.0
b2289,b2289,lrhA,DNA-binding transcriptional dual regulator LrhA,30.0,0.0,16.0,0.0
b2290,b2290,yfbQ,glutamate&mdash;pyruvate aminotransferase AlaA,43.0,0.0,3.0,0.0
b2291,b2291,yfbR,dCMP phosphohydrolase,41.0,0.0,0.0,5.0
b2292,b2292,yfbS,putative transporter YfbS,46.0,0.0,0.0,0.0
b2293,b2293,yfbT,hexitol phosphatase A,42.0,0.0,4.0,0.0
b2294,b2294,b2294,PF03887 family protein YfbU,46.0,0.0,0.0,0.0
b2295,b2295,yfbV,PF04217 family membrane protein YfbV,39.0,0.0,7.0,0.0
b2297,b2297,pta,phosphate acetyltransferase,2.0,22.0,22.0,0.0
b2298,b2298,yfcC,putative transporter YfcC,46.0,0.0,0.0,0.0
b2299,b2299,yfcD,putative Nudix hydrolase YfcD,40.0,0.0,6.0,0.0
b2300,b2300,yfcE,phosphodiesterase YfcE,42.0,0.0,1.0,3.0
b2301,b2301,yfcF,glutathione <i>S</i>-transferase YfcF,46.0,0.0,0.0,0.0
b2302,b2302,yfcG,disulfide bond oxidoreductase YfcG,46.0,0.0,0.0,0.0
b2303,b2303,folX,dihydroneopterin triphosphate 2'-epimerase,41.0,0.0,0.0,5.0
b2304,b2304,yfcH,epimerase family protein YfcH,46.0,0.0,0.0,0.0
b2305,b2305,yfcI,recombination-promoting nuclease RpnB,46.0,0.0,0.0,0.0
b2306,b2306,hisP,"lysine/arginine/ornithine ABC transporter / histidine ABC transporter, ATP binding subunit",45.0,0.0,1.0,0.0
b2307,b2307,hisM,"lysine/arginine/ornithine ABC transporter / histidine ABC transporter, membrane subunit HisM",45.0,0.0,1.0,0.0
b2308,b2308,hisQ,"lysine/arginine/ornithine ABC transporter / histidine ABC transporter, membrane subunit HisQ",45.0,0.0,1.0,0.0
b2309,b2309,hisJ,histidine ABC transporter periplasmic binding protein,46.0,0.0,0.0,0.0
b2310,b2310,argT,lysine/arginine/ornithine ABC transporter periplasmic binding protein,45.0,0.0,1.0,0.0
b2312,b2312,purF,amidophosphoribosyltransferase,4.0,41.0,1.0,0.0
b2313,b2313,cvpA,colicin V production protein,5.0,1.0,39.0,1.0
b2314,b2314,dedD,cell division protein DedD,16.0,0.0,0.0,30.0
b2317,b2317,dedA,DedA family protein DedA,19.0,0.0,0.0,27.0
b2318,b2318,truA,tRNA pseudouridine<sup>38-40</sup> synthase,1.0,18.0,27.0,0.0
b2319,b2319,usg,putative semialdehyde dehydrogenase Usg,41.0,0.0,3.0,2.0
b2320,b2320,pdxB,erythronate-4-phosphate dehydrogenase,1.0,44.0,1.0,0.0
b2321,b2321,flk,putative flagella assembly protein,46.0,0.0,0.0,0.0
b2322,b2322,yfcJ,putative transporter YfcJ,46.0,0.0,0.0,0.0
b2324,b2324,b2324,fused tRNA 5-aminomethyl-2-thiouridylate methyltransferase and tRNA 5-aminomethyl-2-thiouridylate synthase,46.0,0.0,0.0,0.0
b2325,b2325,yfcL,PF08891 family protein YfcL,46.0,0.0,0.0,0.0
b2326,b2326,yfcM,EF-P-Lys34 hydroxylase,45.0,0.0,1.0,0.0
b2327,b2327,yfcA,putative transporter YfcA,45.0,0.0,1.0,0.0
b2328,b2328,mepA,peptidoglycan DD-endopeptidase/peptidoglycan LD-endopeptidase,46.0,0.0,0.0,0.0
b2329,b2329,aroC,chorismate synthase,3.0,43.0,0.0,0.0
b2330,b2330,yfcB,ribosomal protein L3 <i>N</i><sup>5</sup>-glutamine methyltransferase,1.0,13.0,31.0,1.0
b2331,b2331,yfcN,ribosome rescue factor SmrB,45.0,0.0,0.0,1.0
b2332,b2332,b2332,DUF2544 domain-containing protein YfcO,46.0,0.0,0.0,0.0
b2333,b2333,yfcP,putative fimbrial protein YfcP,46.0,0.0,0.0,0.0
b2334,b2334,yfcQ,putative fimbrial protein YfcQ,46.0,0.0,0.0,0.0
b2335,b2335,yfcR,putative fimbrial protein YfcR,46.0,0.0,0.0,0.0
b2336,b2336,yfcS,putative fimbrial chaperone YfcS,43.0,0.0,3.0,0.0
b2339,b2339,yfcV,putative fimbrial protein YfcV,46.0,0.0,0.0,0.0
b2340,b2340,sixA,phosphohistidine phosphatase SixA,3.0,26.0,17.0,0.0
b2341,b2341,yfcX,multifunctional 3-hydroxyacyl-CoA dehydrogenase/3-hydroxyacyl-CoA epimerase/enoyl-CoA hydratase FadJ,45.0,0.0,0.0,1.0
b2342,b2342,yfcY,3-ketoacyl-CoA thiolase FadI,44.0,0.0,0.0,2.0
b2343,b2343,b2343,DUF406 domain-containing protein YfcZ,26.0,0.0,20.0,0.0
b2344,b2344,fadL,long-chain fatty acid outer membrane channel / bacteriophage T2 receptor,45.0,0.0,1.0,0.0
b2346,b2346,vacJ,intermembrane phospholipid transport system - outer membrane lipoprotein MlaA,45.0,0.0,0.0,1.0
b2347,b2347,yfdC,inner membrane protein YfdC,46.0,0.0,0.0,0.0
b2349,b2349,intS,CPS-53 (KpLE1) prophage; prophage CPS-53 integrase,46.0,0.0,0.0,0.0
b2350,b2350,yfdG,CPS-53 (KpLE1) prophage; putative bactoprenol-linked glucose translocase,43.0,0.0,3.0,0.0
b2351,b2351,yfdH,CPS-53 (KpLE1) prophage; bactoprenol glucosyl transferase,46.0,0.0,0.0,0.0
b2352,b2352,yfdI,CPS-53 (KpLE1) prophage; serotype-specific glucosyl transferase YfdI,33.0,0.0,13.0,0.0
b2353,b2353,tfaS,,46.0,0.0,0.0,0.0
b2354,b2354,yfdK,CPS-53 (KpLE1) prophage; putative tail fiber assembly protein YfdK,46.0,0.0,0.0,0.0
b2355,b2355,yfdL,CPS-53 (KpLE1) prophage; putative uncharacterized protein YfdL,46.0,0.0,0.0,0.0
b2356,b2356,yfdM,CPS-53 (KpLE1) prophage; putative methyltransferase YfdM,43.0,0.0,3.0,0.0
b2357,b2357,yfdN,CPS-53 (KpLE1) prophage; uncharacterized protein YfdN,46.0,0.0,0.0,0.0
b2358,b2358,oweS,CPS-53 (KpLE1) prophage; protein YdfO,45.0,0.0,1.0,0.0
b2359,b2359,yfdP,CPS-53 (KpLE1) prophage; uncharacterized protein YfdP,46.0,0.0,0.0,0.0
b2360,b2360,yfdQ,CPS-53 (KpLE1) prophage; DUF2303 domain-containing protein YfdQ,46.0,0.0,0.0,0.0
b2361,b2361,b2361,CPS-53 (KpLE1) prophage; 5'-deoxynucleotidase,46.0,0.0,0.0,0.0
b2362,b2362,yfdS,CPS-53 (KpLE1) prophage; protein YfdS,46.0,0.0,0.0,0.0
b2363,b2363,yfdT,CPS-53 (KpLE1) prophage; protein YfdT,44.0,0.0,1.0,1.0
b2364,b2364,dsdC,DNA-binding transcriptional dual regulator DsdC,44.0,2.0,0.0,0.0
b2365,b2365,dsdX,D-serine transporter,44.0,0.0,0.0,2.0
b2366,b2366,dsdA,D-serine ammonia-lyase,41.0,2.0,2.0,1.0
b2367,b2367,emrY,tripartite efflux pump membrane subunit EmrY,46.0,0.0,0.0,0.0
b2368,b2368,emrK,tripartite efflux pump membrane fusion protein EmrK,46.0,0.0,0.0,0.0
b2369,b2369,evgA,DNA-binding transcriptional activator EvgA-phosphorylated // DNA-binding transcriptional activator EvgA,46.0,0.0,0.0,0.0
b2370,b2370,evgS,EvgS-<i>N</i>-phospho-L-histidine-721 // EvgS-phospho-L-aspartate // EvgS-<i>N</i>-phospho-L-histidine-1137 // sensor histidine kinase EvgS,46.0,0.0,0.0,0.0
b2371,b2371,yfdE,acetyl-CoA:oxalate CoA-transferase,46.0,0.0,0.0,0.0
b2372,b2372,yfdV,putative transport protein YfdV,46.0,0.0,0.0,0.0
b2373,b2373,oxc,oxalyl-CoA decarboxylase,46.0,0.0,0.0,0.0
b2374,b2374,frc,formyl-CoA transferase,46.0,0.0,0.0,0.0
b2375,b2375,yfdX,protein YfdX,46.0,0.0,0.0,0.0
b2376,b2376,ypdI,colanic acid synthesis putative lipoprotein YpdI,46.0,0.0,0.0,0.0
b2377,b2377,yfdY,DUF2545 domain-containing protein YfdY,23.0,0.0,0.0,23.0
b2378,b2378,ddg,palmitoleoyl acyltransferase,46.0,0.0,0.0,0.0
b2379,b2379,yfdZ,glutamate&mdash;pyruvate aminotransferase AlaC,46.0,0.0,0.0,0.0
b2380,b2380,ypdA,PyrS-<i>N</i>-phospho-L-histidine // sensor histidine kinase PyrS,46.0,0.0,0.0,0.0
b2381,b2381,ypdB,DNA-binding transcriptional dual regulator PyrR-phosphorylated // DNA-binding transcriptional activator PyrR,46.0,0.0,0.0,0.0
b2382,b2382,ypdC,putative AraC-type DNA-binding transcriptional regulator YpdC,46.0,0.0,0.0,0.0
b2383,b2383,ypdD,putative PTS multiphosphoryl transfer protein FryA,46.0,0.0,0.0,0.0
b2384,b2384,ypdE,aminopeptidase YpdE,46.0,0.0,0.0,0.0
b2385,b2385,ypdF,aminopeptidase YpdF,46.0,0.0,0.0,0.0
b2386,b2386,ypdG,putative PTS enzyme IIC component FryC,46.0,0.0,0.0,0.0
b2387,b2387,ypdH,putative PTS enzyme IIB component FryB,46.0,0.0,0.0,0.0
b2388,b2388,glk,glucokinase,45.0,0.0,1.0,0.0
b2389,b2389,yfeO,putative transport protein YfeO,46.0,0.0,0.0,0.0
b2390,b2390,ypeC,DUF2502 domain-containing protein YpeC,45.0,0.0,0.0,1.0
b2392,b2392,mntH,Mn<sup>2+</sup>/Fe<sup>2+</sup>: H<sup>+</sup> symporter MntH,40.0,0.0,6.0,0.0
b2393,b2393,nupC,nucleoside:H<sup>+</sup> symporter NupC,35.0,0.0,2.0,9.0
b2395,b2395,yfeA,putative c-di-GMP phosphodiesterase PdeA,46.0,0.0,0.0,0.0
b2398,b2398,yfeC,DNA-binding transcriptional dual regulator YfeC,39.0,0.0,7.0,0.0
b2399,b2399,yfeD,putative DNA-binding transcriptional regulator YfeD,45.0,0.0,1.0,0.0
b2405,b2405,xapR,DNA-binding transcriptional activator XapR,46.0,0.0,0.0,0.0
b2406,b2406,xapB,xanthosine:H+ symporter XapB,46.0,0.0,0.0,0.0
b2407,b2407,xapA,xanthosine phosphorylase,46.0,0.0,0.0,0.0
b2408,b2408,yfeN,putative outer membrane porin YfeN,46.0,0.0,0.0,0.0
b2409,b2409,yfeR,putative DNA-binding transcriptional regulator YfeR,42.0,0.0,4.0,0.0
b2410,b2410,yfeH,putative solute:Na<sup>+</sup> symporter,44.0,0.0,2.0,0.0
b2413,b2413,cysZ,sulfate:H+ symporter,46.0,0.0,0.0,0.0
b2414,b2414,cysK,cysteine synthase A,5.0,40.0,1.0,0.0
b2418,b2418,pdxK,pyridoxine/pyridoxal/pyridoxamine kinase,46.0,0.0,0.0,0.0
b2419,b2419,yfeK,DUF5329 domain-containing protein YfeK,43.0,0.0,3.0,0.0
b2420,b2420,yfeS,PF05406 family protein YfeS,46.0,0.0,0.0,0.0
b2421,b2421,cysM,cysteine synthase B,39.0,0.0,6.0,1.0
b2422,b2422,cysA,sulfate/thiosulfate ABC transporter ATP binding subunit,7.0,21.0,18.0,0.0
b2424,b2424,cysU,sulfate/thiosulfate ABC transporter inner membrane subunit CysU,5.0,24.0,17.0,0.0
b2425,b2425,cysP,thiosulfate/sulfate ABC transporter periplasmic binding protein CysP,10.0,0.0,36.0,0.0
b2426,b2426,ucpA,oxidoreductase UcpA,43.0,0.0,3.0,0.0
b2427,b2427,yfeT,DNA-binding transcriptional dual regulator MurR,46.0,0.0,0.0,0.0
b2428,b2428,yfeU,<i>N</i>-acetylmuramic acid 6-phosphate etherase,46.0,0.0,0.0,0.0
b2429,b2429,murP,N-acetylmuramic acid-specific PTS enzyme IICB component / anhydro-N-acetylmuramic acid transporter,46.0,0.0,0.0,0.0
b2430,b2430,b2430,penicillin binding protein 4B,46.0,0.0,0.0,0.0
b2431,b2431,b2431,porphyrinogen peroxidase,46.0,0.0,0.0,0.0
b2432,b2432,yfeY,DUF1131 domain-containing lipoprotein YfeY,39.0,0.0,1.0,6.0
b2433,b2433,b2433,putative inner membrane protein,45.0,0.0,0.0,1.0
b2434,b2434,b2434,putative acetyltransferase YpeA,46.0,0.0,0.0,0.0
b2435,b2435,amiA,<i>N</i>-acetylmuramoyl-L-alanine amidase A,32.0,0.0,0.0,14.0
b2436,b2436,hemF,coproporphyrinogen III oxidase,46.0,0.0,0.0,0.0
b2437,b2437,yfeG,putative DNA-binding transcriptional regulator EutR,46.0,0.0,0.0,0.0
b2438,b2438,b2438,"putative structural protein, ethanolamine utilization microcompartment",46.0,0.0,0.0,0.0
b2439,b2439,eutL,"putative structural protein, ethanolamine utilization microcompartment",46.0,0.0,0.0,0.0
b2440,b2440,eutC,ethanolamine ammonia-lyase subunit &beta;,46.0,0.0,0.0,0.0
b2441,b2441,eutB,ethanolamine ammonia-lyase subunit &alpha;,46.0,0.0,0.0,0.0
b2442,b2442,intZ,CPZ-55 prophage; putative phage integrase IntZ,46.0,0.0,0.0,0.0
b2443,b2443,yffL,CPZ-55 prophage; uncharacterized protein YffL,46.0,0.0,0.0,0.0
b2444,b2444,yffM,CPZ-55 prophage; uncharacterized protein YffM,42.0,0.0,4.0,0.0
b2445,b2445,yffN,CPZ-55 prophage; uncharacterized protein YffN,46.0,0.0,0.0,0.0
b2446,b2446,yffO,CPZ-55 prophage; uncharacterized protein YffO,24.0,0.0,1.0,21.0
b2447,b2447,yffP,CPZ-55 prophage; uncharacterized protein YffP,43.0,0.0,0.0,3.0
b2448,b2448,yffQ,CPZ-55 prophage; uncharacterized protein YffQ,41.0,0.0,0.0,5.0
b2449,b2449,yffR,CPZ-55 prophage; uncharacterized protein YffR,46.0,0.0,0.0,0.0
b2450,b2450,yffS,CPZ-55 prophage; uncharacterized protein YffS,42.0,0.0,2.0,2.0
b2451,b2451,eutA,ethanolamine ammonia-lyase reactivase EutA,46.0,0.0,0.0,0.0
b2452,b2452,eutH,putative ethanolamine permease EutH,46.0,0.0,0.0,0.0
b2453,b2453,eutG,putative alcohol dehydrogenase EutG,46.0,0.0,0.0,0.0
b2454,b2454,eutJ,putative ethanolamine utilization chaperonin EutJ,46.0,0.0,0.0,0.0
b2455,b2455,eutE,acetaldehyde dehydrogenase (acetylating) EutE,45.0,0.0,1.0,0.0
b2456,b2456,cchB,putative ethanolamine catabolic microcompartment shell protein EutN,25.0,0.0,21.0,0.0
b2457,b2457,cchA,putative ethanolamine catabolic microcompartment shell protein EutM,46.0,0.0,0.0,0.0
b2458,b2458,eutI,phosphate acetyltransferase EutD,46.0,0.0,0.0,0.0
b2459,b2459,eutT,putative ethanolamine utilization cobalamin adenosyltransferase,45.0,0.0,1.0,0.0
b2460,b2460,eutQ,putative ethanolamine utilization acetate kinase EutQ,46.0,0.0,0.0,0.0
b2461,b2461,eutP,putative ethanolamine utilization acetate kinase EutP,46.0,0.0,0.0,0.0
b2462,b2462,b2462,putative ethanolamine catabolic microcompartment shell protein EutS,46.0,0.0,0.0,0.0
b2463,b2463,maeB,malate dehydrogenase (oxaloacetate-decarboxylating) (NADP<sup>+</sup>),40.0,2.0,4.0,0.0
b2464,b2464,talA,transaldolase A,41.0,0.0,0.0,5.0
b2465,b2465,tktB,transketolase 2,46.0,0.0,0.0,0.0
b2466,b2466,ypfG,DUF1176 domain-containing protein YpfG,46.0,0.0,0.0,0.0
b2467,b2467,yffH,GDP-mannose hydrolase,46.0,0.0,0.0,0.0
b2468,b2468,aegA,putative oxidoreductase AegA,46.0,0.0,0.0,0.0
b2469,b2469,narQ,sensor histidine kinase NarQ,46.0,0.0,0.0,0.0
b2470,b2470,acrD,multidrug efflux pump RND permease AcrD,46.0,0.0,0.0,0.0
b2471,b2471,yffB,putative reductase YffB,46.0,0.0,0.0,0.0
b2473,b2473,ypfH,esterase YpfH,46.0,0.0,0.0,0.0
b2474,b2474,ypfI,tRNA<sup>Met</sup> cytidine acetyltransferase,40.0,0.0,0.0,6.0
b2475,b2475,ypfJ,uncharacterized protein YpfJ,46.0,0.0,0.0,0.0
b2476,b2476,purC,phosphoribosylaminoimidazole-succinocarboxamide synthase,4.0,41.0,1.0,0.0
b2477,b2477,nlpB,outer membrane protein assembly factor BamC,45.0,0.0,1.0,0.0
b2479,b2479,gcvR,putative transcriptional regulator GcvR,4.0,36.0,6.0,0.0
b2480,b2480,bcp,thiol peroxidase,40.0,0.0,1.0,5.0
b2481,b2481,hyfA,hydrogenase 4 component A,42.0,0.0,4.0,0.0
b2482,b2482,hyfB,hydrogenase 4 component B,46.0,0.0,0.0,0.0
b2483,b2483,hyfC,hydrogenase 4 component C,46.0,0.0,0.0,0.0
b2484,b2484,hyfD,hydrogenase 4 component D,46.0,0.0,0.0,0.0
b2485,b2485,hyfE,hydrogenase 4 component E,46.0,0.0,0.0,0.0
b2486,b2486,hyfF,hydrogenase 4 component F,46.0,0.0,0.0,0.0
b2487,b2487,hyfG,hydrogenase 4 catalytic subunit HyfG,46.0,0.0,0.0,0.0
b2488,b2488,hyfH,hydrogenase 4 component H,46.0,0.0,0.0,0.0
b2489,b2489,hyfI,hydrogenase 4 catalytic subunit HyfI,46.0,0.0,0.0,0.0
b2490,b2490,b2490,putative hydrogenase 4 assembly protein,46.0,0.0,0.0,0.0
b2491,b2491,hyfR,DNA-binding transcriptional activator HyfR,46.0,0.0,0.0,0.0
b2492,b2492,focB,formate channel FocB,46.0,0.0,0.0,0.0
b2493,b2493,yfgO,putative transporter YfgO,46.0,0.0,0.0,0.0
b2494,b2494,yfgC,&beta;-barrel assembly-enhancing protease,46.0,0.0,0.0,0.0
b2495,b2495,yfgD,putative oxidoreductase YfgD,46.0,0.0,0.0,0.0
b2497,b2497,uraA,uracil:H<sup>+</sup> symporter UraA,45.0,0.0,1.0,0.0
b2498,b2498,upp,uracil phosphoribosyltransferase,30.0,1.0,4.0,11.0
b2499,b2499,purM,phosphoribosylformylglycinamide cyclo-ligase,4.0,41.0,1.0,0.0
b2500,b2500,purN,phosphoribosylglycinamide formyltransferase 1,6.0,26.0,14.0,0.0
b2501,b2501,ppk,polyphosphate kinase,3.0,36.0,7.0,0.0
b2502,b2502,ppx,exopolyphosphatase,42.0,0.0,4.0,0.0
b2503,b2503,yfgF,cyclic di-GMP phosphodiesterase PdeF,46.0,0.0,0.0,0.0
b2504,b2504,yfgG,nickel/cobalt stress response protein YfgG,46.0,0.0,0.0,0.0
b2505,b2505,yfgH,lipoprotein YfgH,46.0,0.0,0.0,0.0
b2506,b2506,yfgI,nalidixic acid resistance protein YfgI,44.0,0.0,2.0,0.0
b2509,b2509,xseA,exodeoxyribonuclease VII subunit XseA,46.0,0.0,0.0,0.0
b2510,b2510,b2510,zinc ribbon domain-containing protein YfgJ,43.0,0.0,0.0,3.0
b2512,b2512,yfgL,outer membrane protein assembly factor BamB,41.0,0.0,3.0,2.0
b2513,b2513,yfgM,ancillary SecYEG translocon subunit,43.0,0.0,3.0,0.0
b2516,b2516,yfgA,cytoskeleton protein RodZ,40.0,0.0,2.0,4.0
b2517,b2517,yfgB,23S rRNA m<sup>2</sup>A2503 methyltransferase/tRNA m<sup>2</sup>A37 methyltransferase,38.0,1.0,7.0,0.0
b2518,b2518,ndk,nucleoside diphosphate kinase,2.0,7.0,37.0,0.0
b2519,b2519,pbpC,peptidoglycan glycosyltransferase PbpC,46.0,0.0,0.0,0.0
b2520,b2520,yfhM,&alpha;<sub>2</sub>-macroglobulin,46.0,0.0,0.0,0.0
b2521,b2521,sseA,3-mercaptopyruvate sulfurtransferase,43.0,0.0,0.0,3.0
b2522,b2522,sseB,protein SseB,46.0,0.0,0.0,0.0
b2523,b2523,pepB,aminopeptidase B,46.0,0.0,0.0,0.0
b2528,b2528,iscA,iron-sulfur cluster insertion protein IscA,22.0,4.0,20.0,0.0
b2531,b2531,iscR,DNA-binding transcriptional dual regulator IscR,31.0,0.0,6.0,9.0
b2532,b2532,yfhQ,tRNA Cm32/Um32 methyltransferase,41.0,0.0,5.0,0.0
b2534,b2534,yfhR,putative peptidase,46.0,0.0,0.0,0.0
b2535,b2535,csiE,stationary phase-inducible protein CsiE,41.0,0.0,1.0,4.0
b2536,b2536,hcaT,putative 3-phenylpropionate transporter,46.0,0.0,0.0,0.0
b2537,b2537,hcaR,DNA-binding transcriptional dual regulator HcaR,46.0,0.0,0.0,0.0
b2538,b2538,hcaE,putative 3-phenylpropionate/cinnamate dioxygenase subunit &alpha;,46.0,0.0,0.0,0.0
b2539,b2539,hcaF,putative 3-phenylpropionate/cinnamate dioxygenase subunit &beta;,46.0,0.0,0.0,0.0
b2540,b2540,hcaC,putative 3-phenylpropionate/cinnamate dioxygenase ferredoxin subunit,38.0,0.0,7.0,1.0
b2541,b2541,hcaB,"2,3-dihydroxy-2,3-dihydrophenylpropionate dehydrogenase",46.0,0.0,0.0,0.0
b2542,b2542,hcaD,putative 3-phenylpropionate/cinnamate dioxygenase ferredoxin reductase subunit,46.0,0.0,0.0,0.0
b2543,b2543,yphA,putative inner membrane protein,46.0,0.0,0.0,0.0
b2544,b2544,yphB,putative aldose 1-epimerase YphB,46.0,0.0,0.0,0.0
b2545,b2545,yphC,putative zinc-binding dehydrogenase YphC,46.0,0.0,0.0,0.0
b2546,b2546,yphD,putative ABC transporter membrane subunit YphD,46.0,0.0,0.0,0.0
b2547,b2547,yphE,putative ABC transporter ATP-binding protein YphE,46.0,0.0,0.0,0.0
b2548,b2548,yphF,putative ABC transporter periplasmic binding protein YphF,46.0,0.0,0.0,0.0
b2549,b2549,yphG,DUF5107 domain-containing protein YphG,46.0,0.0,0.0,0.0
b2550,b2550,yphH,"putative DNA-binding transcriptional regulator, NAGC-like",46.0,0.0,0.0,0.0
b2552,b2552,hmp,nitric oxide dioxygenase,46.0,0.0,0.0,0.0
b2553,b2553,glnB,uridylyl-[protein PII-1] // nitrogen regulatory protein PII-1,34.0,0.0,2.0,10.0
b2554,b2554,yfhA,DNA-binding transcriptional activator GlrR-phosphorylated // DNA-binding transcriptional activator GlrR,44.0,0.0,2.0,0.0
b2555,b2555,yfhG,outer membrane lipoprotein QseG,46.0,0.0,0.0,0.0
b2556,b2556,yfhK,GlrK-<i>N</i>-phospho-L-histidine // histidine kinase GlrK,46.0,0.0,0.0,0.0
b2558,b2558,mltF,membrane-bound lytic murein transglycosylase F,46.0,0.0,0.0,0.0
b2560,b2560,yfhB,phosphatidylglycerophosphatase C,46.0,0.0,0.0,0.0
b2561,b2561,yfhH,putative DNA-binding transcriptional regulator YfhH,46.0,0.0,0.0,0.0
b2562,b2562,yfhL,putative 4Fe-4S cluster-containing protein YfhL,41.0,0.0,5.0,0.0
b2564,b2564,pdxJ,pyridoxine 5'-phosphate synthase,1.0,42.0,3.0,0.0
b2565,b2565,recO,recombination mediator protein RecO,46.0,0.0,0.0,0.0
b2567,b2567,rnc,RNase III,3.0,27.0,16.0,0.0
b2569,b2569,lepA,30S ribosomal subunit biogenesis factor LepA,24.0,0.0,21.0,1.0
b2570,b2570,rseC,protein RseC,44.0,0.0,1.0,1.0
b2571,b2571,rseB,anti-sigma factor stabilizing protein RseB,39.0,0.0,0.0,7.0
b2572,b2572,rseA,anti-sigma-E factor RseA,41.0,0.0,0.0,5.0
b2574,b2574,nadB,L-aspartate oxidase,12.0,4.0,30.0,0.0
b2575,b2575,yfiC,tRNA m<sup>6</sup>A37 methyltransferase,46.0,0.0,0.0,0.0
b2576,b2576,srmB,ATP-dependent RNA helicase SrmB,30.0,0.0,5.0,11.0
b2577,b2577,yfiE,putative LysR-type DNA-binding transcriptional regulator YfiE,43.0,0.0,3.0,0.0
b2578,b2578,yfiK,cysteine/<i>O</i>-acetylserine exporter EamB,46.0,0.0,0.0,0.0
b2579,b2579,yfiD,stress-induced alternate pyruvate formate-lyase subunit,38.0,0.0,8.0,0.0
b2580,b2580,ung,uracil-DNA glycosylase,46.0,0.0,0.0,0.0
b2581,b2581,yfiF,putative methyltransferase YfiF,46.0,0.0,0.0,0.0
b2582,b2582,trxC,oxidized thioredoxin 2 // reduced thioredoxin 2,44.0,0.0,0.0,2.0
b2583,b2583,yfiP,tRNA 3-amino-3-carboxypropyltransferase,45.0,0.0,1.0,0.0
b2584,b2584,yfiQ,peptidyl-lysine <i>N</i>-acetyltransferase,45.0,0.0,1.0,0.0
b2586,b2586,yfiM,DUF2279 domain-containing protein YfiM,44.0,0.0,2.0,0.0
b2587,b2587,kgtP,&alpha;-ketoglutarate:H<sup>+</sup> symporter,36.0,4.0,2.0,4.0
b2592,b2592,clpB,ClpB80 // protein disaggregase ClpB,46.0,0.0,0.0,0.0
b2593,b2593,yfiH,purine nucleoside phosphorylase YfiH,45.0,0.0,0.0,1.0
b2597,b2597,yfiA,ribosome-associated inhibitor A,41.0,0.0,3.0,2.0
b2599,b2599,pheA,fused chorismate mutase/prephenate dehydratase,5.0,33.0,8.0,0.0
b2600,b2600,tyrA,fused chorismate mutase/prephenate dehydrogenase,5.0,39.0,2.0,0.0
b2601,b2601,aroF,"3-deoxy-7-phosphoheptulonate synthase, Tyr-sensitive",10.0,2.0,34.0,0.0
b2602,b2602,yfiL,DUF2799 domain-containing lipoprotein YfiL,42.0,0.0,0.0,4.0
b2603,b2603,yfiR,DUF4154 domain-containing protein YfiR,46.0,0.0,0.0,0.0
b2604,b2604,yfiN,diguanylate cyclase DgcN,46.0,0.0,0.0,0.0
b2605,b2605,yfiB,lipoprotein YfiB,46.0,0.0,0.0,0.0
b2611,b2611,ypjD,cytochrome <i>c</i> assembly family protein,16.0,0.0,30.0,0.0
b2614,b2614,grpE,nucleotide exchange factor GrpE,37.0,0.0,2.0,7.0
b2617,b2617,smpA,outer membrane protein assembly factor BamE,40.0,0.0,0.0,6.0
b2618,b2618,b2618,putative component of the Rsx system,27.0,0.0,18.0,1.0
b2620,b2620,smpB,SsrA-binding protein,13.0,3.0,24.0,6.0
b2622,b2622,intA,CP4-57 prophage; integrase IntA,46.0,0.0,0.0,0.0
b2623,b2623,yfjH,CP4-57 prophage; uncharacterized protein YfjH,46.0,0.0,0.0,0.0
b2624,b2624,alpA,CP4-57 prophage; DNA-binding transcriptional activator AlpA,46.0,0.0,0.0,0.0
b2625,b2625,yfjI,CP4-57 prophage; DUF3987 domain-containing protein YfjI,15.0,0.0,31.0,0.0
b2626,b2626,yfjJ,CP4-57 prophage; protein YfjJ,46.0,0.0,0.0,0.0
b2627,b2627,yfjK,CP4-57 prophage; putative helicase YfjK,46.0,0.0,0.0,0.0
b2628,b2628,yfjL,CP4-57 prophage; anti-bacteriophage protein,46.0,0.0,0.0,0.0
b2629,b2629,yfjM,CP4-57 prophage; protein YfjM,46.0,0.0,0.0,0.0
b2630,b2630,yfjN,"CP4-57 prophage; RNase LS, toxin of the RnlAB toxin-antitoxin system",46.0,0.0,0.0,0.0
b2633,b2633,yfjQ,CP4-57 prophage; DUF932 domain-containing protein YfjQ,46.0,0.0,0.0,0.0
b2634,b2634,yfjR,CP4-57 prophage; putative DNA-binding transcriptional regulator YfjR,46.0,0.0,0.0,0.0
b2636,b2636,b2636,CP4-57 prophage; inner membrane lipoprotein YfjS,46.0,0.0,0.0,0.0
b2637,b2637,yfjT,CP4-57 prophage; uncharacterized protein YfjT,46.0,0.0,0.0,0.0
b2638,b2638,yfjU,CP4-57 prophage; putative arsenate reductase-like protein YfjU,45.0,0.0,1.0,0.0
b2641,b2641,yfjV,CP4-57 prophage; putative arsenite transporter,46.0,0.0,0.0,0.0
b2642,b2642,yfjW,CP4-57 prophage; uncharacterized protein YfjW,40.0,0.0,6.0,0.0
b2643,b2643,yfjX,CP4-57 prophage; putative antirestriction protein YfjX,39.0,0.0,1.0,6.0
b2644,b2644,yfjY,CP4-57 prophage; RadC-like JAB domain-containing protein YfjY,42.0,0.0,0.0,4.0
b2645,b2645,yfjZ,CP4-57 prophage; putative antitoxin of the YpjF-YfjZ toxin-antitoxin system,46.0,0.0,0.0,0.0
b2646,b2646,ypjF,CP4-57 prophage; toxin of the YpjF-YfjZ toxin-antitoxin system,45.0,0.0,1.0,0.0
b2647,b2647,ypjA,adhesin-like autotransporter YpjA,46.0,0.0,0.0,0.0
b2648,b2648,pinH,putative invertase fragment,46.0,0.0,0.0,0.0
b2650,b2650,ypjC,DUF5507 domain-containing protein YpjC,30.0,0.0,16.0,0.0
b2659,b2659,b2659,glutarate dioxygenase GlaH,39.0,0.0,1.0,6.0
b2660,b2660,ygaF,L-2-hydroxyglutarate dehydrogenase,46.0,0.0,0.0,0.0
b2661,b2661,gabD,succinate-semialdehyde dehydrogenase (NADP<sup>+</sup>) GabD,46.0,0.0,0.0,0.0
b2662,b2662,gabT,4-aminobutyrate aminotransferase GabT,45.0,0.0,1.0,0.0
b2663,b2663,gabP,4-aminobutanoate:H<sup>+</sup> symporter,46.0,0.0,0.0,0.0
b2664,b2664,ygaE,DNA-binding transcriptional repressor GlaR,43.0,0.0,0.0,3.0
b2665,b2665,ygaU,K<sup>+</sup> binding protein,39.0,0.0,0.0,7.0
b2666,b2666,yqaE,Pmp3 family protein YqaE,35.0,0.0,4.0,7.0
b2667,b2667,ygaV,putative DNA-binding transcriptional regulator YgaV,46.0,0.0,0.0,0.0
b2668,b2668,ygaP,thiosulfate sulfurtransferase YgaP,46.0,0.0,0.0,0.0
b2669,b2669,stpA,DNA-binding transcriptional repressor StpA with RNA chaperone activity,42.0,0.0,4.0,0.0
b2670,b2670,ygaW,AlaE,45.0,0.0,1.0,0.0
b2671,b2671,ygaC,DUF2002 domain-containing protein YgaC,46.0,0.0,0.0,0.0
b2672,b2672,ygaM,DUF883 domain-containing protein YgaM,44.0,0.0,2.0,0.0
b2673,b2673,nrdH,glutaredoxin-like protein NrdH,39.0,0.0,1.0,6.0
b2674,b2674,nrdI,dimanganese-tyrosyl radical cofactor maintenance flavodoxin NrdI,45.0,0.0,0.0,1.0
b2675,b2675,nrdE,ribonucleoside-diphosphate reductase 2 subunit &alpha;,46.0,0.0,0.0,0.0
b2676,b2676,nrdF,ribonucleoside-diphosphate reductase 2 subunit &beta;,46.0,0.0,0.0,0.0
b2677,b2677,proV,glycine betaine ABC transporter ATP binding subunit ProV,46.0,0.0,0.0,0.0
b2678,b2678,proW,glycine betaine ABC transporter membrane subunit ProW,46.0,0.0,0.0,0.0
b2679,b2679,proX,glycine betaine ABC transporter periplasmic binding protein ProX,46.0,0.0,0.0,0.0
b2682,b2682,ygaZ,"L-valine exporter, YgaZ component",41.0,0.0,5.0,0.0
b2683,b2683,ygaH,"L-valine exporter, YgaH component",19.0,0.0,26.0,1.0
b2684,b2684,mprA,DNA-binding transcriptional regulator MprA,36.0,1.0,8.0,1.0
b2685,b2685,emrA,multidrug efflux pump membrane fusion protein EmrA,45.0,0.0,0.0,1.0
b2686,b2686,emrB,multidrug efflux pump membrane subunit EmrB,45.0,0.0,0.0,1.0
b2687,b2687,luxS,<i>S</i>-ribosylhomocysteine lyase,43.0,0.0,3.0,0.0
b2688,b2688,gshA,glutamate&mdash;cysteine ligase,28.0,1.0,7.0,10.0
b2689,b2689,yqaA,DedA family protein YqaA,15.0,0.0,31.0,0.0
b2690,b2690,yqaB,fructose-1-phosphate phosphatase YqaB,46.0,0.0,0.0,0.0
b2698,b2698,recX,RecA inhibitor RecX,42.0,0.0,4.0,0.0
b2699,b2699,recA,DNA recombination/repair protein RecA,10.0,0.0,36.0,0.0
b2700,b2700,ygaD,NMN aminohydrolase,40.0,0.0,6.0,0.0
b2701,b2701,mltB,membrane-bound lytic murein transglycosylase B,46.0,0.0,0.0,0.0
b2704,b2704,srlB,sorbitol-specific PTS enzyme IIA component,44.0,0.0,1.0,1.0
b2705,b2705,srlD,sorbitol-6-phosphate 2-dehydrogenase,45.0,1.0,0.0,0.0
b2706,b2706,gutM,DNA-binding transcriptional activator GutM,46.0,0.0,0.0,0.0
b2707,b2707,srlR,DNA-binding transcriptional repressor SrlR,36.0,0.0,9.0,1.0
b2708,b2708,gutQ,D-arabinose 5-phosphate isomerase GutQ,46.0,0.0,0.0,0.0
b2709,b2709,ygaA,DNA-binding transcriptional dual regulator NorR,46.0,0.0,0.0,0.0
b2710,b2710,norV,anaerobic nitric oxide reductase flavorubredoxin,46.0,0.0,0.0,0.0
b2711,b2711,norW,NADH:flavorubredoxin reductase,46.0,0.0,0.0,0.0
b2712,b2712,hypF,carbamoyl--[HypE] ligase,46.0,0.0,0.0,0.0
b2713,b2713,hydN,putative electron transport protein HydN,46.0,0.0,0.0,0.0
b2714,b2714,ascG,DNA-binding transcriptional repressor AscG,46.0,0.0,0.0,0.0
b2716,b2716,ascB,6-phospho-&beta;-glucosidase AscB,46.0,0.0,0.0,0.0
b2717,b2717,hycI,hydrogenase 3 maturation protease,46.0,0.0,0.0,0.0
b2718,b2718,hycH,formate hydrogenlyase assembly protein,46.0,0.0,0.0,0.0
b2719,b2719,hycG,hydrogenase 3 iron-sulfur protein HycG,46.0,0.0,0.0,0.0
b2720,b2720,hycF,hydrogenase 3 iron-sulfur protein HycF,46.0,0.0,0.0,0.0
b2721,b2721,hycE,hydrogenase 3 large subunit,46.0,0.0,0.0,0.0
b2722,b2722,hycD,hydrogenase 3 membrane subunit HycD,46.0,0.0,0.0,0.0
b2723,b2723,hycC,hydrogenase 3 membrane subunit HycC,46.0,0.0,0.0,0.0
b2724,b2724,hycB,hydrogenase 3 iron-sulfur protein HycB,46.0,0.0,0.0,0.0
b2725,b2725,hycA,regulator of the transcriptional regulator FhlA,46.0,0.0,0.0,0.0
b2726,b2726,hypA,hydrogenase 3 nickel incorporation protein HypA,43.0,0.0,1.0,2.0
b2727,b2727,hypB,hydrogenase isoenzymes nickel incorporation protein HypB,46.0,0.0,0.0,0.0
b2728,b2728,hypC,hydrogenase maturation factor HypC,45.0,0.0,1.0,0.0
b2729,b2729,hypD,Fe-(CN)<sub>2</sub>CO cofactor assembly scaffold protein HypD,46.0,0.0,0.0,0.0
b2730,b2730,hypE,HypE-S-carboxamide // carbamoyl dehydratase HypE,46.0,0.0,0.0,0.0
b2731,b2731,fhlA,DNA-binding transcriptional activator FhlA,46.0,0.0,0.0,0.0
b2732,b2732,ygbA,protein YgbA,46.0,0.0,0.0,0.0
b2733,b2733,mutS,DNA mismatch repair protein MutS,46.0,0.0,0.0,0.0
b2734,b2734,pphB,phosphoprotein phosphatase 2,46.0,0.0,0.0,0.0
b2735,b2735,ygbI,DNA-binding transcriptional repressor YgbI,42.0,2.0,1.0,1.0
b2736,b2736,ygbJ,putative L-threonate dehydrogenase,45.0,0.0,0.0,1.0
b2737,b2737,ygbK,putative 3-oxo-tetronate kinase YgbK,44.0,0.0,1.0,1.0
b2738,b2738,ygbL,putative 3-oxo-tetronate 4-phosphate decarboxylase YgbL,43.0,0.0,2.0,1.0
b2739,b2739,ygbM,putative 2-oxo-tetronate isomerase YgbM,45.0,0.0,0.0,1.0
b2740,b2740,ygbN,putative transporter YgbN,46.0,0.0,0.0,0.0
b2741,b2741,rpoS,RNA polymerase sigma factor RpoS,8.0,0.0,3.0,35.0
b2742,b2742,nlpD,murein hydrolase activator NlpD,37.0,0.0,0.0,9.0
b2743,b2743,pcm,protein-L-isoaspartate <i>O</i>-methyltransferase,45.0,0.0,0.0,1.0
b2744,b2744,surE,broad specificity 5'(3')-nucleotidase and polyphosphatase,43.0,0.0,3.0,0.0
b2745,b2745,truD,tRNA pseudouridine<sup>13</sup> synthase,46.0,0.0,0.0,0.0
b2749,b2749,ygbE,DUF3561 domain-containing inner membrane protein YgbE,45.0,0.0,1.0,0.0
b2750,b2750,cysC,adenylyl-sulfate kinase,4.0,40.0,2.0,0.0
b2751,b2751,cysN,sulfate adenylyltransferase subunit 1,7.0,32.0,7.0,0.0
b2752,b2752,cysD,sulfate adenylyltransferase subunit 2,7.0,33.0,6.0,0.0
b2753,b2753,iap,alkaline phosphatase isozyme conversion protein,46.0,0.0,0.0,0.0
b2754,b2754,ygbF,CRISPR-associated endoribonuclease Cas2,45.0,0.0,1.0,0.0
b2755,b2755,ygbT,multifunctional nuclease Cas1,46.0,0.0,0.0,0.0
b2756,b2756,ygcH,pre-CRISPR RNA endonuclease,46.0,0.0,0.0,0.0
b2757,b2757,b2757,type I-E CRISPR system Cascade subunit CasD,46.0,0.0,0.0,0.0
b2758,b2758,ygcJ,type I-E CRISPR system Cascade subunit CasC,46.0,0.0,0.0,0.0
b2759,b2759,ygcK,type I-E CRISPR system Cascade subunit CasB,46.0,0.0,0.0,0.0
b2760,b2760,ygcL,type I-E CRISPR system Cascade subunit CasA,46.0,0.0,0.0,0.0
b2761,b2761,ygcB,CRISPR-associated endonuclease/helicase Cas3,46.0,0.0,0.0,0.0
b2762,b2762,cysH,phosphoadenosine phosphosulfate reductase,4.0,41.0,1.0,0.0
b2763,b2763,cysI,"sulfite reductase, hemoprotein subunit",4.0,36.0,6.0,0.0
b2764,b2764,cysJ,"sulfite reductase, flavoprotein subunit",6.0,36.0,4.0,0.0
b2765,b2765,ygcM,"6-carboxy-5,6,7,8-tetrahydropterin synthase",46.0,0.0,0.0,0.0
b2766,b2766,ygcN,putative oxidoreductase with FAD/NAD(P)-binding domain,46.0,0.0,0.0,0.0
b2767,b2767,ygcO,putative 4Fe-4S cluster-containing protein,46.0,0.0,0.0,0.0
b2768,b2768,ygcP,putative anti-terminator regulatory protein,46.0,0.0,0.0,0.0
b2769,b2769,ygcQ,putative flavoprotein,46.0,0.0,0.0,0.0
b2770,b2770,ygcR,putative flavoprotein,46.0,0.0,0.0,0.0
b2771,b2771,ygcS,putative transporter YgcS,46.0,0.0,0.0,0.0
b2774,b2774,ygcW,putative deoxygluconate dehydrogenase,46.0,0.0,0.0,0.0
b2775,b2775,yqcE,putative transport protein YqcE,46.0,0.0,0.0,0.0
b2776,b2776,ygcE,putative sugar kinase YgcE,46.0,0.0,0.0,0.0
b2777,b2777,ygcF,putative 7-carboxy-7-deazaguanine synthase QueE,46.0,0.0,0.0,0.0
b2778,b2778,ygcG,TPM domain-containing protein YgcG,45.0,0.0,1.0,0.0
b2781,b2781,mazG,nucleoside triphosphate pyrophosphohydrolase,46.0,0.0,0.0,0.0
b2782,b2782,chpA,endoribonuclease toxin MazF,46.0,0.0,0.0,0.0
b2783,b2783,chpR,antitoxin of the MazF-MazE toxin-antitoxin system MazE,46.0,0.0,0.0,0.0
b2784,b2784,relA,GDP/GTP pyrophosphokinase,5.0,22.0,12.0,7.0
b2785,b2785,rumA,23S rRNA m<sup>5</sup>U1939 methyltransferase,46.0,0.0,0.0,0.0
b2786,b2786,barA,BarA-<i>N</i>-phospho-L-histidine-861 // BarA-<i>N</i>-phospho-L-histidine-302 // BarA-phospho-L-aspartate-718 // sensor histidine kinase BarA,42.0,0.0,0.0,4.0
b2787,b2787,gudD,<i>D</i>-glucarate dehydratase,45.0,0.0,0.0,1.0
b2788,b2788,gudX,glucarate dehydratase-related protein,46.0,0.0,0.0,0.0
b2789,b2789,gudP,galactarate/D-glucarate transporter GudP,46.0,0.0,0.0,0.0
b2790,b2790,yqcA,putative flavodoxin YqcA,40.0,1.0,5.0,0.0
b2791,b2791,yqcB,tRNA pseudouridine<sup>65</sup> synthase,46.0,0.0,0.0,0.0
b2792,b2792,yqcC,DUF446 domain-containing protein YqcC,46.0,0.0,0.0,0.0
b2793,b2793,syd,SecY-interacting protein,46.0,0.0,0.0,0.0
b2794,b2794,yqcD,7-cyano-7-deazaguanine reductase,46.0,0.0,0.0,0.0
b2795,b2795,ygdH,nucleotide 5'-monophosphate nucleosidase,46.0,0.0,0.0,0.0
b2796,b2796,sdaC,L-serine:H+ symporter SdaC,45.0,0.0,0.0,1.0
b2797,b2797,sdaB,L-serine deaminase II,44.0,0.0,2.0,0.0
b2798,b2798,ygdG,flap endonuclease,46.0,0.0,0.0,0.0
b2799,b2799,fucO,"L-1,2-propanediol oxidoreductase",45.0,0.0,1.0,0.0
b2800,b2800,fucA,L-fuculose-phosphate aldolase,45.0,1.0,0.0,0.0
b2801,b2801,fucP,L-fucose:H+ symporter,45.0,0.0,1.0,0.0
b2802,b2802,fucI,L-fucose isomerase,45.0,0.0,1.0,0.0
b2803,b2803,fucK,L-fuculokinase,45.0,1.0,0.0,0.0
b2804,b2804,fucU,L-fucose mutarotase,44.0,0.0,1.0,1.0
b2805,b2805,fucR,DNA-binding transcriptional activator FucR,45.0,0.0,1.0,0.0
b2806,b2806,ygdE,23S rRNA 2'-<i>O</i>-ribose C2498 methyltransferase,46.0,0.0,0.0,0.0
b2807,b2807,ygdD,DUF423 domain-containing inner membrane protein YgdD,43.0,0.0,3.0,0.0
b2808,b2808,gcvA,DNA-binding transcriptional dual regulator GcvA,14.0,1.0,3.0,28.0
b2809,b2809,b2809,DUF903 domain-containing lipoprotein YgdI,39.0,0.0,0.0,7.0
b2810,b2810,csdA,cysteine sulfinate desulfinase,42.0,0.0,1.0,3.0
b2811,b2811,ygdK,sulfur acceptor protein CsdE,40.0,0.0,1.0,5.0
b2812,b2812,ygdL,tRNA threonylcarbamoyladenosine dehydratase,41.0,0.0,1.0,4.0
b2813,b2813,mltA,membrane-bound lytic murein transglycosylase A,46.0,0.0,0.0,0.0
b2817,b2817,b2817,<i>N</i>-acetylmuramoyl-L-alanine amidase C,44.0,0.0,2.0,0.0
b2818,b2818,argA,N-acetylglutamate synthase,6.0,35.0,5.0,0.0
b2819,b2819,recD,exodeoxyribonuclease V subunit RecD,46.0,0.0,0.0,0.0
b2820,b2820,recB,exodeoxyribonuclease V subunit RecB,1.0,3.0,42.0,0.0
b2821,b2821,ptr,protease 3,46.0,0.0,0.0,0.0
b2822,b2822,recC,exodeoxyribonuclease V subunit RecC,3.0,0.0,43.0,0.0
b2823,b2823,ppdC,prepilin-type N-terminal cleavage/methylation domain-containing protein PpdC,42.0,0.0,1.0,3.0
b2824,b2824,ygdB,DUF2509 domain-containing protein YgdB,35.0,0.0,11.0,0.0
b2825,b2825,ppdB,prepilin-type N-terminal cleavage/methylation domain-containing protein PpdB,46.0,0.0,0.0,0.0
b2826,b2826,ppdA,prepilin-type N-terminal cleavage/methylation domain-containing protein PpdA,46.0,0.0,0.0,0.0
b2829,b2829,ptsP,PtsP-<i>N</i>-phospho-L-histidine // phosphoenolpyruvate-protein phosphotransferase PtsP,23.0,0.0,1.0,22.0
b2830,b2830,nudH,RNA pyrophosphohydrolase,0.0,39.0,7.0,0.0
b2831,b2831,mutH,DNA mismatch repair protein MutH,38.0,0.0,8.0,0.0
b2832,b2832,ygdQ,PF03741 family inner membrane protein YgdQ,45.0,0.0,0.0,1.0
b2833,b2833,ygdR,DUF903 domain-containing lipoprotein YgdR,46.0,0.0,0.0,0.0
b2834,b2834,tas,putative NADP(H)-dependent aldo-keto reductase Tas,46.0,0.0,0.0,0.0
b2835,b2835,ygeD,lysophospholipid transporter,46.0,0.0,0.0,0.0
b2836,b2836,aas,fused 2-acylglycerophospho-ethanolamine acyltransferase/acyl-acyl carrier protein synthetase,46.0,0.0,0.0,0.0
b2837,b2837,galR,DNA-binding transcriptional dual regulator GalR,42.0,0.0,0.0,4.0
b2838,b2838,lysA,diaminopimelate decarboxylase,5.0,41.0,0.0,0.0
b2839,b2839,lysR,DNA-binding transcriptional dual regulator LysR,5.0,35.0,6.0,0.0
b2840,b2840,ygeA,amino acid racemase YgeA,46.0,0.0,0.0,0.0
b2841,b2841,araE,arabinose:H<sup>+</sup> symporter,46.0,0.0,0.0,0.0
b2842,b2842,kduD,putative 2-keto-3-deoxy-D-gluconate dehydrogenase,46.0,0.0,0.0,0.0
b2843,b2843,kduI,5-dehydro-4-deoxy-D-glucuronate isomerase,46.0,0.0,0.0,0.0
b2844,b2844,yqeF,putative acyltransferase,46.0,0.0,0.0,0.0
b2845,b2845,yqeG,putative transporter YqeG,46.0,0.0,0.0,0.0
b2846,b2846,yqeH,putative LuxR family transcriptional regulator YqeH,40.0,0.0,6.0,0.0
b2847,b2847,yqeI,putative transcriptional regulator YqeI,22.0,0.0,24.0,0.0
b2853,b2853,ygeI,protein YgeI,13.0,2.0,31.0,0.0
b2859,b2859,ygeO,putative uncharacterized protein YgeO,45.0,0.0,1.0,0.0
b2863,b2863,ygeQ,putative lipoprotein YgeQ,46.0,0.0,0.0,0.0
b2865,b2865,b2865,amidase activator,46.0,0.0,0.0,0.0
b2866,b2866,xdhA,putative xanthine dehydrogenase molybdenum-binding subunit XdhA,46.0,0.0,0.0,0.0
b2867,b2867,xdhB,putative xanthine dehydrogenase FAD-binding subunit XdhB,46.0,0.0,0.0,0.0
b2868,b2868,xdhC,putative xanthine dehydrogenase iron-sulfur-binding subunit XdhC,46.0,0.0,0.0,0.0
b2869,b2869,ygeV,putative &sigma;<sup>54</sup>-dependent transcriptional regulator YgeV,46.0,0.0,0.0,0.0
b2871,b2871,ygeX,"2,3-diaminopropionate ammonia-lyase",46.0,0.0,0.0,0.0
b2872,b2872,ygeY,putative peptidase YgeY,46.0,0.0,0.0,0.0
b2873,b2873,b2873,phenylhydantoinase,46.0,0.0,0.0,0.0
b2874,b2874,yqeA,putative amino acid kinase YqeA,46.0,0.0,0.0,0.0
b2875,b2875,yqeB,XdhC-CoxI family protein YqeB,46.0,0.0,0.0,0.0
b2876,b2876,b2876,uncharacterized protein YqeC,46.0,0.0,0.0,0.0
b2877,b2877,ygfJ,molybdenum cofactor cytidylyltransferase,46.0,0.0,0.0,0.0
b2878,b2878,ygfK,"putative oxidoreductase, Fe-S subunit",46.0,0.0,0.0,0.0
b2879,b2879,b2879,putative aminohydrolase SsnA,46.0,0.0,0.0,0.0
b2880,b2880,ygfM,putative oxidoreductase,46.0,0.0,0.0,0.0
b2881,b2881,xdhD,fused putative xanthine/hypoxanthine oxidase: molybdopterin-binding subunit and Fe-S binding subunit,46.0,0.0,0.0,0.0
b2882,b2882,ygfO,xanthine:H+ symporter XanQ,46.0,0.0,0.0,0.0
b2883,b2883,guaD,guanine deaminase,46.0,0.0,0.0,0.0
b2886,b2886,ygfS,putative electron transport protein YgfS,46.0,0.0,0.0,0.0
b2887,b2887,ygfT,putative oxidoreductase YgfT,46.0,0.0,0.0,0.0
b2888,b2888,ygfU,urate:H<sup>+</sup> symporter,46.0,0.0,0.0,0.0
b2889,b2889,idi,isopentenyl-diphosphate &Delta;-isomerase,46.0,0.0,0.0,0.0
b2892,b2892,recJ,ssDNA-specific exonuclease RecJ,46.0,0.0,0.0,0.0
b2893,b2893,dsbC,protein disulfide isomerase DsbC,46.0,0.0,0.0,0.0
b2894,b2894,xerD,site-specific recombinase,2.0,15.0,29.0,0.0
b2895,b2895,fldB,oxidized flavodoxin 2 // flavodoxin 2,35.0,0.0,11.0,0.0
b2896,b2896,ygfX,protein YgfX,44.0,0.0,2.0,0.0
b2897,b2897,ygfY,FAD assembly factor,33.0,2.0,9.0,2.0
b2899,b2899,yqfA,transmembrane homeostasis protein A,46.0,0.0,0.0,0.0
b2900,b2900,yqfB,<i>N</i><sup>4</sup>-acetylcytidine amidohydrolase,46.0,0.0,0.0,0.0
b2901,b2901,bglA,6-phospho-&beta;-glucosidase A,46.0,0.0,0.0,0.0
b2902,b2902,ygfF,putative oxidoreductase YgfF,46.0,0.0,0.0,0.0
b2903,b2903,gcvP,glycine decarboxylase,32.0,3.0,0.0,11.0
b2904,b2904,gcvH,lipoyl-GcvH-protein // glycine cleavage system H protein,28.0,3.0,2.0,13.0
b2905,b2905,gcvT,aminomethyltransferase,34.0,3.0,1.0,8.0
b2906,b2906,visC,2-octaprenylphenol 6-hydroxylase,29.0,1.0,9.0,7.0
b2908,b2908,pepP,Xaa-Pro aminopeptidase,40.0,0.0,6.0,0.0
b2909,b2909,ygfB,PF03695 family protein YgfB,43.0,0.0,3.0,0.0
b2910,b2910,zapA,cell division protein ZapA,37.0,0.0,1.0,8.0
b2912,b2912,ygfA,putative 5-formyltetrahydrofolate cyclo-ligase,29.0,4.0,11.0,2.0
b2913,b2913,serA,phosphoglycerate dehydrogenase,7.0,37.0,2.0,0.0
b2915,b2915,yqfE,putative protein YqfE,46.0,0.0,0.0,0.0
b2916,b2916,argP,DNA-binding transcriptional dual regulator ArgP,41.0,0.0,2.0,3.0
b2917,b2917,yliK,methylmalonyl-CoA mutase,46.0,0.0,0.0,0.0
b2918,b2918,argK,methylmalonyl-CoA mutase-interacting GTPase YgfD,46.0,0.0,0.0,0.0
b2919,b2919,ygfG,methylmalonyl-CoA decarboxylase,43.0,0.0,0.0,3.0
b2920,b2920,ygfH,propionyl-CoA:succinate CoA transferase,46.0,0.0,0.0,0.0
b2921,b2921,ygfI,DNA-binding transcriptional activator YgfI,46.0,0.0,0.0,0.0
b2922,b2922,yggE,DUF541 domain-containing protein YggE,46.0,0.0,0.0,0.0
b2923,b2923,argO,L-arginine exporter,45.0,0.0,0.0,1.0
b2924,b2924,mscS,small conductance mechanosensitive channel MscS,46.0,0.0,0.0,0.0
b2927,b2927,epd,D-erythrose-4-phosphate dehydrogenase,34.0,0.0,12.0,0.0
b2928,b2928,yggC,P-loop NTPase domain-containing protein YggC,46.0,0.0,0.0,0.0
b2929,b2929,yggD,fumarase E,46.0,0.0,0.0,0.0
b2930,b2930,yggF,"fructose 1,6-bisphosphatase YggF",45.0,0.0,0.0,1.0
b2933,b2933,cmtA,mannitol-specific PTS enzyme IICB component CmtA,46.0,0.0,0.0,0.0
b2934,b2934,cmtB,mannitol-specific PTS enzyme IIA component CmtB,39.0,0.0,7.0,0.0
b2936,b2936,yggG,metalloprotease LoiP,46.0,0.0,0.0,0.0
b2937,b2937,speB,agmatinase,32.0,0.0,13.0,1.0
b2938,b2938,speA,biosynthetic arginine decarboxylase,40.0,0.0,4.0,2.0
b2939,b2939,yqgB,acid stress response protein YqgB,42.0,0.0,2.0,2.0
b2940,b2940,yqgC,protein YqgC,46.0,0.0,0.0,0.0
b2943,b2943,galP,galactose:H<sup>+</sup> symporter,45.0,1.0,0.0,0.0
b2944,b2944,sprT,protein YggI,40.0,0.0,0.0,6.0
b2945,b2945,endA,DNA-specific endonuclease I,46.0,0.0,0.0,0.0
b2946,b2946,yggJ,16S rRNA m<sup>3</sup>U1498 methyltransferase,40.0,0.0,4.0,2.0
b2947,b2947,gshB,glutathione synthetase,31.0,4.0,9.0,2.0
b2948,b2948,yqgE,DUF179 domain-containing protein YqgE,29.0,0.0,3.0,14.0
b2950,b2950,yggR,Type II/IV secretion system family protein,46.0,0.0,0.0,0.0
b2951,b2951,yggS,PLP homeostasis protein,24.0,0.0,20.0,2.0
b2952,b2952,yggT,uncharacterized protein YggT,45.0,0.0,1.0,0.0
b2953,b2953,yggU,DUF167 domain-containing protein YggU,39.0,0.0,6.0,1.0
b2954,b2954,yggV,dITP/XTP pyrophosphatase,40.0,0.0,0.0,6.0
b2955,b2955,yggW,heme chaperone HemW,43.0,0.0,0.0,3.0
b2956,b2956,yggM,DUF1202 domain-containing protein YggM,43.0,0.0,0.0,3.0
b2957,b2957,ansB,L-asparaginase 2,46.0,0.0,0.0,0.0
b2958,b2958,yggN,DUF2884 domain-containing protein YggN,46.0,0.0,0.0,0.0
b2959,b2959,yggL,putative ribosome assembly factor YggL,46.0,0.0,0.0,0.0
b2960,b2960,yggH,tRNA m<sup>7</sup>G46 methyltransferase,44.0,0.0,1.0,1.0
b2961,b2961,mutY,adenine DNA glycosylase,46.0,0.0,0.0,0.0
b2962,b2962,yggX,putative Fe<sup>2+</sup>-trafficking protein,43.0,0.0,3.0,0.0
b2963,b2963,mltC,membrane-bound lytic murein transglycosylase C,46.0,0.0,0.0,0.0
b2964,b2964,nupG,nucleoside:H<sup>+</sup> symporter NupG,46.0,0.0,0.0,0.0
b2965,b2965,speC,constitutive ornithine decarboxylase,46.0,0.0,0.0,0.0
b2966,b2966,yqgA,DUF554 domain-containing protein YqgA,46.0,0.0,0.0,0.0
b2968,b2968,yghD,putative type II secretion system M-type protein YghD,45.0,0.0,1.0,0.0
b2969,b2969,yghE,putative type II secretion system L-type protein YghE,44.0,0.0,2.0,0.0
b2970,b2970,yghF,putative type II secretion system C-type protein YghF,46.0,0.0,0.0,0.0
b2971,b2971,yghG,lipoprotein YghG,46.0,0.0,0.0,0.0
b2972,b2972,b2972,prepilin peptidase,46.0,0.0,0.0,0.0
b2975,b2975,yghK,glycolate/lactate:H<sup>+</sup> symporter GlcA,45.0,0.0,1.0,0.0
b2976,b2976,glcB,malate synthase G,45.0,0.0,0.0,1.0
b2977,b2977,glcG,putative heme-binding protein GlcG,45.0,0.0,0.0,1.0
b2979,b2979,glcD,"glycolate dehydrogenase, putative FAD-linked subunit",45.0,1.0,0.0,0.0
b2980,b2980,glcC,DNA-binding transcriptional dual regulator GlcC,45.0,1.0,0.0,0.0
b2981,b2981,yghO,putative DNA-binding transcriptional regulator YghO,46.0,0.0,0.0,0.0
b2984,b2984,yghR,putative ATP-binding protein YghR,46.0,0.0,0.0,0.0
b2985,b2985,yghS,putative ATP-binding protein YghS,46.0,0.0,0.0,0.0
b2986,b2986,yghT,putative ATP-binding protein YghT,46.0,0.0,0.0,0.0
b2987,b2987,pitB,metal phosphate:H<sup>+</sup> symporter PitB,46.0,0.0,0.0,0.0
b2988,b2988,gss,fused glutathionylspermidine amidase / glutathionylspermidine synthetase,46.0,0.0,0.0,0.0
b2989,b2989,b2989,disulfide reductase / organic hydroperoxide reductase,46.0,0.0,0.0,0.0
b2990,b2990,hybG,hydrogenase maturation factor HybG,39.0,0.0,4.0,3.0
b2991,b2991,hybF,hydrogenase maturation protein HybF,46.0,0.0,0.0,0.0
b2992,b2992,hybE,hydrogenase 2-specific chaperone,46.0,0.0,0.0,0.0
b2993,b2993,hybD,hydrogenase 2 maturation protease,46.0,0.0,0.0,0.0
b2994,b2994,hybC,hydrogenase 2 large subunit,46.0,0.0,0.0,0.0
b2995,b2995,hybB,hydrogenase 2 membrane subunit,46.0,0.0,0.0,0.0
b2996,b2996,hybA,hydrogenase 2 iron-sulfur protein,46.0,0.0,0.0,0.0
b2997,b2997,hybO,hydrogenase 2 small subunit,46.0,0.0,0.0,0.0
b2998,b2998,yghW,DUF2623 domain-containing protein YghW,45.0,0.0,1.0,0.0
b3001,b3001,yghZ,L-glyceraldehyde 3-phosphate reductase,46.0,0.0,0.0,0.0
b3002,b3002,yqhA,UPF0114 family protein YqhA,41.0,0.0,5.0,0.0
b3003,b3003,yghA,NADP<sup>+</sup>-dependent aldehyde reductase,46.0,0.0,0.0,0.0
b3005,b3005,exbD,Ton complex subunit ExbD,26.0,2.0,18.0,0.0
b3006,b3006,exbB,Ton complex subunit ExbB,23.0,1.0,22.0,0.0
b3008,b3008,metC,cystathionine &beta;-lyase / L-cysteine desulfhydrase / alanine racemase,5.0,37.0,4.0,0.0
b3009,b3009,yghB,DedA family protein YghB,44.0,0.0,0.0,2.0
b3010,b3010,yqhC,DNA-binding transcriptional activator YqhC,46.0,0.0,0.0,0.0
b3011,b3011,yqhD,NADPH-dependent aldehyde reductase YqhD,46.0,0.0,0.0,0.0
b3012,b3012,yqhE,methylglyoxal reductase DkgA,45.0,0.0,0.0,1.0
b3014,b3014,yqhH,lipoprotein YqhH,46.0,0.0,0.0,0.0
b3017,b3017,sufI,cell division protein FtsP,45.0,0.0,1.0,0.0
b3020,b3020,ygiS,putative deoxycholate binding periplasmic protein,46.0,0.0,0.0,0.0
b3021,b3021,ygiT,antitoxin of the MqsRA toxin-antitoxin system / DNA-binding transcriptional repressor MqsA,25.0,2.0,19.0,0.0
b3022,b3022,b3022,mRNA interferase toxin MqsR,46.0,0.0,0.0,0.0
b3024,b3024,ygiW,BOF family protein YgiW,45.0,0.0,1.0,0.0
b3025,b3025,qseB,Phosphorylated DNA-binding transcriptional activator QseB // DNA-binding transcriptional activator QseB,46.0,0.0,0.0,0.0
b3026,b3026,qseC,QseC-<i>N</i>-phospho-L-histidine // sensor histidine kinase QseC,17.0,0.0,29.0,0.0
b3027,b3027,ygiZ,DUF2645 domain-containing inner membrane protein YgiZ,39.0,0.0,7.0,0.0
b3028,b3028,mdaB,NADPH:quinone oxidoreductase MdaB,46.0,0.0,0.0,0.0
b3029,b3029,ygiN,putative quinol monooxygenase YgiN,40.0,0.0,2.0,4.0
b3031,b3031,yqiA,esterase YqiA,45.0,0.0,0.0,1.0
b3032,b3032,cpdA,cAMP phosphodiesterase,36.0,0.0,7.0,3.0
b3033,b3033,yqiB,DUF1249 domain-containing protein YqiB,46.0,0.0,0.0,0.0
b3034,b3034,nudF,ADP-sugar pyrophosphatase,41.0,0.0,3.0,2.0
b3035,b3035,tolC,outer membrane channel TolC,14.0,10.0,21.0,1.0
b3037,b3037,ygiB,DUF1190 domain-containing protein YgiB,46.0,0.0,0.0,0.0
b3038,b3038,ygiC,putative acid&mdash;amine ligase YgiC,46.0,0.0,0.0,0.0
b3039,b3039,ygiD,"4,5-DOPA dioxygenase extradiol",46.0,0.0,0.0,0.0
b3040,b3040,ygiE,divalent metal ion transporter ZupT,46.0,0.0,0.0,0.0
b3042,b3042,b3042,ubiquinone biosynthesis accessory factor UbiK,41.0,0.0,5.0,0.0
b3043,b3043,ygiL,putative fimbrial protein YgiL,46.0,0.0,0.0,0.0
b3047,b3047,yqiH,putative fimbrial chaperone YqiH,46.0,0.0,0.0,0.0
b3048,b3048,yqiI,putative fimbrial protein YqiI,46.0,0.0,0.0,0.0
b3049,b3049,glgS,surface composition regulator,45.0,0.0,0.0,1.0
b3050,b3050,yqiJ,DUF1449 domain-containing inner membrane protein YqiJ,46.0,0.0,0.0,0.0
b3051,b3051,yqiK,flotillin family inner membrane protein YqiK,46.0,0.0,0.0,0.0
b3052,b3052,rfaE,fused heptose 7-phosphate kinase/heptose 1-phosphate adenyltransferase,3.0,19.0,23.0,1.0
b3053,b3053,glnE,fused glutamine synthetase deadenylase/glutamine synthetase adenylyltransferase,34.0,0.0,9.0,3.0
b3054,b3054,ygiF,inorganic triphosphatase,45.0,0.0,1.0,0.0
b3055,b3055,htrG,putative signal transduction protein (SH3 domain),45.0,0.0,0.0,1.0
b3057,b3057,bacA,undecaprenyl pyrophosphate phosphatase,46.0,0.0,0.0,0.0
b3059,b3059,ygiH,putative glycerol-3-phosphate acyltransferase,45.0,0.0,1.0,0.0
b3060,b3060,ygiP,Dan transcriptional activator // DNA-binding transcriptional activator Dan,46.0,0.0,0.0,0.0
b3061,b3061,ttdA,L(+)-tartrate dehydratase subunit &alpha;,46.0,0.0,0.0,0.0
b3062,b3062,ttdB,L(+)-tartrate dehydratase subunit &beta;,45.0,0.0,1.0,0.0
b3063,b3063,ygjE,L-tartrate:succinate antiporter,46.0,0.0,0.0,0.0
b3068,b3068,ygjF,stationary phase mismatch/uracil DNA glycosylase,43.0,0.0,3.0,0.0
b3070,b3070,yqjH,NADPH-dependent ferric-chelate reductase,46.0,0.0,0.0,0.0
b3071,b3071,yqjI,DNA-binding transcriptional repressor NfeR,44.0,0.0,2.0,0.0
b3072,b3072,aer,aerotaxis receptor,46.0,0.0,0.0,0.0
b3073,b3073,ygjG,putrescine aminotransferase,44.0,0.0,2.0,0.0
b3074,b3074,ygjH,putative tRNA-binding protein YgjH,46.0,0.0,0.0,0.0
b3075,b3075,ebgR,DNA-binding transcriptional repressor EbgR,42.0,0.0,3.0,1.0
b3077,b3077,ebgC,DUF386 domain-containing evolved &beta;-D-galactosidase subunit &beta;,46.0,0.0,0.0,0.0
b3079,b3079,ygjJ,protein YgjJ,46.0,0.0,0.0,0.0
b3080,b3080,ygjK,glycoside hydrolase,46.0,0.0,0.0,0.0
b3081,b3081,fadH,"2,4-dienoyl-CoA reductase",46.0,0.0,0.0,0.0
b3082,b3082,ygjM,antitoxin/DNA-binding transcriptional repressor HigA,3.0,20.0,22.0,1.0
b3083,b3083,ygjN,ribosome-dependent mRNA interferase toxin HigB,46.0,0.0,0.0,0.0
b3084,b3084,ygjO,23S rRNA m<sup>2</sup>G1835 methyltransferase,46.0,0.0,0.0,0.0
b3085,b3085,ygjP,putative metal-dependent hydrolase,46.0,0.0,0.0,0.0
b3086,b3086,ygjQ,DUF218 domain-containing protein YgjQ,46.0,0.0,0.0,0.0
b3087,b3087,ygjR,putative oxidoreductase YgjR,46.0,0.0,0.0,0.0
b3089,b3089,sstT,serine/threonine:Na+ symporter,46.0,0.0,0.0,0.0
b3090,b3090,ygjV,inner membrane protein,46.0,0.0,0.0,0.0
b3091,b3091,uxaA,D-altronate dehydratase,44.0,1.0,1.0,0.0
b3092,b3092,uxaC,D-glucoronate/D-galacturonate isomerase,43.0,1.0,2.0,0.0
b3093,b3093,exuT,hexuronate transporter,44.0,0.0,2.0,0.0
b3094,b3094,exuR,DNA-binding transcriptional repressor ExuR,41.0,0.0,4.0,1.0
b3095,b3095,yqjA,DedA family protein YqjA,39.0,0.0,0.0,7.0
b3096,b3096,yqjB,modulator protein MzrA,45.0,0.0,1.0,0.0
b3097,b3097,yqjC,DUF1090 domain-containing protein YqjC,46.0,0.0,0.0,0.0
b3098,b3098,yqjD,ribosome- and membrane-associated DUF883 domain-containing protein YqjD,45.0,0.0,1.0,0.0
b3099,b3099,yqjE,inner membrane protein YqjE,46.0,0.0,0.0,0.0
b3100,b3100,yqjK,PF13997 family protein YqjK,46.0,0.0,0.0,0.0
b3101,b3101,yqjF,DoxX family protein,44.0,0.0,2.0,0.0
b3102,b3102,yqjG,glutathionyl-hydroquinone reductase YqjG,40.0,0.0,0.0,6.0
b3103,b3103,yhaH,putative inner membrane protein,46.0,0.0,0.0,0.0
b3104,b3104,yhaI,putative inner membrane protein,46.0,0.0,0.0,0.0
b3105,b3105,yhaJ,DNA-binding transcriptional activator YhaJ,46.0,0.0,0.0,0.0
b3106,b3106,yhaK,bicupin-related protein,38.0,0.0,0.0,8.0
b3107,b3107,yhaL,uncharacterized protein YhaL,44.0,0.0,2.0,0.0
b3113,b3113,yhaR,putative enamine/imine deaminase,46.0,0.0,0.0,0.0
b3115,b3115,tdcD,propionate kinase,46.0,0.0,0.0,0.0
b3116,b3116,tdcC,threonine/serine:H<sup>+</sup> symporter,46.0,0.0,0.0,0.0
b3117,b3117,tdcB,catabolic threonine dehydratase,46.0,0.0,0.0,0.0
b3118,b3118,tdcA,DNA-binding transcriptional activator TdcA,46.0,0.0,0.0,0.0
b3119,b3119,tdcR,DNA-binding transcriptional activator TdcR,45.0,0.0,0.0,1.0
b3120,b3120,yhaB,protein YhaB,33.0,0.0,13.0,0.0
b3121,b3121,yhaC,uncharacterized protein YhaC,8.0,1.0,37.0,0.0
b3124,b3124,garK,glycerate 2-kinase 1,36.0,4.0,6.0,0.0
b3125,b3125,garR,tartronate semialdehyde reductase,44.0,0.0,2.0,0.0
b3126,b3126,garL,&alpha;-dehydro-&beta;-deoxy-<i>D</i>-glucarate aldolase,45.0,0.0,1.0,0.0
b3127,b3127,garP,galactarate/D-glucarate transporter GarP,45.0,1.0,0.0,0.0
b3128,b3128,garD,GarD,46.0,0.0,0.0,0.0
b3129,b3129,sohA,antitoxin PrlF,39.0,0.0,2.0,5.0
b3130,b3130,yhaV,ribosome-dependent mRNA interferase toxin YhaV,46.0,0.0,0.0,0.0
b3131,b3131,agaR,DNA-binding transcriptional repressor AgaR,41.0,0.0,0.0,5.0
b3132,b3132,kbaZ,"putative tagatose-1,6-bisphosphate aldolase 1 chaperone",46.0,0.0,0.0,0.0
b3133,b3133,agaV,<i>N</i>-acetyl-D-galactosamine specific PTS enzyme IIB component,33.0,0.0,0.0,13.0
b3134,b3134,agaW,<I>N</I>-acetyl-D-galactosamine specific PTS truncated enzyme IIC component,41.0,0.0,3.0,2.0
b3136,b3136,agaS,putative galactosamine-6-phosphate deaminase/isomerase,41.0,0.0,5.0,0.0
b3137,b3137,kbaY,"tagatose-1,6-bisphosphate aldolase 1",46.0,0.0,0.0,0.0
b3138,b3138,agaB,galactosamine-specific PTS enzyme IIB component,46.0,0.0,0.0,0.0
b3139,b3139,agaC,galactosamine-specific PTS enzyme IIC component,46.0,0.0,0.0,0.0
b3140,b3140,agaD,galactosamine-specific PTS enzyme IID component,46.0,0.0,0.0,0.0
b3141,b3141,agaI,putative deaminase AgaI,46.0,0.0,0.0,0.0
b3142,b3142,yraH,putative fimbrial protein YraH,46.0,0.0,0.0,0.0
b3143,b3143,yraI,putative fimbrial chaperone YraI,46.0,0.0,0.0,0.0
b3144,b3144,yraJ,putative fimbrial usher protein YraJ,46.0,0.0,0.0,0.0
b3145,b3145,yraK,putative fimbrial adhesin YraK,46.0,0.0,0.0,0.0
b3146,b3146,yraL,16S rRNA 2'-<i>O</i>-ribose C1402 methyltransferase,43.0,0.0,1.0,2.0
b3147,b3147,yraM,outer membrane lipoprotein - activator of MrcA activity,46.0,0.0,0.0,0.0
b3148,b3148,yraN,PF02021 family protein YraN,46.0,0.0,0.0,0.0
b3149,b3149,yraO,DnaA initiator-associating protein DiaA,39.0,0.0,2.0,5.0
b3150,b3150,yraP,division and outer membrane stress-associated lipid-binding lipoprotein,34.0,0.0,12.0,0.0
b3151,b3151,yraQ,permease family protein YraQ,46.0,0.0,0.0,0.0
b3152,b3152,yraR,putative nucleoside-diphosphate-sugar epimerase,40.0,0.0,6.0,0.0
b3153,b3153,yhbO,protein/nucleic acid deglycase 2,46.0,0.0,0.0,0.0
b3154,b3154,yhbP,putative FMN binding protein YhbP,46.0,0.0,0.0,0.0
b3155,b3155,yhbQ,DNA damage response nuclease YhbQ,46.0,0.0,0.0,0.0
b3156,b3156,yhbS,putative <i>N</i>-acetyltransferase YhbS,37.0,0.0,1.0,8.0
b3157,b3157,yhbT,anaerobic ubiquinone biosynthesis accessory factor UbiT,24.0,0.0,0.0,22.0
b3158,b3158,yhbU,ubiquinone biosynthesis protein UbiU,46.0,0.0,0.0,0.0
b3159,b3159,yhbV,ubiquinone biosynthesis protein UbiV,46.0,0.0,0.0,0.0
b3160,b3160,yhbW,putative luciferase-like monooxygenase YhbW,46.0,0.0,0.0,0.0
b3161,b3161,mtr,tryptophan:H<sup>+</sup> symporter Mtr,46.0,0.0,0.0,0.0
b3162,b3162,deaD,ATP-dependent RNA helicase DeaD,13.0,1.0,32.0,0.0
b3163,b3163,nlpI,lipoprotein NlpI,26.0,0.0,16.0,4.0
b3164,b3164,pnp,polynucleotide phosphorylase,16.0,0.0,20.0,10.0
b3166,b3166,truB,tRNA pseudouridine<sup>55</sup> synthase,39.0,1.0,3.0,3.0
b3169,b3169,nusA,transcription termination/antitermination protein NusA,4.0,21.0,21.0,0.0
b3172,b3172,argG,argininosuccinate synthetase,6.0,40.0,0.0,0.0
b3173,b3173,yhbX,putative hydrolase YhbX,46.0,0.0,0.0,0.0
b3180,b3180,yhbY,ribosome assembly factor YhbY,43.0,0.0,0.0,3.0
b3181,b3181,greA,transcription elongation factor GreA,24.0,1.0,7.0,14.0
b3182,b3182,dacB,peptidoglycan DD-endopeptidase DacB,46.0,0.0,0.0,0.0
b3183,b3183,obgE,GTPase ObgE,26.0,1.0,15.0,4.0
b3184,b3184,yhbE,putative transporter YhbE,46.0,0.0,0.0,0.0
b3188,b3188,sfsB,putative transcriptional regulator SfsB,46.0,0.0,0.0,0.0
b3190,b3190,yrbA,acid stress protein IbaG,42.0,0.0,1.0,3.0
b3191,b3191,yrbB,intermembrane phospholipid transport system protein MlaB,45.0,0.0,0.0,1.0
b3192,b3192,yrbC,intermembrane phospholipid transport system - periplasmic binding protein,44.0,0.0,0.0,2.0
b3193,b3193,yrbD,"intermembrane phospholipid transport system, substrate binding protein MlaD",44.0,0.0,1.0,1.0
b3194,b3194,yrbE,"intermembrane phospholipid transport system, integral membrane subunit MlaE",40.0,0.0,3.0,3.0
b3195,b3195,yrbF,"intermembrane phospholipid transport system, ATP binding subunit MlaF",45.0,0.0,0.0,1.0
b3196,b3196,yrbG,putative transport protein YrbG,45.0,0.0,0.0,1.0
b3197,b3197,kdsD,D-arabinose 5-phosphate isomerase KdsD,44.0,0.0,0.0,2.0
b3198,b3198,kdsC,3-deoxy-D-<i>manno</i>-octulosonate 8-phosphate phosphatase KdsC,20.0,0.0,2.0,24.0
b3199,b3199,yrbK,lipopolysaccharide transport system protein LptC,17.0,0.0,2.0,27.0
b3203,b3203,yhbH,ribosome hibernation-promoting factor,42.0,0.0,3.0,1.0
b3204,b3204,ptsN,PtsN-<i>N</i>-phospho-L-histidine // phosphotransferase system enzyme IIA(Ntr),1.0,35.0,10.0,0.0
b3205,b3205,yhbJ,RNase adaptor protein RapZ,26.0,1.0,18.0,1.0
b3206,b3206,npr,Npr-<i>N</i>-phospho-L-histidine // phosphorelay protein NPr,31.0,0.0,0.0,15.0
b3207,b3207,yrbL,protein kinase-like domain-containing protein YrbL,46.0,0.0,0.0,0.0
b3208,b3208,mtgA,peptidoglycan glycosyltransferase MtgA,45.0,0.0,0.0,1.0
b3209,b3209,yhbL,low activity glyoxalase ElbB,46.0,0.0,0.0,0.0
b3211,b3211,yhcC,radical SAM family oxidoreductase YhcC,46.0,0.0,0.0,0.0
b3212,b3212,gltB,glutamate synthase subunit GltB,11.0,11.0,24.0,0.0
b3213,b3213,gltD,glutamate synthase subunit GltD,10.0,13.0,23.0,0.0
b3214,b3214,gltF,periplasmic protein GltF,46.0,0.0,0.0,0.0
b3215,b3215,yhcA,putative fimbrial chaperone YhcA,46.0,0.0,0.0,0.0
b3216,b3216,yhcD,putative fimbrial usher protein YhcD,46.0,0.0,0.0,0.0
b3219,b3219,yhcF,DUF1120 domain-containing protein YhcF,46.0,0.0,0.0,0.0
b3220,b3220,yhcG,DUF1016 domain-containing protein YhcG,46.0,0.0,0.0,0.0
b3221,b3221,yhcH,<i>N</i>-acetylneuraminate anomerase,46.0,0.0,0.0,0.0
b3222,b3222,yhcI,<i>N</i>-acetylmannosamine kinase,45.0,0.0,1.0,0.0
b3223,b3223,nanE,probable <i>N</i>-acetylmannosamine-6-phosphate 2-epimerase,46.0,0.0,0.0,0.0
b3224,b3224,nanT,<i>N</i>-acetylneuraminate:H<sup>+</sup> symporter,42.0,0.0,0.0,4.0
b3225,b3225,nanA,<i>N</i>-acetylneuraminate lyase,46.0,0.0,0.0,0.0
b3226,b3226,yhcK,NanR,41.0,0.0,1.0,4.0
b3227,b3227,dcuD,putative transporter DcuD,46.0,0.0,0.0,0.0
b3228,b3228,sspB,ClpXP protease specificity-enhancing factor,41.0,0.0,1.0,4.0
b3229,b3229,sspA,stringent starvation protein A,15.0,1.0,9.0,21.0
b3232,b3232,yhcM,cell division protein ZapE,37.0,2.0,6.0,1.0
b3234,b3234,degQ,periplasmic serine endoprotease,46.0,0.0,0.0,0.0
b3236,b3236,mdh,malate dehydrogenase,4.0,24.0,18.0,0.0
b3237,b3237,argR,DNA-binding transcriptional dual regulator ArgR,2.0,9.0,34.0,1.0
b3238,b3238,yhcN,DUF1471 domain-containing stress-induced protein YhcN,39.0,0.0,7.0,0.0
b3239,b3239,yhcO,putative barnase inhibitor,43.0,0.0,3.0,0.0
b3240,b3240,aaeB,aromatic carboxylic acid efflux pump subunit AaeB,46.0,0.0,0.0,0.0
b3241,b3241,aaeA,aromatic carboxylic acid efflux pump membrane fusion protein,46.0,0.0,0.0,0.0
b3242,b3242,yhcR,DUF1656 domain-containing protein AaeX,45.0,0.0,0.0,1.0
b3243,b3243,aaeR,DNA-binding transcriptional activator AaeR,46.0,0.0,0.0,0.0
b3244,b3244,tldD,metalloprotease subunit TldD,43.0,0.0,2.0,1.0
b3247,b3247,cafA,RNase G,7.0,6.0,33.0,0.0
b3248,b3248,yhdE,nucleoside triphosphate pyrophosphatase YhdE,39.0,0.0,0.0,7.0
b3250,b3250,mreC,cell shape determining protein MreC,35.0,0.0,10.0,1.0
b3252,b3252,yhdA,regulator of CsrB and CsrC decay,28.0,0.0,17.0,1.0
b3253,b3253,yhdH,acrylyl-CoA reductase,46.0,0.0,0.0,0.0
b3257,b3257,yhdT,DUF997 domain-containing protein YhdT,41.0,0.0,5.0,0.0
b3258,b3258,panF,pantothenate:Na+ symporter,43.0,0.0,0.0,3.0
b3259,b3259,prmA,ribosomal protein L11 methyltransferase,45.0,0.0,1.0,0.0
b3260,b3260,dusB,tRNA-dihydrouridine synthase B,33.0,0.0,3.0,10.0
b3261,b3261,fis,DNA-binding transcriptional dual regulator Fis,15.0,1.0,5.0,25.0
b3262,b3262,yhdJ,DNA adenine methyltransferase,46.0,0.0,0.0,0.0
b3263,b3263,yhdU,DUF2556 domain-containing protein YhdU,46.0,0.0,0.0,0.0
b3264,b3264,envR,DNA-binding transcriptional repressor EnvR,46.0,0.0,0.0,0.0
b3265,b3265,acrE,multidrug efflux pump membrane fusion lipoprotein AcrE,46.0,0.0,0.0,0.0
b3266,b3266,acrF,multidrug efflux pump RND permease AcrF,46.0,0.0,0.0,0.0
b3267,b3267,yhdV,lipoprotein YhdV,46.0,0.0,0.0,0.0
b3268,b3268,yhdW,putative ABC transporter periplasmic binding protein YhdW,46.0,0.0,0.0,0.0
b3270,b3270,yhdY,putative ABC transporter membrane subunit YhdY,46.0,0.0,0.0,0.0
b3271,b3271,yhdZ,putative ABC transporter ATP-binding subunit YhdZ,46.0,0.0,0.0,0.0
b3279,b3279,yrdA,hexapeptide repeats-containing protein YrdA,45.0,0.0,0.0,1.0
b3280,b3280,yrdB,DUF1488 domain-containing protein YrdB,46.0,0.0,0.0,0.0
b3281,b3281,aroE,shikimate dehydrogenase,3.0,43.0,0.0,0.0
b3284,b3284,smg,DUF494 domain-containing protein Smg,43.0,0.0,3.0,0.0
b3289,b3289,rsmB,16S rRNA m<sup>5</sup>C967 methyltransferase,41.0,0.0,5.0,0.0
b3290,b3290,trkA,NAD-binding component of Trk potassium transporters,2.0,22.0,22.0,0.0
b3291,b3291,mscL,large conductance mechanosensitive channel,46.0,0.0,0.0,0.0
b3292,b3292,zntR,DNA-binding transcriptional activator ZntR,20.0,2.0,24.0,0.0
b3293,b3293,yhdN,DUF1992 domain-containing protein YhdN,42.0,0.0,0.0,4.0
b3322,b3322,pioO,putative general secretion pathway protein B,46.0,0.0,0.0,0.0
b3323,b3323,gspA,Type II secretion system protein GspA,46.0,0.0,0.0,0.0
b3324,b3324,gspC,type II secretion system protein GspC,46.0,0.0,0.0,0.0
b3325,b3325,yheF,type II secretion system protein GspD,46.0,0.0,0.0,0.0
b3326,b3326,gspE,type II secretion system protein GspE,46.0,0.0,0.0,0.0
b3327,b3327,gspF,type II secretion system protein GspF,46.0,0.0,0.0,0.0
b3328,b3328,gspG,type II secretion system protein GspG,46.0,0.0,0.0,0.0
b3329,b3329,gspH,type II secretion system protein GspH,46.0,0.0,0.0,0.0
b3330,b3330,yheH,type II secretion system protein GspI,46.0,0.0,0.0,0.0
b3331,b3331,gspJ,type II secretion system protein GspJ,44.0,0.0,0.0,2.0
b3332,b3332,gspK,type II secretion system protein GspK,46.0,0.0,0.0,0.0
b3333,b3333,yheK,type II secretion system protein GspL,46.0,0.0,0.0,0.0
b3334,b3334,pshM,type II secretion system protein GspM,46.0,0.0,0.0,0.0
b3335,b3335,gspO,type II secretion system prepilin peptidase,45.0,0.0,0.0,1.0
b3336,b3336,bfr,bacterioferritin,45.0,0.0,1.0,0.0
b3337,b3337,bfd,bacterioferritin-associated ferredoxin,44.0,0.0,2.0,0.0
b3338,b3338,chiA,endochitinase,46.0,0.0,0.0,0.0
b3341,b3341,rpsG,30S ribosomal subunit protein S7,12.0,1.0,1.0,32.0
b3346,b3346,yheO,DNA-binding transcriptional regulator YheO,42.0,0.0,0.0,4.0
b3347,b3347,fkpA,peptidyl-prolyl <i>cis-trans</i> isomerase FkpA,46.0,0.0,0.0,0.0
b3348,b3348,slyX,protein SlyX,45.0,0.0,0.0,1.0
b3349,b3349,slyD,FKBP-type peptidyl-prolyl <i>cis-trans</i> isomerase SlyD,44.0,0.0,0.0,2.0
b3350,b3350,kefB,K+ : H+ antiporter KefB,46.0,0.0,0.0,0.0
b3351,b3351,kefG,glutathione-regulated potassium-efflux system ancillary protein KefG,41.0,0.0,0.0,5.0
b3352,b3352,yheS,putative ATP-binding protein YheS,46.0,0.0,0.0,0.0
b3353,b3353,yheT,putative hydrolase YheT,46.0,0.0,0.0,0.0
b3354,b3354,yheU,PF06794 family protein YheU,42.0,0.0,3.0,1.0
b3355,b3355,prkB,putative phosphoribulokinase,36.0,1.0,8.0,1.0
b3356,b3356,yhfA,OsmC family protein YhfA,46.0,0.0,0.0,0.0
b3358,b3358,yhfK,putative transporter YhfK,46.0,0.0,0.0,0.0
b3359,b3359,argD,<i>N</i>-acetylornithine aminotransferase / <i>N</i>-succinyldiaminopimelate aminotransferase,43.0,0.0,3.0,0.0
b3360,b3360,pabA,aminodeoxychorismate synthase subunit 2,43.0,0.0,3.0,0.0
b3361,b3361,fic,putative adenosine monophosphate&mdash;protein transferase Fic,46.0,0.0,0.0,0.0
b3362,b3362,yhfG,DUF2559 domain-containing protein YhfG,46.0,0.0,0.0,0.0
b3363,b3363,ppiA,peptidyl-prolyl <i>cis-trans</i> isomerase A,46.0,0.0,0.0,0.0
b3364,b3364,tsgA,putative transporter TsgA,45.0,0.0,0.0,1.0
b3365,b3365,nirB,nitrite reductase (NADH) large subunit,46.0,0.0,0.0,0.0
b3366,b3366,nirD,nitrite reductase (NADH) small subunit,46.0,0.0,0.0,0.0
b3368,b3368,cysG,siroheme synthase,7.0,34.0,5.0,0.0
b3369,b3369,yhfL,DUF4223 domain-containing lipoprotein YhfL,46.0,0.0,0.0,0.0
b3370,b3370,yhfM,fructoselysine/psicoselysine transporter,46.0,0.0,0.0,0.0
b3371,b3371,yhfN,fructoselysine 6-phosphate deglycase,46.0,0.0,0.0,0.0
b3374,b3374,frlD,fructoselysine 6-kinase,46.0,0.0,0.0,0.0
b3375,b3375,yhfR,DNA-binding transcriptional regulator FrlR,36.0,0.0,10.0,0.0
b3376,b3376,yhfS,putative aminotransferase YhfS,46.0,0.0,0.0,0.0
b3377,b3377,yhfT,uncharacterized protein YhfT,46.0,0.0,0.0,0.0
b3378,b3378,yhfU,DUF2620 domain-containing protein YhfU,46.0,0.0,0.0,0.0
b3379,b3379,php,putative hydrolase,46.0,0.0,0.0,0.0
b3380,b3380,yhfW,putative mutase YhfW,46.0,0.0,0.0,0.0
b3381,b3381,yhfX,putative PLP-binding protein YhfX,46.0,0.0,0.0,0.0
b3382,b3382,yhfY,PRD domain-containing protein YhfY,46.0,0.0,0.0,0.0
b3385,b3385,gph,phosphoglycolate phosphatase,41.0,0.0,5.0,0.0
b3386,b3386,rpe,ribulose-phosphate 3-epimerase,2.0,30.0,14.0,0.0
b3387,b3387,dam,DNA adenine methyltransferase,22.0,8.0,11.0,5.0
b3388,b3388,damX,cell division protein DamX,36.0,0.0,10.0,0.0
b3389,b3389,aroB,3-dehydroquinate synthase,3.0,43.0,0.0,0.0
b3391,b3391,hofQ,DNA utilization protein HofQ,45.0,0.0,0.0,1.0
b3392,b3392,yrfA,DNA utilization protein HofP,46.0,0.0,0.0,0.0
b3393,b3393,yrfB,DNA utilization protein HofO,46.0,0.0,0.0,0.0
b3394,b3394,yrfC,DNA utilization protein HofN,46.0,0.0,0.0,0.0
b3395,b3395,yrfD,DNA utilization protein HofM,46.0,0.0,0.0,0.0
b3396,b3396,mrcA,peptidoglycan glycosyltransferase / peptidoglycan DD-transpeptidase MrcA,46.0,0.0,0.0,0.0
b3397,b3397,nudE,ADP-sugar diphosphatase NudE,41.0,0.0,2.0,3.0
b3398,b3398,yrfF,inner membrane protein IgaA,1.0,10.0,35.0,0.0
b3399,b3399,yrfG,purine nucleotidase,46.0,0.0,0.0,0.0
b3400,b3400,hslR,heat shock protein Hsp15,44.0,0.0,0.0,2.0
b3401,b3401,yrfI,molecular chaperone Hsp33,41.0,0.0,5.0,0.0
b3402,b3402,yhgE,putative transport protein YhgE,46.0,0.0,0.0,0.0
b3403,b3403,pck,phosphoenolpyruvate carboxykinase (ATP),41.0,1.0,3.0,1.0
b3404,b3404,envZ,sensor histidine kinase EnvZ,13.0,1.0,31.0,1.0
b3405,b3405,ompR,OmpR-Phosphorylated // DNA-binding transcriptional dual regulator OmpR,2.0,35.0,8.0,1.0
b3407,b3407,yhgF,putative RNA-binding protein YhgF,46.0,0.0,0.0,0.0
b3408,b3408,feoA,ferrous iron transport protein A,46.0,0.0,0.0,0.0
b3409,b3409,feoB,Fe<sup>2+</sup> transporter FeoB,46.0,0.0,0.0,0.0
b3410,b3410,yhgG,ferrous iron transport protein FeoC,46.0,0.0,0.0,0.0
b3411,b3411,yhgA,recombination-promoting nuclease RpnA,46.0,0.0,0.0,0.0
b3412,b3412,bioH,pimeloyl-acyl carrier protein methyl ester esterase,38.0,0.0,8.0,0.0
b3413,b3413,yhgH,DNA utilization protein YhgH,46.0,0.0,0.0,0.0
b3414,b3414,gntY,iron-sulfur cluster carrier protein NfuA,23.0,6.0,17.0,0.0
b3416,b3416,malQ,4-&alpha;-glucanotransferase,44.0,1.0,1.0,0.0
b3418,b3418,malT,DNA-binding transcriptional activator MalT,45.0,1.0,0.0,0.0
b3421,b3421,rtcB,RNA-splicing ligase,46.0,0.0,0.0,0.0
b3422,b3422,rtcR,DNA-binding transcriptional activator RtcR,46.0,0.0,0.0,0.0
b3423,b3423,glpR,DNA-binding transcriptional repressor GlpR,31.0,2.0,13.0,0.0
b3425,b3425,glpE,thiosulfate sulfurtransferase GlpE,41.0,0.0,5.0,0.0
b3426,b3426,glpD,aerobic glycerol 3-phosphate dehydrogenase,32.0,1.0,10.0,3.0
b3427,b3427,yzgL,putative uncharacterized protein YzgL,45.0,0.0,0.0,1.0
b3428,b3428,glgP,glycogen phosphorylase,45.0,0.0,1.0,0.0
b3429,b3429,glgA,glycogen synthase,28.0,2.0,16.0,0.0
b3430,b3430,glgC,glucose-1-phosphate adenylyltransferase,46.0,0.0,0.0,0.0
b3431,b3431,glgX,"limit dextrin alpha-1,6-glucohydrolase",46.0,0.0,0.0,0.0
b3432,b3432,glgB,"1,4-alpha-glucan branching enzyme",43.0,0.0,3.0,0.0
b3434,b3434,yhgN,MarC family putative inner membrane protein YhgN,46.0,0.0,0.0,0.0
b3437,b3437,gntK,"D-gluconate kinase, thermostable",44.0,0.0,2.0,0.0
b3439,b3439,yhhW,"quercetin 2,3-dioxygenase",46.0,0.0,0.0,0.0
b3440,b3440,yhhX,putative oxidoreductase YhhX,46.0,0.0,0.0,0.0
b3441,b3441,yhhY,<i>N</i>-acetyltransferase YhhY,46.0,0.0,0.0,0.0
b3442,b3442,yhhZ,putative endonuclease YhhZ,8.0,0.0,38.0,0.0
b3443,b3443,yrhA,putative uncharacterized protein YrhA,46.0,0.0,0.0,0.0
b3446,b3446,yrhB,putative heat shock chaperone,46.0,0.0,0.0,0.0
b3447,b3447,ggt,"glutathione hydrolase, small subunit // glutathione hydrolase, large subunit // glutathione hydrolase proenzyme",46.0,0.0,0.0,0.0
b3448,b3448,yhhA,DUF2756 domain-containing protein YhhA,46.0,0.0,0.0,0.0
b3449,b3449,ugpQ,glycerophosphodiester phosphodiesterase UgpQ,46.0,0.0,0.0,0.0
b3450,b3450,ugpC,<i>sn</i>-glycerol 3-phosphate ABC transporter ATP binding subunit,46.0,0.0,0.0,0.0
b3451,b3451,ugpE,<i>sn</i>-glycerol 3-phosphate ABC transporter membrane subunit UgpE,46.0,0.0,0.0,0.0
b3452,b3452,ugpA,<i>sn</i>-glycerol 3-phosphate ABC transporter membrane subunit UgpA,46.0,0.0,0.0,0.0
b3453,b3453,ugpB,<i>sn</i>-glycerol 3-phosphate ABC transporter periplasmic binding protein,46.0,0.0,0.0,0.0
b3454,b3454,livF,branched chain amino acid/phenylalanine ABC transporter ATP binding subunit LivF,38.0,0.0,2.0,6.0
b3455,b3455,livG,branched chain amino acid/phenylalanine ABC transporter ATP binding subunit LivG,39.0,0.0,2.0,5.0
b3456,b3456,livM,branched chain amino acid/phenylalanine ABC transporter membrane subunit LivM,38.0,0.0,3.0,5.0
b3457,b3457,livH,branched chain amino acid/phenylalanine ABC transporter membrane subunit LivH,37.0,0.0,4.0,5.0
b3458,b3458,livK,L-leucine/L-phenylalanine ABC transporter periplasmic binding protein,41.0,0.0,1.0,4.0
b3459,b3459,yhhK,acetyl-CoA-bound PanD maturation factor // PanD maturation factor,30.0,3.0,12.0,1.0
b3462,b3462,ftsX,cell division protein FtsX,22.0,0.0,24.0,0.0
b3463,b3463,ftsE,cell division protein FtsE,8.0,7.0,31.0,0.0
b3465,b3465,yhhF,16S rRNA m<sup>2</sup>G966 methyltransferase,14.0,1.0,31.0,0.0
b3466,b3466,yhhL,DUF1145 domain-containing protein YhhL,42.0,0.0,2.0,2.0
b3467,b3467,yhhM,DUF2500 domain-containing protein YhhM,46.0,0.0,0.0,0.0
b3468,b3468,yhhN,PF07947 family protein YhhN,46.0,0.0,0.0,0.0
b3469,b3469,zntA,Zn<sup>2+</sup>/Cd<sup>2+</sup>/Pb<sup>2+</sup> exporting P-type ATPase,3.0,9.0,34.0,0.0
b3471,b3471,yhhQ,queuosine precursor transporter,46.0,0.0,0.0,0.0
b3472,b3472,b3472,periplasmic bacteriophage sensitivity protein DcrB,44.0,0.0,1.0,1.0
b3473,b3473,yhhS,putative transporter YhhS,46.0,0.0,0.0,0.0
b3474,b3474,yhhT,putative transporter YhhT,46.0,0.0,0.0,0.0
b3475,b3475,acpT,holo-[acyl carrier protein] synthase 2,46.0,0.0,0.0,0.0
b3476,b3476,nikA,Ni(2+) ABC transporter periplasmic binding protein,46.0,0.0,0.0,0.0
b3477,b3477,nikB,Ni(2+) ABC transporter membrane subunit NikB,46.0,0.0,0.0,0.0
b3478,b3478,nikC,Ni(2+) ABC transporter membrane subunit NikC,46.0,0.0,0.0,0.0
b3479,b3479,nikD,Ni(2+) ABC transporter ATP binding subunit NikD,46.0,0.0,0.0,0.0
b3480,b3480,nikE,Ni(2+) ABC transporter ATP binding subunit NikE,46.0,0.0,0.0,0.0
b3481,b3481,nikR,DNA-binding transcriptional repressor NikR,46.0,0.0,0.0,0.0
b3483,b3483,yhhH,PF15631 family protein YhhH,2.0,7.0,37.0,0.0
b3484,b3484,yhhI,putative transposase,46.0,0.0,0.0,0.0
b3485,b3485,yhhJ,ABC transporter family protein YhhJ,46.0,0.0,0.0,0.0
b3487,b3487,yhiI,putative membrane fusion protein YhiI,46.0,0.0,0.0,0.0
b3488,b3488,yhiJ,DUF4049 domain-containing protein YhiJ,46.0,0.0,0.0,0.0
b3491,b3491,yhiM,inner membrane protein YhiM,46.0,0.0,0.0,0.0
b3492,b3492,yhiN,putative oxidoreductase YhiN,45.0,0.0,0.0,1.0
b3493,b3493,pitA,metal phosphate:H<sup>+</sup> symporter PitA,29.0,3.0,11.0,3.0
b3494,b3494,yhiO,universal stress protein B,32.0,0.0,8.0,6.0
b3495,b3495,uspA,universal stress protein A,40.0,0.0,5.0,1.0
b3496,b3496,yhiP,dipeptide/tripeptide:H<sup>+</sup> symporter DtpB,44.0,0.0,1.0,1.0
b3497,b3497,yhiQ,16S rRNA m<sup>2</sup>G1516 methyltransferase,44.0,0.0,0.0,2.0
b3498,b3498,prlC,oligopeptidase A,46.0,0.0,0.0,0.0
b3499,b3499,yhiR,23S rRNA m<sup>6</sup>A2030 methyltransferase,46.0,0.0,0.0,0.0
b3500,b3500,gor,glutathione reductase (NADPH),29.0,0.0,9.0,8.0
b3501,b3501,arsR,DNA-binding transcriptional repressor ArsR,46.0,0.0,0.0,0.0
b3502,b3502,arsB,arsenite/antimonite:H<sup>+</sup> antiporter,46.0,0.0,0.0,0.0
b3503,b3503,arsC,arsenate reductase,46.0,0.0,0.0,0.0
b3504,b3504,yhiS,putative uncharacterized protein YhiS,37.0,0.0,9.0,0.0
b3506,b3506,slp,starvation lipoprotein,43.0,0.0,0.0,3.0
b3507,b3507,dctR,putative DNA-binding transcriptional regulator DctR,43.0,0.0,0.0,3.0
b3508,b3508,yhiD,inner membrane protein YhiD,46.0,0.0,0.0,0.0
b3509,b3509,hdeB,periplasmic acid stress chaperone HdeB,46.0,0.0,0.0,0.0
b3510,b3510,hdeA,periplasmic acid stress chaperone HdeA,46.0,0.0,0.0,0.0
b3511,b3511,hdeD,acid-resistance membrane protein,45.0,0.0,0.0,1.0
b3512,b3512,GadE,DNA-binding transcriptional activator GadE,37.0,0.0,2.0,7.0
b3513,b3513,mdtE,multidrug efflux pump membrane fusion protein MdtE,46.0,0.0,0.0,0.0
b3514,b3514,mdtF,multidrug efflux pump RND permease MdtF,46.0,0.0,0.0,0.0
b3515,b3515,gadW,DNA-binding transcriptional dual regulator GadW,46.0,0.0,0.0,0.0
b3516,b3516,gadX,DNA-binding transcriptional dual regulator GadX,45.0,0.0,0.0,1.0
b3517,b3517,gadA,glutamate decarboxylase A,46.0,0.0,0.0,0.0
b3518,b3518,yhjA,cytochrome <I>c</i> peroxidase,46.0,0.0,0.0,0.0
b3519,b3519,treF,cytoplasmic trehalase,45.0,0.0,1.0,0.0
b3520,b3520,yhjB,putative DNA-binding transcriptional regulator YhjB,46.0,0.0,0.0,0.0
b3521,b3521,yhjC,putative DNA-binding transcriptional regulator YhjC,44.0,0.0,1.0,1.0
b3522,b3522,yhjD,putative transporter YhjD,46.0,0.0,0.0,0.0
b3523,b3523,yhjE,putative transporter YhjE,40.0,0.0,0.0,6.0
b3524,b3524,yhjG,AsmA family protein YhjG,46.0,0.0,0.0,0.0
b3525,b3525,yhjH,c-di-GMP phosphodiesterase PdeH,46.0,0.0,0.0,0.0
b3526,b3526,kdgK,2-dehydro-3-deoxygluconokinase,43.0,2.0,1.0,0.0
b3527,b3527,yhjJ,peptidase M16 family protein YhjJ,37.0,0.0,9.0,0.0
b3528,b3528,dctA,C4 dicarboxylate/orotate:H<sup>+</sup> symporter,42.0,2.0,2.0,0.0
b3529,b3529,yhjK,c-di-GMP phosphodiesterase PdeK,43.0,0.0,3.0,0.0
b3531,b3531,bcsZ,"endo-1,4-D-glucanase",46.0,0.0,0.0,0.0
b3532,b3532,bcsB,cellulose synthase periplasmic subunit,46.0,0.0,0.0,0.0
b3533,b3533,yhjO,cellulose synthase catalytic subunit,46.0,0.0,0.0,0.0
b3534,b3534,yhjQ,cellulose biosynthesis protein,46.0,0.0,0.0,0.0
b3535,b3535,yhjR,PF10945 family protein YhjR,46.0,0.0,0.0,0.0
b3536,b3536,bcsE,c-di-GMP-binding protein BcsE,46.0,0.0,0.0,0.0
b3537,b3537,yhjT,putative cellulose biosynthesis protein BcsF,45.0,0.0,0.0,1.0
b3538,b3538,bcsG,cellulose phosphoethanolamine transferase,46.0,0.0,0.0,0.0
b3539,b3539,yhjV,putative transporter YhjV,46.0,0.0,0.0,0.0
b3540,b3540,dppF,dipeptide ABC transporter ATP binding subunit DppF,43.0,0.0,2.0,1.0
b3541,b3541,dppD,dipeptide ABC transporter ATP binding subunit DppD,44.0,0.0,2.0,0.0
b3542,b3542,dppC,dipeptide ABC transporter membrane subunit DppC,43.0,0.0,3.0,0.0
b3543,b3543,dppB,dipeptide ABC transporter membrane subunit DppB,44.0,0.0,2.0,0.0
b3544,b3544,dppA,dipeptide ABC transporter periplasmic binding protein,44.0,0.0,2.0,0.0
b3546,b3546,yhjW,phosphoethanolamine transferase EptB,46.0,0.0,0.0,0.0
b3547,b3547,yhjX,putative transporter YhjX,46.0,0.0,0.0,0.0
b3548,b3548,yhjY,putative outer membrane protein YhjY,46.0,0.0,0.0,0.0
b3549,b3549,tag,"3-methyl-adenine DNA glycosylase I, constitutive",46.0,0.0,0.0,0.0
b3550,b3550,yiaC,peptidyl-lysine <i>N</i>-acetyltransferase YiaC,46.0,0.0,0.0,0.0
b3551,b3551,bisC,biotin sulfoxide reductase,46.0,0.0,0.0,0.0
b3553,b3553,yiaE,glyoxylate reductase,45.0,0.0,1.0,0.0
b3554,b3554,yiaF,DUF3053 domain-containing protein YiaF,46.0,0.0,0.0,0.0
b3555,b3555,yiaG,putative DNA-binding transcriptional regulator YiaG,44.0,0.0,2.0,0.0
b3557,b3557,insJ,insertion element IS150 protein InsA,46.0,0.0,0.0,0.0
b3558,b3558,insK,IS150 conserved protein InsB,46.0,0.0,0.0,0.0
b3561,b3561,yiaH,<i>O</i>-acetyltransferase WecH,46.0,0.0,0.0,0.0
b3562,b3562,yiaA,PF05360 family inner membrane protein YiaA,46.0,0.0,0.0,0.0
b3563,b3563,yiaB,PF05360 family inner membrane protein YiaB,46.0,0.0,0.0,0.0
b3564,b3564,xylB,xylulokinase,44.0,1.0,1.0,0.0
b3565,b3565,xylA,xylose isomerase,44.0,1.0,1.0,0.0
b3566,b3566,xylF,xylose ABC transporter periplasmic binding protein,45.0,1.0,0.0,0.0
b3567,b3567,xylG,xylose ABC transporter ATP binding subunit,45.0,0.0,1.0,0.0
b3568,b3568,xylH,xylose ABC transporter membrane subunit,46.0,0.0,0.0,0.0
b3569,b3569,xylR,DNA-binding transcriptional dual regulator XylR,44.0,1.0,1.0,0.0
b3571,b3571,malS,alpha-amylase,46.0,0.0,0.0,0.0
b3573,b3573,yiaI,putative electron transport protein YsaA,46.0,0.0,0.0,0.0
b3574,b3574,yiaJ,DNA-binding transcriptional repressor PlaR,45.0,0.0,0.0,1.0
b3575,b3575,yiaK,"2,3-diketo-L-gulonate reductase",46.0,0.0,0.0,0.0
b3576,b3576,yiaL,DUF386 domain-containing protein YiaL,46.0,0.0,0.0,0.0
b3577,b3577,yiaM,"2,3-diketo-L-gulonate:Na<sup>+</sup> symporter - membrane subunit",46.0,0.0,0.0,0.0
b3579,b3579,yiaO,"2,3-diketo-L-gulonate:Na<sup>+</sup> symporter - periplasmic binding protein",46.0,0.0,0.0,0.0
b3580,b3580,lyxK,L-xylulose kinase,46.0,0.0,0.0,0.0
b3581,b3581,sgbH,3-keto-L-gulonate-6-phosphate decarboxylase SgbH,45.0,0.0,1.0,0.0
b3582,b3582,sgbU,putative L-xylulose 5-phosphate 3-epimerase,46.0,0.0,0.0,0.0
b3583,b3583,sgbE,L-ribulose-5-phosphate 4-epimerase SgbE,46.0,0.0,0.0,0.0
b3584,b3584,yiaT,outer membrane protein YiaT,46.0,0.0,0.0,0.0
b3585,b3585,yiaU,DNA-binding transcriptional activator YiaU,46.0,0.0,0.0,0.0
b3586,b3586,yiaV,putative membrane fusion protein YiaV,46.0,0.0,0.0,0.0
b3587,b3587,yiaW,DUF3302 domain-containing protein YiaW,46.0,0.0,0.0,0.0
b3588,b3588,aldB,aldehyde dehydrogenase B,46.0,0.0,0.0,0.0
b3590,b3590,selB,selenocysteyl-tRNA-specific translation elongation factor,46.0,0.0,0.0,0.0
b3591,b3591,selA,selenocysteine synthase,46.0,0.0,0.0,0.0
b3592,b3592,yibF,glutathione transferase-like protein YibF,46.0,0.0,0.0,0.0
b3593,b3593,rhsA,rhs element protein RhsA,46.0,0.0,0.0,0.0
b3594,b3594,yibA,putative lyase containing HEAT-repeat,46.0,0.0,0.0,0.0
b3597,b3597,yibH,inner membrane protein YibH,46.0,0.0,0.0,0.0
b3598,b3598,yibI,DUF3302 domain-containing protein YibI,46.0,0.0,0.0,0.0
b3599,b3599,mtlA,mannitol-specific PTS enzyme IICBA component,45.0,0.0,1.0,0.0
b3600,b3600,mtlD,mannitol-1-phosphate 5-dehydrogenase,45.0,1.0,0.0,0.0
b3601,b3601,mtlR,transcriptional repressor MtlR,30.0,2.0,14.0,0.0
b3602,b3602,yibL,DUF2810 domain-containing protein YibL,46.0,0.0,0.0,0.0
b3603,b3603,lldP,lactate/glycolate:H<sup>+</sup> symporter LldP,42.0,3.0,1.0,0.0
b3604,b3604,lldR,DNA-binding transcriptional dual regulator LldR,42.0,1.0,1.0,2.0
b3605,b3605,lldD,L-lactate dehydrogenase,43.0,0.0,2.0,1.0
b3606,b3606,yibK,tRNA (cytidine/uridine-2'-<i>O</i>)-ribose methyltransferase,46.0,0.0,0.0,0.0
b3609,b3609,secB,protein export chaperone SecB,12.0,2.0,32.0,0.0
b3610,b3610,grxC,oxidized glutaredoxin 3 // reduced glutaredoxin 3,45.0,0.0,0.0,1.0
b3611,b3611,yibN,putative sulfurtransferase YibN,31.0,0.0,1.0,14.0
b3612,b3612,gpmI,"2,3-bisphosphoglycerate-independent phosphoglycerate mutase",46.0,0.0,0.0,0.0
b3613,b3613,yibP,murein hydrolase activator EnvC,12.0,3.0,30.0,1.0
b3614,b3614,yibQ,divergent polysaccharide deacetylase domain-containing protein YibQ,46.0,0.0,0.0,0.0
b3615,b3615,yibD,UDP-glucuronate:LPS(HepIII) glycosyltransferase,46.0,0.0,0.0,0.0
b3616,b3616,tdh,threonine dehydrogenase,30.0,0.0,2.0,14.0
b3617,b3617,kbl,2-amino-3-ketobutyrate CoA ligase,41.0,0.0,2.0,3.0
b3618,b3618,htrL,protein HtrL,46.0,0.0,0.0,0.0
b3619,b3619,rfaD,ADP-L-glycero-D-mannoheptose 6-epimerase,1.0,22.0,23.0,0.0
b3620,b3620,rfaF,ADP-heptose&mdash;LPS heptosyltransferase 2,6.0,10.0,29.0,1.0
b3621,b3621,rfaC,ADP-heptose:LPS heptosyltransferase 1,2.0,20.0,23.0,1.0
b3622,b3622,rfaL,O-antigen ligase,45.0,0.0,1.0,0.0
b3623,b3623,rfaK,putative ADP-heptose:LPS heptosyltransferase 4,46.0,0.0,0.0,0.0
b3624,b3624,rfaZ,lipopolysaccharide core biosynthesis protein WaaZ,45.0,0.0,1.0,0.0
b3625,b3625,rfaY,lipopolysaccharide core heptose (II) kinase,43.0,0.0,3.0,0.0
b3626,b3626,rfaJ,"UDP-glucose:(glucosyl)LPS &alpha;-1,2-glucosyltransferase",45.0,0.0,1.0,0.0
b3627,b3627,rfaI,"UDP-D-glucose:(glucosyl)LPS &alpha;-1,3-glucosyltransferase",43.0,0.0,3.0,0.0
b3628,b3628,rfaB,"UDP-D-galactose:(glucosyl)lipopolysaccharide-1,6-D-galactosyltransferase",43.0,0.0,3.0,0.0
b3629,b3629,rfaS,lipopolysaccharide core biosynthesis protein WaaS,46.0,0.0,0.0,0.0
b3630,b3630,rfaP,lipopolysaccharide core heptose (I) kinase,10.0,8.0,27.0,1.0
b3631,b3631,rfaG,lipopolysaccharide glucosyltransferase I,15.0,5.0,26.0,0.0
b3632,b3632,rfaQ,lipopolysaccharide core heptosyltransferase 3,38.0,0.0,7.0,1.0
b3635,b3635,mutM,DNA-formamidopyrimidine glycosylase,46.0,0.0,0.0,0.0
b3636,b3636,rpmG,50S ribosomal subunit protein L33,34.0,0.0,6.0,6.0
b3638,b3638,radC,RadC-like JAB domain-containing protein YicR,46.0,0.0,0.0,0.0
b3641,b3641,ttk,nucleoid occlusion factor SlmA,44.0,0.0,2.0,0.0
b3642,b3642,pyrE,orotate phosphoribosyltransferase,4.0,42.0,0.0,0.0
b3643,b3643,rph,truncated RNase PH,37.0,0.0,0.0,9.0
b3644,b3644,yicC,putative RNase adaptor protein YicC,26.0,0.0,4.0,16.0
b3645,b3645,dinD,DNA damage-inducible protein D,46.0,0.0,0.0,0.0
b3646,b3646,yicG,PF03458 family inner membrane protein YicG,45.0,0.0,0.0,1.0
b3647,b3647,yicF,DNA ligase B,46.0,0.0,0.0,0.0
b3649,b3649,rpoZ,RNA polymerase subunit &omega;,17.0,3.0,22.0,4.0
b3650,b3650,spoT,bifunctional (p)ppGpp synthase/hydrolase SpoT,5.0,25.0,16.0,0.0
b3651,b3651,trmH,tRNA (Gm18) 2'-O-methyltransferase,45.0,0.0,1.0,0.0
b3652,b3652,recG,ATP-dependent DNA helicase RecG,38.0,0.0,8.0,0.0
b3653,b3653,gltS,glutamate:sodium symporter,46.0,0.0,0.0,0.0
b3654,b3654,yicE,xanthine:H+ symporter XanP,46.0,0.0,0.0,0.0
b3655,b3655,yicH,AsmA family protein YicH,46.0,0.0,0.0,0.0
b3656,b3656,yicI,&alpha;-D-xyloside xylohydrolase,46.0,0.0,0.0,0.0
b3657,b3657,yicJ,putative xyloside transporter YicJ,46.0,0.0,0.0,0.0
b3659,b3659,setC,putative arabinose exporter,46.0,0.0,0.0,0.0
b3660,b3660,yicL,putative transporter YicL,46.0,0.0,0.0,0.0
b3661,b3661,nlpA,lipoprotein-28,46.0,0.0,0.0,0.0
b3662,b3662,nepI,purine ribonucleoside exporter,46.0,0.0,0.0,0.0
b3663,b3663,yicN,DUF1198 domain-containing protein YicN,46.0,0.0,0.0,0.0
b3664,b3664,yicO,adenine transporter,46.0,0.0,0.0,0.0
b3665,b3665,ade,adenine deaminase,46.0,0.0,0.0,0.0
b3666,b3666,uhpT,hexose-6-phosphate:phosphate antiporter,41.0,0.0,5.0,0.0
b3667,b3667,uhpC,UhpC-glucose-6-P // inner membrane protein sensing glucose-6-phosphate,45.0,0.0,1.0,0.0
b3668,b3668,uhpB,UhpB-<i>N</i>-phospho-L-histidine // sensor histidine kinase UhpB,45.0,0.0,1.0,0.0
b3669,b3669,uhpA,UhpA-Phosphorylated // DNA-binding transcriptional activator UhpA,45.0,0.0,1.0,0.0
b3670,b3670,ilvN,acetohydroxy acid synthase I subunit IlvN,16.0,4.0,22.0,4.0
b3671,b3671,ilvB,acetohydroxy acid synthase I subunit IlvB,7.0,27.0,10.0,2.0
b3672,b3672,ivbL,<i>ilvBN</i> operon leader peptide,13.0,4.0,22.0,7.0
b3673,b3673,emrD,multidrug efflux pump EmrD,43.0,0.0,3.0,0.0
b3674,b3674,yidF,uncharacterized protein YidF,46.0,0.0,0.0,0.0
b3675,b3675,yidG,inner membrane protein YidG,34.0,2.0,10.0,0.0
b3676,b3676,yidH,DUF202 domain-containing inner membrane protein YidH,39.0,1.0,5.0,1.0
b3677,b3677,yidI,putative inner membrane protein YidI,43.0,0.0,2.0,1.0
b3678,b3678,yidJ,putative sulfatase/phosphatase YidJ,46.0,0.0,0.0,0.0
b3679,b3679,yidK,putative transporter YidK,46.0,0.0,0.0,0.0
b3680,b3680,yidL,putative DNA-binding transcriptional regulator YidL,46.0,0.0,0.0,0.0
b3684,b3684,yidP,putative DNA-binding transcriptional regulator YidP,46.0,0.0,0.0,0.0
b3685,b3685,yidE,putative transport protein YidE,46.0,0.0,0.0,0.0
b3686,b3686,ibpB,small heat shock protein IbpB,40.0,0.0,0.0,6.0
b3687,b3687,ibpA,small heat shock protein IbpA,45.0,0.0,0.0,1.0
b3688,b3688,yidQ,DUF1375 domain-containing putative lipoprotein YidQ,46.0,0.0,0.0,0.0
b3689,b3689,yidR,DUF3748 domain-containing galacturonate catabolism protein YidR,46.0,0.0,0.0,0.0
b3690,b3690,yidS,colicin M resistance protein,46.0,0.0,0.0,0.0
b3691,b3691,dgoT,D-galactonate:H<sup>+</sup> symporter,46.0,0.0,0.0,0.0
b3693,b3693,dgoK,2-dehydro-3-deoxygalactonokinase,46.0,0.0,0.0,0.0
b3697,b3697,yidA,sugar phosphatase YidA,46.0,0.0,0.0,0.0
b3698,b3698,yidB,DUF937 domain-containing protein YidB,46.0,0.0,0.0,0.0
b3700,b3700,recF,recombination mediator protein RecF,46.0,0.0,0.0,0.0
b3706,b3706,trmE,5-carboxymethylaminomethyluridine-tRNA synthase GTPase subunit,5.0,30.0,10.0,1.0
b3708,b3708,tnaA,tryptophanase,44.0,0.0,0.0,2.0
b3709,b3709,tnaB,tryptophan:H+ symporter TnaB,45.0,0.0,0.0,1.0
b3710,b3710,mdtL,efflux pump MdtL,46.0,0.0,0.0,0.0
b3711,b3711,yidZ,DNA-binding transcriptional dual regulator YidZ,46.0,0.0,0.0,0.0
b3712,b3712,yieE,putative phosphopantetheinyl transferase,45.0,0.0,1.0,0.0
b3713,b3713,yieF,quinone reductase,46.0,0.0,0.0,0.0
b3714,b3714,yieG,adenine:H<sup>+</sup> symporter,46.0,0.0,0.0,0.0
b3715,b3715,yieH,6-phosphogluconate phosphatase,46.0,0.0,0.0,0.0
b3716,b3716,yieI,putative inner membrane protein,45.0,0.0,0.0,1.0
b3717,b3717,cbrC,PF03691 family colicin E2 tolerance protein CbrC,46.0,0.0,0.0,0.0
b3719,b3719,yieL,putative hydrolase YieL,46.0,0.0,0.0,0.0
b3720,b3720,bglH,"carbohydrate-specific outer membrane porin, cryptic",46.0,0.0,0.0,0.0
b3721,b3721,bglB,6-phospho-&beta;-glucosidase B,46.0,0.0,0.0,0.0
b3722,b3722,bglF,&beta;-glucoside specific PTS enzyme II / BglG kinase / BglG phosphatase,46.0,0.0,0.0,0.0
b3723,b3723,bglG,transcriptional antiterminator BglG,46.0,0.0,0.0,0.0
b3725,b3725,pstB,phosphate ABC transporter ATP binding subunit,0.0,28.0,17.0,1.0
b3726,b3726,pstA,phosphate ABC transporter membrane subunit PstA,0.0,14.0,31.0,1.0
b3727,b3727,pstC,phosphate ABC transporter membrane subunit PstC,3.0,3.0,39.0,1.0
b3728,b3728,pstS,phosphate ABC transporter periplasmic binding protein,1.0,37.0,8.0,0.0
b3739,b3739,atpI,ATP synthase accessory factor AtpI,44.0,0.0,2.0,0.0
b3740,b3740,gidB,16S rRNA m<sup>7</sup>G527 methyltransferase,30.0,0.0,1.0,15.0
b3741,b3741,gidA,5-carboxymethylaminomethyluridine-tRNA synthase subunit MnmG,4.0,34.0,7.0,1.0
b3742,b3742,mioC,flavoprotein MioC,40.0,0.0,3.0,3.0
b3743,b3743,asnC,DNA-binding transcriptional dual regulator AsnC,46.0,0.0,0.0,0.0
b3744,b3744,asnA,asparagine synthetase A,46.0,0.0,0.0,0.0
b3746,b3746,yieN,regulatory ATPase RavA,45.0,0.0,1.0,0.0
b3748,b3748,rbsD,D-ribose pyranase,45.0,1.0,0.0,0.0
b3749,b3749,rbsA,ribose ABC transporter ATP binding subunit,41.0,0.0,0.0,5.0
b3750,b3750,rbsC,ribose ABC transporter membrane subunit,41.0,0.0,1.0,4.0
b3751,b3751,rbsB,ribose ABC transporter periplasmic binding protein,42.0,0.0,1.0,3.0
b3752,b3752,rbsK,ribokinase,32.0,1.0,0.0,13.0
b3753,b3753,rbsR,DNA-binding transcriptional dual regulator RbsR,10.0,0.0,0.0,36.0
b3754,b3754,hsrA,putative transporter HsrA,46.0,0.0,0.0,0.0
b3764,b3764,yifE,macrodomain Ori protein,6.0,17.0,23.0,0.0
b3765,b3765,yifB,putative magnesium chelatase YifB,46.0,0.0,0.0,0.0
b3766,b3766,ilvL,<i>ilvXGMEDA</i> operon leader peptide,38.0,0.0,4.0,4.0
b3769,b3769,ilvM,acetolactate synthase II subunit IlvM,22.0,0.0,1.0,23.0
b3772,b3772,ilvA,threonine deaminase,5.0,39.0,2.0,0.0
b3773,b3773,ilvY,DNA-binding transcriptional dual regulator IlvY,6.0,18.0,22.0,0.0
b3774,b3774,ilvC,ketol-acid reductoisomerase (NADP<sup>+</sup>),5.0,40.0,1.0,0.0
b3775,b3775,ppiC,peptidyl-prolyl <i>cis-trans</i> isomerase C,45.0,0.0,1.0,0.0
b3780,b3780,rhlB,ATP-dependent RNA helicase RhlB,40.0,1.0,3.0,2.0
b3781,b3781,trxA,oxidized thioredoxin // thioredoxin 1,2.0,18.0,26.0,0.0
b3784,b3784,rfe,UDP-<i>N</i>-acetylglucosamine&mdash;undecaprenyl-phosphate <i>N</i>-acetylglucosaminephosphotransferase,37.0,0.0,8.0,1.0
b3785,b3785,wzzE,enterobacterial common antigen polysaccharide co-polymerase,46.0,0.0,0.0,0.0
b3789,b3789,rffH,glucose-1-phosphate thymidylyltransferase 2,46.0,0.0,0.0,0.0
b3791,b3791,rffA,dTDP-4-dehydro-6-deoxy-D-glucose transaminase,16.0,6.0,24.0,0.0
b3792,b3792,wzxE,lipid III<sub>ECA</sub> flippase,11.0,7.0,28.0,0.0
b3794,b3794,rffM,UDP-N-acetyl-D-mannosaminuronic acid transferase,23.0,2.0,21.0,0.0
b3801,b3801,aslA,putative sulfatase AslA,46.0,0.0,0.0,0.0
b3802,b3802,hemY,protein HemY,46.0,0.0,0.0,0.0
b3803,b3803,hemX,PF04375 family protein HemX,42.0,0.0,3.0,1.0
b3806,b3806,cyaA,adenylate cyclase,17.0,11.0,8.0,10.0
b3807,b3807,cyaY,frataxin CyaY,32.0,1.0,13.0,0.0
b3810,b3810,yigA,DUF484 domain-containing protein YigA,46.0,0.0,0.0,0.0
b3811,b3811,xerC,site-specific tyrosine recombinase,0.0,4.0,42.0,0.0
b3812,b3812,yigB,5-amino-6-(5-phospho-D-ribitylamino)uracil phosphatase,44.0,0.0,0.0,2.0
b3813,b3813,uvrD,DNA helicase II,46.0,0.0,0.0,0.0
b3816,b3816,corA,Ni<sup>2+</sup>/Co<sup>2+</sup>/Mg<sup>2+</sup> transporter,43.0,0.0,2.0,1.0
b3817,b3817,yigF,DUF2628 domain-containing protein YigF,46.0,0.0,0.0,0.0
b3820,b3820,yigI,acyl-CoA thioesterase YigI,46.0,0.0,0.0,0.0
b3821,b3821,pldA,outer membrane phospholipase A,46.0,0.0,0.0,0.0
b3827,b3827,yigM,biotin transporter,46.0,0.0,0.0,0.0
b3828,b3828,metR,DNA-binding transcriptional dual regulator MetR,5.0,41.0,0.0,0.0
b3829,b3829,metE,cobalamin-independent homocysteine transmethylase,5.0,41.0,0.0,0.0
b3831,b3831,udp,uridine phosphorylase,46.0,0.0,0.0,0.0
b3832,b3832,rmuC,putative recombination limiting protein RmuC,46.0,0.0,0.0,0.0
b3834,b3834,yigP,ubiquinone biosynthesis accessory factor UbiJ,45.0,0.0,1.0,0.0
b3836,b3836,b3836,twin arginine protein translocation system - TatA protein,43.0,0.0,1.0,2.0
b3839,b3839,tatC,twin arginine protein translocation system - TatC protein,5.0,11.0,30.0,0.0
b3842,b3842,rfaH,transcription antiterminator RfaH,21.0,5.0,19.0,1.0
b3844,b3844,fre,NAD(P)H-flavin reductase,4.0,19.0,22.0,1.0
b3846,b3846,fadB,"multifunctional enoyl-CoA hydratase, 3-hydroxyacyl-CoA epimerase, &Delta;<sup>3</sup>-<i>cis</i>- &Delta;<sup>2</sup>-<i>trans</i>-enoyl-CoA isomerase, L-3-hydroxyacyl-CoA dehydrogenase",46.0,0.0,0.0,0.0
b3847,b3847,pepQ,Xaa-Pro dipeptidase,46.0,0.0,0.0,0.0
b3848,b3848,yigZ,IMPACT family member YigZ,46.0,0.0,0.0,0.0
b3856,b3856,mobB,molybdopterin-guanine dinucleotide biosynthesis adaptor protein,46.0,0.0,0.0,0.0
b3857,b3857,mobA,molybdenum cofactor guanylyltransferase,42.0,0.0,0.0,4.0
b3858,b3858,yihD,DUF1040 domain-containing protein YihD,42.0,0.0,4.0,0.0
b3859,b3859,yihE,stress response kinase A,44.0,0.0,1.0,1.0
b3860,b3860,dsbA,thiol:disulfide oxidoreductase - DsbA<sub>oxidized</sub> // thiol:disulfide oxidoreductase DsbA,27.0,3.0,16.0,0.0
b3861,b3861,yihF,DUF945 domain-containing protein YihF,46.0,0.0,0.0,0.0
b3862,b3862,yihG,1-acylglycerol-3-phosphate <i>O</i>-acyltransferase YihG,46.0,0.0,0.0,0.0
b3863,b3863,polA,DNA polymerase I,18.0,0.0,26.0,2.0
b3866,b3866,yihI,Der GTPase-activating protein YihI,43.0,0.0,0.0,3.0
b3867,b3867,hemN,coproporphyrinogen III dehydrogenase,38.0,1.0,6.0,1.0
b3868,b3868,glnG,DNA-binding transcriptional dual regulator NtrC,27.0,10.0,5.0,4.0
b3869,b3869,glnL,protein histidine kinase NtrB,33.0,2.0,11.0,0.0
b3870,b3870,glnA,adenylyl-[glutamine synthetase] // glutamine synthetase,1.0,38.0,7.0,0.0
b3872,b3872,yihL,putative DNA-binding transcriptional regulator YihL,46.0,0.0,0.0,0.0
b3873,b3873,yihM,putative TIM barrel domain-containing protein YihM,46.0,0.0,0.0,0.0
b3874,b3874,yihN,putative transporter YihN,46.0,0.0,0.0,0.0
b3875,b3875,ompL,putative outer membrane porin L,46.0,0.0,0.0,0.0
b3877,b3877,yihP,"putative 2,3-dihydroxypropane-1-sulfonate export protein",43.0,0.0,0.0,3.0
b3878,b3878,yihQ,sulfoquinovosidase,46.0,0.0,0.0,0.0
b3879,b3879,yihR,putative sulfoquinovose mutarotase YihR,46.0,0.0,0.0,0.0
b3880,b3880,yihS,sulfoquinovose isomerase,46.0,0.0,0.0,0.0
b3881,b3881,yihT,6-deoxy-6-sulfofructose-1-phosphate aldolase,41.0,0.0,0.0,5.0
b3882,b3882,yihU,3-sulfolactaldehyde reductase,43.0,0.0,0.0,3.0
b3883,b3883,yihV,6-deoxy-6-sulfofructose kinase,46.0,0.0,0.0,0.0
b3884,b3884,yihW,DNA-binding transcriptional dual regulator CsqR,40.0,0.0,2.0,4.0
b3885,b3885,yihX,&alpha;-D-glucose-1-phosphate phosphatase YihX,46.0,0.0,0.0,0.0
b3886,b3886,rbn,PF03631 family membrane protein YihY,46.0,0.0,0.0,0.0
b3887,b3887,dtd,D-aminoacyl-tRNA deacylase,46.0,0.0,0.0,0.0
b3888,b3888,yiiD,putative fatty acid biosynthesis enzyme FabY,39.0,1.0,4.0,2.0
b3889,b3889,yiiE,putative DNA-binding transcriptional regulator YiiE,46.0,0.0,0.0,0.0
b3890,b3890,yiiF,protein YiiF,46.0,0.0,0.0,0.0
b3891,b3891,fdhE,formate dehydrogenase formation protein,46.0,0.0,0.0,0.0
b3892,b3892,fdoI,formate dehydrogenase O subunit &gamma;,46.0,0.0,0.0,0.0
b3893,b3893,fdoH,formate dehydrogenase O subunit &beta;,46.0,0.0,0.0,0.0
b3894,b3894,fdoG,formate dehydrogenase O subunit &alpha;,46.0,0.0,0.0,0.0
b3895,b3895,fdhD,sulfurtransferase for molybdenum cofactor sulfuration,46.0,0.0,0.0,0.0
b3896,b3896,yiiG,DUF3829 domain-containing lipoprotein YiiG,46.0,0.0,0.0,0.0
b3897,b3897,frvR,putative DNA-binding transcriptional regulator FrvR,46.0,0.0,0.0,0.0
b3898,b3898,frvX,peptidase M42 family protein FrvX,45.0,0.0,0.0,1.0
b3899,b3899,frvB,putative PTS enzyme IIBC component FrvB,46.0,0.0,0.0,0.0
b3900,b3900,frvA,putative PTS enzyme IIA component FrvA,46.0,0.0,0.0,0.0
b3901,b3901,yiiL,L-rhamnose mutarotase,46.0,0.0,0.0,0.0
b3902,b3902,rhaD,rhamnulose-1-phosphate aldolase,46.0,0.0,0.0,0.0
b3905,b3905,rhaS,DNA-binding transcriptional activator RhaS,46.0,0.0,0.0,0.0
b3906,b3906,rhaR,DNA-binding transcriptional activator RhaR,46.0,0.0,0.0,0.0
b3907,b3907,rhaT,rhamnose/lyxose:H<sup>+</sup> symporter,46.0,0.0,0.0,0.0
b3908,b3908,sodA,superoxide dismutase (Mn),39.0,0.0,7.0,0.0
b3909,b3909,kdgT,2-dehydro-3-deoxy-D-gluconate:H<sup>+</sup> symporter,46.0,0.0,0.0,0.0
b3910,b3910,yiiM,6-hydroxyaminopurine reductase,46.0,0.0,0.0,0.0
b3911,b3911,cpxA,sensor histidine kinase CpxA,33.0,1.0,5.0,7.0
b3912,b3912,cpxR,CpxR-phosphorylated // DNA-binding transcriptional dual regulator CpxR,37.0,2.0,3.0,4.0
b3915,b3915,fieF,Zn<sup>2+</sup>/Fe<sup>2+</sup>/Cd<sup>2+</sup> exporter,44.0,0.0,2.0,0.0
b3916,b3916,pfkA,6-phosphofructokinase 1,8.0,23.0,14.0,1.0
b3917,b3917,sbp,sulfate/thiosulfate ABC transporter periplasmic binding protein Sbp,46.0,0.0,0.0,0.0
b3918,b3918,cdh,CDP-diacylglycerol diphosphatase,46.0,0.0,0.0,0.0
b3920,b3920,yiiQ,DUF1454 domain-containing protein YiiQ,35.0,0.0,11.0,0.0
b3921,b3921,yiiR,DUF805 domain-containing protein YiiR,46.0,0.0,0.0,0.0
b3922,b3922,yiiS,DUF406 domain-containing protein YiiS,46.0,0.0,0.0,0.0
b3923,b3923,yiiT,universal stress protein D,46.0,0.0,0.0,0.0
b3924,b3924,fpr,flavodoxin/ferredoxin-NADP<sup>+</sup> reductase,44.0,0.0,2.0,0.0
b3925,b3925,glpX,"fructose-1,6-bisphosphatase 2",46.0,0.0,0.0,0.0
b3926,b3926,glpK,glycerol kinase,35.0,0.0,9.0,2.0
b3927,b3927,glpF,glycerol facilitator,43.0,0.0,1.0,2.0
b3928,b3928,yiiU,cell division factor ZapB,43.0,0.0,1.0,2.0
b3929,b3929,rraA,ribonuclease E inhibitor protein A,14.0,0.0,0.0,32.0
b3930,b3930,menA,"1,4-dihydroxy-2-naphthoate octaprenyltransferase",44.0,1.0,1.0,0.0
b3931,b3931,hslU,ATPase component of the HslVU protease,45.0,0.0,1.0,0.0
b3932,b3932,hslV,peptidase component of the HslVU protease,45.0,0.0,1.0,0.0
b3933,b3933,ftsN,cell division protein FtsN,33.0,0.0,2.0,11.0
b3934,b3934,cytR,DNA-binding transcriptional repressor CytR,40.0,1.0,5.0,0.0
b3935,b3935,priA,primosomal protein N',29.0,0.0,17.0,0.0
b3937,b3937,yiiX,putative lipid-binding hydrolase YiiX,46.0,0.0,0.0,0.0
b3939,b3939,metB,<i>O</i>-succinylhomoserine(thiol)-lyase / <i>O</i>-succinylhomoserine lyase,7.0,34.0,5.0,0.0
b3940,b3940,metL,fused aspartate kinase/homoserine dehydrogenase 2,42.0,0.0,3.0,1.0
b3941,b3941,metF,"5,10-methylenetetrahydrofolate reductase",5.0,41.0,0.0,0.0
b3942,b3942,katG,catalase/hydroperoxidase HPI,46.0,0.0,0.0,0.0
b3943,b3943,yijE,cystine exporter,46.0,0.0,0.0,0.0
b3944,b3944,yijF,DUF1287 domain-containing protein YijF,46.0,0.0,0.0,0.0
b3945,b3945,gldA,"L-1,2-propanediol dehydrogenase / glycerol dehydrogenase",46.0,0.0,0.0,0.0
b3946,b3946,fsaB,fructose-6-phosphate aldolase 2,44.0,0.0,2.0,0.0
b3949,b3949,frwC,putative PTS enzyme IIC component FrwC,46.0,0.0,0.0,0.0
b3950,b3950,frwB,putative PTS enzyme IIB component FrwB,43.0,0.0,1.0,2.0
b3951,b3951,pflD,putative formate acetyltransferase 2,46.0,0.0,0.0,0.0
b3952,b3952,pflC,putative pyruvate formate-lyase 2 activating enzyme PflC,46.0,0.0,0.0,0.0
b3953,b3953,frwD,putative PTS enzyme IIB component FrwD,46.0,0.0,0.0,0.0
b3954,b3954,yijO,putative DNA-binding transcriptional regulator YijO,46.0,0.0,0.0,0.0
b3955,b3955,yijP,phosphoethanolamine transferase EptC,46.0,0.0,0.0,0.0
b3956,b3956,ppc,phosphoenolpyruvate carboxylase,11.0,30.0,4.0,1.0
b3957,b3957,argE,acetylornithine deacetylase,6.0,38.0,2.0,0.0
b3958,b3958,argC,N-acetylglutamylphosphate reductase,6.0,37.0,3.0,0.0
b3959,b3959,argB,acetylglutamate kinase,6.0,38.0,2.0,0.0
b3960,b3960,argH,argininosuccinate lyase,5.0,40.0,0.0,1.0
b3961,b3961,oxyR,DNA-binding transcriptional dual regulator OxyR,32.0,3.0,11.0,0.0
b3962,b3962,udhA,soluble pyridine nucleotide transhydrogenase,3.0,19.0,24.0,0.0
b3963,b3963,fabR,DNA-binding transcriptional repressor FabR,46.0,0.0,0.0,0.0
b3964,b3964,yijD,DUF1422 domain-containing inner membrane protein YijD,46.0,0.0,0.0,0.0
b3965,b3965,trmA,tRNA m<sup>5</sup>U54 methyltransferase,44.0,0.0,2.0,0.0
b3966,b3966,btuB,cobalamin outer membrane transporter,41.0,0.0,5.0,0.0
b3973,b3973,birA,DNA-binding transcriptional repressor/biotin-[acetyl-CoA-carboxylase] ligase BirA,38.0,0.0,5.0,3.0
b3989,b3989,htrC,protein YjaZ,46.0,0.0,0.0,0.0
b3990,b3990,thiH,2-iminoacetate synthase,10.0,4.0,32.0,0.0
b3991,b3991,thiG,1-deoxy-D-xylulose 5-phosphate:thiol sulfurtransferase,9.0,8.0,29.0,0.0
b3992,b3992,thiF,sulfur carrier protein ThiS adenylyltransferase,7.0,7.0,32.0,0.0
b3993,b3993,thiE,thiamine phosphate synthase,6.0,11.0,29.0,0.0
b3994,b3994,thiC,phosphomethylpyrimidine synthase,7.0,6.0,33.0,0.0
b3995,b3995,rsd,regulator of sigma D,41.0,0.0,0.0,5.0
b3998,b3998,nfi,endonuclease V,42.0,0.0,0.0,4.0
b3999,b3999,yjaG,DUF416 domain-containing protein YjaG,44.0,0.0,0.0,2.0
b4000,b4000,hupA,DNA-binding protein HU-&alpha;,28.0,1.0,4.0,13.0
b4001,b4001,yjaH,DUF1481 domain-containing protein YjaH,46.0,0.0,0.0,0.0
b4002,b4002,yjaI,signaling pathway modulator ZraP,44.0,0.0,0.0,2.0
b4003,b4003,zraS,ZraS-<i>N</i>-phospho-L-histidine // sensor histidine kinase ZraS,46.0,0.0,0.0,0.0
b4004,b4004,zraR,DNA-binding transcriptional activator ZraR-phosphorylated // DNA-binding transcriptional activator ZraR,46.0,0.0,0.0,0.0
b4005,b4005,purD,phosphoribosylamine--glycine ligase,4.0,41.0,1.0,0.0
b4006,b4006,purH,bifunctional AICAR transformylase/IMP cyclohydrolase,2.0,42.0,1.0,1.0
b4011,b4011,yjaA,stress response protein,46.0,0.0,0.0,0.0
b4012,b4012,yjaB,peptidyl-lysine <i>N</i>-acetyltransferase YjaB,38.0,0.0,8.0,0.0
b4013,b4013,metA,homoserine <i>O</i>-succinyltransferase,11.0,26.0,9.0,0.0
b4014,b4014,aceB,malate synthase A,36.0,0.0,1.0,9.0
b4015,b4015,aceA,isocitrate lyase,38.0,1.0,1.0,6.0
b4016,b4016,aceK,isocitrate dehydrogenase kinase/phosphatase,43.0,0.0,0.0,3.0
b4017,b4017,arpA,regulator of acetyl CoA synthetase,42.0,0.0,4.0,0.0
b4018,b4018,iclR,DNA-binding transcriptional repressor IclR,15.0,5.0,26.0,0.0
b4019,b4019,metH,cobalamin-dependent methionine synthase,46.0,0.0,0.0,0.0
b4020,b4020,yjbB,putative inorganic phosphate export protein YjbB,44.0,1.0,1.0,0.0
b4021,b4021,pepE,peptidase E,46.0,0.0,0.0,0.0
b4022,b4022,yjbC,23S rRNA pseudouridine<sup>2604</sup> and tRNA<sup>Tyr</sup> pseudouridine<sup>35</sup> synthase,45.0,0.0,0.0,1.0
b4023,b4023,yjbD,DUF3811 domain-containing protein YjbD,46.0,0.0,0.0,0.0
b4024,b4024,lysC,aspartate kinase III,37.0,0.0,8.0,1.0
b4025,b4025,pgi,glucose-6-phosphate isomerase,15.0,4.0,24.0,3.0
b4026,b4026,yjbE,uncharacterized protein YjbE,46.0,0.0,0.0,0.0
b4027,b4027,yjbF,lipoprotein YjbF,46.0,0.0,0.0,0.0
b4028,b4028,yjbG,capsule biosynthesis GfcC family protein YjbG,46.0,0.0,0.0,0.0
b4029,b4029,yjbH,putative lipoprotein YjbH,46.0,0.0,0.0,0.0
b4030,b4030,yjbA,putative phosphate starvation-inducible protein PsiE,44.0,0.0,0.0,2.0
b4031,b4031,xylE,D-xylose:H<sup>+</sup> symporter,46.0,0.0,0.0,0.0
b4032,b4032,malG,maltose ABC transporter membrane subunit MalG,42.0,1.0,0.0,3.0
b4033,b4033,malF,maltose ABC transporter membrane subunit MalF,45.0,1.0,0.0,0.0
b4034,b4034,malE,maltose ABC transporter periplasmic binding protein,45.0,1.0,0.0,0.0
b4035,b4035,malK,maltose ABC transporter ATP binding subunit,43.0,1.0,2.0,0.0
b4036,b4036,lamB,maltose outer membrane channel / phage lambda receptor protein,46.0,0.0,0.0,0.0
b4037,b4037,malM,maltose regulon periplasmic protein,46.0,0.0,0.0,0.0
b4039,b4039,ubiC,chorismate lyase,44.0,0.0,2.0,0.0
b4041,b4041,plsB,glycerol-3-phosphate 1-<i>O</i>-acyltransferase,29.0,0.0,17.0,0.0
b4042,b4042,dgkA,diacylglycerol kinase,12.0,11.0,21.0,2.0
b4044,b4044,dinF,DNA damage-inducible protein F,46.0,0.0,0.0,0.0
b4045,b4045,yjbJ,putative stress response protein YjbJ,35.0,0.0,11.0,0.0
b4046,b4046,yjbK,DNA-binding transcriptional repressor Zur,41.0,0.0,3.0,2.0
b4048,b4048,yjbM,DUF2713 domain-containing protein YjbM,42.0,0.0,4.0,0.0
b4049,b4049,dusA,tRNA-dihydrouridine synthase A,41.0,0.0,0.0,5.0
b4050,b4050,yjbO,phage shock protein G,46.0,0.0,0.0,0.0
b4051,b4051,qor,putative quinone oxidoreductase 1,46.0,0.0,0.0,0.0
b4053,b4053,alr,alanine racemase 1,46.0,0.0,0.0,0.0
b4054,b4054,tyrB,tyrosine aminotransferase,36.0,0.0,10.0,0.0
b4055,b4055,aphA,acid phosphatase / phosphotransferase,46.0,0.0,0.0,0.0
b4056,b4056,yjbQ,PF01894 family protein YjbQ,43.0,0.0,2.0,1.0
b4057,b4057,yjbR,PF04237 family protein YjbR,44.0,0.0,2.0,0.0
b4058,b4058,uvrA,UvrABC excision nuclease subunit A,45.0,0.0,1.0,0.0
b4060,b4060,yjcB,uncharacterized protein YjcB,46.0,0.0,0.0,0.0
b4061,b4061,yjcC,c-di-GMP phosphodiesterase PdeC,46.0,0.0,0.0,0.0
b4062,b4062,soxS,DNA-binding transcriptional dual regulator SoxS,46.0,0.0,0.0,0.0
b4063,b4063,soxR,DNA-binding transcriptional dual regulator SoxR,45.0,0.0,1.0,0.0
b4064,b4064,yjcD,guanine/hypoxanthine transporter GhxP,45.0,0.0,0.0,1.0
b4065,b4065,yjcE,putative transporter YjcE,46.0,0.0,0.0,0.0
b4066,b4066,yjcF,pentapeptide repeat-containing protein YjcF,45.0,0.0,1.0,0.0
b4067,b4067,actP,acetate/glycolate:cation symporter,44.0,0.0,1.0,1.0
b4068,b4068,yjcH,DUF485 domain-containing inner membrane protein YjcH,40.0,0.0,6.0,0.0
b4069,b4069,acs,acetyl-CoA synthetase (AMP-forming),42.0,0.0,4.0,0.0
b4070,b4070,nrfA,cytochrome <i>c</i><sub>552</sub> nitrite reductase,46.0,0.0,0.0,0.0
b4071,b4071,nrfB,periplasmic nitrite reductase penta-heme <i>c</i>-type cytochrome,32.0,0.0,0.0,14.0
b4072,b4072,nrfC,putative menaquinol-cytochrome <i>c</i> reductase 4Fe-4S subunit,46.0,0.0,0.0,0.0
b4073,b4073,nrfD,putative menaquinol-cytochrome <i>c</i> reductase subunit NrfD,46.0,0.0,0.0,0.0
b4074,b4074,nrfE,putative cytochrome c-type biogenesis protein NrfE,46.0,0.0,0.0,0.0
b4075,b4075,nrfF,putative formate-dependent nitrite reductase complex subunit NrfF,43.0,0.0,3.0,0.0
b4076,b4076,nrfG,putative formate-dependent nitrite reductase complex subunit NrfG,46.0,0.0,0.0,0.0
b4077,b4077,gltP,glutamate/aspartate : H<sup>+</sup> symporter GltP,46.0,0.0,0.0,0.0
b4078,b4078,yjcO,Sel1 repeat-containing protein YjcO,45.0,0.0,0.0,1.0
b4079,b4079,fdhF,formate dehydrogenase H,46.0,0.0,0.0,0.0
b4080,b4080,yjcP,putative multidrug efflux pump outer membrane channel,46.0,0.0,0.0,0.0
b4081,b4081,yjcQ,putative multidrug efflux pump subunit MdtO,46.0,0.0,0.0,0.0
b4082,b4082,yjcR,putative multidrug efflux pump membrane fusion protein,46.0,0.0,0.0,0.0
b4083,b4083,yjcS,linear primary-alkylsulfatase,46.0,0.0,0.0,0.0
b4084,b4084,alsK,D-allose kinase,46.0,0.0,0.0,0.0
b4085,b4085,alsE,D-allulose-6-phosphate 3-epimerase,46.0,0.0,0.0,0.0
b4086,b4086,alsC,D-allose ABC transporter membrane subunit,46.0,0.0,0.0,0.0
b4087,b4087,alsA,D-allose ABC transporter ATP binding subunit,46.0,0.0,0.0,0.0
b4088,b4088,alsB,D-allose ABC transporter periplasmic binding protein,46.0,0.0,0.0,0.0
b4089,b4089,rpiR,DNA-binding transcriptional repressor AlsR,45.0,0.0,1.0,0.0
b4090,b4090,rpiB,allose-6-phosphate isomerase / ribose-5-phosphate isomerase B,45.0,0.0,0.0,1.0
b4092,b4092,phnP,"5-phospho-&alpha;-D-ribosyl 1,2-cyclic phosphate phosphodiesterase",46.0,0.0,0.0,0.0
b4093,b4093,phnO,aminoalkylphosphonate <i>N</i>-acetyltransferase,46.0,0.0,0.0,0.0
b4094,b4094,phnN,"ribose 1,5-bisphosphate phosphokinase",40.0,0.0,0.0,6.0
b4095,b4095,phnM,RPnTP hydrolase,46.0,0.0,0.0,0.0
b4096,b4096,phnL,methylphosphonate degradation complex subunit PhnL,45.0,0.0,0.0,1.0
b4098,b4098,phnJ,carbon-phosphorus lyase core complex subunit PhnJ,46.0,0.0,0.0,0.0
b4099,b4099,phnI,carbon-phosphorus lyase core complex subunit PhnI,46.0,0.0,0.0,0.0
b4100,b4100,phnH,carbon-phosphorus lyase core complex subunit PhnH,44.0,0.0,2.0,0.0
b4101,b4101,phnG,carbon-phosphorus lyase core complex subunit PhnG,41.0,0.0,5.0,0.0
b4102,b4102,phnF,putative transcriptional regulator PhnF,46.0,0.0,0.0,0.0
b4104,b4104,phnE,NA,43.0,0.0,3.0,0.0
b4105,b4105,phnD,phosphonate/phosphate ABC transporter periplasmic binding protein,46.0,0.0,0.0,0.0
b4106,b4106,phnC,phosphonate/phosphate ABC transporter ATP binding subunit,46.0,0.0,0.0,0.0
b4107,b4107,phnB,PF06983 family protein YjdN,46.0,0.0,0.0,0.0
b4108,b4108,phnA,zinc ribbon domain-containing protein YjdM,45.0,0.0,1.0,0.0
b4109,b4109,yjdA,regulator of diguanylate cyclase RdcA,46.0,0.0,0.0,0.0
b4110,b4110,yjcZ,regulator of diguanylate cyclase RdcB,46.0,0.0,0.0,0.0
b4111,b4111,proP,osmolyte:H<sup>+</sup> symporter ProP,46.0,0.0,0.0,0.0
b4112,b4112,basS,BasS-<i>N</i>-phospho-L-histidine // sensor histidine kinase BasS,46.0,0.0,0.0,0.0
b4113,b4113,basR,DNA-binding transcriptional dual regulator BasR-phosphorylated // DNA-binding transcriptional dual regulator BasR,46.0,0.0,0.0,0.0
b4114,b4114,yjdB,phosphoethanolamine transferase EptA,46.0,0.0,0.0,0.0
b4115,b4115,adiC,arginine:agmatine antiporter,46.0,0.0,0.0,0.0
b4116,b4116,adiY,DNA-binding transcriptional activator AdiY,46.0,0.0,0.0,0.0
b4117,b4117,adiA,"arginine decarboxylase, degradative",46.0,0.0,0.0,0.0
b4118,b4118,melR,DNA-binding transcriptional dual regulator MelR,46.0,0.0,0.0,0.0
b4119,b4119,melA,&alpha;-galactosidase,46.0,0.0,0.0,0.0
b4120,b4120,melB,melibiose:H<sup>+</sup>/Na<sup>+</sup>/Li<sup>+</sup> symporter,46.0,0.0,0.0,0.0
b4121,b4121,yjdF,DUF2238 domain-containing inner membrane protein YjdF,46.0,0.0,0.0,0.0
b4122,b4122,fumB,fumarase B,46.0,0.0,0.0,0.0
b4123,b4123,dcuB,anaerobic C4-dicarboxylate transporter DcuB,46.0,0.0,0.0,0.0
b4124,b4124,dcuR,DcuR // DNA-binding transcriptional activator DcuR,42.0,2.0,2.0,0.0
b4125,b4125,dcuS,DcuS-<i>N</i>-phospho-L-histidine // sensor histidine kinase DcuS,42.0,2.0,2.0,0.0
b4126,b4126,yjdI,PF06902 family protein YjdI,42.0,0.0,1.0,3.0
b4127,b4127,yjdJ,putative <i>N</i>-acetyltransferase YjdJ,46.0,0.0,0.0,0.0
b4128,b4128,yjdK,antitoxin of the GhoTS toxin-antitoxin system,31.0,0.0,15.0,0.0
b4129,b4129,lysU,lysine&mdash;tRNA ligase/Ap<sub>4</sub>A synthetase/Ap<sub>3</sub>A synthetase,46.0,0.0,0.0,0.0
b4130,b4130,yjdL,dipeptide/tripeptide:H<sup>+</sup> symporter DtpC,46.0,0.0,0.0,0.0
b4131,b4131,cadA,lysine decarboxylase 1,43.0,0.0,1.0,2.0
b4132,b4132,cadB,lysine:cadaverine antiporter,44.0,0.0,2.0,0.0
b4133,b4133,cadC,DNA-binding transcriptional activator CadC,46.0,0.0,0.0,0.0
b4135,b4135,yjdC,putative DNA-binding transcriptional regulator YjdC,46.0,0.0,0.0,0.0
b4136,b4136,dipZ,thiol-disulfide exchange protein DsbD,45.0,0.0,0.0,1.0
b4137,b4137,cutA,copper binding protein CutA,46.0,0.0,0.0,0.0
b4138,b4138,dcuA,C4-dicarboxylate transporter DcuA,44.0,1.0,0.0,1.0
b4139,b4139,aspA,aspartate ammonia-lyase,42.0,2.0,1.0,1.0
b4140,b4140,b4140,protein FxsA,45.0,0.0,0.0,1.0
b4141,b4141,yjeH,L-methionine/branched chain amino acid exporter,43.0,0.0,0.0,3.0
b4144,b4144,yjeI,DUF4156 domain-containing lipoprotein YjeI,44.0,0.0,0.0,2.0
b4145,b4145,yjeJ,protein YjeJ,46.0,0.0,0.0,0.0
b4146,b4146,yjeK,"lysine 2,3-aminomutase",25.0,3.0,9.0,9.0
b4148,b4148,sugE,guanidinium exporter,46.0,0.0,0.0,0.0
b4149,b4149,blc,outer membrane lipoprotein Blc,46.0,0.0,0.0,0.0
b4150,b4150,ampC,&beta;-lactamase,46.0,0.0,0.0,0.0
b4151,b4151,frdD,fumarate reductase membrane protein FrdD,45.0,0.0,1.0,0.0
b4152,b4152,frdC,fumarate reductase membrane protein FrdC,46.0,0.0,0.0,0.0
b4153,b4153,frdB,fumarate reductase iron-sulfur protein,45.0,0.0,1.0,0.0
b4154,b4154,frdA,fumarate reductase flavoprotein subunit,45.0,0.0,0.0,1.0
b4155,b4155,yjeA,EF-P-lysine lysyltransferase,16.0,0.0,24.0,6.0
b4156,b4156,yjeM,putative transporter YjeM,46.0,0.0,0.0,0.0
b4157,b4157,yjeN,uncharacterized protein YjeN,46.0,0.0,0.0,0.0
b4158,b4158,yjeO,DUF2645 domain-containing inner membrane protein YjeO,46.0,0.0,0.0,0.0
b4159,b4159,yjeP,miniconductance mechanosensitive channel MscM,46.0,0.0,0.0,0.0
b4166,b4166,yjeS,epoxyqueuosine reductase,40.0,0.0,6.0,0.0
b4167,b4167,yjeF,NAD(P)HX epimerase / NAD(P)HX dehydratase,44.0,0.0,2.0,0.0
b4169,b4169,amiB,<i>N</i>-acetylmuramoyl-L-alanine amidase B,41.0,0.0,5.0,0.0
b4170,b4170,mutL,DNA mismatch repair protein MutL,46.0,0.0,0.0,0.0
b4171,b4171,miaA,tRNA dimethylallyltransferase,2.0,41.0,3.0,0.0
b4172,b4172,hfq,RNA-binding protein Hfq,14.0,1.0,10.0,21.0
b4173,b4173,hflX,ribosome rescue factor HflX,45.0,0.0,1.0,0.0
b4174,b4174,hflK,regulator of FtsH protease,30.0,1.0,1.0,14.0
b4175,b4175,hflC,regulator of FtsH protease,30.0,1.0,3.0,12.0
b4176,b4176,yjeT,DUF2065 domain-containing protein YjeT,35.0,0.0,0.0,11.0
b4177,b4177,purA,adenylosuccinate synthetase,3.0,37.0,5.0,1.0
b4178,b4178,yjeB,DNA-binding transcriptional regulator NsrR,25.0,0.0,21.0,0.0
b4179,b4179,vacB,RNase R,7.0,2.0,37.0,0.0
b4180,b4180,rlmB,23S rRNA 2'-<i>O</i>-ribose G2251 methyltransferase,45.0,0.0,0.0,1.0
b4181,b4181,yjfI,DUF2170 domain-containing protein YjfI,46.0,0.0,0.0,0.0
b4182,b4182,yjfJ,PspA family protein YjfJ,46.0,0.0,0.0,0.0
b4183,b4183,yjfK,DUF2491 domain-containing protein YjfK,46.0,0.0,0.0,0.0
b4184,b4184,yjfL,DUF350 domain-containing inner membrane protein YjfL,44.0,0.0,2.0,0.0
b4185,b4185,yjfM,DUF1190 domain-containing protein YjfM,46.0,0.0,0.0,0.0
b4186,b4186,yjfC,putative acid&mdash;amine ligase YjfC,46.0,0.0,0.0,0.0
b4187,b4187,aidB,putative acyl-CoA dehydrogenase AidB,46.0,0.0,0.0,0.0
b4188,b4188,yjfN,protease activator YjfN,45.0,0.0,1.0,0.0
b4189,b4189,yjfO,DUF1471 domain-containing putative lipoprotein BsmA,46.0,0.0,0.0,0.0
b4190,b4190,yjfP,carboxylesterase,43.0,0.0,3.0,0.0
b4191,b4191,ulaR,DNA-binding transcriptional repressor UlaR,37.0,0.0,9.0,0.0
b4192,b4192,yjfR,L-ascorbate-6-phosphate lactonase,46.0,0.0,0.0,0.0
b4193,b4193,sgaT,L-ascorbate specific PTS enzyme IIC component,46.0,0.0,0.0,0.0
b4194,b4194,ulaB,L-ascorbate specific PTS enzyme IIB component,43.0,0.0,1.0,2.0
b4195,b4195,ulaC,L-ascorbate specific PTS enzyme IIA component,45.0,0.0,0.0,1.0
b4196,b4196,ulaD,3-keto-L-gulonate-6-phosphate decarboxylase UlaD,46.0,0.0,0.0,0.0
b4197,b4197,ulaE,L-ribulose-5-phosphate 3-epimerase UlaE,46.0,0.0,0.0,0.0
b4198,b4198,ulaF,L-ribulose-5-phosphate 4-epimerase UlaF,46.0,0.0,0.0,0.0
b4199,b4199,yjfY,DUF1471 domain-containing protein YjfY,46.0,0.0,0.0,0.0
b4201,b4201,priB,primosomal replication protein N,40.0,0.0,5.0,1.0
b4202,b4202,rpsR,30S ribosomal subunit protein S18,22.0,1.0,7.0,16.0
b4203,b4203,rplI,50S ribosomal subunit protein L9,31.0,1.0,8.0,6.0
b4204,b4204,yjfZ,DUF2686 domain-containing protein YjfZ,46.0,0.0,0.0,0.0
b4205,b4205,ytfA,putative transcriptional regulator YtfA,46.0,0.0,0.0,0.0
b4206,b4206,ytfB,cell division protein YtfB,46.0,0.0,0.0,0.0
b4207,b4207,fklB,peptidyl-prolyl <i>cis-trans</i> isomerase FklB,46.0,0.0,0.0,0.0
b4208,b4208,cycA,D-serine/alanine/glycine:H<sup>+</sup>symporter,38.0,2.0,4.0,2.0
b4209,b4209,ytfE,iron-sulfur cluster repair protein YtfE,46.0,0.0,0.0,0.0
b4210,b4210,ytfF,inner membrane protein YtfF,46.0,0.0,0.0,0.0
b4211,b4211,ytfG,NAD(P)H:quinone oxidoreductase,46.0,0.0,0.0,0.0
b4212,b4212,ytfH,putative transcriptional regulator YtfH,46.0,0.0,0.0,0.0
b4213,b4213,cpdB,"2',3'-cyclic-nucleotide 2'-phosphodiesterase/3'-nucleotidase",46.0,0.0,0.0,0.0
b4214,b4214,cysQ,"3'(2'),5'-bisphosphate nucleotidase",4.0,39.0,2.0,1.0
b4216,b4216,ytfJ,PF09695 family protein YtfJ,46.0,0.0,0.0,0.0
b4217,b4217,ytfK,stringent response modulator YtfK,44.0,0.0,0.0,2.0
b4218,b4218,ytfL,putative cadaverine/putrescine exporter,44.0,0.0,0.0,2.0
b4219,b4219,msrA,methionine sulfoxide reductase A,46.0,0.0,0.0,0.0
b4220,b4220,ytfM,translocation and assembly module subunit TamA,46.0,0.0,0.0,0.0
b4221,b4221,ytfN,translocation and assembly module subunit TamB,46.0,0.0,0.0,0.0
b4222,b4222,ytfP,&gamma;-glutamylamine cyclotransferase family protein YtfP,18.0,0.0,28.0,0.0
b4224,b4224,chpS,ChpS antitoxin of the ChpB-ChpS toxin-antitoxin system,44.0,0.0,2.0,0.0
b4225,b4225,chpB,endoribonuclease toxin ChpB,46.0,0.0,0.0,0.0
b4227,b4227,ytfQ,galactofuranose ABC transporter periplasmic binding protein,42.0,0.0,0.0,4.0
b4230,b4230,ytfT,galactofuranose ABC transporter putative membrane subunit YtfT,46.0,0.0,0.0,0.0
b4231,b4231,yjfF,galactofuranose ABC transporter putative membrane subunit YjtF,46.0,0.0,0.0,0.0
b4232,b4232,fbp,"fructose-1,6-bisphosphatase 1",31.0,15.0,0.0,0.0
b4233,b4233,mpl,"UDP-<i>N</i>-acetylmuramate&mdash;L-alanyl-&gamma;-D-glutamyl-<i>meso</i>-2,6-diaminoheptanedioate ligase",44.0,0.0,2.0,0.0
b4234,b4234,yjgA,putative ribosome biogenesis factor YjgA,46.0,0.0,0.0,0.0
b4235,b4235,pmbA,metalloprotease subunit TldE,44.0,0.0,1.0,1.0
b4236,b4236,cybC,,46.0,0.0,0.0,0.0
b4237,b4237,nrdG,anaerobic ribonucleoside-triphosphate reductase activating protein,46.0,0.0,0.0,0.0
b4238,b4238,nrdD,anaerobic ribonucleoside-triphosphate reductase,46.0,0.0,0.0,0.0
b4239,b4239,treC,trehalose-6-phosphate hydrolase,24.0,2.0,17.0,3.0
b4240,b4240,treB,trehalose-specific PTS enzyme IIBC component,43.0,1.0,1.0,1.0
b4241,b4241,treR,DNA-binding transcriptional repressor TreR,43.0,0.0,1.0,2.0
b4242,b4242,mgtA,Mg<sup>2+</sup> importing P-type ATPase,3.0,28.0,14.0,1.0
b4243,b4243,yjgF,"enamine/imine deaminase, redox-regulated chaperone",34.0,2.0,10.0,0.0
b4244,b4244,pyrI,"aspartate carbamoyltransferase, PyrI subunit",37.0,0.0,9.0,0.0
b4245,b4245,pyrB,aspartate carbamoyltransferase catalytic subunit,4.0,38.0,4.0,0.0
b4246,b4246,pyrL,<i>pyrBI</i> operon leader peptide,10.0,4.0,31.0,1.0
b4248,b4248,yjgH,RutC family protein YjgH,46.0,0.0,0.0,0.0
b4249,b4249,yjgI,c-di-GMP-binding biofilm dispersal mediator protein,46.0,0.0,0.0,0.0
b4251,b4251,yjgJ,putative transcriptional regulator BdcR,46.0,0.0,0.0,0.0
b4252,b4252,yjgK,DUF386 domain-containing toxin-antitoxin biofilm protein TabA,46.0,0.0,0.0,0.0
b4253,b4253,yjgL,protein YjgL,24.0,0.0,22.0,0.0
b4254,b4254,argI,ornithine carbamoyltransferase ArgI,43.0,0.0,2.0,1.0
b4255,b4255,yjgD,ribonuclease E inhibitor protein B,44.0,0.0,1.0,1.0
b4260,b4260,pepA,aminopeptidase A/I,39.0,0.0,5.0,2.0
b4263,b4263,yjgR,DUF853 domain-containing protein YjgR,46.0,0.0,0.0,0.0
b4264,b4264,idnR,DNA-binding transcriptional dual regulator IdnR,46.0,0.0,0.0,0.0
b4265,b4265,idnT,L-idonate/5-ketogluconate/gluconate transporter,46.0,0.0,0.0,0.0
b4266,b4266,idnO,5-keto-D-gluconate 5-reductase,46.0,0.0,0.0,0.0
b4267,b4267,idnD,L-idonate 5-dehydrogenase,46.0,0.0,0.0,0.0
b4268,b4268,idnK,"D-gluconate kinase, thermosensitive",45.0,0.0,1.0,0.0
b4269,b4269,yjgB,NADPH-dependent aldehyde reductase Ahr,46.0,0.0,0.0,0.0
b4271,b4271,intB,KpLE2 phage-like element; putative integrase,46.0,0.0,0.0,0.0
b4277,b4277,yjgZ,KpLE2 phage-like element; uncharacterized protein YjgZ,46.0,0.0,0.0,0.0
b4278,b4278,insG,KpLE2 phage-like element; IS<i>4</i> putative transposase,46.0,0.0,0.0,0.0
b4279,b4279,yjhB,sialic acid transporter NanX,12.0,0.0,34.0,0.0
b4280,b4280,yjhC,"KpLE2 phage-like element; 2,7-anhydro-<i>N</i>-acetylneuraminate hydratase",46.0,0.0,0.0,0.0
b4281,b4281,yjhD,KpLE2 phage-like element; surface adhesin E-like protein,46.0,0.0,0.0,0.0
b4282,b4282,yjhE,KpLE2 phage-like element; putative membrane protein (pseudogene),46.0,0.0,0.0,0.0
b4286,b4286,yjhV,KpLE2 phage-like element; putative uncharacterized protein YjhV,46.0,0.0,0.0,0.0
b4287,b4287,fecE,ferric citrate ABC transporter ATP binding subunit,46.0,0.0,0.0,0.0
b4288,b4288,fecD,ferric citrate ABC transporter membrane subunit FecD,46.0,0.0,0.0,0.0
b4289,b4289,fecC,ferric citrate ABC transporter membrane subunit FecC,46.0,0.0,0.0,0.0
b4290,b4290,fecB,ferric citrate ABC transporter periplasmic binding protein,46.0,0.0,0.0,0.0
b4291,b4291,fecA,ferric citrate outer membrane transporter,46.0,0.0,0.0,0.0
b4292,b4292,fecR,ferric citrate regulator FecR,46.0,0.0,0.0,0.0
b4293,b4293,fecI,RNA polymerase sigma factor FecI,39.0,0.0,0.0,7.0
b4294,b4294,insA-7,KpLE2 phage-like element; IS1 repressor protein InsA,41.0,0.0,2.0,3.0
b4295,b4295,yjhU,KpLE2 phage-like element; putative DNA-binding transcriptional regulator YjhU,46.0,0.0,0.0,0.0
b4296,b4296,yjhF,KpLE2 phage-like element; putative transporter YjhF,46.0,0.0,0.0,0.0
b4297,b4297,yjhG,KpLE2 phage-like element; D-xylonate dehydratase,44.0,0.0,2.0,0.0
b4298,b4298,yjhH,KpLE2 phage-like element; putative 2-dehydro-3-deoxy-D-pentonate aldolase,46.0,0.0,0.0,0.0
b4299,b4299,yjhI,KpLE2 phage-like element; putative DNA-binding transcriptional regulator YjhI,46.0,0.0,0.0,0.0
b4300,b4300,sgcR,KpLE2 phage-like element; putative DNA-binding transcriptional regulator SgcR,46.0,0.0,0.0,0.0
b4301,b4301,sgcE,KpLE2 phage-like element; putative epimerase SgcE,46.0,0.0,0.0,0.0
b4302,b4302,sgcA,putative PTS enzyme IIA component SgcA,46.0,0.0,0.0,0.0
b4303,b4303,sgcQ,KpLE2 phage-like element; putative nucleoside triphosphatase,46.0,0.0,0.0,0.0
b4304,b4304,sgcC,putative PTS enzyme IIC component SgcC,46.0,0.0,0.0,0.0
b4305,b4305,sgcX,KpLE2 phage-like element; putative endoglucanase with Zn-dependent exopeptidase domain,46.0,0.0,0.0,0.0
b4306,b4306,yjhP,KpLE2 phage-like element; putative methyltransferase YjhP,46.0,0.0,0.0,0.0
b4307,b4307,yjhQ,KpLE2 phage-like element; putative acetyltransferase TopAI antitoxin YjhQ,46.0,0.0,0.0,0.0
b4308,b4308,yjhR,KpLE2 phage-like element; PLD-like domain-containing protein YjhR,46.0,0.0,0.0,0.0
b4309,b4309,yjhS,<i>N</i>-acetyl-9-<i>O</i>-acetylneuraminate esterase,46.0,0.0,0.0,0.0
b4310,b4310,yjhT,<i>N</i>-acetylneuraminate mutarotase,46.0,0.0,0.0,0.0
b4311,b4311,yjhA,<i>N</i>-acetylneuraminate outer membrane channel,46.0,0.0,0.0,0.0
b4312,b4312,fimB,Type 1 fimbriae regulatory protein FimB,46.0,0.0,0.0,0.0
b4313,b4313,fimE,regulator for fimA,46.0,0.0,0.0,0.0
b4314,b4314,fimA,type 1 fimbriae major subunit,46.0,0.0,0.0,0.0
b4315,b4315,fimI,putative fimbrial protein FimI,46.0,0.0,0.0,0.0
b4316,b4316,fimC,type 1 fimbriae periplasmic chaperone,46.0,0.0,0.0,0.0
b4317,b4317,fimD,type I fimbriae usher protein,46.0,0.0,0.0,0.0
b4319,b4319,fimG,type 1 fimbriae minor subunit FimG,46.0,0.0,0.0,0.0
b4320,b4320,fimH,type 1 fimbriae D-mannose specific adhesin,46.0,0.0,0.0,0.0
b4321,b4321,gntP,fructuronate transporter,46.0,0.0,0.0,0.0
b4322,b4322,uxuA,D-mannonate dehydratase,45.0,1.0,0.0,0.0
b4323,b4323,uxuB,D-mannonate oxidoreductase,45.0,0.0,1.0,0.0
b4324,b4324,uxuR,DNA-binding transcriptional repressor UxuR,44.0,0.0,2.0,0.0
b4325,b4325,yjiC,DUF2686 domain-containing protein YjiC,44.0,0.0,0.0,2.0
b4326,b4326,yjiD,anti-adaptor protein IraD,46.0,0.0,0.0,0.0
b4327,b4327,yjiE,DNA-binding transcriptional dual regulator HypT,46.0,0.0,0.0,0.0
b4328,b4328,iadA,isoaspartyl dipeptidase,46.0,0.0,0.0,0.0
b4329,b4329,yjiG,Gate family protein YjiG,46.0,0.0,0.0,0.0
b4330,b4330,yjiH,uncharacterized protein YjiH,46.0,0.0,0.0,0.0
b4331,b4331,yjiI,RNA 2'-phosphotransferase,46.0,0.0,0.0,0.0
b4332,b4332,yjiJ,putative transporter YjiJ,46.0,0.0,0.0,0.0
b4333,b4333,yjiK,PF06977 family protein YjiK,45.0,0.0,1.0,0.0
b4334,b4334,yjiL,"putative ATPase, activator of (R)-hydroxyglutaryl-CoA dehdratase",46.0,0.0,0.0,0.0
b4335,b4335,yjiM,putative dehydratase subunit,46.0,0.0,0.0,0.0
b4336,b4336,yjiN,DUF445 domain-containing protein YjiN,46.0,0.0,0.0,0.0
b4337,b4337,yjiO,multidrug efflux pump / bile salt:H<sup>+</sup> antiporter / Na<sup>+</sup>:H<sup>+</sup> antiporter / K<sup>+</sup>:H<sup>+</sup> antiporter,46.0,0.0,0.0,0.0
b4339,b4339,yjiP,NA,46.0,0.0,0.0,0.0
b4340,b4340,yjiR,fused putative DNA-binding transcriptional regulator/putative aminotransferase YjiR,46.0,0.0,0.0,0.0
b4341,b4341,yjiS,DUF1127 domain-containing protein YjiS,46.0,0.0,0.0,0.0
b4342,b4342,yjiT,putative uncharacterized protein YjiT,46.0,0.0,0.0,0.0
b4345,b4345,mcrC,Type IV methyl-directed restriction enzyme EcoKMcrBC subunit,43.0,0.0,3.0,0.0
b4346,b4346,mcrB,McrB<sub>S</sub> // Type IV methyl-directed restriction enzyme EcoKMcrB subunit,46.0,0.0,0.0,0.0
b4347,b4347,yjiW,nucleoid-associated protein SymE,46.0,0.0,0.0,0.0
b4348,b4348,hsdS,type I restriction enzyme EcoKI specificity subunit,46.0,0.0,0.0,0.0
b4349,b4349,hsdM,type I restriction enzyme EcoKI methylase subunit,46.0,0.0,0.0,0.0
b4350,b4350,hsdR,type I restriction enzyme EcoKI endonuclease subunit,46.0,0.0,0.0,0.0
b4351,b4351,mrr,Type IV methyl-directed restriction enzyme EcoKMrr,46.0,0.0,0.0,0.0
b4352,b4352,yjiA,P-loop guanosine triphosphatase YjiA,44.0,0.0,2.0,0.0
b4353,b4353,yjiX,PF04328 family protein YjiX,46.0,0.0,0.0,0.0
b4354,b4354,yjiY,pyruvate:H<sup>+</sup> symporter,43.0,0.0,3.0,0.0
b4355,b4355,tsr,methyl-accepting chemotaxis protein Tsr,45.0,0.0,0.0,1.0
b4356,b4356,yjiZ,galactonate:H+ symporter,46.0,0.0,0.0,0.0
b4358,b4358,yjjN,L-galactonate oxidoreductase,46.0,0.0,0.0,0.0
b4359,b4359,mdoB,phosphoglycerol transferase II // phosphoglycerol transferase I,46.0,0.0,0.0,0.0
b4360,b4360,yjjA,DUF2501 domain-containing protein YjjA,44.0,0.0,1.0,1.0
b4363,b4363,yjjB,putative succinate exporter YjjB,44.0,0.0,1.0,1.0
b4364,b4364,yjjP,putative succinate exporter YjjP,46.0,0.0,0.0,0.0
b4365,b4365,yjjQ,DNA-binding transcriptional repressor YjjQ,46.0,0.0,0.0,0.0
b4366,b4366,bglJ,DNA-binding transcriptional regulator BglJ,46.0,0.0,0.0,0.0
b4367,b4367,fhuF,ferric-siderophore reductase FhuF,46.0,0.0,0.0,0.0
b4371,b4371,rsmC,16S rRNA m<sup>2</sup>G1207 methyltransferase,35.0,0.0,0.0,11.0
b4373,b4373,rimI,protein <i>N</i>-acetyltransferase RimI,22.0,0.0,0.0,24.0
b4374,b4374,yjjG,pyrimidine 5'-nucleotidase YjjG,46.0,0.0,0.0,0.0
b4375,b4375,prfC,peptide chain release factor RF3,5.0,6.0,34.0,1.0
b4376,b4376,osmY,periplasmic chaperone OsmY,46.0,0.0,0.0,0.0
b4377,b4377,yjjU,putative patatin-like phospholipase YjjU,46.0,0.0,0.0,0.0
b4379,b4379,yjjW,putative glycyl-radical enzyme activating enzyme YjjW,46.0,0.0,0.0,0.0
b4380,b4380,yjjI,DUF3029 domain-containing protein YjjI,46.0,0.0,0.0,0.0
b4381,b4381,deoC,deoxyribose-phosphate aldolase,46.0,0.0,0.0,0.0
b4382,b4382,deoA,thymidine phosphorylase,46.0,0.0,0.0,0.0
b4383,b4383,deoB,phosphopentomutase,45.0,0.0,1.0,0.0
b4384,b4384,deoD,purine nucleoside phosphorylase,46.0,0.0,0.0,0.0
b4385,b4385,yjjJ,toxin YjjJ,46.0,0.0,0.0,0.0
b4386,b4386,lplA,lipoate&mdash;protein ligase A,46.0,0.0,0.0,0.0
b4387,b4387,ytjB,probable inner membrane protein Smp,44.0,0.0,0.0,2.0
b4388,b4388,serB,phosphoserine phosphatase,4.0,38.0,4.0,0.0
b4389,b4389,radA,DNA recombination protein,46.0,0.0,0.0,0.0
b4390,b4390,nadR,DNA-binding transcriptional repressor/NMN adenylyltransferase NadR,35.0,1.0,4.0,6.0
b4391,b4391,yjjK,energy-dependent translational throttle protein EttA,20.0,0.0,0.0,26.0
b4392,b4392,slt,soluble lytic murein transglycosylase,46.0,0.0,0.0,0.0
b4393,b4393,trpR,DNA-binding transcriptional repressor TrpR,46.0,0.0,0.0,0.0
b4394,b4394,yjjX,inosine/xanthosine triphosphatase,40.0,0.0,6.0,0.0
b4395,b4395,ytjC,putative phosphatase,37.0,1.0,8.0,0.0
b4396,b4396,rob,DNA-binding transcriptional dual regulator Rob,40.0,0.0,6.0,0.0
b4397,b4397,creA,PF05981 family protein CreA,38.0,0.0,0.0,8.0
b4398,b4398,creB,DNA-binding transcriptional regulator CreB-phosphorylated // DNA-binding transcriptional regulator CreB,46.0,0.0,0.0,0.0
b4399,b4399,creC,sensory histidine kinase CreC,46.0,0.0,0.0,0.0
b4400,b4400,creD,putative inner membrane protein CreD,46.0,0.0,0.0,0.0
b4402,b4402,yjjY,uncharacterized protein YjjY,23.0,0.0,6.0,17.0
b4403,b4403,yjtD,putative tRNA/rRNA methyltransferase YjtD,45.0,0.0,0.0,1.0
b4413,b4413,sokC,small regulatory RNA antitoxin SokC,41.0,0.0,4.0,1.0
b4577,b4577,sgrS,small regulatory RNA SgrS,32.0,0.0,14.0,0.0
b0070,b0070,setA,sugar exporter SetA,46.0,0.0,0.0,0.0
b0077,b0077,ilvI,"acetolactate synthase / acetohydroxybutanoate synthase, catalytic subunit",10.0,19.0,17.0,0.0
b4414,b4414,tff,putative small RNA T44,21.0,0.0,25.0,0.0
b4406,b4406,yaeP,PF06786 family protein YaeP,18.0,0.0,1.0,27.0
b0216,b0216,aspV,tRNA-Asp(GUC),44.0,0.0,2.0,0.0
b4503,b4503,yafF,putative uncharacterized protein YafF,46.0,0.0,0.0,0.0
b4504,b4504,ykfH,DUF987 domain-containing protein YkfH,46.0,0.0,0.0,0.0
b4505,b4505,insX,,26.0,0.0,3.0,17.0
b4506,b4506,ykgO,50S ribosomal subunit protein L36B,46.0,0.0,0.0,0.0
b4579,b4579,yaiX,"putative acyltransferase, N-terminal fragment",45.0,0.0,0.0,1.0
b4580,b4580,yaiT,putative autotransporter YaiT,46.0,0.0,0.0,0.0
b4572,b4572,ylbE,DUF1116 domain-containing protein YlbE,44.0,0.0,0.0,2.0
b4509,b4509,ylcG,DLP12 prophage; uncharacterized protein YlcG,42.0,0.0,4.0,0.0
b4415,b4415,hokE,protein HokE,46.0,0.0,0.0,0.0
b4511,b4511,ybdZ,enterobactin biosynthesis protein YbdZ,45.0,0.0,0.0,1.0
b4581,b4581,ybeM,"deamidated glutathione amidase, N-terminal fragment",46.0,0.0,0.0,0.0
b4513,b4513,kdpF,K<sup>+</sup> transporting P-type ATPase subunit KdpF,46.0,0.0,0.0,0.0
b4515,b4515,ybgT,cytochrome <i>bd</i>-I accessory subunit CydX,35.0,0.0,11.0,0.0
b0746,b0746,valZ,tRNA-Val(UAC),31.0,0.0,1.0,14.0
b4416,b4416,rybA,small RNA RybA,38.0,0.0,2.0,6.0
b4490,b4490,efeU,inactive ferrous iron permease EfeU,46.0,0.0,0.0,0.0
b4418,b4418,sraB,small RNA SraB,40.0,0.0,6.0,0.0
b4519,b4519,icdC,protein IcdC,46.0,0.0,0.0,0.0
b4520,b4520,ymgF,inner membrane protein YmgF,46.0,0.0,0.0,0.0
b4491,b4491,ycgH,"putative transporter component, N-terminal fragment",46.0,0.0,0.0,0.0
b4521,b4521,ycgI,protein YcgI,46.0,0.0,0.0,0.0
b1231,b1231,tyrT,tRNA-Tyr(GUA),39.0,0.0,7.0,0.0
b4573,b4573,insZ,putative transposase InsZ,46.0,0.0,0.0,0.0
b1246,b1246,oppD,murein tripeptide ABC transporter / oligopeptide ABC transporter ATP binding subunit OppD,46.0,0.0,0.0,0.0
b4522,b4522,yciX_1,uncharacterized protein YmiA,44.0,0.0,0.0,2.0
b4523,b4523,yciX,uncharacterized protein YciX,46.0,0.0,0.0,0.0
b4524,b4524,ycjV,hypothetical protein YmjB,46.0,0.0,0.0,0.0
b4426,b4426,isrA,small regulatory RNA McaS,31.0,0.0,15.0,0.0
b4570,b4570,lomR,Rac prophage; protein LomR_1,45.0,0.0,0.0,1.0
b4529,b4529,ydbJ,DUF333 domain-containing protein YdbJ,39.0,0.0,4.0,3.0
b4492,b4492,ydbA,"putative outer membrane protein, N-terminal fragment",46.0,0.0,0.0,0.0
b4493,b4493,gapC,glyceraldehyde-3-phosphate dehydrogenase,46.0,0.0,0.0,0.0
b4578,b4578,insP,,39.0,0.0,0.0,7.0
b1521,b1521,uxaB,tagaturonate reductase,45.0,0.0,1.0,0.0
b4533,b4533,ynfO,Qin prophage; DUF3950 domain-containing protein YnfO,42.0,0.0,3.0,1.0
b4409,b4409,blr,&beta;-lactam resistance protein,46.0,0.0,0.0,0.0
b1647,b1647,ydhF,putative oxidoreductase YdhF,45.0,0.0,0.0,1.0
b1660,b1660,ydhC,purine nucleoside transporter PunC,45.0,0.0,1.0,0.0
b1663,b1663,mdtK,multidrug efflux pump MdtK,42.0,0.0,1.0,3.0
b4431,b4431,rprA,small regulatory RNA RprA,46.0,0.0,0.0,0.0
b4494,b4494,arpB,"putative ankyrin repeat protein B, N-terminal fragment",41.0,0.0,5.0,0.0
b4535,b4535,yniD,uncharacterized protein YniD,45.0,0.0,1.0,0.0
b1732,b1732,katE,catalase HPII,45.0,0.0,0.0,1.0
b4536,b4536,yobH,uncharacterized protein YobH,45.0,0.0,1.0,0.0
b1831,b1831,proQ,RNA chaperone ProQ,20.0,0.0,7.0,19.0
b1874,b1874,cutC,PF03932 family protein CutC,30.0,0.0,16.0,0.0
b4460,b4460,araH,arabinose ABC transporter membrane subunit,46.0,0.0,0.0,0.0
b1931,b1931,yedK,genome maintenance protein,45.0,0.0,1.0,0.0
b1954,b1954,dsrA,small regulatory RNA DsrA,27.0,0.0,0.0,19.0
b4496,b4496,yedS,"putative outer membrane protein YedS, N-terminal fragment",46.0,0.0,0.0,0.0
b1977,b1977,asnT,tRNA-Asn(GUU),42.0,0.0,3.0,1.0
b4497,b4497,yeeL,"putative glycosyltransferase, N-terminal fragment",5.0,0.0,41.0,0.0
b1984,b1984,asnW,tRNA-Asn(GUU),18.0,2.0,26.0,0.0
b1989,b1989,asnV,tRNA-Asn(GUU),44.0,0.0,2.0,0.0
b4582,b4582,yoeA,CP4-44 prophage; TonB-dependent receptor plug domain-containing protein YoeA,45.0,0.0,1.0,0.0
b4435,b4435,isrC,CP4-44 prophage; small RNA IsrC,34.0,0.0,11.0,1.0
b2000,b2000,flu,CP4-44 prophage; self recognizing antigen 43 (Ag43) autotransporter,46.0,0.0,0.0,0.0
b4538,b4538,yoeF,CP4-44 prophage; putative uncharacterized protein YoeF,39.0,0.0,7.0,0.0
b4571,b4571,wbbL,interrupted rhamnosyltransferase WbbL,46.0,0.0,0.0,0.0
b4436,b4436,ryeC,small RNA SibA,36.0,0.0,9.0,1.0
b4438,b4438,cyaR,small regulatory RNA CyaR,41.0,0.0,1.0,4.0
b4498,b4498,gatR,"DNA-binding transcriptional repressor GatR, N-terminal fragment",46.0,0.0,0.0,0.0
b4499,b4499,yehH,,46.0,0.0,0.0,0.0
b4541,b4541,yehK,uncharacterized protein YehK,46.0,0.0,0.0,0.0
b4502,b4502,yeiW,putative metal-chelating domain-containing protein YeiW,44.0,0.0,0.0,2.0
b2189,b2189,proL,tRNA-Pro(GGG),15.0,10.0,21.0,0.0
b4500,b4500,yfaS,"putative macroglobulin family protein, N-terminal fragment",46.0,0.0,0.0,0.0
b4543,b4543,ypaA,protein YpaA,46.0,0.0,0.0,0.0
b4544,b4544,yfbW,undecaprenyl-phosphate-&alpha;-L-Ara4N flippase - ArnE subunit,46.0,0.0,0.0,0.0
b4545,b4545,ypdJ,CPS-53 (KpLE1) prophage; putative uncharacterized protein YpdJ,43.0,0.0,0.0,3.0
b4501,b4501,torI,CPS-53 (KpLE1) prophage; prophage CPS-53 recombination directionality factor and response regulator inhibitor,46.0,0.0,0.0,0.0
b4546,b4546,ypeB,PF12843 family protein YpeB,41.0,0.0,2.0,3.0
b2423,b2423,cysW,sulfate/thiosulfate ABC transporter inner membrane subunit CysW,8.0,16.0,20.0,2.0
b4547,b4547,ypfN,PF13980 family protein YpfN,34.0,0.0,12.0,0.0
b4440,b4440,ryfA,small regulatory RNA RyfA,46.0,0.0,0.0,0.0
b4441,b4441,glmY,small regulatory RNA GlmY,39.0,0.0,2.0,5.0
b2557,b2557,purL,phosphoribosylformylglycinamide synthetase,4.0,41.0,1.0,0.0
b4461,b4461,yfjD,UPF0053 family inner membrane protein YfjD,45.0,0.0,0.0,1.0
b2616,b2616,recN,DNA repair protein RecN,46.0,0.0,0.0,0.0
b2632,b2632,yfjP,CP4-57 prophage; putative GTP-binding protein YfjP,46.0,0.0,0.0,0.0
b2635,b2635,ypjK,CP4-57 prophage; uncharacterized protein YpjK,43.0,0.0,3.0,0.0
b4548,b4548,ypjJ,CP4-57 prophage; DUF987 domain-containing protein YpjJ,45.0,0.0,0.0,1.0
b2652,b2652,ileY,tRNA-Ile(CAU),37.0,0.0,9.0,0.0
b4462,b4462,ygaQ,putative uncharacterized protein YgaQ,45.0,0.0,1.0,0.0
b2681,b2681,ygaY,"putative transporter YgaY, N-terminal fragment",46.0,0.0,0.0,0.0
b2702,b2702,srlA,sorbitol-specific PTS enzyme IIC<sub>2</sub> component,45.0,0.0,1.0,0.0
b2703,b2703,srlE,sorbitol-specific PTS enzyme IIBC<sub>1</sub> component,45.0,0.0,1.0,0.0
b2715,b2715,ascF,&beta;-glucoside specific PTS enzyme IIBC component,44.0,0.0,2.0,0.0
b4463,b4463,ygcU,putative FAD-containing dehydrogenase,46.0,0.0,0.0,0.0
b4408,b4408,csrB,small regulatory RNA CsrB,41.0,0.0,0.0,5.0
b4443,b4443,gcvB,small regulatory RNA GcvB,25.0,0.0,3.0,18.0
b2814,b2814,metZ,tRNA-initiator Met(CAU),33.0,0.0,7.0,6.0
b4444,b4444,rygA,small regulatory RNA OmrA,45.0,0.0,0.0,1.0
b4445,b4445,omrB,small regulatory RNA OmrB,44.0,0.0,1.0,1.0
b2870,b2870,ygeW,putative carbamoyltransferase YgeW,45.0,0.0,0.0,1.0
b4464,b4464,ygfQ,guanine/hypoxanthine transporter GhxQ,46.0,0.0,0.0,0.0
b2911,b2911,ssrS,6S RNA,20.0,3.0,14.0,9.0
b4465,b4465,yggP,putative zinc-binding dehydrogenase YggP,46.0,0.0,0.0,0.0
b2935,b2935,tktA,transketolase 1,3.0,11.0,32.0,0.0
b4466,b4466,yghJ,putative lipoprotein YghJ,46.0,0.0,0.0,0.0
b4467,b4467,glcF,"glycolate dehydrogenase, putative iron-sulfur subunit",45.0,1.0,0.0,0.0
b4468,b4468,glcE,"glycolate dehydrogenase, putative FAD-binding subunit",45.0,1.0,0.0,0.0
b2983,b2983,yghQ,putative transport protein YghQ,46.0,0.0,0.0,0.0
b3013,b3013,yqhG,DUF3828 domain-containing protein YqhG,46.0,0.0,0.0,0.0
b4469,b4469,ygiQ,radical SAM superfamily protein YgiQ,46.0,0.0,0.0,0.0
b3023,b3023,ygiV,DNA-binding transcriptional repressor YgiV,46.0,0.0,0.0,0.0
b3076,b3076,ebgA,evolved &beta;-D-galactosidase subunit &alpha;,45.0,0.0,0.0,1.0
b3078,b3078,ygjI,putative transporter YgjI,46.0,0.0,0.0,0.0
b3088,b3088,alx,putative membrane-bound redox modulator Alx,46.0,0.0,0.0,0.0
b4470,b4470,yhaM,putative L-cysteine desulfidase CyuA,46.0,0.0,0.0,0.0
b3110,b3110,yhaO,cysteine detoxification protein CyuP,46.0,0.0,0.0,0.0
b4471,b4471,tdcG,L-serine deaminase III,46.0,0.0,0.0,0.0
b3114,b3114,tdcE,activated 2-ketobutyrate formate-lyase / pyruvate formate-lyase 4 // 2-ketobutyrate formate-lyase/pyruvate formate-lyase 4,46.0,0.0,0.0,0.0
b3135,b3135,agaA,putative truncated N-acetylgalactosamine-6-phosphate deacetylase,46.0,0.0,0.0,0.0
b4450,b4450,arcZ,small regulatory RNA ArcZ,21.0,0.0,0.0,25.0
b3210,b3210,arcB,ArcB-<i>N</i>-phospho-L-histidine-292 // ArcB-phospho-L-aspartate-576 // ArcB-<i>N</i>-phospho-L-histidine-717 // sensor histidine kinase ArcB,32.0,1.0,1.0,12.0
b4569,b4569,yhcE,putative uncharacterized protein YhcE,46.0,0.0,0.0,0.0
b4472,b4472,yhdP,phospholipid transport factor YhdP,40.0,0.0,6.0,0.0
b3269,b3269,yhdX,putative ABC transporter membrane subunit YhdX,46.0,0.0,0.0,0.0
b3283,b3283,yrdD,putative DNA topoisomerase,43.0,0.0,0.0,3.0
b4473,b4473,smf,protein Smf,46.0,0.0,0.0,0.0
b4550,b4550,yhdL,alternative ribosome-rescue factor A,46.0,0.0,0.0,0.0
b4551,b4551,yheV,DUF2387 domain-containing protein YheV,42.0,0.0,1.0,3.0
b3367,b3367,nirC,nitrite transporter NirC,46.0,0.0,0.0,0.0
b4474,b4474,frlC,fructoselysine 3-epimerase,46.0,0.0,0.0,0.0
b3383,b3383,yhfZ,putative DNA-binding transcriptional regulator YhfZ,46.0,0.0,0.0,0.0
b3390,b3390,aroK,shikimate kinase 1,1.0,42.0,3.0,0.0
b3406,b3406,greB,transcription elongation factor GreB,43.0,0.0,0.0,3.0
b3415,b3415,gntT,high-affinity gluconate transporter,45.0,1.0,0.0,0.0
b3417,b3417,malP,maltodextrin phosphorylase,45.0,0.0,1.0,0.0
b4475,b4475,rtcA,RNA 3'-terminal phosphate cyclase,46.0,0.0,0.0,0.0
b3424,b3424,glpG,rhomboid protease GlpG,46.0,0.0,0.0,0.0
b4476,b4476,gntU,low-affinity gluconate transporter,46.0,0.0,0.0,0.0
b3438,b3438,gntR,DNA-binding transcriptional repressor GntR,39.0,0.0,7.0,0.0
b4451,b4451,ryhB,small regulatory RNA RyhB,23.0,1.0,19.0,3.0
b3460,b3460,livJ,branched chain amino acid/phenylalanine ABC transporter periplasmic binding protein,39.0,0.0,3.0,4.0
b3482,b3482,rhsB,rhs element protein RhsB,46.0,0.0,0.0,0.0
b4552,b4552,yrhC,,33.0,0.0,12.0,1.0
b3486,b3486,rbbA,ribosome-associated ATPase,46.0,0.0,0.0,0.0
b4452,b4452,gadY,small regulatory RNA GadY,46.0,0.0,0.0,0.0
b3530,b3530,bcsC,cellulose synthase outer membrane channel,46.0,0.0,0.0,0.0
b4453,b4453,ldrD,small toxic polypeptide LdrD,30.0,0.0,16.0,0.0
b4454,b4454,rdlD,antisense regulatory RNA RdlD,45.0,0.0,1.0,0.0
b3545,b3545,proK,tRNA-Pro(CGG),46.0,0.0,0.0,0.0
b3552,b3552,yiaD,PF13488 family lipoprotein YiaD,46.0,0.0,0.0,0.0
b4553,b4553,ysaB,putative lipoprotein YsaB,46.0,0.0,0.0,0.0
b3570,b3570,bax,putative glycoside hydrolase Bax,45.0,0.0,1.0,0.0
b3572,b3572,avtA,valine&mdash;pyruvate aminotransferase,18.0,1.0,25.0,2.0
b3578,b3578,yiaN,"2,3-diketo-L-gulonate:Na<sup>+</sup> symporter - membrane subunit",46.0,0.0,0.0,0.0
b3589,b3589,yiaY,L-threonine dehydrogenase,46.0,0.0,0.0,0.0
b3595,b3595,yibJ,putative RHS domain-containing protein YibJ,46.0,0.0,0.0,0.0
b4554,b4554,yibT,protein YibT,45.0,0.0,1.0,0.0
b3658,b3658,selC,tRNA-Sec(UCA),33.0,0.0,0.0,13.0
b4555,b4555,yicS,uncharacterized protein YicS,46.0,0.0,0.0,0.0
b4556,b4556,glvG,,46.0,0.0,0.0,0.0
b3683,b3683,glvC,putative PTS enzyme II component GlvC,46.0,0.0,0.0,0.0
b4478,b4478,dgoD,D-galactonate dehydratase,46.0,0.0,0.0,0.0
b4477,b4477,dgoA,2-dehydro-3-deoxy-6-phosphogalactonate aldolase,33.0,0.0,0.0,13.0
b4479,b4479,dgoR,DNA-binding transcriptional regulator DgoR,46.0,0.0,0.0,0.0
b3696,b3696,yidX,putative lipoprotein YidX,46.0,0.0,0.0,0.0
b4557,b4557,yidD,membrane protein insertion efficiency factor,45.0,0.0,1.0,0.0
b3718,b3718,yieK,putative glucosamine-6-phosphate deaminase YieK,42.0,0.0,0.0,4.0
b3745,b3745,yieM,protein ViaA,45.0,0.0,1.0,0.0
b3747,b3747,trkD,K<sup>+</sup>:H<sup>+</sup> symporter Kup,46.0,0.0,0.0,0.0
b3755,b3755,yieP,DNA-binding transcriptional dual regulator YieP,40.0,2.0,3.0,1.0
b3761,b3761,trpT,tRNA-Trp(CCA),30.0,2.0,11.0,3.0
b4480,b4480,hdfR,DNA-binding transcriptional dual regulator HdfR,4.0,17.0,22.0,3.0
b4488,b4488,ilvG,acetolactate synthase II subunit IlvG,40.0,0.0,6.0,0.0
b3770,b3770,ilvE,branched-chain-amino-acid aminotransferase,5.0,41.0,0.0,0.0
b3771,b3771,ilvD,dihydroxy-acid dehydratase,5.0,40.0,1.0,0.0
b3777,b3777,yifN,putative toxin YifN,46.0,0.0,0.0,0.0
b3778,b3778,rep,ATP-dependent DNA helicase Rep,34.0,0.0,6.0,6.0
b3779,b3779,gpp,"guanosine-5'-triphosphate,3'-diphosphate phosphatase",24.0,0.0,19.0,3.0
b3786,b3786,rffE,UDP-<i>N</i>-acetylglucosamine 2-epimerase,27.0,0.0,18.0,1.0
b3787,b3787,rffD,UDP-<i>N</i>-acetyl-D-mannosamine dehydrogenase,23.0,1.0,21.0,1.0
b3788,b3788,rffG,"dTDP-glucose 4,6-dehydratase 2",46.0,0.0,0.0,0.0
b3790,b3790,rffC,RffC,22.0,1.0,21.0,2.0
b4481,b4481,rffT,TDP-<i>N</i>-acetylfucosamine:lipid II <i>N</i>-acetylfucosaminyltransferase,14.0,5.0,27.0,0.0
b3795,b3795,yifK,putative transporter YifK,46.0,0.0,0.0,0.0
b3800,b3800,aslB,putative anaerobic sulfatase maturation enzyme AslB,46.0,0.0,0.0,0.0
b4456,b4456,ryiA,small regulatory RNA GlmZ,46.0,0.0,0.0,0.0
b4558,b4558,yifL,putative lipoprotein YifL,44.0,0.0,2.0,0.0
b4482,b4482,yigE,DUF2233 domain-containing protein YigE,40.0,0.0,0.0,6.0
b3819,b3819,rarD,putative transporter RarD,45.0,0.0,0.0,1.0
b3822,b3822,recQ,ATP-dependent DNA helicase RecQ,46.0,0.0,0.0,0.0
b3823,b3823,rhtC,L-threonine exporter,46.0,0.0,0.0,0.0
b3824,b3824,rhtB,L-homoserine/L-homoserine lactone/L-threonine exporter,46.0,0.0,0.0,0.0
b3825,b3825,pldB,lysophospholipase L2,45.0,0.0,1.0,0.0
b3826,b3826,yigL,phosphosugar phosphatase YigL,46.0,0.0,0.0,0.0
b3830,b3830,ysgA,putative dienelactone hydrolase,44.0,0.0,0.0,2.0
b3838,b3838,tatB,twin arginine protein translocation system - TatB protein,19.0,5.0,22.0,0.0
b4483,b4483,tatD,3' &rarr; 5' ssDNA/RNA  exonuclease TatD,46.0,0.0,0.0,0.0
b3845,b3845,fadA,3-ketoacyl-CoA thiolase,45.0,0.0,1.0,0.0
b3849,b3849,trkH,K+ transporter TrkH,5.0,21.0,20.0,0.0
b4457,b4457,csrC,small regulatory RNA CsrC,45.0,0.0,0.0,1.0
b3871,b3871,bipA,50S ribosomal subunit assembly factor BipA,37.0,0.0,8.0,1.0
b3876,b3876,yihO,putative sulfoquinovose transporter,46.0,0.0,0.0,0.0
b4484,b4484,cpxP,periplasmic protein CpxP,40.0,0.0,1.0,5.0
b3947,b3947,ptsA,putative PTS multiphosphoryl transfer protein PtsA,46.0,0.0,0.0,0.0
b4458,b4458,oxyS,small regulatory RNA OxyS,26.0,0.0,3.0,17.0
b3977,b3977,tyrU,tRNA-Tyr(GUA),21.0,3.0,21.0,1.0
b3979,b3979,thrT,tRNA-Thr(GGU),22.0,3.0,5.0,16.0
b4407,b4407,thiS,sulfur carrier protein ThiS,9.0,8.0,29.0,0.0
b3996,b3996,nudC,RNA decapping hydrolase,42.0,0.0,4.0,0.0
b4487,b4487,yjdP,protein YjdP,46.0,0.0,0.0,0.0
b4097,b4097,phnK,carbon-phosphorus lyase subunit PhnK,34.0,0.0,0.0,12.0
b4559,b4559,yjdO,toxin of the GhoTS toxin-antitoxin system,46.0,0.0,0.0,0.0
b4410,b4410,ecnA,"entericidin A lipoprotein, antidote to entericidin B",38.0,0.0,4.0,4.0
b4411,b4411,ecnB,bacteriolytic entericidin B lipoprotein,42.0,0.0,4.0,0.0
b4163,b4163,glyV,tRNA-Gly(GCC),33.0,0.0,6.0,7.0
b4215,b4215,ytfI,protein YtfI,43.0,0.0,3.0,0.0
b4485,b4485,ytfR,galactofuranose ABC transporter putative ATP binding subunit,46.0,0.0,0.0,0.0
b4256,b4256,yjgM,putative <i>N</i>-acetyltransferase YjgM,42.0,0.0,3.0,1.0
b4257,b4257,yjgN,inner membrane protein YjgN,46.0,0.0,0.0,0.0
b4575,b4575,yjgX,"KpLE2 phage-like element; putative phosphoethanolamine transferase YjgX, N-terminal fragment",46.0,0.0,0.0,0.0
b4561,b4561,insM,,46.0,0.0,0.0,0.0
b4576,b4576,insB-7,,46.0,0.0,0.0,0.0
b4565,b4565,sgcB,putative PTS enzyme IIB component SgcB,46.0,0.0,0.0,0.0
b4566,b4566,yjhX,"KpLE2 phage-like element; toxin of the TopAI-YjhQ toxin-antitoxin system, TopA inhibitor",46.0,0.0,0.0,0.0
b4486,b4486,yjiV,putative uncharacterized protein YjiV,46.0,0.0,0.0,0.0
b4357,b4357,yjjM,putative DNA-binding transcriptional regulator LgoR,46.0,0.0,0.0,0.0
b4567,b4567,yjjZ,DUF1435 domain-containing protein YjjZ,41.0,0.0,5.0,0.0
b4369,b4369,leuP,tRNA-Leu(CAG),44.0,0.0,2.0,0.0
b4370,b4370,leuQ,tRNA-Leu(CAG),39.0,0.0,7.0,0.0
b4568,b4568,ytjA,DUF1328 domain-containing protein YtjA,46.0,0.0,0.0,0.0
b4378,b4378,yjjV,putative metal-dependent hydrolase YjjV,46.0,0.0,0.0,0.0
b4659,b4659,yabP,NA,46.0,0.0,0.0,0.0
b4627,b4627,ykfL,,41.0,0.0,0.0,5.0
b4587,b4587,insN,CP4-6 prophage; IS911A regulator fragment,46.0,0.0,0.0,0.0
b4630,b4630,ykgP,putative oxidoreductase,38.0,0.0,8.0,0.0
b4631,b4631,ykgQ,,29.0,0.0,0.0,17.0
b4585,b4585,sroB,small regulatory RNA ChiX,27.0,0.0,19.0,0.0
b4632,b4632,ylbI,RHS element protein YlbI,46.0,0.0,0.0,0.0
b4633,b4633,xisD,excisionase,46.0,0.0,0.0,0.0
b4588,b4588,ylcH,DLP12 prophage; uncharacterized protein YlcH,46.0,0.0,0.0,0.0
b4589,b4589,ylcI,DLP12 prophage; DUF3950 domain-containing protein YlcI,44.0,0.0,2.0,0.0
b4634,b4634,ylcF,DLP12 prophage; protein AaaD,42.0,0.0,3.0,1.0
b4636,b4636,ybfI,,46.0,0.0,0.0,0.0
b4590,b4590,ybfK,,17.0,0.0,29.0,0.0
b4592,b4592,yccB,cytochrome <i>bd</i>-II accessory subunit AppX,40.0,0.0,6.0,0.0
b4593,b4593,ymgI,uncharacterized protein YmgI,45.0,0.0,1.0,0.0
b4594,b4594,ymgJ,uncharacterized protein YmgJ,40.0,0.0,6.0,0.0
b4595,b4595,yciY,uncharacterized protein YciY,43.0,0.0,0.0,3.0
b4596,b4596,yciZ,UPF0509 family protein YciZ,40.0,0.0,3.0,3.0
b4598,b4598,yncL,uncharacterized protein YncL,46.0,0.0,0.0,0.0
b4600,b4600,ydfJ,NA,46.0,0.0,0.0,0.0
b4603,b4603,rseX,small regulatory RNA RseX,38.0,0.0,5.0,3.0
b4640,b4640,yoeG,,39.0,0.0,7.0,0.0
b4641,b4641,yoeH,,46.0,0.0,0.0,0.0
b4642,b4642,yoeD,,30.0,0.0,16.0,0.0
b4661,b4661,yfcU,putative outer membrane usher protein YfcU,45.0,0.0,0.0,1.0
b4606,b4606,ypfM,uncharacterized protein YpfM,43.0,0.0,3.0,0.0
b4608,b4608,ryfC,small regulatory RNA OhsC,46.0,0.0,0.0,0.0
b4609,b4609,ryfD,small regulatory RNA RyfD,40.0,0.0,0.0,6.0
b4644,b4644,ypjI,putative UPF0401 protein YpjI,46.0,0.0,0.0,0.0
b4658,b4658,yghX,putative hydrolase fragment,46.0,0.0,0.0,0.0
b4646,b4646,yrdE,,38.0,0.0,1.0,7.0
b4660,b4660,yhiL,DUF4049 domain-containing protein YhiL,15.0,0.0,31.0,0.0
b4613,b4613,dinQ,membrane toxin DinQ,33.0,0.0,12.0,1.0
b4647,b4647,mokA,,32.0,0.0,14.0,0.0
b4614,b4614,sokA,,46.0,0.0,0.0,0.0
b4648,b4648,ysaC,,40.0,0.0,6.0,0.0
b4649,b4649,ysaD,,46.0,0.0,0.0,0.0
b4650,b4650,yibS,RHS family protein YibS,45.0,0.0,1.0,0.0
b4651,b4651,yibW,,23.0,2.0,20.0,1.0
b4652,b4652,yibU,,46.0,0.0,0.0,0.0
b4653,b4653,yicT,,38.0,0.0,0.0,8.0
b4618,b4618,tisB,membrane-depolarizing toxin TisB,46.0,0.0,0.0,0.0
b4620,b4620,yjbT,PF17089 family protein YjbT,46.0,0.0,0.0,0.0
b4622,b4622,ytcA,putative lipoprotein YtcA,46.0,0.0,0.0,0.0
b4654,b4654,yjdQ,,46.0,0.0,0.0,0.0
b4655,b4655,ythA,KpLE2 phage-like element; uncharacterized protein YthA,44.0,0.0,2.0,0.0
b4623,b4623,insO,KpLE2 phage-like element; IS911B regulator fragment,46.0,0.0,0.0,0.0
b4656,b4656,yjhY,,46.0,0.0,0.0,0.0
b4657,b4657,yjhZ,KpLE2 phage-like element; putative acetyltransferase YjhZ,46.0,0.0,0.0,0.0
b4625,b4625,ryjC,small regulatory RNA antitoxin SymR,46.0,0.0,0.0,0.0
b0502,b0502,ylbG,putative DNA-binding transcriptional regulator YlbG,40.0,0.0,6.0,0.0
b1157,b1157,stfE,e14 prophage; putative side tail fiber protein fragment,46.0,0.0,0.0,0.0
b4694,b4694,yagP,NA,46.0,0.0,0.0,0.0
b4695,b4695,ykgT,NA,41.0,0.0,4.0,1.0
b4692,b4692,oweE,phage replication protein,45.0,0.0,1.0,0.0
b4693,b4693,aaaE,phage terminase,46.0,0.0,0.0,0.0
b4696,b4696,yneO,AIDA-I family autotransporter YneO,46.0,0.0,0.0,0.0
b4676,b4676,yoaK,uncharacterized membrane protein YoaK,44.0,0.0,0.0,2.0
b4675,b4675,yoaJ,uncharacterized protein YoaJ,46.0,0.0,0.0,0.0
b4679,b4679,yohP,uncharacterized membrane protein YohP,37.0,0.0,0.0,9.0
b4687,b4687,shoB,toxic peptide ShoB,46.0,0.0,0.0,0.0
b4684,b4684,yqfG,uncharacterized protein YqfG,46.0,0.0,0.0,0.0
b4685,b4685,yrbN,uncharacterized protein YrbN,32.0,0.0,14.0,0.0
b4697,b4697,yrdF,,34.0,0.0,12.0,0.0
b4686,b4686,yshB,uncharacterized protein YshB,42.0,0.0,4.0,0.0
