"Reference Seq","Position","Mutation Type","Sequence Change","Gene (Scrollable)","Details","A1 F500 I1 R1<div class=""tag_dropdown""><span class=""fa-stack"" style=""display:none""><i class=""fa fa-random fa-fw"" aria-hidden=""true""></i><font style=""font-size:0px"">contaminated</font></span><span class=""fa-stack"" style=""display:none""><i class=""fa fa-line-chart fa-fw"" aria-hidden=""true""></i><font style=""font-size:0px"">hypermutated</font></span></div>","A1 F500 I2 R1<div class=""tag_dropdown""><span class=""fa-stack"" style=""display:none""><i class=""fa fa-random fa-fw"" aria-hidden=""true""></i><font style=""font-size:0px"">contaminated</font></span><span class=""fa-stack"" style=""display:none""><i class=""fa fa-line-chart fa-fw"" aria-hidden=""true""></i><font style=""font-size:0px"">hypermutated</font></span></div>","A1 F1000 I1 R1<div class=""tag_dropdown""><span class=""fa-stack"" style=""display:none""><i class=""fa fa-random fa-fw"" aria-hidden=""true""></i><font style=""font-size:0px"">contaminated</font></span><span class=""fa-stack"" style=""display:none""><i class=""fa fa-line-chart fa-fw"" aria-hidden=""true""></i><font style=""font-size:0px"">hypermutated</font></span></div>","A1 F1000 I2 R1<div class=""tag_dropdown""><span class=""fa-stack"" style=""display:none""><i class=""fa fa-random fa-fw"" aria-hidden=""true""></i><font style=""font-size:0px"">contaminated</font></span><span class=""fa-stack"" style=""display:none""><i class=""fa fa-line-chart fa-fw"" aria-hidden=""true""></i><font style=""font-size:0px"">hypermutated</font></span></div>","A1 F1500 I1 R1<div class=""tag_dropdown""><span class=""fa-stack"" style=""display:none""><i class=""fa fa-random fa-fw"" aria-hidden=""true""></i><font style=""font-size:0px"">contaminated</font></span><span class=""fa-stack"" style=""display:none""><i class=""fa fa-line-chart fa-fw"" aria-hidden=""true""></i><font style=""font-size:0px"">hypermutated</font></span></div>","A1 F1500 I2 R1<div class=""tag_dropdown""><span class=""fa-stack"" style=""display:none""><i class=""fa fa-random fa-fw"" aria-hidden=""true""></i><font style=""font-size:0px"">contaminated</font></span><span class=""fa-stack"" style=""display:none""><i class=""fa fa-line-chart fa-fw"" aria-hidden=""true""></i><font style=""font-size:0px"">hypermutated</font></span></div>","A1 F2000 I1 R1<div class=""tag_dropdown""><span class=""fa-stack"" style=""display:none""><i class=""fa fa-random fa-fw"" aria-hidden=""true""></i><font style=""font-size:0px"">contaminated</font></span><span class=""fa-stack"" style=""display:none""><i class=""fa fa-line-chart fa-fw"" aria-hidden=""true""></i><font style=""font-size:0px"">hypermutated</font></span></div>","A1 F2000 I2 R1<div class=""tag_dropdown""><span class=""fa-stack"" style=""display:none""><i class=""fa fa-random fa-fw"" aria-hidden=""true""></i><font style=""font-size:0px"">contaminated</font></span><span class=""fa-stack"" style=""display:none""><i class=""fa fa-line-chart fa-fw"" aria-hidden=""true""></i><font style=""font-size:0px"">hypermutated</font></span></div>","A1 F5000 I1 R1<div class=""tag_dropdown""><span class=""fa-stack"" style=""display:none""><i class=""fa fa-random fa-fw"" aria-hidden=""true""></i><font style=""font-size:0px"">contaminated</font></span><span class=""fa-stack"" style=""display:none""><i class=""fa fa-line-chart fa-fw"" aria-hidden=""true""></i><font style=""font-size:0px"">hypermutated</font></span></div>","A1 F5000 I2 R1<div class=""tag_dropdown""><span class=""fa-stack"" style=""display:none""><i class=""fa fa-random fa-fw"" aria-hidden=""true""></i><font style=""font-size:0px"">contaminated</font></span><span class=""fa-stack"" style=""display:none""><i class=""fa fa-line-chart fa-fw"" aria-hidden=""true""></i><font style=""font-size:0px"">hypermutated</font></span></div>","A1 F10000 I1 R1<div class=""tag_dropdown""><span class=""fa-stack"" style=""display:none""><i class=""fa fa-random fa-fw"" aria-hidden=""true""></i><font style=""font-size:0px"">contaminated</font></span><span class=""fa-stack"" style=""display:none""><i class=""fa fa-line-chart fa-fw"" aria-hidden=""true""></i><font style=""font-size:0px"">hypermutated</font></span></div>","A1 F10000 I2 R1<div class=""tag_dropdown""><span class=""fa-stack"" style=""display:none""><i class=""fa fa-random fa-fw"" aria-hidden=""true""></i><font style=""font-size:0px"">contaminated</font></span><span class=""fa-stack"" style=""display:none""><i class=""fa fa-line-chart fa-fw"" aria-hidden=""true""></i><font style=""font-size:0px"">hypermutated</font></span></div>","A1 F15000 I1 R1<div class=""tag_dropdown""><span class=""fa-stack"" style=""display:none""><i class=""fa fa-random fa-fw"" aria-hidden=""true""></i><font style=""font-size:0px"">contaminated</font></span><span class=""fa-stack"" style=""display:none""><i class=""fa fa-line-chart fa-fw"" aria-hidden=""true""></i><font style=""font-size:0px"">hypermutated</font></span></div>","A1 F15000 I2 R1<div class=""tag_dropdown""><span class=""fa-stack"" style=""display:none""><i class=""fa fa-random fa-fw"" aria-hidden=""true""></i><font style=""font-size:0px"">contaminated</font></span><span class=""fa-stack"" style=""display:none""><i class=""fa fa-line-chart fa-fw"" aria-hidden=""true""></i><font style=""font-size:0px"">hypermutated</font></span></div>","A1 F20000 I1 R1<div class=""tag_dropdown""><span class=""fa-stack"" style=""display:none""><i class=""fa fa-random fa-fw"" aria-hidden=""true""></i><font style=""font-size:0px"">contaminated</font></span><span class=""fa-stack"" style=""display:none""><i class=""fa fa-line-chart fa-fw"" aria-hidden=""true""></i><font style=""font-size:0px"">hypermutated</font></span></div>","A1 F20000 I2 R1<div class=""tag_dropdown""><span class=""fa-stack"" style=""display:none""><i class=""fa fa-random fa-fw"" aria-hidden=""true""></i><font style=""font-size:0px"">contaminated</font></span><span class=""fa-stack"" style=""display:none""><i class=""fa fa-line-chart fa-fw"" aria-hidden=""true""></i><font style=""font-size:0px"">hypermutated</font></span></div>","A2 F500 I1 R1<div class=""tag_dropdown""><span class=""fa-stack"" style=""display:none""><i class=""fa fa-random fa-fw"" aria-hidden=""true""></i><font style=""font-size:0px"">contaminated</font></span><span class=""fa-stack"" style=""display:none""><i class=""fa fa-line-chart fa-fw"" aria-hidden=""true""></i><font style=""font-size:0px"">hypermutated</font></span></div>","A2 F500 I2 R1<div class=""tag_dropdown""><span class=""fa-stack"" style=""display:none""><i class=""fa fa-random fa-fw"" aria-hidden=""true""></i><font style=""font-size:0px"">contaminated</font></span><span class=""fa-stack"" style=""display:none""><i class=""fa fa-line-chart fa-fw"" aria-hidden=""true""></i><font style=""font-size:0px"">hypermutated</font></span></div>","A2 F1000 I1 R1<div class=""tag_dropdown""><span class=""fa-stack"" style=""display:none""><i class=""fa fa-random fa-fw"" aria-hidden=""true""></i><font style=""font-size:0px"">contaminated</font></span><span class=""fa-stack"" style=""display:none""><i class=""fa fa-line-chart fa-fw"" aria-hidden=""true""></i><font style=""font-size:0px"">hypermutated</font></span></div>","A2 F1000 I2 R1<div class=""tag_dropdown""><span class=""fa-stack"" style=""display:none""><i class=""fa fa-random fa-fw"" aria-hidden=""true""></i><font style=""font-size:0px"">contaminated</font></span><span class=""fa-stack"" style=""display:none""><i class=""fa fa-line-chart fa-fw"" aria-hidden=""true""></i><font style=""font-size:0px"">hypermutated</font></span></div>","A2 F1500 I1 R1<div class=""tag_dropdown""><span class=""fa-stack"" style=""display:none""><i class=""fa fa-random fa-fw"" aria-hidden=""true""></i><font style=""font-size:0px"">contaminated</font></span><span class=""fa-stack"" style=""display:none""><i class=""fa fa-line-chart fa-fw"" aria-hidden=""true""></i><font style=""font-size:0px"">hypermutated</font></span></div>","A2 F1500 I2 R1<div class=""tag_dropdown""><span class=""fa-stack"" style=""display:none""><i class=""fa fa-random fa-fw"" aria-hidden=""true""></i><font style=""font-size:0px"">contaminated</font></span><span class=""fa-stack"" style=""display:none""><i class=""fa fa-line-chart fa-fw"" aria-hidden=""true""></i><font style=""font-size:0px"">hypermutated</font></span></div>","A2 F2000 I1 R1<div class=""tag_dropdown""><span class=""fa-stack"" style=""display:none""><i class=""fa fa-random fa-fw"" aria-hidden=""true""></i><font style=""font-size:0px"">contaminated</font></span><span class=""fa-stack"" style=""display:none""><i class=""fa fa-line-chart fa-fw"" aria-hidden=""true""></i><font style=""font-size:0px"">hypermutated</font></span></div>","A2 F2000 I2 R1<div class=""tag_dropdown""><span class=""fa-stack"" style=""display:none""><i class=""fa fa-random fa-fw"" aria-hidden=""true""></i><font style=""font-size:0px"">contaminated</font></span><span class=""fa-stack"" style=""display:none""><i class=""fa fa-line-chart fa-fw"" aria-hidden=""true""></i><font style=""font-size:0px"">hypermutated</font></span></div>","A3 F500 I1 R1<div class=""tag_dropdown""><span class=""fa-stack"" style=""display:none""><i class=""fa fa-random fa-fw"" aria-hidden=""true""></i><font style=""font-size:0px"">contaminated</font></span><span class=""fa-stack"" style=""display:none""><i class=""fa fa-line-chart fa-fw"" aria-hidden=""true""></i><font style=""font-size:0px"">hypermutated</font></span></div>","A3 F500 I2 R1<div class=""tag_dropdown""><span class=""fa-stack"" style=""display:none""><i class=""fa fa-random fa-fw"" aria-hidden=""true""></i><font style=""font-size:0px"">contaminated</font></span><span class=""fa-stack"" style=""display:none""><i class=""fa fa-line-chart fa-fw"" aria-hidden=""true""></i><font style=""font-size:0px"">hypermutated</font></span></div>","A3 F1000 I1 R1<div class=""tag_dropdown""><span class=""fa-stack"" style=""display:none""><i class=""fa fa-random fa-fw"" aria-hidden=""true""></i><font style=""font-size:0px"">contaminated</font></span><span class=""fa-stack"" style=""display:none""><i class=""fa fa-line-chart fa-fw"" aria-hidden=""true""></i><font style=""font-size:0px"">hypermutated</font></span></div>","A3 F1000 I2 R1<div class=""tag_dropdown""><span class=""fa-stack"" style=""display:none""><i class=""fa fa-random fa-fw"" aria-hidden=""true""></i><font style=""font-size:0px"">contaminated</font></span><span class=""fa-stack"" style=""display:none""><i class=""fa fa-line-chart fa-fw"" aria-hidden=""true""></i><font style=""font-size:0px"">hypermutated</font></span></div>","A3 F1500 I1 R1<div class=""tag_dropdown""><span class=""fa-stack"" style=""display:none""><i class=""fa fa-random fa-fw"" aria-hidden=""true""></i><font style=""font-size:0px"">contaminated</font></span><span class=""fa-stack"" style=""display:none""><i class=""fa fa-line-chart fa-fw"" aria-hidden=""true""></i><font style=""font-size:0px"">hypermutated</font></span></div>","A3 F1500 I2 R1<div class=""tag_dropdown""><span class=""fa-stack"" style=""display:none""><i class=""fa fa-random fa-fw"" aria-hidden=""true""></i><font style=""font-size:0px"">contaminated</font></span><span class=""fa-stack"" style=""display:none""><i class=""fa fa-line-chart fa-fw"" aria-hidden=""true""></i><font style=""font-size:0px"">hypermutated</font></span></div>","A3 F2000 I1 R1<div class=""tag_dropdown""><span class=""fa-stack"" style=""display:none""><i class=""fa fa-random fa-fw"" aria-hidden=""true""></i><font style=""font-size:0px"">contaminated</font></span><span class=""fa-stack"" style=""display:none""><i class=""fa fa-line-chart fa-fw"" aria-hidden=""true""></i><font style=""font-size:0px"">hypermutated</font></span></div>","A3 F2000 I2 R1<div class=""tag_dropdown""><span class=""fa-stack"" style=""display:none""><i class=""fa fa-random fa-fw"" aria-hidden=""true""></i><font style=""font-size:0px"">contaminated</font></span><span class=""fa-stack"" style=""display:none""><i class=""fa fa-line-chart fa-fw"" aria-hidden=""true""></i><font style=""font-size:0px"">hypermutated</font></span></div>","A3 F5000 I1 R1<div class=""tag_dropdown""><span class=""fa-stack"" style=""display:none""><i class=""fa fa-random fa-fw"" aria-hidden=""true""></i><font style=""font-size:0px"">contaminated</font></span><span class=""fa-stack"" style=""display:none""><i class=""fa fa-line-chart fa-fw"" aria-hidden=""true""></i><font style=""font-size:0px"">hypermutated</font></span></div>","A3 F5000 I2 R1<div class=""tag_dropdown""><span class=""fa-stack"" style=""display:none""><i class=""fa fa-random fa-fw"" aria-hidden=""true""></i><font style=""font-size:0px"">contaminated</font></span><span class=""fa-stack"" style=""display:none""><i class=""fa fa-line-chart fa-fw"" aria-hidden=""true""></i><font style=""font-size:0px"">hypermutated</font></span></div>","A3 F10000 I1 R1<div class=""tag_dropdown""><span class=""fa-stack"" style=""display:none""><i class=""fa fa-random fa-fw"" aria-hidden=""true""></i><font style=""font-size:0px"">contaminated</font></span><span class=""fa-stack"" style=""display:none""><i class=""fa fa-line-chart fa-fw"" aria-hidden=""true""></i><font style=""font-size:0px"">hypermutated</font></span></div>","A3 F10000 I2 R1<div class=""tag_dropdown""><span class=""fa-stack"" style=""display:none""><i class=""fa fa-random fa-fw"" aria-hidden=""true""></i><font style=""font-size:0px"">contaminated</font></span><span class=""fa-stack"" style=""display:none""><i class=""fa fa-line-chart fa-fw"" aria-hidden=""true""></i><font style=""font-size:0px"">hypermutated</font></span></div>","A3 F15000 I1 R1<div class=""tag_dropdown""><span class=""fa-stack"" style=""display:none""><i class=""fa fa-random fa-fw"" aria-hidden=""true""></i><font style=""font-size:0px"">contaminated</font></span><span class=""fa-stack"" style=""display:none""><i class=""fa fa-line-chart fa-fw"" aria-hidden=""true""></i><font style=""font-size:0px"">hypermutated</font></span></div>","A3 F15000 I2 R1<div class=""tag_dropdown""><span class=""fa-stack"" style=""display:none""><i class=""fa fa-random fa-fw"" aria-hidden=""true""></i><font style=""font-size:0px"">contaminated</font></span><span class=""fa-stack"" style=""display:none""><i class=""fa fa-line-chart fa-fw"" aria-hidden=""true""></i><font style=""font-size:0px"">hypermutated</font></span></div>","A3 F20000 I1 R1<div class=""tag_dropdown""><span class=""fa-stack"" style=""display:none""><i class=""fa fa-random fa-fw"" aria-hidden=""true""></i><font style=""font-size:0px"">contaminated</font></span><span class=""fa-stack"" style=""display:none""><i class=""fa fa-line-chart fa-fw"" aria-hidden=""true""></i><font style=""font-size:0px"">hypermutated</font></span></div>","A3 F20000 I2 R1<div class=""tag_dropdown""><span class=""fa-stack"" style=""display:none""><i class=""fa fa-random fa-fw"" aria-hidden=""true""></i><font style=""font-size:0px"">contaminated</font></span><span class=""fa-stack"" style=""display:none""><i class=""fa fa-line-chart fa-fw"" aria-hidden=""true""></i><font style=""font-size:0px"">hypermutated</font></span></div>","A3 F30000 I1 R1<div class=""tag_dropdown""><span class=""fa-stack"" style=""display:none""><i class=""fa fa-random fa-fw"" aria-hidden=""true""></i><font style=""font-size:0px"">contaminated</font></span><span class=""fa-stack"" style=""display:none""><i class=""fa fa-line-chart fa-fw"" aria-hidden=""true""></i><font style=""font-size:0px"">hypermutated</font></span></div>","A3 F30000 I2 R1<div class=""tag_dropdown""><span class=""fa-stack"" style=""display:none""><i class=""fa fa-random fa-fw"" aria-hidden=""true""></i><font style=""font-size:0px"">contaminated</font></span><span class=""fa-stack"" style=""display:none""><i class=""fa fa-line-chart fa-fw"" aria-hidden=""true""></i><font style=""font-size:0px"">hypermutated</font></span></div>","A4 F500 I1 R1<div class=""tag_dropdown""><span class=""fa-stack"" style=""display:none""><i class=""fa fa-random fa-fw"" aria-hidden=""true""></i><font style=""font-size:0px"">contaminated</font></span><span class=""fa-stack"" style=""display:none""><i class=""fa fa-line-chart fa-fw"" aria-hidden=""true""></i><font style=""font-size:0px"">hypermutated</font></span></div>","A4 F500 I2 R1<div class=""tag_dropdown""><span class=""fa-stack"" style=""display:none""><i class=""fa fa-random fa-fw"" aria-hidden=""true""></i><font style=""font-size:0px"">contaminated</font></span><span class=""fa-stack"" style=""display:none""><i class=""fa fa-line-chart fa-fw"" aria-hidden=""true""></i><font style=""font-size:0px"">hypermutated</font></span></div>","A4 F1000 I1 R1<div class=""tag_dropdown""><span class=""fa-stack"" style=""display:none""><i class=""fa fa-random fa-fw"" aria-hidden=""true""></i><font style=""font-size:0px"">contaminated</font></span><span class=""fa-stack"" style=""display:none""><i class=""fa fa-line-chart fa-fw"" aria-hidden=""true""></i><font style=""font-size:0px"">hypermutated</font></span></div>","A4 F1000 I2 R1<div class=""tag_dropdown""><span class=""fa-stack"" style=""display:none""><i class=""fa fa-random fa-fw"" aria-hidden=""true""></i><font style=""font-size:0px"">contaminated</font></span><span class=""fa-stack"" style=""display:none""><i class=""fa fa-line-chart fa-fw"" aria-hidden=""true""></i><font style=""font-size:0px"">hypermutated</font></span></div>","A4 F1500 I1 R1<div class=""tag_dropdown""><span class=""fa-stack"" style=""display:none""><i class=""fa fa-random fa-fw"" aria-hidden=""true""></i><font style=""font-size:0px"">contaminated</font></span><span class=""fa-stack"" style=""display:none""><i class=""fa fa-line-chart fa-fw"" aria-hidden=""true""></i><font style=""font-size:0px"">hypermutated</font></span></div>","A4 F1500 I2 R1<div class=""tag_dropdown""><span class=""fa-stack"" style=""display:none""><i class=""fa fa-random fa-fw"" aria-hidden=""true""></i><font style=""font-size:0px"">contaminated</font></span><span class=""fa-stack"" style=""display:none""><i class=""fa fa-line-chart fa-fw"" aria-hidden=""true""></i><font style=""font-size:0px"">hypermutated</font></span></div>","A4 F2000 I1 R1<div class=""tag_dropdown""><span class=""fa-stack"" style=""display:none""><i class=""fa fa-random fa-fw"" aria-hidden=""true""></i><font style=""font-size:0px"">contaminated</font></span><span class=""fa-stack"" style=""display:none""><i class=""fa fa-line-chart fa-fw"" aria-hidden=""true""></i><font style=""font-size:0px"">hypermutated</font></span></div>","A4 F2000 I2 R1<div class=""tag_dropdown""><span class=""fa-stack"" style=""display:none""><i class=""fa fa-random fa-fw"" aria-hidden=""true""></i><font style=""font-size:0px"">contaminated</font></span><span class=""fa-stack"" style=""display:none""><i class=""fa fa-line-chart fa-fw"" aria-hidden=""true""></i><font style=""font-size:0px"">hypermutated</font></span></div>","A4 F5000 I1 R1<div class=""tag_dropdown""><span class=""fa-stack"" style=""display:none""><i class=""fa fa-random fa-fw"" aria-hidden=""true""></i><font style=""font-size:0px"">contaminated</font></span><span class=""fa-stack"" style=""display:none""><i class=""fa fa-line-chart fa-fw"" aria-hidden=""true""></i><font style=""font-size:0px"">hypermutated</font></span></div>","A4 F5000 I2 R1<div class=""tag_dropdown""><span class=""fa-stack"" style=""display:none""><i class=""fa fa-random fa-fw"" aria-hidden=""true""></i><font style=""font-size:0px"">contaminated</font></span><span class=""fa-stack"" style=""display:none""><i class=""fa fa-line-chart fa-fw"" aria-hidden=""true""></i><font style=""font-size:0px"">hypermutated</font></span></div>","A5 F500 I1 R1<div class=""tag_dropdown""><span class=""fa-stack"" style=""display:none""><i class=""fa fa-random fa-fw"" aria-hidden=""true""></i><font style=""font-size:0px"">contaminated</font></span><span class=""fa-stack"" style=""display:none""><i class=""fa fa-line-chart fa-fw"" aria-hidden=""true""></i><font style=""font-size:0px"">hypermutated</font></span></div>","A5 F500 I2 R1<div class=""tag_dropdown""><span class=""fa-stack"" style=""display:none""><i class=""fa fa-random fa-fw"" aria-hidden=""true""></i><font style=""font-size:0px"">contaminated</font></span><span class=""fa-stack"" style=""display:none""><i class=""fa fa-line-chart fa-fw"" aria-hidden=""true""></i><font style=""font-size:0px"">hypermutated</font></span></div>","A5 F1000 I1 R1<div class=""tag_dropdown""><span class=""fa-stack"" style=""display:none""><i class=""fa fa-random fa-fw"" aria-hidden=""true""></i><font style=""font-size:0px"">contaminated</font></span><span class=""fa-stack"" style=""display:none""><i class=""fa fa-line-chart fa-fw"" aria-hidden=""true""></i><font style=""font-size:0px"">hypermutated</font></span></div>","A5 F1000 I2 R1<div class=""tag_dropdown""><span class=""fa-stack"" style=""display:none""><i class=""fa fa-random fa-fw"" aria-hidden=""true""></i><font style=""font-size:0px"">contaminated</font></span><span class=""fa-stack"" style=""display:none""><i class=""fa fa-line-chart fa-fw"" aria-hidden=""true""></i><font style=""font-size:0px"">hypermutated</font></span></div>","A5 F1500 I1 R1<div class=""tag_dropdown""><span class=""fa-stack"" style=""display:none""><i class=""fa fa-random fa-fw"" aria-hidden=""true""></i><font style=""font-size:0px"">contaminated</font></span><span class=""fa-stack"" style=""display:none""><i class=""fa fa-line-chart fa-fw"" aria-hidden=""true""></i><font style=""font-size:0px"">hypermutated</font></span></div>","A5 F1500 I2 R1<div class=""tag_dropdown""><span class=""fa-stack"" style=""display:none""><i class=""fa fa-random fa-fw"" aria-hidden=""true""></i><font style=""font-size:0px"">contaminated</font></span><span class=""fa-stack"" style=""display:none""><i class=""fa fa-line-chart fa-fw"" aria-hidden=""true""></i><font style=""font-size:0px"">hypermutated</font></span></div>","A5 F2000 I1 R1<div class=""tag_dropdown""><span class=""fa-stack"" style=""display:none""><i class=""fa fa-random fa-fw"" aria-hidden=""true""></i><font style=""font-size:0px"">contaminated</font></span><span class=""fa-stack"" style=""display:none""><i class=""fa fa-line-chart fa-fw"" aria-hidden=""true""></i><font style=""font-size:0px"">hypermutated</font></span></div>","A5 F2000 I2 R1<div class=""tag_dropdown""><span class=""fa-stack"" style=""display:none""><i class=""fa fa-random fa-fw"" aria-hidden=""true""></i><font style=""font-size:0px"">contaminated</font></span><span class=""fa-stack"" style=""display:none""><i class=""fa fa-line-chart fa-fw"" aria-hidden=""true""></i><font style=""font-size:0px"">hypermutated</font></span></div>","A5 F5000 I1 R1<div class=""tag_dropdown""><span class=""fa-stack"" style=""display:none""><i class=""fa fa-random fa-fw"" aria-hidden=""true""></i><font style=""font-size:0px"">contaminated</font></span><span class=""fa-stack"" style=""display:none""><i class=""fa fa-line-chart fa-fw"" aria-hidden=""true""></i><font style=""font-size:0px"">hypermutated</font></span></div>","A5 F5000 I2 R1<div class=""tag_dropdown""><span class=""fa-stack"" style=""display:none""><i class=""fa fa-random fa-fw"" aria-hidden=""true""></i><font style=""font-size:0px"">contaminated</font></span><span class=""fa-stack"" style=""display:none""><i class=""fa fa-line-chart fa-fw"" aria-hidden=""true""></i><font style=""font-size:0px"">hypermutated</font></span></div>","A5 F10000 I1 R1<div class=""tag_dropdown""><span class=""fa-stack"" style=""display:none""><i class=""fa fa-random fa-fw"" aria-hidden=""true""></i><font style=""font-size:0px"">contaminated</font></span><span class=""fa-stack"" style=""display:none""><i class=""fa fa-line-chart fa-fw"" aria-hidden=""true""></i><font style=""font-size:0px"">hypermutated</font></span></div>","A5 F10000 I2 R1<div class=""tag_dropdown""><span class=""fa-stack"" style=""display:none""><i class=""fa fa-random fa-fw"" aria-hidden=""true""></i><font style=""font-size:0px"">contaminated</font></span><span class=""fa-stack"" style=""display:none""><i class=""fa fa-line-chart fa-fw"" aria-hidden=""true""></i><font style=""font-size:0px"">hypermutated</font></span></div>","A5 F15000 I1 R1<div class=""tag_dropdown""><span class=""fa-stack"" style=""display:none""><i class=""fa fa-random fa-fw"" aria-hidden=""true""></i><font style=""font-size:0px"">contaminated</font></span><span class=""fa-stack"" style=""display:none""><i class=""fa fa-line-chart fa-fw"" aria-hidden=""true""></i><font style=""font-size:0px"">hypermutated</font></span></div>","A5 F15000 I2 R1<div class=""tag_dropdown""><span class=""fa-stack"" style=""display:none""><i class=""fa fa-random fa-fw"" aria-hidden=""true""></i><font style=""font-size:0px"">contaminated</font></span><span class=""fa-stack"" style=""display:none""><i class=""fa fa-line-chart fa-fw"" aria-hidden=""true""></i><font style=""font-size:0px"">hypermutated</font></span></div>","A5 F20000 I1 R1<div class=""tag_dropdown""><span class=""fa-stack"" style=""display:none""><i class=""fa fa-random fa-fw"" aria-hidden=""true""></i><font style=""font-size:0px"">contaminated</font></span><span class=""fa-stack"" style=""display:none""><i class=""fa fa-line-chart fa-fw"" aria-hidden=""true""></i><font style=""font-size:0px"">hypermutated</font></span></div>","A5 F20000 I2 R1<div class=""tag_dropdown""><span class=""fa-stack"" style=""display:none""><i class=""fa fa-random fa-fw"" aria-hidden=""true""></i><font style=""font-size:0px"">contaminated</font></span><span class=""fa-stack"" style=""display:none""><i class=""fa fa-line-chart fa-fw"" aria-hidden=""true""></i><font style=""font-size:0px"">hypermutated</font></span></div>","A5 F30000 I1 R1<div class=""tag_dropdown""><span class=""fa-stack"" style=""display:none""><i class=""fa fa-random fa-fw"" aria-hidden=""true""></i><font style=""font-size:0px"">contaminated</font></span><span class=""fa-stack"" style=""display:none""><i class=""fa fa-line-chart fa-fw"" aria-hidden=""true""></i><font style=""font-size:0px"">hypermutated</font></span></div>","A5 F30000 I2 R1<div class=""tag_dropdown""><span class=""fa-stack"" style=""display:none""><i class=""fa fa-random fa-fw"" aria-hidden=""true""></i><font style=""font-size:0px"">contaminated</font></span><span class=""fa-stack"" style=""display:none""><i class=""fa fa-line-chart fa-fw"" aria-hidden=""true""></i><font style=""font-size:0px"">hypermutated</font></span></div>","A5 F40000 I1 R1<div class=""tag_dropdown""><span class=""fa-stack"" style=""display:none""><i class=""fa fa-random fa-fw"" aria-hidden=""true""></i><font style=""font-size:0px"">contaminated</font></span><span class=""fa-stack"" style=""display:none""><i class=""fa fa-line-chart fa-fw"" aria-hidden=""true""></i><font style=""font-size:0px"">hypermutated</font></span></div>","A5 F40000 I2 R1<div class=""tag_dropdown""><span class=""fa-stack"" style=""display:none""><i class=""fa fa-random fa-fw"" aria-hidden=""true""></i><font style=""font-size:0px"">contaminated</font></span><span class=""fa-stack"" style=""display:none""><i class=""fa fa-line-chart fa-fw"" aria-hidden=""true""></i><font style=""font-size:0px"">hypermutated</font></span></div>","A5 F50000 I1 R1<div class=""tag_dropdown""><span class=""fa-stack"" style=""display:none""><i class=""fa fa-random fa-fw"" aria-hidden=""true""></i><font style=""font-size:0px"">contaminated</font></span><span class=""fa-stack"" style=""display:none""><i class=""fa fa-line-chart fa-fw"" aria-hidden=""true""></i><font style=""font-size:0px"">hypermutated</font></span></div>","A5 F50000 I2 R1<div class=""tag_dropdown""><span class=""fa-stack"" style=""display:none""><i class=""fa fa-random fa-fw"" aria-hidden=""true""></i><font style=""font-size:0px"">contaminated</font></span><span class=""fa-stack"" style=""display:none""><i class=""fa fa-line-chart fa-fw"" aria-hidden=""true""></i><font style=""font-size:0px"">hypermutated</font></span></div>","A6 F500 I1 R1<div class=""tag_dropdown""><span class=""fa-stack"" style=""display:none""><i class=""fa fa-random fa-fw"" aria-hidden=""true""></i><font style=""font-size:0px"">contaminated</font></span><span class=""fa-stack"" style=""display:none""><i class=""fa fa-line-chart fa-fw"" aria-hidden=""true""></i><font style=""font-size:0px"">hypermutated</font></span></div>","A6 F500 I2 R1<div class=""tag_dropdown""><span class=""fa-stack"" style=""display:none""><i class=""fa fa-random fa-fw"" aria-hidden=""true""></i><font style=""font-size:0px"">contaminated</font></span><span class=""fa-stack"" style=""display:none""><i class=""fa fa-line-chart fa-fw"" aria-hidden=""true""></i><font style=""font-size:0px"">hypermutated</font></span></div>","A6 F1000 I1 R1<div class=""tag_dropdown""><span class=""fa-stack"" style=""display:none""><i class=""fa fa-random fa-fw"" aria-hidden=""true""></i><font style=""font-size:0px"">contaminated</font></span><span class=""fa-stack"" style=""display:none""><i class=""fa fa-line-chart fa-fw"" aria-hidden=""true""></i><font style=""font-size:0px"">hypermutated</font></span></div>","A6 F1000 I2 R1<div class=""tag_dropdown""><span class=""fa-stack"" style=""display:none""><i class=""fa fa-random fa-fw"" aria-hidden=""true""></i><font style=""font-size:0px"">contaminated</font></span><span class=""fa-stack"" style=""display:none""><i class=""fa fa-line-chart fa-fw"" aria-hidden=""true""></i><font style=""font-size:0px"">hypermutated</font></span></div>","A6 F1500 I1 R1<div class=""tag_dropdown""><span class=""fa-stack"" style=""display:none""><i class=""fa fa-random fa-fw"" aria-hidden=""true""></i><font style=""font-size:0px"">contaminated</font></span><span class=""fa-stack"" style=""display:none""><i class=""fa fa-line-chart fa-fw"" aria-hidden=""true""></i><font style=""font-size:0px"">hypermutated</font></span></div>","A6 F1500 I2 R1<div class=""tag_dropdown""><span class=""fa-stack"" style=""display:none""><i class=""fa fa-random fa-fw"" aria-hidden=""true""></i><font style=""font-size:0px"">contaminated</font></span><span class=""fa-stack"" style=""display:none""><i class=""fa fa-line-chart fa-fw"" aria-hidden=""true""></i><font style=""font-size:0px"">hypermutated</font></span></div>","A6 F2000 I1 R1<div class=""tag_dropdown""><span class=""fa-stack"" style=""display:none""><i class=""fa fa-random fa-fw"" aria-hidden=""true""></i><font style=""font-size:0px"">contaminated</font></span><span class=""fa-stack"" style=""display:none""><i class=""fa fa-line-chart fa-fw"" aria-hidden=""true""></i><font style=""font-size:0px"">hypermutated</font></span></div>","A6 F2000 I2 R1<div class=""tag_dropdown""><span class=""fa-stack"" style=""display:none""><i class=""fa fa-random fa-fw"" aria-hidden=""true""></i><font style=""font-size:0px"">contaminated</font></span><span class=""fa-stack"" style=""display:none""><i class=""fa fa-line-chart fa-fw"" aria-hidden=""true""></i><font style=""font-size:0px"">hypermutated</font></span></div>","A6 F5000 I1 R1<div class=""tag_dropdown""><span class=""fa-stack"" style=""display:none""><i class=""fa fa-random fa-fw"" aria-hidden=""true""></i><font style=""font-size:0px"">contaminated</font></span><span class=""fa-stack"" style=""display:none""><i class=""fa fa-line-chart fa-fw"" aria-hidden=""true""></i><font style=""font-size:0px"">hypermutated</font></span></div>","A6 F5000 I2 R1<div class=""tag_dropdown""><span class=""fa-stack"" style=""display:none""><i class=""fa fa-random fa-fw"" aria-hidden=""true""></i><font style=""font-size:0px"">contaminated</font></span><span class=""fa-stack"" style=""display:none""><i class=""fa fa-line-chart fa-fw"" aria-hidden=""true""></i><font style=""font-size:0px"">hypermutated</font></span></div>","A6 F10000 I1 R1<div class=""tag_dropdown""><span class=""fa-stack"" style=""display:none""><i class=""fa fa-random fa-fw"" aria-hidden=""true""></i><font style=""font-size:0px"">contaminated</font></span><span class=""fa-stack"" style=""display:none""><i class=""fa fa-line-chart fa-fw"" aria-hidden=""true""></i><font style=""font-size:0px"">hypermutated</font></span></div>","A6 F10000 I2 R1<div class=""tag_dropdown""><span class=""fa-stack"" style=""display:none""><i class=""fa fa-random fa-fw"" aria-hidden=""true""></i><font style=""font-size:0px"">contaminated</font></span><span class=""fa-stack"" style=""display:none""><i class=""fa fa-line-chart fa-fw"" aria-hidden=""true""></i><font style=""font-size:0px"">hypermutated</font></span></div>","A6 F15000 I1 R1<div class=""tag_dropdown""><span class=""fa-stack"" style=""display:none""><i class=""fa fa-random fa-fw"" aria-hidden=""true""></i><font style=""font-size:0px"">contaminated</font></span><span class=""fa-stack"" style=""display:none""><i class=""fa fa-line-chart fa-fw"" aria-hidden=""true""></i><font style=""font-size:0px"">hypermutated</font></span></div>","A6 F15000 I2 R1<div class=""tag_dropdown""><span class=""fa-stack"" style=""display:none""><i class=""fa fa-random fa-fw"" aria-hidden=""true""></i><font style=""font-size:0px"">contaminated</font></span><span class=""fa-stack"" style=""display:none""><i class=""fa fa-line-chart fa-fw"" aria-hidden=""true""></i><font style=""font-size:0px"">hypermutated</font></span></div>","A6 F20000 I1 R1<div class=""tag_dropdown""><span class=""fa-stack"" style=""display:none""><i class=""fa fa-random fa-fw"" aria-hidden=""true""></i><font style=""font-size:0px"">contaminated</font></span><span class=""fa-stack"" style=""display:none""><i class=""fa fa-line-chart fa-fw"" aria-hidden=""true""></i><font style=""font-size:0px"">hypermutated</font></span></div>","A6 F20000 I2 R1<div class=""tag_dropdown""><span class=""fa-stack"" style=""display:none""><i class=""fa fa-random fa-fw"" aria-hidden=""true""></i><font style=""font-size:0px"">contaminated</font></span><span class=""fa-stack"" style=""display:none""><i class=""fa fa-line-chart fa-fw"" aria-hidden=""true""></i><font style=""font-size:0px"">hypermutated</font></span></div>","A6 F30000 I1 R1<div class=""tag_dropdown""><span class=""fa-stack"" style=""display:none""><i class=""fa fa-random fa-fw"" aria-hidden=""true""></i><font style=""font-size:0px"">contaminated</font></span><span class=""fa-stack"" style=""display:none""><i class=""fa fa-line-chart fa-fw"" aria-hidden=""true""></i><font style=""font-size:0px"">hypermutated</font></span></div>","A6 F30000 I2 R1<div class=""tag_dropdown""><span class=""fa-stack"" style=""display:none""><i class=""fa fa-random fa-fw"" aria-hidden=""true""></i><font style=""font-size:0px"">contaminated</font></span><span class=""fa-stack"" style=""display:none""><i class=""fa fa-line-chart fa-fw"" aria-hidden=""true""></i><font style=""font-size:0px"">hypermutated</font></span></div>","A6 F40000 I1 R1<div class=""tag_dropdown""><span class=""fa-stack"" style=""display:none""><i class=""fa fa-random fa-fw"" aria-hidden=""true""></i><font style=""font-size:0px"">contaminated</font></span><span class=""fa-stack"" style=""display:none""><i class=""fa fa-line-chart fa-fw"" aria-hidden=""true""></i><font style=""font-size:0px"">hypermutated</font></span></div>","A6 F40000 I2 R1<div class=""tag_dropdown""><span class=""fa-stack"" style=""display:none""><i class=""fa fa-random fa-fw"" aria-hidden=""true""></i><font style=""font-size:0px"">contaminated</font></span><span class=""fa-stack"" style=""display:none""><i class=""fa fa-line-chart fa-fw"" aria-hidden=""true""></i><font style=""font-size:0px"">hypermutated</font></span></div>","A6 F50000 I1 R1<div class=""tag_dropdown""><span class=""fa-stack"" style=""display:none""><i class=""fa fa-random fa-fw"" aria-hidden=""true""></i><font style=""font-size:0px"">contaminated</font></span><span class=""fa-stack"" style=""display:none""><i class=""fa fa-line-chart fa-fw"" aria-hidden=""true""></i><font style=""font-size:0px"">hypermutated</font></span></div>","A6 F50000 I2 R1<div class=""tag_dropdown""><span class=""fa-stack"" style=""display:none""><i class=""fa fa-random fa-fw"" aria-hidden=""true""></i><font style=""font-size:0px"">contaminated</font></span><span class=""fa-stack"" style=""display:none""><i class=""fa fa-line-chart fa-fw"" aria-hidden=""true""></i><font style=""font-size:0px"">hypermutated</font></span></div>"
"REL606","1,249","SNP","C→T","thrA","P305L (CCG→CTG)","","","","","","","","","","","","","","","","","","","","","","","","","","","","","","","","","","","","","","","","","","","","","","","","","","","","","","","","","","","","","","","","","","1.00/0.00","1.00/0.00","1.00/0.00","","1.00/0.00","1.00/0.00","1.00/0.00","1.00/0.00","1.00/0.00","","","","","","","","","","","","","","","","","","","","","",""
"REL606","9,972","SNP","T→G","yaaH","N174T (AAC→ACC)","","","","","","","","","","","","","","","","","","","","","","","","","","","","","","","","","","","","","1.00/0.00","","1.00/0.00","1.00/0.00","","1.00/0.00","","","","","","","","","","","","","","","","","","","","","","","","","","","","","","","","","","","","","","","","","","","","","","","","","","","","","",""
"REL606","15,499","MOB","IS150 (–) +3 bp","insL-1","coding (57‑59/1113 nt)","","","","","","","","","","","","","","","","","","","","","","","","","","","","","","","","","","","","","","","","","","1.00/0.00","","","","","","","","","","","","","","","","","","","","","","","","","","","","","","","","","","","","","","","","","","","","","","","","","","","","","",""
"REL606","16,972","MOB","IS150 (–) +3 bp","mokC, nhaA","intergenic (‑14/‑514)","","","","","","","","","","","","","1.00/0.00","1.00/0.00","1.00/0.00","1.00/0.00","","","","","","","","","","","","","","","","1.00/0.00","","","","","","","","","","","","","","","","","","","","","","","","","","","","","","","","","","","1.00/0.00","1.00/0.00","","","","","","","","","","","","","","","","","","","","","","1.00/0.00","1.00/0.00","1.00/0.00","1.00/0.00","","1.00/0.00","1.00/0.00"
"REL606","16,972","DEL","Δ73 bp","mokC, nhaA","IS150‑mediated","","","","","","","","","","","","","","","","","","","","","","","","","","","","","","","","","","","","","","","","","","","","","","","","","","","","","","","","","","","","","","","","","","","","","","","","","","","","","","","","","","","","","","","","","","","1.00/0.00","1.00/0.00","1.00/0.00","","1.00/0.00",""
"REL606","16,973","MOB","IS150 (–) +4 bp","mokC, nhaA","intergenic (‑15/‑512)","","","","","","","","","","","","","","","","","","","","","","","","","","","","","","","","","","","","","","","","","","","","","","","","","","","","","","","","","","","","","","","","","","","","","","","","","","","","","","","","","","","","","","1.00/0.00","","","","","","","","","",""
"REL606","16,975","MOB","IS150 (+) Δ15 bp","mokC, nhaA","intergenic (‑17/‑499)","","","","","","","","","","","","","","","","","","","","","","","","","","","","","","","","","","","","","","","","","","","","","","","","","","","","","","","","","","","","","","","","","","","","","1.00/0.00","","","","","","","","","","","","","","","","","","","","","","","","","","",""
"REL606","16,975","DEL","Δ73 bp","mokC, nhaA","IS150‑mediated","","","","","","","","","","","","","","","","","","","","","","","","","","","","","","","","","","","","","","","","","","","","","","","","","","","","","","","","","","","","","","","","","","","","","","","1.00/0.00","1.00/0.00","1.00/0.00","1.00/0.00","","","","","","","","","","","","","","","","","","","","","",""
"REL606","16,989","MOB","IS150 (+) +4 bp","mokC, nhaA","intergenic (‑31/‑496)","","","","","","","","","","","","","","","","","","","","","","","","","","","","","","","","","1.00/0.00","1.00/0.00","1.00/0.00","1.00/0.00","1.00/0.00","1.00/0.00","1.00/0.00","1.00/0.00","1.00/0.00","1.00/0.00","","","","","","","","","","","","","","","","","","","","","","","","","","","","","","","","","","","","","","","","","","","","","","","","","","","","","",""
"REL606","16,989","DEL","Δ1 bp","mokC, nhaA","intergenic (‑31/‑499)","","","","","","","","","","","","","","","","","","","","","","","","","","","","","","","","","","","1.00/0.00","1.00/0.00","1.00/0.00","1.00/0.00","1.00/0.00","1.00/0.00","1.00/0.00","1.00/0.00","","","","","","","","","","","","","","","","","","","","","","","","","","","","","","","","","","","","","","","","","","","","","","","","","","","","","",""
"REL606","17,045","MOB","IS150 (–) +3 bp","mokC, nhaA","intergenic (‑87/‑441)","","","","","","","","","","","","","","","","","","","","","","","","","","","","","","","","","","","","","","","","","","","","","","","","","","","","","","","","","","","","","","","","","","","","","","1.00/0.00","1.00/0.00","1.00/0.00","1.00/0.00","1.00/0.00","","","","","","","","","","","","","","","","","","","","","",""
"REL606","21,165","DEL","Δ1 bp","ECB_00021","coding (611/1146 nt)","","","","","","","","","","","","","","","","","","","","","","","","","","","","","","","","","","","","","","","","","","","","","","","","","","","","","","","","","","","","","","","","","","","","","","","","","","","","","","","","","","","","","","","","","","","","","","1.00/0.00","","1.00/0.00"
"REL606","23,675","MOB","IS150 (+) +3 bp","insB-1","coding (136‑138/504 nt)","","","","","","","","","","","","","","","","","","","","","","","","","","","","","","","","","","","","","","","","","","1.00/0.00","","","","","","","","","","","","","","","","","","","","","","","","","","","","","","","","","","","","","","","","","","","","","","","","","","","","","",""
"REL606","42,718","MOB","IS150 (+) +3 bp","caiB","pseudogene (257‑259/885 nt)","","","","","","","","","","","","","","","","","","","","","","","","","","","","","","","","","","","","","","","","","","","","","","","","","","","","","","","","","","","","","","","","","","","","","","","","","","","","","","","","","","","","","","","","","","","","","","1.00/0.00","","1.00/0.00"
"REL606","78,888","MOB","IS150 (–) +3 bp","yabN","coding (1214‑1216/1656 nt)","","","","","","","","","","","","","","","","","","","","","","","","","","","","","","","","","","","1.00/0.00","1.00/0.00","","1.00/0.00","","","","","","","","","","","","","","","","","","","","","","","","","","","","","","","","","","","","","","","","","","","","","","","","","","","","","","","","","",""
"REL606","85,556","SNP","C→T","leuA","A260T (GCC→ACC)","","","","","","","","","","","","","","","","","","","","","","","","","","","","","","","","","","","","","","","","","","1.00/0.00","","","","","","","","","","","","","","","","","","","","","","","","","","","","","","","","","","","","","","","","","","","","","","","","","","","","","",""
"REL606","92,356","SNP","C→T","fruR, yabB","intergenic (+520/‑82)","","","","","","","","","","","","","","","","","","","","","","","","","1.00/0.00","","","","","","","","","","","","","","","","","","","","","","","","","","","","","","","","","","","","","","","","","","","","","","","","","","","","","","","","","","","","","","","","","","","","","","",""
"REL606","92,385","SNP","C→T","fruR, yabB","intergenic (+549/‑53)","","","","","","","","","","","","","","","","","","","","","","","","","","","","","","","","","","","","","","","","","","","","","","","","","","","","","","","","","","","","","","","","","","","","","","","","","","","","1.00/0.00","","","","","","","","","","","","","","","","","","","",""
"REL606","92,876","MOB","IS150 (+) +3 bp","yabB","coding (439‑441/459 nt)","","","","","","","","","","","","","","","","","","","","","","","","","","","1.00/0.00","","1.00/0.00","","","1.00/0.00","","","","","","","","","","","","","","","","","","","","","","","","","","","","","","","","","","","","","","","","","","","","","","","","","","","","","","","","","","","","","","","",""
"REL606","92,879","SNP","C→T","yabB","Q148* (CAG→TAG)","","","","","","","","","","","","","","","","","","","","","","","","","","","","","","","","","","","","","","","","","","","","","","","","","","","","","","","","","","","","","","","","","","","","","","","","","","","","","","","","","","","1.00/0.00","1.00/0.00","","","","","","","","","","","",""
"REL606","94,940","SNP","G→A","ftsI","A242T (GCG→ACG)","","","","","","","","","","","","","","","","","","","","","","","","","","","","","","","","","","","","","","","","","","","","","","","","","","","","","","","","","","","","","","","","","","","","","","","","","1.00/0.00","1.00/0.00","","","","","","","","","","","","","","","","","","","","","",""
"REL606","133,135","DEL","(ATG)4→3","yacH","coding (928‑930/1854 nt)","","","","","","","","","","","","","","","","","","","","","","","","","","","","","","","","","","","","","","","","","","","","","","","","","","","","","","","","","","","","","","","","","","","","","1.00/0.00","","","","","","","","","","","","","","","","","","","","","","","","","","",""
"REL606","145,492","DEL","Δ1 bp","yadF, yadG","intergenic (‑19/‑90)","","","","","","","","","","","","","","","","","","","","","","","","","","","","","","","","","","","","","","","","","","","","","","","","","","","","","","","","","","","","","","","","","","","","","","","","","","","","","","","","","","","","","","","","","","","","","","","","1.00/0.00"
"REL606","146,429","MOB","IS1 (+) +9 bp","yadG","coding (848‑856/927 nt)","","","","","","","","","","","","","","","","","","","","","","","","","","","","","","","","","","","","","","","","","","","","","","","","","","","","","","","","","","","","","","","","","","","","","","","","","","","","","","","","","","","","","","","","","","","","","","1.00/0.00","","1.00/0.00"
"REL606","146,998","MOB","IS150 (+) +3 bp","yadH","coding (494‑496/771 nt)","","","","","","","","","","","","","","","","","","","","","","","","","","","","","","","","","","","","","","","","","","","","","","","","","","","","","","","","","","","","","","","","","","","","","","","","","","","","","","","","","","","","","","","","","","","1.00/0.00","1.00/0.00","1.00/0.00","","1.00/0.00",""
"REL606","157,626","SNP","A→T","htrE","R215R (CGT→CGA)","","","","","","","","","","","","","","","","","","","","","","","","","","","","","","","","","","","","","","","","","","","","","","","","","","","","","","","","","","","","","","","","","","","","","","","","1.00/0.00","","","","","","","","","","","","","","","","","","","","","","","",""
"REL606","161,041","SNP","T→G","pcnB","N302H (AAC→CAC)","","","","","","","","","","","","","1.00/0.00","1.00/0.00","1.00/0.00","1.00/0.00","","","","","","","","","","","","","","","","","","","","","","","","","","","","","","","","","","","","","","","","","","","","","","","","","","","","","","","","","","","","","","","","","","","","","","","","","","","","","","","",""
"REL606","189,292","SNP","C→T","glnD","S734N (AGT→AAT)","","","","","","","","","","","","","","","","","","","","","","","","","","","","","","","","","","","","","","","","","","1.00/0.00","","","","","","","","","","","","","","","","","","","","","","","","","","","","","","","","","","","","","","","","","","","","","","","","","","","","","",""
"REL606","200,540","SNP","C→T","yaeL","L385F (CTT→TTT)","","","","","","","","","","","","","","","","","","","","","","","","","","","","","","","","","","","","","","","","","","1.00/0.00","","","","","","","","","","","","","","","","","","","","","","","","","","","","","","","","","","","","","","","","","","","","","","","","","","","","","",""
"REL606","216,121","SNP","A→G","tilS","S317G (AGC→GGC)","","","","","","","","","","","","","","","","","","","","","","","","","","","","","","","","","","","","","","","","","","","","","","","","","1.00/0.00","","","","","","","","","","","","","","","","","","","","","","","","","","","","","","","","","","","","","","","","","","","","","","",""
"REL606","216,587","SNP","A→G","rof","L63P (CTA→CCA)","","","","","","","","","","","","","","","","","","","","","","","","","","","","","","","","","","","","","","","","","","","","","","","","","","","","","","","","","","","","","","","","1.00/0.00","","","","","","","","","","","","","","","","","","","","","","","","","","","","","","","",""
"REL606","233,649","SNP","T→C","yafC","T53A (ACC→GCC)","","","","","","","","","","","","","","","","","","","","","","","","","","","","","","","","","","","","","","","","","","","","","","","","","","","","","","","","","","","","","","","","","","","","","","","","","","","","","","","","","","","","","","","","","","","","","","","","1.00/0.00"
"REL606","233,921","SNP","G→A","yafC, yafD","intergenic (‑116/‑125)","","","","","","","","","","","","","","","","","","","","","","","","","","","","","","","","","","","","","","","","","","","","","","","","","","","","","","","","","","","","","","","","","","","","","","","","","","","","","","","","","1.00/0.00","","","","","","","","","","","","","","",""
"REL606","235,476","MOB","IS150 (+) +3 bp","yafE, mltD","intergenic (+3/+43)","","","","","","","","","","","","","","","","","","","","","","","","","","","","","","","","","","","","","","","","","","","","","","","","","","","","","","","","","","","","","","","","","","","","","1.00/0.00","","","","","","","","","","","","","","","","","","","","","","","","","","",""
"REL606","238,917","SNP","G→T","rnhA","Q4K (CAG→AAG)","","1.00/0.00","","","","","","","","","","","","","","","","","","","","","","","","","","","","","","","","","","","","","","","","","","","","","","","","","","","","","","","","","","","","","","","","","","","","","","","","","","","","","","","","","","","","","","","","","","","","","",""
"REL606","241,641","MOB","IS150 (+) +3 bp","insB-2","coding (136‑138/504 nt)","","","","","","","","","","","","","","","","","","","","","","","","","","","","","","","","","","","","","","","","","","","","","","","","","","","","","","","","","","","","","","","","","","","","","","","","","","","1.00/0.00","","","","","","","","","","","","","","","","","","1.00/0.00","","",""
"REL606","241,691","MOB","IS150 (–) +3 bp","insB-2","coding (186‑188/504 nt)","","","","","","","","","","","","","1.00/0.00","1.00/0.00","1.00/0.00","1.00/0.00","","","","","","","","","","","","","","","","","","","","","","","","","","","","","","","","","","","","","","","","","","","","","","","","","","","","","1.00/0.00","","","","","","","","","","","","","","","","","","","","","","","","","","",""
"REL606","252,414","SNP","C→T","yafM","G69G (GGC→GGT)","","","","","","","","","","","","","","","","","","","","","","","","","","","","","","","","","","","","","","","","","","","","","","","","","","","","","","","","","","","","","","","","","","","","","","","","","1.00/0.00","1.00/0.00","","","","","","","","","","","","","","","","","","","","","",""
"REL606","268,747","SNP","C→A","yagQ","R55L (CGC→CTC)","","","","","","","","","","","","","","","","","","","","","","","","","","","","","","","","","","","","","","","","","","","","","","","","","","","","","","","","","","","","","","","","","","","","","","","","","1.00/0.00","","","","","","","","","","","","","","","","","","","","","","",""
"REL606","273,574","SNP","T→G","yagU","L134R (CTG→CGG)","","","","","","","","","","","","","","","","","","","","","","","","","","","","","","","","","","","","","","","","","","1.00/0.00","","","","","","","","","","","","","","","","","","","","","","","","","","","","","","","","","","","","","","","","","","","","","","","","","","","","","",""
"REL606","279,549","SNP","G→T","yagY","P220P (CCC→CCA)","","","","","","","","","","","","","","","","","","","","","","","","","","","","","","","","","","","","","","","","","","","","","","","","","","","1.00/0.00","","","","","","","","","","","","","","","","","","","","","","","","","","","","","","","","","","","","","","","","","","","","",""
"REL606","281,923","SNP","G→T","ykgK, ykgL","intergenic (‑406/‑369)","","","","","","","","","","","","","","","","","","","","","","","","","","","","","","","","","","","","","1.00/0.00","","1.00/0.00","1.00/0.00","1.00/0.00","1.00/0.00","","","","","","","","","","","","","","","","","","","","","","","","","","","","","","","","","","","","","","","","","","","","","","","","","","","","","",""
"REL606","288,140","SNP","A→G","eaeH","S1202G (AGT→GGT)","","","","","","","","","","","","","","","","","","","","","","","","","","","","","","","","","","1.00/0.00","","","","","","","","","","","","","","","","","","","","","","","","","","","","","","","","","","","","","","","","","","","","","","","","","","","","","","","","","","","","","",""
"REL606","289,017","MOB","IS4 (–) +13 bp","ykgA","coding (756‑768/852 nt)","","","","","","","","","","","","","","","","","","","","","","","","","","","","","","","","","","","","","","","","","","","","","","","","","","","","","","","","","","","","","","","","","","","","","1.00/0.00","","","","","","","","","","","","","","","","","","","","","","","","","","",""
"REL606","305,569","MOB","IS1 (–) +9 bp","yahA","coding (550‑558/1089 nt)","","","","","","","","","","","","","","","","","","","","","","","","","","","","","","","","","","","","","","","","","","","","","","","","","","","","","","","","","","","","","","","","","","","","","","","1.00/0.00","1.00/0.00","1.00/0.00","1.00/0.00","","","","","","","","","","","","","","","","","","","","","",""
"REL606","307,594","SNP","C→T","yahC","G26G (GGG→GGA)","","","","","","","","","","","","","","","","","","","","","","","","","","","","","","","","","","","","","","","","","","","","","","","","","","","","","","","","","","","","","","","","","","","","","","1.00/0.00","1.00/0.00","1.00/0.00","1.00/0.00","1.00/0.00","","","","","","","","","","","","","","","","","","","","","",""
"REL606","315,207","MOB","IS150 (+) +5 bp","yahJ, yahK","intergenic (+51/‑322)","","","","","","","","","","","","","","","","","","","","","","","","","","","","","","","","","","","","","","","","","","","","","","","","","","","","","","","","","","","","","","","","","","","","","","","","","","","","","","","","","","","","","","","","","","","","","1.00/0.00","","1.00/0.00",""
"REL606","360,117","SNP","T→A","yaiT","D320E (GAT→GAA)","","","","","","","","","","","","","","","","","","","","","","","","","","","","","","","","","","","","","","","","","","","","","","","","","","","","","","","","","","","","","","","","","","","","","1.00/0.00","","","","","","","","","","","","","","","","","","","","","","","","","","",""
"REL606","368,386","SNP","C→T","ddl","D62N (GAC→AAC)","","","","","","","","","","","","","","","","","","","","","","","","","","","","","","","","","","","","","","","","","","","","","","","","","","","","","","","","","","","","","","","","","","","","","","","","","","1.00/0.00","","","","","","","","","","","","","","","","","","","","","",""
"REL606","380,188","SNP","A→C","araJ","F239L (TTT→TTG)","","","","","","","","","","","1.00/0.00","1.00/0.00","1.00/0.00","1.00/0.00","1.00/0.00","1.00/0.00","","","","","","","","","","","","","","","","","","","","","","","","","","","","","","","","","","","","","","","","","","","","","","","","","","","","","","","","","","","","","","","","","","","","","","","","","","","","","","","",""
"REL606","393,798","SNP","G→A","queA","R122H (CGC→CAC)","","","","","","","","","","","","","","","","","","","","","","","","","","","","","","","","","","","","","","","","","","","","","","","","","","","","","","","","","","","","","","","","","","","","","","","","","","","","","","","","","","","","","","","","","","","","","","1.00/0.00","","1.00/0.00"
"REL606","415,425","SNP","G→A","yajR, ECB_00376","intergenic (‑337/‑80)","","","","","","","","","","","","","","","","","","","","","","","","","","","","","","","","","","","","","","","","","","","","","","","","","","","","","","","","","","","","","","","","1.00/0.00","","","","","","","","","","","","","","","","","","","","","","","","","","","","","","","",""
"REL606","426,252","SNP","G→T","tig","G139C (GGC→TGC)","","","","","","","","","","","","","","","","","","","","","","","","","","","","","","","","","","","","","","","","","","","","","","","","","","","","","","","","","","","","","","","","","","","","","","","","","","","","","","","","","","","","","","","","","","","","","","1.00/0.00","",""
"REL606","430,835","SNP","C→T","insL-2, lon","intergenic (‑48/‑108)","","","","","","","","","","","","","","","1.00/0.00","1.00/0.00","","","","","","","","","","","","","","","","","","","","","","","","","","","","","","","","","","","","","","","","","","","","","","","","","","","","","","","","","","","","","","","","","","","","","","","","","","","","","","","",""
"REL606","430,845","DEL","Δ1 bp","insL-2, lon","intergenic (‑58/‑98)","","","","","","","","","1.00/0.00","","","","","","","","","","","","","","","","","","","","","","","","","","","","","","","","","","","","","","","","","","","","","","","","","","","","","","","","","","","","","","","","","","","","","","","","","","","","","","","","","","","","","","",""
"REL606","430,849","DEL","Δ2 bp","insL-2, lon","intergenic (‑62/‑93)","","","","","","","","","","","","","","","","","","","","","","","","","","","","","","","","","","","","","","","","","","","","","","","","","","","","","","","","","","","","","","","","","","","","","","","","","","","","","","","","","","","","","","","","","","","","","","1.00/0.00","","1.00/0.00"
"REL606","430,855","DEL","Δ1 bp","insL-2, lon","intergenic (‑68/‑88)","","","","","","","","","","","","","","","","","","","","","","","","","","","","","","","","","","","","","","1.00/0.00","","","","","","","","","","","","","","","","","","","","","","","","","","","","","","","","","","","","","","","","","","","","","","","","","","","","","","","","","",""
"REL606","430,879","SNP","G→T","insL-2, lon","intergenic (‑92/‑64)","","","","","","","","","","","","","","","","","","","","","","","","","","","","","","","","","","","","","","","","","","","","","","","","","","","","","","","","","","","","","","","","","","","","","","","","","","","","","","","","","","","","","","","","1.00/0.00","","","","","","","",""
"REL606","433,366","INS","(T)7→8","lon, hupB","intergenic (+69/‑140)","","","","","","","","","","","","","","","","","","","","","","","","","","","","","","","","","","","","","1.00/0.00","","1.00/0.00","1.00/0.00","","1.00/0.00","","","","","","","","","","","","","","","","","","","","","","","","","","","","","","","","","","","","","","","","","","","","","","","","","","","","","",""
"REL606","467,507","MOB","IS150 (–) +3 bp","htpG","coding (321‑323/1875 nt)","","","","","","","","","","","","","","","","","","","","","","","","","","","","","","","","","","","","","","","","","","","","","","","","","","","","","","","","","","","","","","","1.00/0.00","","","","","","","","","","","","","","","","","","","","","","","","","","","","","","","","",""
"REL606","471,784","MOB","+TCG :: IS150 (+) Δ1 bp","aes","coding (257/960 nt)","","","","","","","","","","","","","","","","","","","","","","","","","","","","","","","","","","","","","","","","","","","","","","","","","","","","","","","","","","","","","","","","1.00/0.00","","","","","","","","","","","","","","","","","","","","","","","","","","","","","","","",""
"REL606","471,785","MOB","IS150 (+) +3 bp","aes","coding (254‑256/960 nt)","","","","","","","","","","","","","","","","","","","","","","","","","","","","","","","","","1.00/0.00","","","","","","","","","","","","","","","","","","","","","","","","","","","","","","","","","","","","","","","","","","","","","","","","","","","","","","","","","","","","","","",""
"REL606","473,904","INS","+GC","ybaL","coding (1402/1677 nt)","","","","","","","","","","","","","","","","","","","","","","","","","","","","","","","","","","","","","1.00/0.00","","1.00/0.00","1.00/0.00","1.00/0.00","1.00/0.00","","","","","","","","","","","","","","","","","","","","","","","","","","","","","","","","","","","","","","","","","","","","","","","","","","","","","",""
"REL606","474,383","DEL","Δ9 bp","ybaL","coding (915‑923/1677 nt)","","","","","","","","","","","","","","","","","","","","","","","","","","","","","","","","","","","","","","","","","","","","","","","","","","","","","","","","","","","","","","","1.00/0.00","","1.00/0.00","1.00/0.00","1.00/0.00","1.00/0.00","","1.00/0.00","1.00/0.00","1.00/0.00","1.00/0.00","1.00/0.00","","","","","","","","","","","","","","","","","","","","","",""
"REL606","474,402","DEL","Δ84 bp","ybaL","coding (821‑904/1677 nt)","","","","","","","","","","","","","","","","","","","","","","","","","","","","","","","","","","","","","","","","","","","","","","","","","","","","","","","","","","","","","","","","","","","","","1.00/0.00","","","","","","","","","","","","","","","","","","","","","","","","","","",""
"REL606","475,173","SNP","G→C","ybaL","P45A (CCA→GCA)","","","","","","","","","","","","","","","","","","","","","","","","","","","","","","","","","","","1.00/0.00","1.00/0.00","","1.00/0.00","","","","","","","","","","","","","","","","","","","","","","","","","","","","","","","","","","","","","","","","","","","","","","","","","","","","","","","","","",""
"REL606","475,292","INS","+G","ybaL","coding (14/1677 nt)","","","","","","","","","1.00/0.00","1.00/0.00","1.00/0.00","1.00/0.00","1.00/0.00","1.00/0.00","1.00/0.00","1.00/0.00","","","","","","","","","","","","","","","","","","","","","","","","","","","","","","","","","","","","","","","","","","","","","","","","","","","","","","","","","","","","","","","","","","","","","","","","","","","","","","","",""
"REL606","498,327","CON","6 bp→REL606:1503176‑1503181","rhsD","coding (2900‑2905/4281 nt)","","","","","","","","","","","","","","","","","","","","","","","","","","","","","","","","","","","","","","","","","","","","","","","","","","","","","","","","","","","","","","","","","","","","","","","","","","","","","","","","","","","","","1.00/0.00","1.00/0.00","1.00/0.00","1.00/0.00","1.00/0.00","1.00/0.00","1.00/0.00","1.00/0.00","1.00/0.00","1.00/0.00","1.00/0.00","1.00/0.00"
"REL606","501,222","DEL","(T)8→7","ybbD, ylbG","intergenic (+155/+589)","","","","","","","","","","","","","","","","","","","","","","","","","","","","","","","","","","","","","","","","","","","","","","","","","","","","","","","","","","","","","","","","","","","","","1.00/0.00","","","","","","","","","","","","","","","","","","","","","","","","","","",""
"REL606","501,376","MOB","IS1 (+) +9 bp","ybbD, ylbG","intergenic (+309/+427)","","","","","","","","","","","","","","","","","","","","","","","","","","","","","","","","","","","","","","","","","","","","","","","","","","","","","","","","","","","","","","","","","","","","","","","","","","","","","","","","","","","","1.00/0.00","","","","","","","","","","","",""
"REL606","513,380","SNP","C→A","ybbY","S217* (TCG→TAG)","","","","","","","","","","","","","","","","","","","","","","","","","","","","","","","","","","","","","","","","","","","","","","","","","","","","","","","","","","","","","","","","1.00/0.00","","","","","","","","","","","","","","","","","","","","","","","","","","","","","","","",""
"REL606","522,693","INS","(AATATCGC)2→3","arcC","coding (89/894 nt)","","","","","","","","","","","","","","","","","","","","","","","","","","","","","","","","","","","","","","","","","","","","","","","","","","","","","","","","","","","","","","","","","","","","","","","","","","","","","","","","","","","","","","","","","1.00/0.00","","","","","1.00/0.00","","1.00/0.00"
"REL606","523,195","SNP","A→C","arcC","E197D (GAA→GAC)","","","","","","","","","","","","","","","","","","","","","","","","","","","","","","","","","","","","","","","","","","","","","","","","","","","","","","","","","","","","","","","","","","","","","","","","","","","","","","","","","","","","","","","","","","","","","1.00/0.00","","1.00/0.00",""
"REL606","545,750","SNP","C→T","ylcG","A44V (GCA→GTA)","","","","","","","","","","","","","","","","","","","","","","","","","","","","","","","","","","","","","","","","","","","","","","","","","","","","","","","","","","","","","","","","","","","","","","","","","","","","","","","","","","","","","1.00/0.00","1.00/0.00","1.00/0.00","1.00/0.00","1.00/0.00","1.00/0.00","1.00/0.00","1.00/0.00","1.00/0.00","1.00/0.00","1.00/0.00","1.00/0.00"
"REL606","546,191","MOB","IS1 (+) +9 bp","ybcQ","coding (346‑354/384 nt)","","","","","","","","","","","","","","","","","","","","","","","","","","","","","","","","","1.00/0.00","1.00/0.00","1.00/0.00","1.00/0.00","1.00/0.00","1.00/0.00","1.00/0.00","1.00/0.00","1.00/0.00","1.00/0.00","","","","","","","","","","","","","","","","","","","","","","","","","","","","","","","","","","","","","","","","","","","","","","","","","","","","","",""
"REL606","546,191","DEL","Δ11,020 bp","ybcQ, nmpC, insB-6, insA-6, nmpC, ybcR, ybcS, ybcT, ybcU, ECB_00510, nohB, ECB_00512, ECB_00513, ECB_00514","IS1‑mediated","","","","","","","","","","","","","","","","","","","","","","","","","","","","","","","","","","","","","","1.00/0.00","","","","","","","","","","","","","","","","","","","","","","","","","","","","","","","","","","","","","","","","","","","","","","","","","","","","","","","","","",""
"REL606","547,700","DEL","Δ8,224 bp","nmpC, ybcR, ybcS, ybcT, ybcU, ECB_00510, nohB, ECB_00512, ECB_00513","IS1‑mediated","","","","","","","","","","","1.00/0.00","1.00/0.00","1.00/0.00","1.00/0.00","1.00/0.00","1.00/0.00","","","","","","","","","","","","","","","","","","","","","","","","","","","","","","","","","","","","","","","","","","","","","","","","","","","","","","","","","","","","","","","","","","","","","","","","","","","","","","","",""
"REL606","547,700","DEL","Δ2,651 bp","nmpC, ybcR, ybcS, ybcT, ybcU","IS1‑mediated","","","","","","","","","","","","","","","","","","","","","","","","","","","","","","","","","","","","","","","1.00/0.00","1.00/0.00","","1.00/0.00","","","","","","","","","","","","","","","","","","","","","","","","","","","","","","","","","","","","","","","","","","","","","","","1.00/0.00","","","","","1.00/0.00","","1.00/0.00"
"REL606","547,700","DEL","Δ42,623 bp","nmpC, ybcR, ybcS, ybcT, ybcU, ECB_00510, nohB, ECB_00512, ECB_00513, ECB_00514, ECB_00515, ECB_00516, ECB_00517, appY, ompT, envY, ybcH, nfrA, nfrB, nfrB, ECB_00524, yhhI, ECB_00526, ECB_00527, ECB_00528, ECB_00529, ECB_00530, cusS, cusR, cusC, ylcC, cusB, cusA, pheP, ybdG, nfnB, ybdF, ybdJ, ybdK, insJ-1, insK-1, insB-7, insA-7, insK-1","IS1‑mediated","","","","","","","","","","","","","","","","","","","","","","","","","","","","","","","","","","","","","","","","","1.00/0.00","","","","","","","","","","","","","","","","","","","","","","","","","","","","","","","","","","","","","","","","","","","","","","","","","","","","","","",""
"REL606","547,700","DEL","Δ8,205 bp","nmpC, ybcR, ybcS, ybcT, ybcU, ECB_00510, nohB, ECB_00512, ECB_00513","IS1‑mediated","","","","","","","","","","","","","","","","","","","","","","","","","","","","","","","","","","","","","","","","","","","","","","","","","","","","","","","","","","","","","","","","","","","1.00/0.00","1.00/0.00","","1.00/0.00","1.00/0.00","1.00/0.00","1.00/0.00","1.00/0.00","","","","","","","","","","","","","","","","","","","","","",""
"REL606","547,700","DEL","Δ9,786 bp","nmpC, ybcR, ybcS, ybcT, ybcU, ECB_00510, nohB, ECB_00512, ECB_00513, ECB_00514, ECB_00515","IS1‑mediated","","","","","","","","","","","","","","","","","","","","","","","","","","","","","","","","","","","","","","","","","","","","","","","","","","","","","","","","","","","","","","","","","","","","","1.00/0.00","","","","","","","","","","","","","","","","","","","","","","","","","","",""
"REL606","547,700","DEL","Δ11,796 bp","nmpC, ybcR, ybcS, ybcT, ybcU, ECB_00510, nohB, ECB_00512, ECB_00513, ECB_00514, ECB_00515, ECB_00516, ECB_00517, appY","IS1‑mediated","","","","","","","","","","","","","","","","","","","","","","","","","","","","","","","","","","","","","","","","","","","","","","","","","","","","","","","","","","","","","","","","","","","","","","","","","","","","","","","","","","","","","","","","","","1.00/0.00","1.00/0.00","1.00/0.00","1.00/0.00","","1.00/0.00",""
"REL606","555,905","DEL","Δ2,669 bp","ECB_00513, ECB_00514, ECB_00515, ECB_00516, ECB_00517","IS1‑mediated","","","","","","","","","","","","","","","","","","","","","","","","","","","","","","","","","","","","","","","","","","","","","","","","","","","","","","","","","","","","","","","","","","","","","","","","1.00/0.00","","","","","","","","","","","","","","","","","","","","","","","",""
"REL606","559,496","DEL","Δ30,827 bp","appY, ompT, envY, ybcH, nfrA, nfrB, nfrB, ECB_00524, yhhI, ECB_00526, ECB_00527, ECB_00528, ECB_00529, ECB_00530, cusS, cusR, cusC, ylcC, cusB, cusA, pheP, ybdG, nfnB, ybdF, ybdJ, ybdK, insJ-1, insK-1, insB-7, insA-7, insK-1","IS1‑mediated","","","","","","","","","","","","","","","","","","","","","","","","","","","","","","","","","","","","","","","","","","","","","","","","","","","","","","","","","","","","","","","","","","","","","","","","","","","","","","","","","","","","","","","","","","","1.00/0.00","1.00/0.00","1.00/0.00","","1.00/0.00",""
"REL606","561,176","SNP","G→T","ompT, envY","intergenic (‑192/+322)","","","","","","","","","","","","","","","","","","","","","","","","","","","","","","","","","","","","","","","","","","","","","","","","","","","","","","","","","","","","","","","","","","","","","","1.00/0.00","1.00/0.00","1.00/0.00","1.00/0.00","1.00/0.00","","","","","","","","","","","","","","","","","","","","","",""
"REL606","574,495","MOB","IS150 (–) :: +CT","cusS","coding (1179/1449 nt)","","","","","","","","","","","","","","","","","","","","","","","","","","","","","","","","","","","","","","","","","","","","","","","","","","","","","","","","","","","","","","","","","","","","","1.00/0.00","","","","","","","","","","","","","","","","","","","","","","","","","","",""
"REL606","574,859","SNP","T→G","cusS","E272A (GAA→GCA)","","","","","","","","","","","","","","","","","","","","","","","","","","","","","","","","","","","","","","","","","","1.00/0.00","","","","","","","","","","","","","","","","","","","","","","","","","","","","","","","","","","","","","","","","","","","","","","","","","","","","","",""
"REL606","576,328","SNP","C→T","cusR","E7K (GAA→AAA)","","","","","","","","","","","","","","","","","","","","","","","","","","","","","","","","","","","","","","","","","","","","","","","","","","","","","","","","","","","","","","","","","","","","","","","","","","","","","","","","","","","","","","","","","","","","","","1.00/0.00","","1.00/0.00"
"REL606","590,896","MOB","IS150 (–) +3 bp","insL-3","coding (125‑127/1113 nt)","","","","","","","","","","","","","","","","","","","","","","","","","","","","","","","","","","","","","","","","","","","","","","","","","","","","","","","","","","","","","","","","","","","","","","","","","","","","","","","","","","","","","","","","","","","","","","","1.00/0.00",""
"REL606","639,031","SNP","A→G","dcuC, crcA","intergenic (‑475/‑113)","","","","","","","","","","","","1.00/0.00","","","","","","","","","","","","","","","","","","","","","","","","","","","","","","","","","","","","","","","","","","","","","","","","","","","","","","","","","","","","","","","","","","","","","","","","","","","","","","","","","","","",""
"REL606","641,158","MOB","IS150 (–) +4 bp","ybeM","coding (546‑549/789 nt)","","","","","","","","","","","","","","","","","","","","","","","","","","","","","","","","","","","","","","","","","","","","","","","","","","","","","","","","","","","","","","","","","1.00/0.00","1.00/0.00","1.00/0.00","1.00/0.00","","1.00/0.00","1.00/0.00","1.00/0.00","1.00/0.00","1.00/0.00","","","","","","","","","","","","","","","","","","","","","",""
"REL606","643,348","DEL","Δ17 bp","ybeF","coding (598‑614/954 nt)","","","","","","","","","","","","","","","","","","","","","","","","","","","","","","","","","","","","","","","","1.00/0.00","","","","","","","","","","","","","","","","","","","","","","","","","","","","","","","","","","","","","","","","","","","","","","","","","","","","","","","",""
"REL606","643,362","MOB","IS150 (+) +3 bp","ybeF","coding (598‑600/954 nt)","","","","","","","","","","","","","","","","","","","","","","","","","","","","","","","","","","","","","","","1.00/0.00","1.00/0.00","","1.00/0.00","","","","","","","","","","","","","","","","","","","","","","","","","","","","","","","","","","","","","","","","","","","","","","","","","","","","","",""
"REL606","648,692","SNP","C→T","mrdB","R69H (CGC→CAC)","","","","","","","","","","","","","","","","","","","","","","","","","","","","1.00/0.00","","1.00/0.00","1.00/0.00","","1.00/0.00","1.00/0.00","1.00/0.00","1.00/0.00","1.00/0.00","1.00/0.00","1.00/0.00","1.00/0.00","1.00/0.00","1.00/0.00","","","","","","","","","","","","","","","","","","","","","","","","","","","","","","","","","","","","","","","","","","","","","","","","","","","","","",""
"REL606","649,391","SNP","T→A","mrdA","I471F (ATC→TTC)","","","","","","","","","1.00/0.00","1.00/0.00","1.00/0.00","1.00/0.00","1.00/0.00","1.00/0.00","1.00/0.00","1.00/0.00","","","","","","","","","","","","","","","","","","","","","","","","","","","","","","","","","","","","","","","","","","","","","","","","","","","","","","","","","","","","","","","","","","","","","","","","","","","","","","","",""
"REL606","649,522","SNP","C→T","mrdA","G427D (GGC→GAC)","","","","","","","","","","","","","","","","","","","1.00/0.00","1.00/0.00","1.00/0.00","1.00/0.00","1.00/0.00","1.00/0.00","","","","","","","","","","","","","","","","","","","","","","","","","","","","","","","","","","","","","","","","","","","","","","","","","","","","","","","","","","","","","","","","","","","","","","","",""
"REL606","650,041","SNP","A→G","mrdA","L254P (CTG→CCG)","","","","","","","","","","","","","","","","","","","","","","","","","","","","","","","","","","","","","","","","","","","","","","","1.00/0.00","","1.00/0.00","1.00/0.00","1.00/0.00","","","","","","","","","","","","","","","","","","","","","","","","","","","","","","","","","","","","","","","","","","","","",""
"REL606","650,942","SNP","A→T","ybeA","W120R (TGG→AGG)","","","","","","","","","","","","","","","","","","","","","","","","","","","","","","","","","","","","","","","","","","","","","","","","","","","","","","","","","","","","","","","","","","","","","","1.00/0.00","1.00/0.00","1.00/0.00","1.00/0.00","1.00/0.00","","","","","","","","","","","","","","","","","","","","","",""
"REL606","651,601","SNP","T→A","ybeB","Q7L (CAG→CTG)","","","","","","","","","","","","","","","","","","","","","","","","","","","","","","","","","","","","","","","","","","","","","","","","","","","","","","","1.00/0.00","1.00/0.00","1.00/0.00","1.00/0.00","1.00/0.00","1.00/0.00","1.00/0.00","1.00/0.00","1.00/0.00","1.00/0.00","1.00/0.00","1.00/0.00","1.00/0.00","1.00/0.00","","1.00/0.00","1.00/0.00","1.00/0.00","1.00/0.00","1.00/0.00","","","","","","","","","","","","","","","","","","","","","",""
"REL606","658,843","MOB","IS4 (+) +13 bp","ybeQ","pseudogene (277‑289/513 nt)","","","","","","","","","","","","","","","","","","","","","","","","","","","","","","","","","","","","","","","","","","","","","","","","","","","","","","","","","","","","","","","","","","","","","","","","","","1.00/0.00","","","","","","","","","","","","","","","","","","","","","",""
"REL606","664,688","DEL","Δ1,446 bp","insJ-2, insK-2, gltL","between IS150","","","","","","","","","","","","","","","","","","","","","","","","","","","","","","","","","","","","","","","","","1.00/0.00","","","","","","","","","","","","","","","","","","","","","","","","","","","","","","","","","","","","","","","","","","","","","","","","","","","","","","",""
"REL606","664,688","DEL","Δ1 bp","gltL, insJ-2","intergenic (‑79/‑47)","","","","","","","","","","","","","","","","","","","","","","","","","","","","","","","","","","","","","","","","","","1.00/0.00","","","","","","","","","","","","","","","","","","","","","","","","","","","","","","","","","","","","","","","","","","","","","","","","","","","","","",""
"REL606","664,689","DEL","Δ1,446 bp","insJ-2, insK-2, gltL","between IS150","","","","","","","","","","","","","","","","","","","","","","","","","","","","","","","","","","","","","","","","","","","","","","","","","","","","","","","","","","","","","","","","","","","","","","","","","","","","","","","","","","","","","","","","","","","","","1.00/0.00","","1.00/0.00",""
"REL606","668,787","SNP","A→C","gltI","Y65D (TAC→GAC)","","","","","","","","","","","","","","","1.00/0.00","1.00/0.00","","","","","","","","","","","","","","","","","","","","","","","","","","","","","","","","","","","","","","","","","","","","","","","","","","","","","","","","","","","","","","","","","","","","","","","","","","","","","","","",""
"REL606","680,759","MOB","IS150 (+) +3 bp","asnB","coding (512‑514/1665 nt)","","","","","","","","","","","","","","","","","","","","","","","","","","","","","","","","","","","1.00/0.00","1.00/0.00","","1.00/0.00","","","","","","","","","","","","","","","","","","","","","","","","","","","","","","","","","","","","","","","","","","","","","","","","","","","","","","","","","",""
"REL606","680,761","MOB","IS150 (+) +3 bp","asnB","coding (510‑512/1665 nt)","","","","","","","","","","","","","","","","","","","","","","","","","","","","","","","","","","","","","","","","","","","","","","","","","","","","","","","","","","","","","","","","","","","","","1.00/0.00","","","","","","","","","","","","","","","","","","","","","","","","","","",""
"REL606","683,496","SNP","A→C","nagC","V65G (GTT→GGT)","","","","","","","","","1.00/0.00","1.00/0.00","1.00/0.00","1.00/0.00","1.00/0.00","1.00/0.00","1.00/0.00","1.00/0.00","","","","","","","","","","","","","","","","","","","","","","","","","","","","","","","","","","","","","","","","","","","","","","","","","","","","","","","","","","","","","","","","","","","","","","","","","","","","","","","",""
"REL606","683,529","SNP","C→T","nagC","R54H (CGT→CAT)","","","","","","","","","","","","","","","","1.00/0.00","","","","","","","","","","","","","","","","","","","","","","","","","","","","","","","","","","","","","","","","","","","","","","","","","","","","","","","","","","","","","","","","","","","","","","","","","","","","","","","",""
"REL606","708,118","SNP","T→C","kdpB","Q338Q (CAA→CAG)","","","","","","","","","","","","","","","","","","","1.00/0.00","","","","","","","","","","","","","","","","","","","","","","","","","","","","","","","","","","","","","","","","","","","","","","","","","","","","","","","","","","","","","","","","","","","","","","","","","","","","",""
"REL606","734,083","SNP","T→A","gltA","I393F (ATC→TTC)","","","","","","","","","","","","","","","","","","","","","","","","","","","","","","","","","","","","","","","","","","","","","","","","","","","","","","","","","","","","","","","","","","","","","","","","","","","","","","","","","","","","","","","","","","1.00/0.00","1.00/0.00","1.00/0.00","1.00/0.00","","1.00/0.00",""
"REL606","735,668","SNP","A→T","gltA, sdhC","intergenic (‑409/‑300)","","","","","","","","","","","","","","","","","","","","","","","","","","","","","","","","","","","","","","","","","","","","","","","","","","","","","","","","","","","","","","","","","1.00/0.00","1.00/0.00","1.00/0.00","1.00/0.00","","1.00/0.00","1.00/0.00","1.00/0.00","1.00/0.00","1.00/0.00","","","","","","","","","","","","","","","","","","","","","",""
"REL606","756,799","SNP","C→T","tolR","D23D (GAC→GAT)","","","","","","","","","","","","","","","","","","","","","","","","","","","","","","","","","","","","","","","","","","1.00/0.00","","","","","","","","","","","","","","","","","","","","","","","","","","","","","","","","","","","","","","","","","","","","","","","","","","","","","",""
"REL606","761,512","DEL","Δ495 bp","valT, lysW, valZ, lysY","","","","","","","","","","","","","","","","","","","","","","","","","","","","","","","","","","","","","","","","","","","","","","","","","","","","","","","","","","","","","","","","","","","","","","1.00/0.00","","","","","","","","","","","","","","","","","","","","","","","","","","",""
"REL606","761,801","DEL","Δ428 bp","valZ, lysY, lysZ","","","","","","","","","","","","","","","","","","","","","","","","","","","","","","","","","","","","","","","","","","","","","","","","","","","","","","","","","","","","","","","","","","","","","","","","","","","","","","","","","","","","","","","","","","","1.00/0.00","1.00/0.00","1.00/0.00","1.00/0.00","","1.00/0.00",""
"REL606","762,231","DEL","Δ208 bp","lysQ","","","","","","","","","","","","","","","","","","","","","","","","","","","","","","","","","","1.00/0.00","","","","","","","","","1.00/0.00","","","","","","","","","","","","","","","","","","","","","","","","","","","","","","","","","","","","","","","","","","","","","","","1.00/0.00","","","","","1.00/0.00","","1.00/0.00"
"REL606","775,687","SNP","G→A","ybhT, modA","intergenic (+136/‑31)","","","","","","","","","","","","","","","","","","","","","","","","","","","","","","","","","","","","","","","","","","","","","","","","","","","","","","","","","","","","","","","","","","","","","","","","","","","","","","","","","","","","","","","","","","","","","","1.00/0.00","","1.00/0.00"
"REL606","795,320","MOB","IS186 (+) +6 bp","ECB_00736, ECB_00737","intergenic (+25/+12)","","","","","","","1.00/0.00","","","","","","","","","","","","","","","","","","","","","","","","","","","","","","","","","","","","","","","","","","","","","","","","","","","","","","","","","","","","","","","","","","","","","","","","","","","","","","","","","","","","","","","","",""
"REL606","806,310","DEL","Δ1 bp","uvrB","coding (159/2022 nt)","","1.00/0.00","","","","","","","","","","","","","","","","","","","","","","","","","","","","","","","","","","","","","","","","","","","","","","","","","","","","","","","","","","","","","","","","","","","","","","","","","","","","","","","","","","","","","","","","","","","","","",""
"REL606","825,278","SNP","C→T","ybiA","A100T (GCA→ACA)","","","","","","","","","","","","","","","","","","","","","","","","","","","","","","","","","","","","","","","","","","","","","","","1.00/0.00","1.00/0.00","1.00/0.00","1.00/0.00","1.00/0.00","","","","","","","","","","","","","","","","","","","","","","","","","","","","","","","","","","","","","","","","","","","","",""
"REL606","830,109","SNP","T→A","ybiC, ybiJ","intergenic (+48/+181)","","","","","","","","","","","","","","","","","","","","","","","","","","","","","","","","","","","","","","","","","","","","","","","","","","","","","","","","","","","","","","","","","","","","","","","","","","","","","","","","","","","","1.00/0.00","","","","","","","","","","","",""
"REL606","831,855","MOB","IS186 (–) +6 bp","ybiX, ybiL","intergenic (‑23/+14)","","","","","","","","","","","","","","","","","","","","","","","","","","","","","","","","","","","","","","","","","","1.00/0.00","","","","","","","","","","","","","","","","","","","","","","","","","","","","","","","","","","","","","","","","","","","","","","","","","","","","","",""
"REL606","831,855","MOB","IS186 (+) +6 bp","ybiX, ybiL","intergenic (‑23/+14)","","","","","","","","","","","","","","","","","","","","","","","","","","","","","","","","","","","","","","","","","","","","","","","","","","","","","","","","","","","","","","","","","","","","","","","","","","","","","","","","","","","","","","","","","","","","","","","","1.00/0.00"
"REL606","835,447","SNP","A→G","ybiN","E164G (GAG→GGG)","","","","","","","","","","","","","","","","","","","","","","","","","","","","","","","","","","","","","","","","","","","","","","","","","","","","","","","","","","","","","","","","","","","","","","","","","1.00/0.00","","","","","","","","","","","","","","","","","","","","","","",""
"REL606","835,447","DEL","Δ1 bp","ybiN","coding (491/927 nt)","","","","","","","","","","","","","","","","","","","","","","","","","","","","","","","","","","","","","","","","","","","","","","","","","","","","","","","","","","","","","","","","","","","","","","","","","","1.00/0.00","","","","","","","","","","","","","","","","","","","","","",""
"REL606","835,448","MOB","IS150 (+) +3 bp","ybiN","coding (492‑494/927 nt)","","","","","","","","","","","","","","","","","","","","","","","","","","","","","","","","","","","","","","","","","","","","","","","","","","","","","","","","","","","","","","","","","","","","","","","1.00/0.00","1.00/0.00","1.00/0.00","1.00/0.00","","","","","","","","","","","","","","","","","","","","","",""
"REL606","851,644","SNP","C→A","ybiU, ybiV","intergenic (‑31/+121)","","","","","","","","","","","","","","","","","","","","","","","","","","","","","","","","","","","","","","","","","","","","","","","","","","","","","","","","","","","","","1.00/0.00","","","","","","","","","","","","","","","","","","","","","","","","","","","","","","","","","","",""
"REL606","857,058","SNP","C→T","moeB","A208A (GCG→GCA)","","","","","","","","","","","","","","","","","","","","","","","","","","","","","","","","","","","","","","","","","","","","","","","","","","","","","","","","","","","","","","","","","","","","","","","","","","","","","","","","","","","","","","","","","","","","","","1.00/0.00","","1.00/0.00"
"REL606","866,522","SNP","A→C","yliE","D247A (GAT→GCT)","","","","","","","","","","","","","","","","","","","","","","","","","","","","","","","","","","","","","","","","","","","","","","","","","","","","","","","","","","","","","","","","","","","","","","1.00/0.00","1.00/0.00","1.00/0.00","1.00/0.00","1.00/0.00","","","","","","","","","","","","","","","","","","","","","",""
"REL606","910,316","SNP","T→C","ybjN, potF","intergenic (+176/‑175)","","","","","","","","","","","","","","","1.00/0.00","1.00/0.00","","","","","","","","","","","","","","","","","","","","","","","","","","","","","","","","","","","","","","","","","","","","","","","","","","","","","","","","","","","","","","","","","","","","","","","","","","","","","","","",""
"REL606","920,514","SNP","T→C","artP, ybjP","intergenic (‑73/+145)","","","","","","","","","","","","","","","","","","","","","","","","","","","1.00/0.00","","1.00/0.00","","","1.00/0.00","","","","","","","","","","","","","","","","","","","","","","","","","","","","","","","","","","","","","","","","","","","","","","","","","","","","","","","","","","","","","","","",""
"REL606","931,346","MOB","IS1 (–) +8 bp","ybjE","coding (212‑219/900 nt)","","","","","","","","","","","","","","","","","","","","","","","","","","","","","","","","","","","","","","","","","","","","","","","","","","","","","","","","","","","","","","","","","","","","","","","","","1.00/0.00","1.00/0.00","","","","","","","","","","","","","","","","","","","","","",""
"REL606","934,210","MOB","IS150 (+) +3 bp","ybjD","coding (1032‑1034/1659 nt)","","","","","","","","","","","","","","","","","","","","","","","","","","","","","","","","","","","","","","1.00/0.00","","","","","","","","","","","","","","","","","","","","","","","","","","","","","","","","","","","","","","","","","","","","","","","","","","","","","","","","","",""
"REL606","942,886","INS","(C)6→7","clpA, serW","intergenic (+641/+57)","","","","","","","","","","","","","","","","","","","","","","","","","","","","","","","","","","","","","","","","","","","","","","","","","","","","","","","","","","","","","","","","","","","","","","","","","","","","","","","","1.00/0.00","","","","","","","","","","","","","","","",""
"REL606","949,361","SNP","C→T","trxB, lrp","intergenic (‑253/‑292)","","","","","","","","","","","","","","","","","","","","","","","","","","","","","","","","","","","","","","","","","","","","","","","","","","","","","","","","","","","","","","","","","","","","","","","","","","","","","","","","","","","","","","","","","","","","","1.00/0.00","","1.00/0.00",""
"REL606","949,821","SNP","T→G","lrp","F57V (TTT→GTT)","","","","","","","","","","","","","","","","","","","","","","","","","","","","","","","","","","","","","","","","","","1.00/0.00","","","","","","","","","","","","","","","","","","","","","","","","","","","","","","","","","","","","","","","","","","","","","","","","","","","","","",""
"REL606","950,466","SNP","A→G","ftsK","N62S (AAT→AGT)","","","","","","","","","","","","","","","","","","","","","","","","","","","","","","","","","","","","","","","","","","","","","","","","","","","","","","","","","","","","","","","","","","","","","","","","","","","","","","","","","","","","","","","","","","","","","","","","1.00/0.00"
"REL606","968,326","MOB","IS150 (–) +3 bp","pflA, pflB","intergenic (‑153/+37)","","","","","","","","","","","","","","","","","","","","","","","","","","","","","","","","","","","","","","","","1.00/0.00","","","","","","","","","","","","","","","","","","","","","","","1.00/0.00","","","","","","1.00/0.00","","","","","","","","","","","","","","","","","","","","","","","","","","",""
"REL606","969,836","MOB","IS150 (+) +3 bp","pflB","coding (810‑812/2283 nt)","","","","","","","","","","","1.00/0.00","","","","","","","","","","","","","","","","","","","","","","1.00/0.00","","","","","","","","","","","","","","","","","","","","","","","","","","","","","","","","","","","","","","","","","","","","","","","","","","","","","","","","","","","","","","",""
"REL606","970,687","INS","+G","pflB, focA","intergenic (‑40/+15)","","","","","","","","","","","","","","","","","","","","","","","","","","","","","","","","","","","","","","","","","","","","","","","","","","","","","","","","","","","","","","","","","","","1.00/0.00","","","","","","","","","","","","","","","","","","","","","","","","","","","","",""
"REL606","970,687","MOB","IS150 (+) +3 bp","pflB, focA","intergenic (‑40/+13)","","","","","","","","","","","","","","","","","","","","","","","","","","","","","","","","","","","","","","","","","","","","","","","","","","","","","","","","","","","","","","","","","","","1.00/0.00","1.00/0.00","","1.00/0.00","1.00/0.00","1.00/0.00","1.00/0.00","1.00/0.00","","","","","","","","","","","","","","","","","","","","","",""
"REL606","999,840","SNP","C→T","ycbB","Q568* (CAG→TAG)","","","","","","","","","","","","","","","","","","","","","","","","","","","","","","","","","","","","","","","","","","","","","","","","","","","","","","","","","","","","","","","","","","","","","","1.00/0.00","1.00/0.00","1.00/0.00","1.00/0.00","1.00/0.00","","","","","","","","","","","","","","","","","","","","","",""
"REL606","1,004,243","SNP","A→G","ompF, asnS","intergenic (‑169/+433)","","","","","","","","","","","","1.00/0.00","","","","","","","","","","","","","","","","","","","","","","","","","","","","","","","","","","","","","","","","","","","","","","","","","","","","","","","","","","","","","","","","","","","","","","","","","","","","","","","","","","","",""
"REL606","1,004,251","SNP","T→C","ompF, asnS","intergenic (‑177/+425)","","","","","","","","","","","","","1.00/0.00","1.00/0.00","1.00/0.00","1.00/0.00","","","","","","","","","","","","","","","","","","","","","","","","","","","","","","","","","","","","","","","","","","","","","","","","","","","","","","","","","","","","","","","","","","","","","","","","","","","","","","","",""
"REL606","1,089,367","SNP","G→A","ycdM","A310V (GCC→GTC)","","","","","","","","","","","","","","","","","","","","","","","","","","","","","","","","","","","","","","","","","","","","","","","","","","","","","","","","","","","","","","1.00/0.00","1.00/0.00","","1.00/0.00","1.00/0.00","1.00/0.00","1.00/0.00","","1.00/0.00","1.00/0.00","1.00/0.00","1.00/0.00","1.00/0.00","","","","","","","","","","","","","","","","","","","","","",""
"REL606","1,092,779","DEL","Δ17,752 bp","putA, putP, ycdN, ycdO, ycdB, phoH, ycdP, ycdQ, ycdR, ycdS, ycdT","IS3‑mediated","","","","","","","","","","","","","","","","","","","","","","","","","","","","","","","","","","","","","","","","","1.00/0.00","","","","","","","","","","","","","","","","","","","","","","","","","","","","","","","","","","","","","","","","","","","","","","","","","","","","","","",""
"REL606","1,101,850","MOB","IS150 (–) +3 bp","phoH","coding (574‑576/1065 nt)","","","","","","","","","","","","","","","","","","","","","","","","","","","","","","","","","","","","","","","","","","","","","","","","","","","","","","","","","","","","","","","","","","","","","","","","","","","","","","","","","","","","","","","","","","","","","1.00/0.00","","1.00/0.00",""
"REL606","1,101,970","MOB","IS150 (–) +3 bp","phoH","coding (694‑696/1065 nt)","","","","","","","","","","","","","","","","","","","","","","","","","","","","","","","","","","1.00/0.00","","","","","","","","","","","","","","","","","","","","","","","","","","","","","","","","","","","","1.00/0.00","1.00/0.00","1.00/0.00","1.00/0.00","1.00/0.00","","","","","","","","","","","","","","","","","","","","","",""
"REL606","1,102,024","INS","(TATGCAGTACTGCCTGCGACCGG)1→2","phoH","coding (748/1065 nt)","","","","","","","","","","","","","","","","","","","","","","","","","","","","","","","","","","","","","","","","","","","","","","","","","","","","","","","","","","","","","","","","","","","","","1.00/0.00","","","","","","","","","","","","","","","","","","","","","","","","","","",""
"REL606","1,110,574","SNP","T→G","insF-1","K268Q (AAG→CAG)","","","","","","","","","","","","","","","","","","","","","","","","","","","","","","","","","","","","","","","","","","","","","","","","","","","","","","","","","","","","","","","","","","","","","","","","","","1.00/0.00","","","","","","","","","","","","","","","","","","","","","",""
"REL606","1,134,680","SNP","G→A","solA","A159V (GCG→GTG)","","","","","","","","","","","","","","","","","","","","","","","","","","","","","","","","","","","","","","","","","","","","","","","","","","","","","","","","","","","","","","","","","","","","","","","","","","1.00/0.00","","","","","","","","","","","","","","","","","","","","","",""
"REL606","1,136,030","MOB","IS150 (+) +3 bp","dinI","coding (28‑30/246 nt)","","","","","","","","","","","","","","","","","","","","","","","","","","","","","","","","","","","","","","","","","","","","","","","","","","","","","","","","","","","","","","","","","","","1.00/0.00","","","","","","","","","","","","","","","","","","","","","","","","","","1.00/0.00","","1.00/0.00",""
"REL606","1,136,032","MOB","IS150 (+) +3 bp","dinI","coding (26‑28/246 nt)","","","","","","","","","","","","","","","","","","","","","","","","","","","","","","","","","","1.00/0.00","","","","","","","","","","","","","","","","","","","","","","","","","","","","","","","","","","","1.00/0.00","","","","","","","","","","","","","","","","","","","","","","","","","","",""
"REL606","1,156,121","SNP","T→G","rne","E939A (GAA→GCA)","","","","","","","","","","","","","","","","","","","","","","","","","","","","","","","","","","","","","","","","","","","","","","","","","","","","","","","","","","","","","","","","","1.00/0.00","","","","","","","","","","","","","","","","","","","","","","","","","","","","","","",""
"REL606","1,156,460","SNP","A→C","rne","M826R (ATG→AGG)","","","","","","","","","","","","","","","","","","","","","","","","","","","","","","","","","","","","","","","","","","","","","","","","","","","","","","","","","","","","","","","","","1.00/0.00","1.00/0.00","1.00/0.00","1.00/0.00","","1.00/0.00","1.00/0.00","1.00/0.00","1.00/0.00","1.00/0.00","","","","","","","","","","","","","","","","","","","","","",""
"REL606","1,159,208","SNP","C→T","ECB_01081","Y46Y (TAC→TAT)","","","","","","","","","","","","","","","","","","","","","","","","","","","","","","","","","","","","","","","","","","","","","","","","","","","","","","","","","","","","","","","","","","","1.00/0.00","1.00/0.00","","","","","","","","","","","","","","","","","","","","","","","","","","","",""
"REL606","1,162,790","MOB","IS150 (–) +3 bp","plsX","coding (601‑603/1071 nt)","","","","","","","","","","","","","","","","","","","","","","","","","","","","","","","","","","","","","","","","","1.00/0.00","","","","","","","","","","","","","","","","","","","","","","","","","","","","","","","","","","","","","","","","","","","","","","","","","","","","","","",""
"REL606","1,166,950","SNP","C→T","fabF","T148I (ACT→ATT)","","","","","","","","","","","","","","","","","","","","","","","","","","","","","","","","","","","","","","","","","","","","","","","","","","","","","","","","","","","","","1.00/0.00","1.00/0.00","1.00/0.00","1.00/0.00","1.00/0.00","1.00/0.00","1.00/0.00","1.00/0.00","","1.00/0.00","1.00/0.00","1.00/0.00","1.00/0.00","1.00/0.00","","","","","","","","","","","","","","","","","","","","","",""
"REL606","1,186,711","SNP","A→T","mfd","C617S (TGT→AGT)","","","","","","","","","","","","","","","","","","","","","","","","","","","","","","","","","","","","","","","","","","","","","","","","","","","","","","","","","","","","","","","","","","","","","1.00/0.00","","","","","","","","","","","","","","","","","","","","","","","","","","",""
"REL606","1,248,380","SNP","A→C","dhaM","D295E (GAT→GAG)","","","","","","","","","","","","","1.00/0.00","1.00/0.00","1.00/0.00","1.00/0.00","","","","","","","","","","","","","","","","","","","","","","","","","","","","","","","","","","","","","","","","","","","","","","","","","","","","","","","","","","","","","","","","","","","","","","","","","","","","","","","",""
"REL606","1,270,125","DEL","Δ535 bp","ldrC","","","","","","","","","","","","","","","","","","","","","","","","","","","","","1.00/0.00","","1.00/0.00","1.00/0.00","","1.00/0.00","1.00/0.00","1.00/0.00","1.00/0.00","1.00/0.00","1.00/0.00","1.00/0.00","1.00/0.00","1.00/0.00","1.00/0.00","","","","","","","","","","","","","","","","","","","","","","","","","","","","","","","","","","","","","","","","","","","","","","","","","","","","","",""
"REL606","1,270,660","MOB","IS150 (–) +4 bp","ldrC, chaA","intergenic (‑167/+235)","","","","","","","","","","","","","1.00/0.00","","1.00/0.00","1.00/0.00","","","","","","","","","","","","","","","","","","","1.00/0.00","1.00/0.00","1.00/0.00","1.00/0.00","1.00/0.00","1.00/0.00","1.00/0.00","1.00/0.00","","","","","","","","","","","","","","","","","","","","","","1.00/0.00","","","","","","","","","","","","","","","","","","","","","","","","","","","1.00/0.00","1.00/0.00","1.00/0.00","","1.00/0.00",""
"REL606","1,270,661","MOB","IS150 (+) +3 bp","ldrC, chaA","intergenic (‑168/+235)","","","","","","","","","","","","","","","","","","","","","","","","","","","","","","","","","","","","","","","","","","","","","","","","","","","","","","","","","","","","","","","","","","","","","1.00/0.00","","","","","","","","","","","","","","","","","","","","","","","","","","",""
"REL606","1,284,313","SNP","G→A","narH","C187Y (TGC→TAC)","","","","","","","","","","","","","","","","","","","","","","","","","","","","","","","","","","","","","","","","","","","","","","","","","","","","","","","","","","","","","","","","","","","","","","","1.00/0.00","1.00/0.00","1.00/0.00","1.00/0.00","","","","","","","","","","","","","","","","","","","","","",""
"REL606","1,286,699","SNP","C→A","narI, ECB_01206","intergenic (+23/‑160)","","","","","","","","","","","","","1.00/0.00","1.00/0.00","1.00/0.00","1.00/0.00","","","","","","","","","","","","","","","","","","","","","","","","","","","","","","","","","","","","","","","","","","","","","","","","","","","","","","","","","","","","","","","","","","","","","","","","","","","","","","","",""
"REL606","1,294,198","MOB","IS4 (+) +12 bp","tdk, adhE","intergenic (+261/+30)","","","","","","","","","","","","","","","","","","","","","","","","","","","","","","","","","","","","","","","","","","","","","","","","","","","","","","","","","","","","","","","","","","","","","","","","","","","","","","","","","","","","","1.00/0.00","1.00/0.00","1.00/0.00","1.00/0.00","1.00/0.00","1.00/0.00","1.00/0.00","1.00/0.00","1.00/0.00","1.00/0.00","1.00/0.00","1.00/0.00"
"REL606","1,303,257","SNP","C→T","oppD","R304C (CGT→TGT)","","","","","","","","","","","","","","","","","","","","","","","","","","","","","","","","","","","","","","","","","","","","","","","","","","","","","","","","","","","","","","","","","","","","","","","","","","","","","","","","","","","","","1.00/0.00","1.00/0.00","1.00/0.00","1.00/0.00","1.00/0.00","1.00/0.00","1.00/0.00","1.00/0.00","1.00/0.00","1.00/0.00","1.00/0.00","1.00/0.00"
"REL606","1,305,149","MOB","IS186 (+) +7 bp :: Δ1 bp","cls","coding (1085‑1091/1461 nt)","","","","","","","","","","","","","","","","","","","","","","","","","","","","","","","","","","","","","","","","","","","","","","","","","","","","","","","","","","","","","","","","","1.00/0.00","1.00/0.00","1.00/0.00","1.00/0.00","","1.00/0.00","1.00/0.00","1.00/0.00","1.00/0.00","1.00/0.00","","","","","","","","","","","","","","","","","","","","","",""
"REL606","1,305,934","MOB","IS1 (–) +9 bp","cls","coding (298‑306/1461 nt)","","","","","","","","","","","","","","","","","","","","","","","","","","","","","","","","","","","","","","","","","","","","","","","","","","","","","","","","","","","","","","","1.00/0.00","","","","","","","","","","","","","","","","","","","","","","","","","","","","","","","","",""
"REL606","1,306,344","MOB","Δ2 bp :: IS186 (–) +8 bp","cls, kch","intergenic (‑105/+259)","","","","","","","","","","","","","","","","","","","","","","","","","","","","","","","","","","","","","","","","","","","","","","","","","","","","","","","","","","","","","","","","","","","","","","","","","","","","","","","","","","","","","","1.00/0.00","1.00/0.00","1.00/0.00","1.00/0.00","1.00/0.00","1.00/0.00","1.00/0.00","1.00/0.00","1.00/0.00","1.00/0.00","1.00/0.00"
"REL606","1,329,308","SNP","G→T","yciN, topA","intergenic (‑268/‑112)","","","","","","","","","","","","","","","","","","","","","","","","","","","","","","","","","","","","","","","","","","","","","","","","","","","","","","","","","","","","","","","","","1.00/0.00","1.00/0.00","1.00/0.00","1.00/0.00","","1.00/0.00","1.00/0.00","1.00/0.00","1.00/0.00","1.00/0.00","","","","","","","","","","","","","","","","","","","","","",""
"REL606","1,329,493","SNP","A→C","topA","Y25S (TAC→TCC)","","","","","","","","","","","","","","","","","","","","","","","","","","","","","","","","","","","","","","","","","","","","","","","","","","","","","","","","","","","","","","","","","","","","","","","","","","","1.00/0.00","","","","","","","","","","","","","","","","","","","","",""
"REL606","1,329,516","SNP","C→T","topA","H33Y (CAC→TAC)","","","1.00/0.00","","1.00/0.00","1.00/0.00","1.00/0.00","1.00/0.00","1.00/0.00","1.00/0.00","1.00/0.00","1.00/0.00","1.00/0.00","1.00/0.00","1.00/0.00","1.00/0.00","","","","","","","","","","","","","","","","","","","","","","","","","","","","","","","","","","","","","","","","","","","","","","","","","","","","","","","","","","","","","","","","","","","","","","","","","","","","","","","",""
"REL606","1,329,520","SNP","T→G","topA","I34S (ATC→AGC)","1.00/0.00","1.00/0.00","","1.00/0.00","","","","","","","","","","","","","","","","","","","","","","","","","","","","","","","","","","","","","","","","","","","","","","","","","","","","","","","","","","","","","","","","","","","","","","","","","","","","","","","","","","","","","","","","","","","",""
"REL606","1,330,018","SNP","C→A","topA","A200E (GCG→GAG)","","","","","","","","","","","","","","","","","","","","","","","","","","","","","","","","","","","","","","","","","","","","","","","","","","","","","1.00/0.00","1.00/0.00","1.00/0.00","1.00/0.00","1.00/0.00","1.00/0.00","1.00/0.00","1.00/0.00","1.00/0.00","1.00/0.00","1.00/0.00","1.00/0.00","1.00/0.00","1.00/0.00","1.00/0.00","1.00/0.00","","1.00/0.00","1.00/0.00","1.00/0.00","1.00/0.00","1.00/0.00","","","","","","","","","","","","","","","","","","","","","",""
"REL606","1,331,737","SNP","G→C","topA","R773P (CGT→CCT)","","","","","","","","","","","","","","","","","","","","","","","","","","1.00/0.00","","","","","","","","","","","","","","","","","","","","","","","","","","","","","","","","","","","","","","","","","","","","","","","","","","","","","","","","","","","","","","","","","","","","","",""
"REL606","1,331,794","SNP","C→A","topA","T792K (ACG→AAG)","","","","","","","","","","","","","","","","","","","","","","","","","","","","","","","","","1.00/0.00","1.00/0.00","1.00/0.00","1.00/0.00","1.00/0.00","1.00/0.00","1.00/0.00","1.00/0.00","1.00/0.00","1.00/0.00","","","","","","","","","","","","","","","","","","","","","","","","","","","","","","","","","","","","","","","","","","","","","","","","","","","","","",""
"REL606","1,332,089","INS","(T)6→7","topA, cysB","intergenic (+72/‑138)","","","","","","","","","","","","","","","","","","","","","","","","","","","","","","","","","","","","","","","","","","","","","","","","","","","","","","","","","","","","","","","","","","","","","","","","","","","","","","","","","","","","","","","","","","","","","","","","1.00/0.00"
"REL606","1,332,101","SNP","T→G","topA, cysB","intergenic (+84/‑126)","","","","","","","","","","","","","","","","","","","","","","","","","","","","","","","","","","","","","","1.00/0.00","","","","","","","","","","","","","","","","","","","","","","","","","","","","","","","","","","","","","","","","","","","","","","","","","","","","","","","","","",""
"REL606","1,332,130","SNP","T→C","topA, cysB","intergenic (+113/‑97)","","","","","","","","","","","","","","","","","","","","","","","","","","","","","","","","","","","","","","","","","","","","","","","","","","","","","","","","","","","","","","","","","","","","","","","","","","","","","","","","","","","","","1.00/0.00","","","","","","","","","","",""
"REL606","1,333,428","MOB","IS1 (+) +8 bp","cysB, yciX","intergenic (+227/‑97)","","","","","","","","","","","","","","","","","","","","","","","","","","","","","","","","","","","","","","","","","","","","","","","","","","","","","","","","","","","","","","","","","","","","","","","","","","","","","","","","","","","","","","","","","","1.00/0.00","","","","","",""
"REL606","1,350,717","SNP","T→A","sapF","D96V (GAT→GTT)","","","","","","","","","","","","","","","","","","","","","","","","","","","","","","","","","","","","","","","","","","","","","","","","","","","","1.00/0.00","","","","","","","","","","","","","","","","","","","","","","","","","","","","","","","","","","","","","","","","","","","",""
"REL606","1,352,030","SNP","G→T","sapC","G286G (GGC→GGA)","","","","","","","","","","","","","","","","","","","","","","","","","","","","","","","","","","","","","","","","","","","","","","","","","","","","","","","","","","","","","","","","","","","","","","","","","","","","","","","","","","","","","","","","","1.00/0.00","","","","","1.00/0.00","","1.00/0.00"
"REL606","1,416,510","MOB","IS150 (+) +3 bp","ydaG","coding (115‑117/135 nt)","","","","","","","","","","","","","","","","","","","","","","","","","","","","","","","","","","","","","","","","","","","","","","","","","","","","","","","","","","","","","","","","","","","","1.00/0.00","","","","","","","","","","","","","","","","","","","","","","","","","","","",""
"REL606","1,418,812","INS","(T)7→8","trkG","coding (151/1458 nt)","","","","","","","","","","","","","","","","","","","","","","","","","","","","","","","","","","","","","","","","","","","","","","","","1.00/0.00","","","","","","","","","","","","","","","","","","","","","","","","","","","","","","","","","","","","","","","","","","","","","","","",""
"REL606","1,435,468","SNP","C→T","ydbH","A271V (GCA→GTA)","","","","","","","","1.00/0.00","","","","","","","","","","","","","","","","","","","","","","","","","","","","","","","","","","","","","","","","","","","","","","","","","","","","","","","","","","","","","","","","","","","","","","","","","","","","","","","","","","","","","","","",""
"REL606","1,451,972","MOB","IS150 (–) +3 bp","acpD","coding (218‑220/606 nt)","","","","","","","","","","","","","","","","","","","","","","","","","","","","","","","","","","","","","","","","","","","","","","","","","","","","","","","","","","","","","","","","","","","","","1.00/0.00","","","","","","","","","","","","","","","","","","","","","","","","","","",""
"REL606","1,453,477","DEL","Δ25,152 bp","hrpA, ydcF, aldA, gapC, insA-12, insB-12, cybB, ydcA, hokB, mokB, trg, ydcI, ydcJ, ydcG, ECB_01382, ydcH, rimL, ydcK, tehA, tehB, ydcL, yncK, yncK, ydcM, ydcO, ydcN, ydcP","","","","","","","","","","","","","","","","","","","","","","","","","","","","","","","","","","","","","","","","","","","","","","","","","","","","","","","","","","","","","","","","","","","","","","","","","","","","","","","","","","","","","","","","","","1.00/0.00","","","","","","",""
"REL606","1,461,883","DEL","Δ441 bp","ydcA, hokB, mokB","IS150‑mediated","","","","","","","","","","","","","","","","","","","","","","","","","","","","","","","","","","","","","","","","1.00/0.00","","","","","","","","","","","","","","","","","","","","","","","","","","","","","","","","","","","","","","","","","","","","","","","","","","","","","","","",""
"REL606","1,462,251","MOB","IS150 (–) +3 bp","mokB, trg","intergenic (‑13/‑326)","","","","","","","","","","","","","","","","","","","","","","","","","","","","","","","","","","","","","","","","","","","","","","","","","","","","","","","","","","","","","","","1.00/0.00","1.00/0.00","","1.00/0.00","1.00/0.00","1.00/0.00","1.00/0.00","1.00/0.00","1.00/0.00","1.00/0.00","1.00/0.00","1.00/0.00","","","","","","","","","","","","","","","","","","","","","",""
"REL606","1,462,251","DEL","Δ1 bp","mokB, trg","intergenic (‑13/‑328)","","","","","","","","","","","","","","","","","","","","","","","","","","","","","","","","","","","","","","","","","","","","","","","","","","","","","","","","","","","","","","","","","","","1.00/0.00","1.00/0.00","","","","","","","","","","","","","","","","","","","","","","","","","","","",""
"REL606","1,462,251","DEL","Δ69 bp","mokB, trg","IS150‑mediated","","","","","","","","","","","","","","","","","","","","","","","","","","","","","","","","","","","","","","","","","","","","","","","","","","","","","","","","","","","","","","","","","","","","","1.00/0.00","","","","","","","","","","","","","","","","","","","","","","","","","","",""
"REL606","1,462,253","INS","+G","mokB, trg","intergenic (‑15/‑326)","","","","","","","","","","","","","","","","","","","","","","","","","","","","","","","","","","","","","","","","","","","","","","","","","","","","","","","","","","","","","","","","","","1.00/0.00","1.00/0.00","1.00/0.00","","1.00/0.00","1.00/0.00","1.00/0.00","1.00/0.00","1.00/0.00","","","","","","","","","","","","","","","","","","","","","",""
"REL606","1,462,253","MOB","IS150 (–)","mokB, trg","intergenic (‑15/‑326)","","","","","","","","","","","","","","","","","","","","","","","","","","","","","","","","","","","","","","","","","","","","","","","","","","","","","","","","","","","","","","","","","","","","","","","","","","","","","","","","","","","","","","","","","","","","","1.00/0.00","","1.00/0.00",""
"REL606","1,462,254","DEL","Δ66 bp","mokB, trg","IS150‑mediated","","","","","","","","","","","","","","","","","","","","","","","","","","","","","","","","","","","","","","","","","","","","","","","","","","","","","","","","","","","","","","","","","","","","","","","","","","","","","","","","","","","","","","","","","","","","","1.00/0.00","","1.00/0.00",""
"REL606","1,462,266","MOB","IS150 (+) +3 bp","mokB, trg","intergenic (‑28/‑311)","","","","","","","","","","","","","","","","","","","","","","","","","","","","","","","","","","1.00/0.00","","","","","","","","","","","","","","","","","","","","","","","","","","","","","","","","","","","","","","","","","","","","","","","","","","","","","","","","","","","","","",""
"REL606","1,462,320","MOB","IS150 (–) +3 bp","mokB, trg","intergenic (‑82/‑257)","","","","","","","","","","","","","","","","","","","","","","","","","","","","","","","1.00/0.00","","","","","","1.00/0.00","1.00/0.00","1.00/0.00","1.00/0.00","1.00/0.00","1.00/0.00","","","","","","","","","","","","","","","","","","","","","","","","","","","","","","","","","","","","","","","","","","","","","","","","","","","","","",""
"REL606","1,462,321","DEL","Δ1 bp","mokB, trg","intergenic (‑83/‑258)","","","","","","","","","","","","","","","","","","","","","","","","","","","","","","","","","","","","","","","","","","","","","","","","","","","","","","","","","","","","","","","","","","","","","","","","","","","","","","","","","","","","","","","","","","","","","","","1.00/0.00",""
"REL606","1,508,486","SNP","G→A","nhoA","P104P (CCG→CCA)","","","","","","","","","","","","","","","","","","","","","","","","","","","","","","","","","","","","","","","","","","","","","","","","","","","","","","","","","","","","","","","","","","","","","","","","","","","","","","","","","","","","","","","","","","","","1.00/0.00","","","",""
"REL606","1,515,685","MOB","IS150 (+) +3 bp","narZ","coding (1055‑1057/3741 nt)","","","","","","","","","","","","","","","","","","","","","","","","","","","","","","","","","","","","","","","","","","","","","","","","","","","","","","","","","","","","","","","","","","","","","","","","","","","","","","","","","","","","","","","","","","","","","1.00/0.00","","1.00/0.00",""
"REL606","1,515,882","SNP","T→G","narZ","E287A (GAA→GCA)","","","","","","","","","","","","","","","","","","","","","","","","","","","","","","","","","","","","","","","","","","","","","","","","","","","","","","","","","","","","","","","","","","","","","","","","","","","","","","","","","","","","","","","","1.00/0.00","","1.00/0.00","1.00/0.00","1.00/0.00","1.00/0.00","","1.00/0.00",""
"REL606","1,525,134","MOB","IS150 (–)","fdnH","coding (524/885 nt)","","","","","","","","","","","","","","","","","","","","","","","","","","","","","","","","","","","","","","","","","","","","","","","","","","","","","","","","","","","","","","","","","","","","","1.00/0.00","","","","","","","","","","","","","","","","","","","","","","","","","","",""
"REL606","1,525,135","DEL","Δ26,479 bp","fdnH, fdnI, yddM, adhP, sfcA, rpsV, bdm, osmC, yddO, yddP, yddQ, yddR, yddS, ddpX, dos, yddV, yddW, xasA, gadB, pqqL, yddB, yddA","IS150‑mediated","","","","","","","","","","","","","","","","","","","","","","","","","","","","","","","","","","","","","","","","","","","","","","","","","","","","","","","","","","","","","","","","","","","","","1.00/0.00","","","","","","","","","","","","","","","","","","","","","","","","","","",""
"REL606","1,532,603","SNP","A→C","yddP","V118G (GTG→GGG)","","","","","","","","","","","","","","","","","","","","","","","","","","","","","","","","","","","","","","","","","","","","","","","","","","","","","","","","","","","","","","","","","","","","","","","","","","","","","","","","","","","","","","","","","","","1.00/0.00","","","","",""
"REL606","1,544,289","MOB","IS150 (–) +3 bp","xasA","coding (150‑152/1536 nt)","","","","","","","","","","","1.00/0.00","","","","","","","","","","","","","","","","","","","","","","","","","","","","","","","","","","","","","","","","","","","","","","","","","","","","","","","","","","","","","","","","","","","","","","","","","","","","","","","","","","","","",""
"REL606","1,546,021","SNP","T→A","gadB, pqqL","intergenic (‑25/+337)","","","","","","","","","","","","","","","","","","","","","","","","","","","","","","","","","","","","","","","","","","","","","","","","","","","","","","","","","","","","","","","","","1.00/0.00","","","","","","","","","","","","","","","","","","","","","","","","","","","","","","",""
"REL606","1,548,451","SNP","T→C","pqqL","S235G (AGT→GGT)","","","","","","","","","","","","","","","","","","","","","","","","","","","","","","","","","","","","","","","","","","","","","","","","","","","","1.00/0.00","","","","","","","","","","","","","","","","","","","","","","","","","","","","","","","","","","","","","","","","","","","",""
"REL606","1,551,735","MOB","IS150 (–) +3 bp","yddA","coding (1557‑1559/1686 nt)","","","","","","","","","","","","","","","","","","","","","","","","","","","","","","","","","","","","","","","","","","","","","","","","","","","","","","","","","","","","","1.00/0.00","","","","","","","","","","","","","","","","","","","","","","","","","","","","","","","","","","",""
"REL606","1,570,019","MOB","IS150 (–) +3 bp","ydeU","pseudogene (612‑614/1401 nt)","","","","","","","","","","","","","","","","","","","","","","","","","","","","","","","","","","","","","","","","","","","","","","","","","","","","","","","","","","","","","","","","","","","","","1.00/0.00","","","","","","","","","","","","","","","","","","","","","","","","","","",""
"REL606","1,570,698","DEL","(C)7→6","ydeU, ydeZ","intergenic (‑66/‑89)","","","","","","","","","","","","","","","","","","","","","","","","","","","","","","","","","","","","","","","","","","","","","","","","","","","","","","","","","","","","","","","","","","","","","","","","","","","","","","","","","","","","","","","","","1.00/0.00","","","","","1.00/0.00","","1.00/0.00"
"REL606","1,585,788","DEL","Δ2,768 bp","marC, ECB_01487, ECB_01488, marR, marA, marB, eamA","","","","","","","","","","","","","","","","","","","","","","","","","","","","","","","","","","","","","","","","","","","","","","","","","","","","","","","","","","","","","","","","","","","","","","","","","","","","","","","","","","","","","","","","","","1.00/0.00","","","","","1.00/0.00","","1.00/0.00"
"REL606","1,587,635","SNP","A→G","marA","Y99C (TAC→TGC)","","","","","","","","","","","","","","","","","","","","","","","","","","","","","","","","","","","","","","","","","","","","","","","","","","","","","","","","","","","","","","","1.00/0.00","","","","","","","","","","","","","","","","","","","","","","","","","","","","","","","","",""
"REL606","1,598,113","SNP","G→A","ydfI","H190Y (CAT→TAT)","","","","","","","","","","","","","","","","","","","","","","","","","","","","","","","","","","","","","","","","","","","","","","","","","","","","","","","","","","","","","","","","","","","","","","","","","","","","","","","","","","","","","","","","","","","","","","","1.00/0.00",""
"REL606","1,607,917","DEL","Δ1 bp","ECB_01510","coding (16/1320 nt)","","","","","","","","","","","","","","","","","","","","","","","","","","","","","","","","","","","","","","","1.00/0.00","1.00/0.00","","1.00/0.00","","","","","","","","","","","","","","","","","","","","","","","","","","","","","","","","","","","","","","","","","","","","","","","","","","","","","",""
"REL606","1,607,920","DEL","Δ7,554 bp","ECB_01510, insE-3, insF-3, ybcW, gnsB, ynfN, ECB_01516, cspI, ydfP, ydfQ, ydfR, essQ, ECB_01522, ECB_01523","between IS3","","","","","","","","","","","","","","","","","","","","","","","","","","","","","","","","","","","","","","","","","","","","","","","","","","","","","","","","","","","","","","","","","","","","","1.00/0.00","1.00/0.00","1.00/0.00","1.00/0.00","1.00/0.00","1.00/0.00","","","","","","","","","","","","","","","","","","","","","",""
"REL606","1,609,175","DEL","Δ7,554 bp","ybcW, gnsB, ynfN, ECB_01516, cspI, ydfP, ydfQ, ydfR, essQ, ECB_01522, ECB_01523, insE-4, insF-4, ECB_01526","between IS3","","","","","","","","","","","","","","","","","","","","","","","","","","","","","","","","","","","","","","","1.00/0.00","1.00/0.00","1.00/0.00","1.00/0.00","","","","","","","","","","","","","","","","","","","","","","","","","","","","","","","","","","","","","","","","","","","","","","","","","","","","","",""
"REL606","1,616,684","SNP","C→A","insF-4","Q285K (CAG→AAG)","","","","","","","","","","","","","","","","","","","","","","","","","","","","","","","","","","","","","","","","","","","","","","","","","","","","","","","","","","","","","","","","","","","","","","","","","","","","","","","","","","","","","","","","1.00/0.00","","","","","","","",""
"REL606","1,617,667","MOB","IS3 (–) +3 bp :: +TCA","ECB_01527, ECB_01528","intergenic (+75/+79)","","","","","","","","","","","","","","","","","","","","","","","","","","","","","","","","","","","","","","","","","","","","","","","","","","","","","","","","","","","","","","","","","","","","","","","","","","","","","","","","","","","","","","","","","","","1.00/0.00","1.00/0.00","1.00/0.00","","1.00/0.00",""
"REL606","1,619,926","MOB","IS150 (–) +4 bp","hokD, ECB_01533","intergenic (‑163/+46)","","","","","","","","","","","","","","","","","","","","","","","","","","","","","","","","","","","","","","","","","","","","","","","","","","","","","","","","","","","","","","","","","","","1.00/0.00","1.00/0.00","","","","","","","","","","","","","","","","","","","","","","","","","","","",""
"REL606","1,619,929","DEL","Δ1 bp","hokD, ECB_01533","intergenic (‑166/+46)","","","","","","","","","","","","","","","","","","","","","","","","","","","","","","","","","","","","","","","","","","","","","","","","","","","","","","","","","","","","","","","","","","","","1.00/0.00","","","","","","","","","","","","","","","","","","","","","","","","","","","",""
"REL606","1,661,015","SNP","G→A","rstB","A313A (GCG→GCA)","","","","","","","","","","","","","","","","","","","","","","","","","","","","","","","","","","","","","","","","","","","","","","","","","","","","","","","","","","","","","","","","","","","","","","","","","","1.00/0.00","","","","","","","","","","","","","","","","","","","","","",""
"REL606","1,681,772","SNP","T→C","blr","W10R (TGG→CGG)","","","","","","","","","","","","","","","","","","","","","","","","","","","","","","","","","","","","","","","","","","","","","","","","","","","","","","","","","","","","","","","","","1.00/0.00","1.00/0.00","1.00/0.00","1.00/0.00","","1.00/0.00","1.00/0.00","1.00/0.00","1.00/0.00","1.00/0.00","","","","","","","","","","","","","","","","","","","","","",""
"REL606","1,689,712","INS","(C)6→7","nth, ydgR","intergenic (+360/‑251)","","","","","","","","","","","","","","","","","","","","","","","","","","","","","","","","","","","","1.00/0.00","","","","","","","","","","","","","","","","","","","","","","","","","","","","","","","","","","","","","","","","","","","","","","","","","","","","","","","","","","","",""
"REL606","1,691,510","SNP","G→A","ydgR, gst","intergenic (+45/‑61)","","","","","","","","","","","","","","","","","","","","","","","","","","","","","","","","","","","","","","","","","1.00/0.00","","","","","","","","","","","","","","","","","","","","","","","","","","","","","","","","","","","","","","","","","","","","","","","","","","","","","","",""
"REL606","1,695,703","MOB","IS186 (–) +7 bp","ydhH","coding (1088‑1094/1110 nt)","","","","","","","","","","","","","","","","","","","","","","","","","","","","","","","","","","","","","","","","","","","","","","","","","","","","","","","","","","","","","","","","","","","","","","1.00/0.00","1.00/0.00","1.00/0.00","1.00/0.00","1.00/0.00","","","","","","","","","","","","","","","","","","","","","",""
"REL606","1,701,071","SNP","G→T","ydhK","R586L (CGC→CTC)","","","","","","","","","","","","","","","","","","","","","","","","","","","","","","","","","","","","","","","","","","","","","","","","","","","","","","","","","","","","","","","","","","","","","","1.00/0.00","1.00/0.00","1.00/0.00","1.00/0.00","1.00/0.00","","","","","","","","","","","","","","","","","","","","","",""
"REL606","1,733,101","SNP","G→C","pykF","R46P (CGC→CCC)","","","","","","","1.00/0.00","","","","","","","","","","","","","","","","","","","","","","","","","","","","","","","","","","","","","","","","","","","","","","","","","","","","","","","","","","","","","","","","","","","","","","","","","","","","","","","","","","","","","","","","",""
"REL606","1,733,141","MOB","IS150 (+) +3 bp","pykF","coding (177‑179/1413 nt)","","","","","","","","","","","","","","","","","","","","","","","","","","","1.00/0.00","","1.00/0.00","","","1.00/0.00","","","","","","","","","","","","","","","","","","","","","","","","","","","","","","","","","","","","","","","","","","","","","","","","","","","","","","","","","","","","","","","",""
"REL606","1,733,329","MOB","IS150 (–) +3 bp","pykF","coding (365‑367/1413 nt)","","","","","1.00/0.00","","","","","","","","","","","","","","","","","","","","","","","","","","","","","","","","","","","","","","","","","","","","","","","","","","","","","","","","","","","","","","","","","","","","","","","","","","","","","","","","","","","","","","","","","","",""
"REL606","1,733,343","SNP","G→A","pykF","D127N (GAT→AAT)","","","","","","","","","","","","","","","","","","","","","","","","","","","","1.00/0.00","","1.00/0.00","1.00/0.00","","1.00/0.00","1.00/0.00","1.00/0.00","1.00/0.00","1.00/0.00","1.00/0.00","1.00/0.00","1.00/0.00","1.00/0.00","1.00/0.00","","","","","","","","","","","","","","","","","","","","","","","","","","","","","","","","","","","","","","","","","","","","","","","","","","","","","",""
"REL606","1,733,527","MOB","IS150 (–)","pykF","coding (563/1413 nt)","","","","","","","","","","","","","","","","","","","","","","","","","","","","","","","","","","","","","","","","","","","","","","","","","","","","","","","","","","","","","","","","","","","","","1.00/0.00","","","","","","","","","","","","","","","","","","","","","","","","","","",""
"REL606","1,733,528","DEL","Δ119 bp","pykF","IS150‑mediated","","","","","","","","","","","","","","","","","","","","","","","","","","","","","","","","","","","","","","","","","","","","","","","","","","","","","","","","","","","","","","","","","","","","","1.00/0.00","","","","","","","","","","","","","","","","","","","","","","","","","","",""
"REL606","1,733,559","INS","(TAAGCGTTCTG)1→2","pykF","coding (595/1413 nt)","","","","","","","","","","","","","","","","","1.00/0.00","","","","","","","","","","","","","","","","","","","","","","","","","","","","","","","","","","","","","","","","","","","","","","","","","","","","","","","","","","","","","","","","","","","","","","","","","","","","","","",""
"REL606","1,733,585","INS","(GCACCTG)1→2","pykF","coding (621/1413 nt)","","","","","","1.00/0.00","","1.00/0.00","","","","","","","","","","","","","","","","","","","","","","","","","","","","","","","","","","","","","","","","","","","","","","","","","","","","","","","","","","","","","","","","","","","","","","","","","","","","","","","","","","","","","","","",""
"REL606","1,733,640","SNP","G→T","pykF","G226C (GGC→TGC)","","","","","","","","","","","","","","","","","","","","","","","","","","","","","","","","","","","","","","","","","","","","","","","","","","","","","","","","","1.00/0.00","","","","","","","","","","","","","","","","","","","","","","","","","","","","","","","","","","","","","","",""
"REL606","1,733,647","MOB","IS150 (–) +3 bp","pykF","coding (683‑685/1413 nt)","","","","","","","","","1.00/0.00","1.00/0.00","1.00/0.00","1.00/0.00","1.00/0.00","1.00/0.00","1.00/0.00","1.00/0.00","","","","","","","","","","","","","","","","","","","","","","","","","","","","","","","","","","","","","","","","","","","","","","","","","","","","","","","","","","","","","","","","","","","","","","","","","","","","","","","",""
"REL606","1,733,649","DEL","Δ1 bp","pykF","coding (685/1413 nt)","","","","","","","","","","1.00/0.00","","","","","","","","","","","","","","","","","","","","","","","","","","","","","","","","","","","","","","","","","","","","","","","","","","","","","","","","","","","","","","","","","","","","","","","","","","","","","","","","","","","","","",""
"REL606","1,733,685","SNP","A→G","pykF","M241V (ATG→GTG)","","","","1.00/0.00","","","","","","","","","","","","","","","","","","","","","","","","","","","","","","","","","","","","","","","","","","","","","","","","","","","","","","","","","","","","","","","","","","","","","","","","","","","","","","","","","","","","","","","","","","","",""
"REL606","1,733,752","SNP","T→C","pykF","M263T (ATG→ACG)","","","","","","","","","","","","","","","","","","","","","","","","","","","","","","","","","","","","","","","","","","","","","","","","","","","","","","","","","","","1.00/0.00","1.00/0.00","","","","","","","","","","","","","","","","","","","","","","","","","","","","","","","","","","","",""
"REL606","1,733,754","SNP","A→T","pykF","I264F (ATC→TTC)","","","","","","","","","","","","","","","","","","","1.00/0.00","1.00/0.00","1.00/0.00","1.00/0.00","1.00/0.00","1.00/0.00","","","","","","","","","","","","","","","","","","","","","","","","","","","","","","","","","","","","","","","","","","","","","","","","","","","","","","","","","","","","","","","","","","","","","","","",""
"REL606","1,733,865","SNP","G→T","pykF","A301S (GCC→TCC)","","","","","","","","","","","","","","","","","","","","","","","","","","","","","","","","","","","","","","","","","","","","","","","","","","","","","","","","","","1.00/0.00","","","1.00/0.00","1.00/0.00","1.00/0.00","1.00/0.00","1.00/0.00","1.00/0.00","1.00/0.00","1.00/0.00","","1.00/0.00","1.00/0.00","1.00/0.00","1.00/0.00","1.00/0.00","","","","","","","","","","","","","","","","","","","","","",""
"REL606","1,733,865","SNP","G→A","pykF","A301T (GCC→ACC)","","","","","","","","","","","","","","","","","","","","","","","","","","","","","","","","","","","","","","","","","","","","","","","","","","","","","","","","","","","","","","","","","","","","","","","","","","","","","1.00/0.00","1.00/0.00","1.00/0.00","1.00/0.00","1.00/0.00","1.00/0.00","1.00/0.00","1.00/0.00","1.00/0.00","1.00/0.00","1.00/0.00","1.00/0.00","1.00/0.00","1.00/0.00","1.00/0.00","1.00/0.00","1.00/0.00","1.00/0.00","1.00/0.00","1.00/0.00"
"REL606","1,734,007","SNP","A→G","pykF","D348G (GAC→GGC)","","","","","","","","","","","","","","","","","","","","","","","","","","","","","","","","","","","","","","","","","","","","","","","","","","","","","","","","","","","","","","","","","","","","","","","1.00/0.00","1.00/0.00","1.00/0.00","1.00/0.00","","","","","","","","","","","","","","","","","","","","","",""
"REL606","1,734,349","SNP","C→T","pykF","T462I (ACT→ATT)","","","","","","","","","","","","","","","","","","","","","","","","","","","","","","","","","","","","","","","","","","","1.00/0.00","1.00/0.00","1.00/0.00","1.00/0.00","1.00/0.00","1.00/0.00","1.00/0.00","1.00/0.00","1.00/0.00","1.00/0.00","","","","","","","","","","","","","","","","","","","","","","","","","","","","","","","","","","","","","","","","","","","",""
"REL606","1,757,644","MOB","IS150 (–) +3 bp","ydiQ","coding (760‑762/765 nt)","","","","","","","","","","","","","","","","","","","","","","","","","","","","","","","","","","","","","","","","","","","","","","","","","","","","","","","","","","","","","","","","","","","","","","","","","1.00/0.00","","","","","","","","","","","","","","","","","","1.00/0.00","","","","",""
"REL606","1,776,434","MOB","IS150 (–) +4 bp","pheS, pheM","intergenic (‑225/+56)","","","","","","","","","","","","","","","","","","","","","","","","","","","","","","","","","","","","","","","1.00/0.00","1.00/0.00","","1.00/0.00","","","","","","","","","","","","","","","","","","","","","","","","","","","","","","","","","","","","","","","","","","","","","","","","","","","","","",""
"REL606","1,776,436","INS","+T","pheS, pheM","intergenic (‑227/+57)","","","","","","","","","","","","","","","","","","","","","","","","","","","","","","","","","","","","","","","","1.00/0.00","","","","","","","","","","","","","","","","","","","","","","","","","","","","","","","","","","","","","","","","","","","","","","","","","","","","","","","",""
"REL606","1,777,404","SNP","G→A","infC","R132C (CGC→TGC)","","","","","","","","","","","","","","","","","","","","","","","","","","","","","","","","","","","","","","","","","","","","","","","","","","","","","","","","","","","","","","","","","","","","","","","","","","","","","","","","","","","","","1.00/0.00","1.00/0.00","1.00/0.00","1.00/0.00","1.00/0.00","1.00/0.00","1.00/0.00","1.00/0.00","1.00/0.00","1.00/0.00","1.00/0.00","1.00/0.00"
"REL606","1,790,215","SNP","C→T","ydjO","M65I (ATG→ATA)","","","","","","","","","","","","","","","","","","","","","","","","","","","","","","","","","","","","","","","","","","","","","","","","","","","","","","","","","","","","","","","","","","","","","","","","","","","","","","","","","","","","","","","","","","","","","1.00/0.00","","1.00/0.00",""
"REL606","1,803,267","MOB","IS1 (–) +9 bp","astE","coding (914‑922/969 nt)","","","","","","","","","","","","","","","","","","","","","","","","","","","","","","","","","","","","","","","","","","","","","","","","","","","","","","","","","","","","","","","","","","","","","","","1.00/0.00","1.00/0.00","1.00/0.00","1.00/0.00","","","","","","","","","","","","","","","","","","","","","",""
"REL606","1,805,353","MOB","+AA :: IS150 (+) Δ2 bp","astB","coding (171‑172/1344 nt)","","","","","","","","","","","","","","","","","","","","","","","","","","","","","","","","","","","","","","","","","","","","","","","","","","","","","","","","","","","","","","","","","","","","","1.00/0.00","","","","","","","","","","","","","","","","","","","","","","","","","","",""
"REL606","1,806,729","SNP","G→A","astD","R91C (CGC→TGC)","","","","","","1.00/0.00","","","","","","","","","","","","","","","","","","","","","","","","","","","","","","","","","","","","","","","","","","","","","","","","","","","","","","","","","","","","","","","","","","","","","","","","","","","","","","","","","","","","","","","","","",""
"REL606","1,813,572","SNP","G→C","ynjB","G91A (GGC→GCC)","","","","","","","","","","","","","","","","","","","","","","","","","","","","","","","","","","","","","","","","","","","","","","","","","","","","","","","","","","","","","","","","","","","","","","","","","","","","","","","","","","","","","","","","","","","","","","1.00/0.00","","1.00/0.00"
"REL606","1,821,484","MOB","IS150 (+)","ynjI","coding (616/1041 nt)","","","","","","","","","","","","","","","","","","","","","","","","","","","","","","","","","","","","","","","","","","","","","","","","","","","","","","","","","","","","","","","","","","","","","1.00/0.00","","","","","","","","","","","","","","","","","","","","","","","","","","",""
"REL606","1,821,485","DEL","Δ333 bp","ynjI","IS150‑mediated","","","","","","","","","","","","","","","","","","","","","","","","","","","","","","","","","","","","","","","","","","","","","","","","","","","","","","","","","","","","","","","","","","","","","1.00/0.00","","","","","","","","","","","","","","","","","","","","","","","","","","",""
"REL606","1,821,525","MOB","IS150 (–) +3 bp","ynjI","coding (573‑575/1041 nt)","","","","","","","","","","","","","1.00/0.00","1.00/0.00","1.00/0.00","1.00/0.00","","","","","","","","","","","","","","","","","","","","","","","","","","","","","","","","","","","","","","","","","","","","","","","","","","","","","","","","","","","","","","","","","","","","","","","","","","","","","","","",""
"REL606","1,836,024","MOB","IS1 (–) +9 bp","ydjJ","coding (31‑39/1044 nt)","","","","","","","","","","","","","","","","","","","","","","","","","","","","","","","","","","","","","","","","","","","","","","","","","","","","","","","","","","","","","","","","","","","","","","","","","","","","","","","","","","","","","","","","","1.00/0.00","","","","","1.00/0.00","","1.00/0.00"
"REL606","1,859,000","MOB","IS150 (–) +3 bp","yeaS","coding (336‑338/639 nt)","","","","","","","","","","","","","","","","","","","","","","","","","","","","","","","","","","","","","","","","","","","","","","","","","","","","","","","","","","","","","","","","","","","","","","","","","","","","","","","","","","","","","","","","","","","","","1.00/0.00","","1.00/0.00",""
"REL606","1,861,447","MOB","IS1 (–) +9 bp","yeaU","coding (958‑966/1086 nt)","","","","","","","","","","","","","","","","","","","","","","","","","","","","","","","","","","","","","","","","","","","","","","","","","","","","","","","","","","","","","","","","","","","","","","","","","1.00/0.00","1.00/0.00","","","","","","","","","","","","","","","","","","","","","",""
"REL606","1,866,486","MOB","IS150 (+) +3 bp","rnd","coding (82‑84/1128 nt)","","","","","","","","","","","","","","","","","","","","","","","","","","","","","","","","","","","1.00/0.00","1.00/0.00","","1.00/0.00","","","","","","","","","","","","","","","","","","","","","","","","","","","","","","","","","","","","","","","","","","","","","","","","","","","","","","","","","",""
"REL606","1,875,544","MOB","IS186 (–) +7 bp","sdaA","coding (34‑40/1365 nt)","","","","","","","","","","","","","","","","","","","","","","","","","","","","","","","","","","","","1.00/0.00","","","","","","","","","","","","","","","","","","","","","","","","","","","","","","","","","","","","","","","","","","","","","","","","","","","","","","","","","","","",""
"REL606","1,881,947","SNP","T→C","manY","I96T (ATC→ACC)","","","","","","","","","","","","","","","","","","","","","","","","","","","","","","","","","","","","","","","","","","","","","","","","","","","","","","","","","","","","","","","","","","","","","","","","","","","","","","","","","","","","","","","","","","","1.00/0.00","1.00/0.00","1.00/0.00","","1.00/0.00",""
"REL606","1,886,011","SNP","C→A","cspC","A2S (GCA→TCA)","","","","","","","","","","","","","","","","","","","","","","","","","","","","","","","","","","","","","","","","","1.00/0.00","","","","","","","","","","","","","","","","","","","","","","","","","","","","","","","","","","","","","","","","","","","","","","","","","","","","","","",""
"REL606","1,893,446","DEL","Δ1 bp","proQ","coding (666/699 nt)","","","","","","","","","","","","","","","","","","","","","","","","","","","","","","","","","","","","","","","","","1.00/0.00","","","","","","","","","","","","","","","","","","","","","","","","","","","","","","","","","","","","","","","","","","","","","","","","","","","","","","",""
"REL606","1,916,292","MOB","IS150 (+) +3 bp","pykA","coding (68‑70/1443 nt)","","","","","","","","","","","","","","","","","","","","","","","","","","","","","","","","","","","","","","","","","","","","","","","","","","","","","","","","","","","","","","","","","1.00/0.00","","","","","","","","","","","","","","","","","","","","","","","","","","","","","","",""
"REL606","1,916,815","SNP","C→A","pykA","F197L (TTC→TTA)","","","","","","","","","","","","","","","","","","","","","","","","","","","","","","","","","","","","","","","","","","","","","","","","","","","","","","","","","","","","","","","","","","","1.00/0.00","1.00/0.00","","","","","","","","","","","","","","","","","","","","","","","","","","","",""
"REL606","1,917,131","SNP","G→A","pykA","D303N (GAC→AAC)","","","","","","","","","","","","","","","","","","","","","","","","","","","","","","","","","","","","","","","","","","","","","","","","","","","","","","","","","","","","","","","","","","","","","","1.00/0.00","1.00/0.00","1.00/0.00","1.00/0.00","1.00/0.00","","","","","","","","","","","","","","","","","","","","","",""
"REL606","1,929,412","SNP","C→T","aspS, yecD","intergenic (‑120/‑190)","","","","","","","","","","","","","","","","","","","","","","","","","","","","","","","","","","","","","","","","","","","","","","","","","","","","","","","","","","","","","","","","","","","","","1.00/0.00","","","","","","","","","","","","","","","","","","","","","","","","","","",""
"REL606","1,975,746","SNP","A→T","yedV","S136T (TCG→ACG)","","","","","","","","","","","","","","","","","","","","","","","","","","","","","","","","","","","","","","","","","1.00/0.00","","","","","","","","","","","","","","","","","","","","","","","","","","","","","","","","","","","","","","","","","","","","","","","","","","","","","","",""
"REL606","1,976,879","SNP","T→G","yedW, yedX","intergenic (‑57/‑76)","","","","","","","","","","","1.00/0.00","1.00/0.00","1.00/0.00","1.00/0.00","1.00/0.00","1.00/0.00","","","","","","","","","","","","","","","","","","","","","","","","","","","","","","","","","","","","","","","","","","","","","","","","","","","","","","","","","","","","","","","","","","","","","","","","","","","","","","","",""
"REL606","1,988,481","MOB","IS150 (–) +3 bp","yeeJ","coding (5620‑5622/7152 nt)","","","","","","","","","","","","","","","","","","","","","","","","","","","","","","","","","","","","","","","","","","","","","","","","","","","","","","","","","","","","","","","","","","","","","","","","","","","","","","","","","","","","","","","","","","","","","","","1.00/0.00",""
"REL606","1,992,368","MOB","IS150 (–) +3 bp","shiA","coding (727‑729/1317 nt)","","","","","","","","","","","","","","","","","","","","","","","","","","","","","","","","","","","","","","","","","","","","","","","","","","","","","","","","","","","","","","","","","","","","","","","","","","","","","","","","","","","","","","","","","","","","","1.00/0.00","","",""
"REL606","1,997,556","MOB","IS150 (+) +3 bp","yeeO","coding (289‑291/1644 nt)","","","","","","","","","","","","","","","","","","","","","","","","","","","","","","","","","","","","","","","","","","","","","","","","","","","","","","","","","","","","","","","","","","","","","","1.00/0.00","","","","","","","","","","","","","","","","","","","","","","","","","",""
"REL606","2,003,955","MOB","IS1 (+) +9 bp","cobU, yoeA","intergenic (‑191/‑1473)","","","","1.00/0.00","","","","","","","","","","","","","","","","","","","","","","","","","","","","","","","","","","","","","","","","","","","","","","","","","","","","","","","","","","","","","","","","","","","","","","","","","","","","","","","","","","","","","","","","","","","",""
"REL606","2,010,997","SNP","C→A","yeeA","R13L (CGG→CTG)","","","","","","","","","","","","","","","","","","","","","","","","","","","","","","","","","","","","","","","","","","","","","","","","1.00/0.00","","","","","","","","","","","","","","","","","","","","","","","","","","","","","","","","","","","","","","","","","","","","","","","",""
"REL606","2,016,247","INS","(GAACCA)1→2","yeeF","coding (1259/1359 nt)","","","","","","","","","","","","","","","","","","","","","","","","","","","","","","","","","","","","","","","","","","","","","","","","","","","","","","","","","","","","","","","","","","","","","","","","","","","","","","","","","","","","","","","1.00/0.00","1.00/0.00","","1.00/0.00","1.00/0.00","1.00/0.00","1.00/0.00","","1.00/0.00",""
"REL606","2,017,253","SNP","A→C","yeeF","Y85D (TAC→GAC)","","","","","","","","","","","","","","","","","","","","","","","","","","","","","","","","","","","","","","","","","","","","","","","","","","","","","","","","","","","","","","","","","","","","","","1.00/0.00","1.00/0.00","1.00/0.00","1.00/0.00","1.00/0.00","","","","","","","","","","","","","","","","","","","","","",""
"REL606","2,020,032","DEL","(ACCATCATC)2→1","hisL","coding (35‑43/51 nt)","","","","","","","","","","","","","","","","","","","","","","","","","","","","","","","","","","","","","","","","","","","","","","","","","","","","","","","","","","","","","","","","","","","","","","","","","1.00/0.00","1.00/0.00","","","","","","","","","","","","","","","","","","","","","",""
"REL606","2,031,703","DEL","Δ23,293 bp","manB, manC, insB-14, insA-14, wbbD, wbbC, wzy, wbbB, wbbA, vioB, vioA, wzx, rmlC, rfbA, rfbD, rfbB, galF, wcaM, wcaL, wcaK, wzxC, wcaJ, cpsG","","","","","","","","","","","","1.00/0.00","1.00/0.00","1.00/0.00","1.00/0.00","1.00/0.00","1.00/0.00","","","","","","","","","","","","","","","","","","","","","","","","","","","","","","","","","","","","","","","","","","","","","","","","","","","","","","","","","","","","","","","","","","","","","","","","","","","","","","","",""
"REL606","2,032,711","DEL","Δ23,293 bp","manB, manC, insB-14, insA-14, wbbD, wbbC, wzy, wbbB, wbbA, vioB, vioA, wzx, rmlC, rfbA, rfbD, rfbB, galF, wcaM, wcaL, wcaK, wzxC, wcaJ, cpsG","","","","","","","","","","","","","","","","","","","","","","","","","","","","","","","","","","","","","","","","1.00/0.00","1.00/0.00","","1.00/0.00","","","","","","","","","","","","","","","","","","","","","","","","","","","","","","","","","","","","","","","","","","","","","","","","","","","","","",""
"REL606","2,032,762","DEL","Δ23,293 bp","manB, manC, insB-14, insA-14, wbbD, wbbC, wzy, wbbB, wbbA, vioB, vioA, wzx, rmlC, rfbA, rfbD, rfbB, galF, wcaM, wcaL, wcaK, wzxC, wcaJ, cpsG","","","","","","","","","","","","","","","","","","","","","","","","","","","","","","","","","","","","","","","","","","","","","","","","","","","","","","","","","","","","","","","","","","","1.00/0.00","1.00/0.00","1.00/0.00","","1.00/0.00","1.00/0.00","1.00/0.00","1.00/0.00","1.00/0.00","","","","","","","","","","","","","","","","","","","","","",""
"REL606","2,032,904","MOB","IS3 (–) +4 bp :: +TC","manC","coding (1349‑1352/1425 nt)","","","","","","","","","","","","","","","","","","","","","","","","","","","","","","","","","","","","","","","","","","","","","","","","","","","","","","","","","","","","","","","","","","","","","","","","","","","","","","","","","","","","","","","","","","","","","","","1.00/0.00",""
"REL606","2,035,094","DEL","Δ10,323 bp","wbbD, wbbC, wzy, wbbB, wbbA, vioB, vioA, wzx, rmlC, rfbA, rfbD, rfbB","IS1‑mediated","","","","","","","","","","","","","","","","","","","","","","","","","","","","","","","","","","","","","","","","","","","","","","","","","","","","","","","","","","","","","","","","","","","","","","","","","","","","","","","","","","","","","","1.00/0.00","1.00/0.00","1.00/0.00","1.00/0.00","1.00/0.00","1.00/0.00","1.00/0.00","1.00/0.00","1.00/0.00","1.00/0.00","1.00/0.00"
"REL606","2,082,685","SNP","G→A","yegI","A494V (GCT→GTT)","","","","","","","","","1.00/0.00","1.00/0.00","1.00/0.00","1.00/0.00","1.00/0.00","1.00/0.00","1.00/0.00","1.00/0.00","","","","","","","","","","","","","","","","","","","","","","","","","","","","","","","","","","","","","","","","","","","","","","","","","","","","","","","","","","","","","","","","","","","","","","","","","","","","","","","",""
"REL606","2,087,738","SNP","C→A","yegM","R205R (CGC→CGA)","","","","","","","","","","","","","","","","","","","","","","","","","","","","","","","","","","","","","","","","","","","","","","","","","","","","","","","","","","","","","","","","","","","","","","","","","","","","","","","","","","","1.00/0.00","1.00/0.00","1.00/0.00","1.00/0.00","1.00/0.00","1.00/0.00","1.00/0.00","1.00/0.00","1.00/0.00","1.00/0.00","1.00/0.00","1.00/0.00","1.00/0.00","1.00/0.00"
"REL606","2,088,382","SNP","A→C","yegN","L4F (TTA→TTC)","","","","","","","","","","","","","","","","","","","","","","","","","","","","","","","","","","","","","","","","","","","","","","","","","","","","","","","","","","","","","","","","","","","","","","","","","","","","","","","","","","","","","","","","","","","","","","","","1.00/0.00"
"REL606","2,095,621","SNP","G→A","yegB","L350L (CTG→CTA)","","","","","","","","","","","","","","","","","","","","","","","","","","","","","","","","","","","","","","","","","","","","","","","","","","","","","","","","","","","","","","","","","","","","","","","","","","","","","","","","","","","","","","","","","","","1.00/0.00","1.00/0.00","1.00/0.00","","1.00/0.00",""
"REL606","2,098,365","MOB","IS150 (+) +3 bp","yegP","coding (69‑71/333 nt)","","","","","","","","","","","","","","","","","","","","","","","","","","","","","","","","1.00/0.00","","","","","","","","","","","","","","","","","","","","","","","","","","","","","","","","","","","","","","","","","","","","","","","","","","","","","","","","","","","","","","","",""
"REL606","2,100,308","DEL","Δ22,146 bp","ogrK, yegZ, ECB_01989, ECB_01990, ECB_01991, ECB_01992, ECB_01993, ECB_01994, ECB_01995, ECB_01996, ECB_01997, ECB_01998, ECB_01999, ECB_02000, ECB_02001, ECB_02002, ECB_02003, ECB_02004, ECB_02005, ECB_02006, ECB_02007, ECB_02008, ECB_02009, ECB_02010, ECB_02011, ECB_02012, ECB_02013","","","","","","","","","","","","","","","","","","","","","","","","","","","","","","","","","","","","","","","","","1.00/0.00","","","","","","","","","","","","","","","","","","","","","1.00/0.00","","1.00/0.00","1.00/0.00","","1.00/0.00","","","","1.00/0.00","1.00/0.00","1.00/0.00","1.00/0.00","1.00/0.00","","","","","","","","","","1.00/0.00","","","","","","","","","","1.00/0.00","","1.00/0.00"
"REL606","2,103,918","INS","(CCAG)7→8","ECB_01992","coding (185/216 nt)","","","","","","","","","","","","","","","","","1.00/0.00","1.00/0.00","1.00/0.00","1.00/0.00","1.00/0.00","1.00/0.00","","","","1.00/0.00","","1.00/0.00","","1.00/0.00","","","1.00/0.00","","","","","","","","","","","","","","","","","1.00/0.00","","","","","","","","","","","","","","","","","","","","","","","","","","","","","","","","","","","","","","1.00/0.00","","1.00/0.00","","1.00/0.00","1.00/0.00","","",""
"REL606","2,103,918","INS","(CCAG)7→12","ECB_01992","coding (185/216 nt)","","","","","","","","","","","","","","","","","","","","","","","","","","","","","","","1.00/0.00","","","","1.00/0.00","","","","","","","","","","","","","","","","","","","","","","","","","","","","","","","","","","","","","","","","","","","","","","","","","","","","","","","","","","","","",""
"REL606","2,103,918","INS","(CCAG)7→13","ECB_01992","coding (185/216 nt)","","","","","","","","","","","","","","","","","","","","","","","","","","","","","","","","","","","","","1.00/0.00","","","","","","","","","","","","","","","","","","","","","","","","","","","","","","","","","","","","","","","","","","","","","","","","","","","","","","","","","","",""
"REL606","2,103,918","INS","(CCAG)7→10","ECB_01992","coding (185/216 nt)","","","","","","","","","","","","","","","","","","","","","","","","","","","","","","","","","","","","","","","","","","","","","","","","","","","","1.00/0.00","","","","","","","","","","","","","","","","","","","","","","","","","","","","","","","","","","","","","","","","","","","",""
"REL606","2,103,918","INS","(CCAG)7→9","ECB_01992","coding (185/216 nt)","","","","","","","","","","","","","","","","","","","","","","","","","","","","","","","","","","","","","","","","","","","","","","","","","","","","","","","","","1.00/0.00","","","","","","","","","","","","","","","","","","","","","","","","","","","","","","","","","","1.00/0.00","","","","",""
"REL606","2,103,918","INS","(CCAG)7→18","ECB_01992","coding (185/216 nt)","","","","","","","","","","","","","","","","","","","","","","","","","","","","","","","","","","","","","","","","","","","","","","","","","","","","","","","","","","","","","","","","","","","","","1.00/0.00","","","","","","","","","","","","","","","","","","","","","","","","","","",""
"REL606","2,103,918","INS","(CCAG)7→15","ECB_01992","coding (185/216 nt)","","","","","","","","","","","","","","","","","","","","","","","","","","","","","","","","","","","","","","","","","","","","","","","","","","","","","","","","","","","","","","","","","","","","","","","","","","","","","","","","","","","","","","","","","","","","","","","1.00/0.00",""
"REL606","2,113,036","MOB","IS1 (+) +9 bp","ECB_02001","coding (1630‑1638/1968 nt)","","","","","","","","","","","","","","","","","","","","","","","","","","","","","","","","","","","","","","","","","","1.00/0.00","","","","","","","","","","","","","","","","","","","","","","","","","","","","","","","","","","","","","","","","","","","","","","","","","","","","","",""
"REL606","2,121,311","DEL","(A)8→7","ECB_02011, ECB_02012","intergenic (+93/‑23)","","","","","","","","","","","","","","","","","","","","","","","","","","","","","","","","","","","","","","","","","","","","","","","","","","","","","","","","","","","","","","","","","","","","","","","","","","","","","","","","","","","","","","","","","","1.00/0.00","1.00/0.00","1.00/0.00","1.00/0.00","","1.00/0.00",""
"REL606","2,122,426","MOB","IS150 (–) +3 bp","ECB_02013","coding (198‑200/216 nt)","","","","","","","","","","","","","","","","","","","","","","","","","","","","","","","","","","","","","1.00/0.00","","1.00/0.00","1.00/0.00","","1.00/0.00","","","","","","","","","","","","","","","","","","","","","","","","","","","","","","","","","","","","","","","","","","","","","","","","","","","","","",""
"REL606","2,122,428","MOB","IS150 (–) +3 bp","ECB_02013","coding (196‑198/216 nt)","","","","","","","","","","","","","","","","","","","","","","","","","","","","","","","","","","","","","","","","","","","","","","","","","","","","","","","","","","","","","","","","","","","","","1.00/0.00","","","","","","","","","","","","","","","","","","","","","","","","","","",""
"REL606","2,129,510","SNP","C→A","gatZ","pseudogene (949/1113 nt)","","","","","","","","","","","","","","","","","","","","","","","","","","","","","","","","","","","","","","","","","","","","","","","","","","","","","","","","","","","","","","","","","","","","","1.00/0.00","","","","","","","","","","","","","","","","","","","","","","","","","","",""
"REL606","2,157,881","MOB","IS150 (+) +3 bp","yehM","coding (991‑993/2280 nt)","","","","","","","","","","","","","","","","","","","","","","","","","","","","","","","","","","","","","","","","","","","","","","","","","","","","","","","","","","","","","","","1.00/0.00","","","","","","","","","","","","","","","","","","","","","","","","","","","","","","","","",""
"REL606","2,157,881","MOB","IS150 (–) +3 bp","yehM","coding (991‑993/2280 nt)","","","","","","","","","","","","","","","","","","","","","","","","","","","","","","","","","","","","","","","","","","","","","","","","","","","","","","","","","","","","","","","","","","","","","1.00/0.00","","","","","","","","","","","","","","","","","","","","","","","","","","",""
"REL606","2,196,657","MOB","IS150 (+)","cirA","coding (1351/1992 nt)","","","","","","","","","","","","","","","","","","","","","","","","","","","","","","","","","","","","","","","","","","","","","","","","","","","","","","","","","","","","","","","","","","","","","1.00/0.00","","","","","","","","","","","","","","","","","","","","","","","","","","",""
"REL606","2,196,658","DEL","Δ8,839 bp","cirA, lysP, yeiE, yeiH, nfo, yeiI, yeiJ, rihB","IS150‑mediated","","","","","","","","","","","","","","","","","","","","","","","","","","","","","","","","","","","","","","","","","","","","","","","","","","","","","","","","","","","","","","","","","","","","","1.00/0.00","","","","","","","","","","","","","","","","","","","","","","","","","","",""
"REL606","2,205,497","MOB","IS150 (+) +3 bp","rihB","coding (875‑877/942 nt)","","","","","","","","","","","","","","","","","","","","","","","","","","","","","","","","","","","","","","","1.00/0.00","","","","","","","","","","","","","","","","","","","","","","","","","","","","","","","","","","","","","","","","","","","","","","","","","","","","","","","","",""
"REL606","2,227,693","SNP","G→A","yejF","G69D (GGC→GAC)","","","","","","","","","","","","","","","","","","","","","","","","","","","","","","","","","","","","","","","","","","","","","","","","","","","","","","","","","","","","","","","","","","","","","","","","","","1.00/0.00","","","","","","","","","","","","","","","","","","","","","",""
"REL606","2,241,332","MOB","IS150 (–) +3 bp","narP, ccmH","intergenic (+196/+13)","","","","","","","","","","","","","","","","","","","","","","","","","","","","","","","","","","","1.00/0.00","1.00/0.00","","1.00/0.00","","","","","","","","","","","","","","","","","","","","","","","","","","","","","","","","","","","","","","","","","","","","","","","","","","","","","","","","","",""
"REL606","2,262,682","SNP","G→T","ompC","R2S (CGT→AGT)","","","","","","","","","","","","","","","","","","","","","","","","","","","","","","","","","","","","","","","","","","","","","","","","","","","","","","","","","","","","","","","","","","","","","","","","","","","","","","","","","","","","","","","","","","","","","","1.00/0.00","","1.00/0.00"
"REL606","2,267,442","SNP","A→T","atoS","T234S (ACT→TCT)","","","","","","","","","","","","","","","","","","","","","","","","","","","","","","","","","","","","","","","","","","","","","","","","","","","","","","","","","","","","","","","","","","","","","","","","","","","","","","","","","","","","","","","","","","","","","","1.00/0.00","","1.00/0.00"
"REL606","2,267,713","SNP","T→A","atoS","L324Q (CTG→CAG)","","","","","","","","","","","","","","","","","","","","","","","","","","","","","","","","","","","","","","","","","","1.00/0.00","","","","","","","","","","","","","","","","","","","","","","","","","","","","","","","","","","","","","","","","","","","","","","","","","","","","","",""
"REL606","2,269,719","SNP","A→C","atoC","D385A (GAT→GCT)","","","","","","","","","","","","","","","","","","","","","","","","","","","","","","","","","","","","","","","","","","","","","","","","","","","","","","","1.00/0.00","","","","","","","","","","","","","","","","","","","","","","","","","","","","","","","","","","","","","","","","",""
"REL606","2,275,076","SNP","T→G","yfaQ","Q474H (CAA→CAC)","","","","","","","","","","","","","","","","","","","","","","","","","","","","","","","","","","","","","","","","","","","","","","","","","","","","","1.00/0.00","1.00/0.00","1.00/0.00","1.00/0.00","1.00/0.00","1.00/0.00","1.00/0.00","1.00/0.00","1.00/0.00","1.00/0.00","1.00/0.00","1.00/0.00","1.00/0.00","1.00/0.00","1.00/0.00","1.00/0.00","1.00/0.00","1.00/0.00","1.00/0.00","1.00/0.00","1.00/0.00","1.00/0.00","","","","","","","","","","","","","","","","","","","","","",""
"REL606","2,283,472","MOB","IS150 (–) +3 bp","yfaA, gyrA","intergenic (‑128/+19)","","","","","","","","","","","","","","","","","","","","","","","","","","","","","","","","","","","","","","","","","","","","","","","","","","","","","","","","","","","","","1.00/0.00","1.00/0.00","1.00/0.00","1.00/0.00","1.00/0.00","1.00/0.00","1.00/0.00","1.00/0.00","","1.00/0.00","1.00/0.00","1.00/0.00","1.00/0.00","1.00/0.00","","","","","","","","","","","","","","","","","","","","","",""
"REL606","2,283,472","SUB","2 bp→CC","yfaA, gyrA","intergenic (‑128/+20)","","","","","","","","","","","","","","","","","","","","","","","","","","","","","","","","","","","","","","","","","","","","","","","","","","","","","","","","","","","","","","","","1.00/0.00","","","","","","","","","","","","","","","","","","","","","","","","","","","","","","","",""
"REL606","2,298,777","SNP","C→T","glpT","L102L (CTG→CTA)","","","","","","","","","","","","","","","","","","","","","","","","","","","","","","","","","","","","","","","","","","","","","","","","","","","","","","","","","","","","","","","","","","","","","1.00/0.00","","","","","","","","","","","","","","","","","","","","","","","","","","",""
"REL606","2,322,340","MOB","IS186 (–) +6 bp","menC","coding (131‑136/963 nt)","","","","","","","","","","","","","","","","","","","","","","","1.00/0.00","","","","","","","","","","","","","","","","","","1.00/0.00","","","","","","","","","","","","","","","","","","","","","","","","","","1.00/0.00","1.00/0.00","","","","","","","","","","","","","","","","","","","","1.00/0.00","1.00/0.00","","","","","1.00/0.00","","1.00/0.00"
"REL606","2,322,340","MOB","IS186 (+) +6 bp","menC","coding (131‑136/963 nt)","","","","","","","","","","","","","","","","","","","","","","","","","","","","","","","","","","","","","","","","","","","","","","","","","","","","","","","","","","","","","","","","","","","","","1.00/0.00","","","","","","","","","","","","","","","","1.00/0.00","","","","","1.00/0.00","1.00/0.00","1.00/0.00","1.00/0.00","","1.00/0.00",""
"REL606","2,329,291","SNP","A→T","elaD","A22A (GCA→GCT)","","","","","","","","","","","","1.00/0.00","","","","","","","","","","","","","","","","","","","","","","","","","","","","","","","","","","","","","","","","","","","","","","","","","","","","","","","","","","","","","","","","","","","","","","","","","","","","","","","","","","","",""
"REL606","2,333,539","INS","+T","ECB_02200, nuoN","intergenic (+35/+33)","","","","","","","","","","","","","","","","","","","","","","","","","","","","","","","","","","","1.00/0.00","1.00/0.00","1.00/0.00","1.00/0.00","1.00/0.00","1.00/0.00","1.00/0.00","1.00/0.00","","","","","","","","","","","","","","","","","","","","","","","","","","","","","","","","","","","","","","","","","","","","","","","","","","","","","",""
"REL606","2,350,974","SNP","T→C","lrhA, yfbQ","intergenic (‑742/‑178)","","","","","","","","","","","","","","","","","","","","","","","","","","","","","","","","","","","","","","","","","","","","","","","","","","","","","","","","","","","","","","","","","","","","","","1.00/0.00","","","","","","","","","","","","","","","","","","","","","","","","","",""
"REL606","2,351,027","SNP","C→A","lrhA, yfbQ","intergenic (‑795/‑125)","","","","","","","","","","","","","","","","","","","","","","","","","","","","","","","","","","","","","","","","","","","","","","","","","","","","","","","","","","","","","","","","","","","","","","","","","","","","","","","","","","","","","","","","","","","","","","","","1.00/0.00"
"REL606","2,389,199","MOB","IS150 (–) +4 bp","mepA","coding (775‑778/825 nt)","","","","","","","","","","","","","","","","","","","","","","","","","","","","","","","","","","","","","","","","","","","","","","","","","","","","","","","","","","","","","","","","","","","","","","","","","1.00/0.00","","","","","","","","","","","","","","","","","","","","","","",""
"REL606","2,397,543","MOB","IS150 (–) +3 bp","yfcTU","coding (1121‑1123/2646 nt)","","","","","","","","","","","","","","","","","","","","","","","","","","","","","","","","","","","","","","","","","","","","","","","","","","","","","","","","","","","","","","","","","","","","","","","","","","","","","","","","","","","","","","","","","","","","","1.00/0.00","","1.00/0.00",""
"REL606","2,405,654","MOB","IS150 (+) +3 bp","fadL","coding (691‑693/1347 nt)","","","","","","","","","","","","","","","","","","","","","","","","","","","","","","","1.00/0.00","","","1.00/0.00","","","","","","","","","","","","","","","","","","","","","","","","","","","","","","","","","","","","","","","","","","","","","","","","","","","","","","","","","","","","","",""
"REL606","2,406,010","DEL","Δ1 bp","fadL","coding (1047/1347 nt)","","","","","","","","","","","","","","","","","","","","","","","","","","","","","","","","","","","","","","","","","","","","","","","","","","","","","","","","","","","","","","","","","","","","","","","","","","","","","","","","","","","","","","","","","","","","","","1.00/0.00","",""
"REL606","2,406,039","MOB","IS150 (–) +4 bp","fadL","coding (1076‑1079/1347 nt)","","","","","","","","","","","","","","","","","","","","","","","","","","","","","","","","","","","","","","","","","","","","","","","","","","","","","","","","","","","","","","","","","","","","","","","","","","","","","","","","","","","","","","","","","","","","","","","","1.00/0.00"
"REL606","2,406,272","MOB","IS1 (–) +9 bp","fadL","coding (1309‑1317/1347 nt)","","","","","","","","","","","","","","","","","","","","","","","","","","","","","","","","","","","","","","","","","","","","","","","","","","","","","","","","","","","","","","","","","","","","","1.00/0.00","","","","","","","","","","","","","","","","","","","","","","","","","","",""
"REL606","2,433,993","SNP","C→A","ypdA","S366R (AGC→AGA)","","","","","","","","","","","","","","","","","","","","","","","","","","","","","","","","","","","","","","","","","","","","","","","","","","","","","","","","","","","","","","","","1.00/0.00","","","","","","","","","","","","","","","","","","","","","","","","","","","","","","","",""
"REL606","2,446,984","SNP","A→C","mntH, nupC","intergenic (‑53/‑283)","","","","","","","","","","","","","","","","","","","","","","","","","","","","","","","","","","","1.00/0.00","1.00/0.00","1.00/0.00","1.00/0.00","1.00/0.00","1.00/0.00","1.00/0.00","1.00/0.00","","","","","","","","","","","","","","","","","","","","","","","","","","","","","","","","","","","","","","","","","","","","","","","","","","","","","",""
"REL606","2,446,991","SNP","A→G","mntH, nupC","intergenic (‑60/‑276)","","","","","","","","","","","","","","","","","","","","","","","","","","","","","","","","","","","","","","","","","","","","","","","","","","","","","","","","","","","","","","","","","","","","","","","","","1.00/0.00","1.00/0.00","","","","","","","","","","","","","","","","","","","","","",""
"REL606","2,446,999","SNP","C→T","mntH, nupC","intergenic (‑68/‑268)","","","","","","","","","","","","","","","","","","","","","","","","","","","","","","","","","","","","","","","","","","","","","","","","","","","","","","","","","","","","","","","","","","","","","","","","","","","","","","","","","","","","","","","","","","","","","","1.00/0.00","","1.00/0.00"
"REL606","2,448,493","MOB","IS186 (+) +6 bp","nupC, yfeA","intergenic (+24/+21)","","","","","","","","","1.00/0.00","","","","","","","","","","","","","","","","","","","","","","","","","","","","","1.00/0.00","1.00/0.00","1.00/0.00","","1.00/0.00","","","","","","","","","","","","","","","","","1.00/0.00","1.00/0.00","1.00/0.00","1.00/0.00","1.00/0.00","","1.00/0.00","1.00/0.00","1.00/0.00","1.00/0.00","","1.00/0.00","1.00/0.00","1.00/0.00","1.00/0.00","1.00/0.00","","","","","","","","","","","1.00/0.00","","","","","","","","","","",""
"REL606","2,448,493","MOB","IS186 (–) +6 bp","nupC, yfeA","intergenic (+24/+21)","","","","","","","","","","","","","","","","","","","","","","","","","","","","","","","","","","","","","","","","","1.00/0.00","","","","","","","","","","","","","","","","","","","","","","","","","","","","1.00/0.00","","","","","","","","","","","","","","","","","","","","","","","","","","",""
"REL606","2,456,727","SNP","C→A","ypeB","T53T (ACG→ACT)","","","","","","","","","","","","","","","","","","","","","","","","","","","","","","","","","","","","","","","","","","","","","","","","","","","","","","","","","","","","","","","","","","","","","","","","","","","","","","","","","","","","","","","","","","","","","","","1.00/0.00",""
"REL606","2,482,156","MOB","IS150 (–) +3 bp","yfeG","coding (544‑546/1053 nt)","","","","","","","","","","","","","","","","","","","","","","","","","","","","","","","","","","","","","","","","","","","","","","","","","","","","","","","","","","","","","","","","","","","","","","","","1.00/0.00","","","","","","","","","","","","","","","","","","","","","","","",""
"REL606","2,484,812","SNP","T→A","eutC","D2V (GAT→GTT)","","","","","","","","","","","","","","","","","","","","","","","","","","","","","","","","","","","","","","","","","","","","","","","","","","","","","","","","","","","","","","","","","","","","","","","","","","","","","","","","","1.00/0.00","","","","","","","","","","","","","","",""
"REL606","2,498,341","INS","(TTCCGG)2→3","maeB","coding (865/2280 nt)","","","","","","","","","","","","","","","","","","","","","","","","","","","","","","","","","","","","","","","","","","","","","","","","","","","","","","","","","","","","","","","","","","","","","","","","","","","","","","","","","","","","","","","","","","","","","1.00/0.00","","1.00/0.00",""
"REL606","2,499,315","SNP","G→A","maeB, talA","intergenic (‑110/‑179)","","","","","","","","","","","1.00/0.00","1.00/0.00","","","","","","","","","","","","","","","","","","","","","","","","","","","","","","","","","","","","","","","","","","","","","","","","","","","","","","","","","","","","","","","","","","","","","","","","","","","","","","","","","","","",""
"REL606","2,511,934","SNP","A→G","acrD, yffB","intergenic (+398/‑141)","","","","","","","","","","","","","","","","","","","","","","","","","","","","","","","","","","","","","","","","","","","","","","","","","","","","","","","","","","","","","","","","","","","","","1.00/0.00","","","","","","","","","","","","","","","","","","","","","","","","","","",""
"REL606","2,520,689","INS","(T)8→9","dapA, gcvR","intergenic (‑101/‑45)","","","","","","","","","","","","","","","","","","","","","","","","","","","","","","","","","","","","","","","","","","","","","","","","","","","","","","","","","","","","","","","","1.00/0.00","","","","","","","","","","","","","","","","","","","","","","","","","","","","","","","",""
"REL606","2,522,220","MOB","IS150 (+) +3 bp","hyfA","coding (192‑194/618 nt)","","","","","","","","","","","","","","","","","","","","","","","","","","","","","","","","","","","","","","","","","","","","","","","","","","","","","","","","","","","","","","","","","","","","","","","","","","","","","","","","","","","","","","","","","1.00/0.00","","","","","1.00/0.00","","1.00/0.00"
"REL606","2,522,612","MOB","IS186 (–) +6 bp","hyfA","coding (584‑589/618 nt)","","","","","","","","","","","","","","","","","","","","","","","","","","","","","","","","","","","","","","","","","","","","","","","","","","","","","","","","","","","","","","","","1.00/0.00","","","","","","","","","","","","","","","","","","","","","","","","","","","","","","","",""
"REL606","2,522,612","MOB","IS186 (+) +6 bp","hyfA","coding (584‑589/618 nt)","","","","","","","","","","","","","","","","","","","","","","","","","","","","","","","","","","","","","","","","","","","","","","","","","","","","","","","","","","","","","","","","","1.00/0.00","1.00/0.00","1.00/0.00","1.00/0.00","","1.00/0.00","1.00/0.00","1.00/0.00","1.00/0.00","1.00/0.00","","","","","","","","","","","","","","","","","","","","","",""
"REL606","2,525,337","MOB","IS150 (–) +3 bp","hyfC","pseudogene (436‑438/720 nt)","","","","","","","","","","","","","","","","","","","","","","","","","","","","","","","","","","","","","","","","","","","","","","","","","","","","","","","","","","","","","","","","","","","","","","","","","1.00/0.00","1.00/0.00","","","","","","","","","","","","","","","","","","","","","",""
"REL606","2,570,965","MOB","IS150 (+) +3 bp","yfhM","coding (2140‑2142/4962 nt)","","","","","","","","","","","","","","","","","","","","","","","","","","","","","","","","","","","","","","","","","","","","","","","","","","","","","","","","","","","","","","","","","","","","","","","","","","","","","","","","","","","","","","","","","","","1.00/0.00","1.00/0.00","1.00/0.00","","1.00/0.00",""
"REL606","2,582,851","SNP","C→T","iscR, yfhQ","intergenic (‑21/+431)","","","","","","","","","","","","","","","","","","","","","","","","","","","","","","","","","","","","","","","","","","","","","","","","","","","","","","","","","","","","","","","","","","","","","","","","","1.00/0.00","1.00/0.00","","","","","","","","","","","","","","","","","","","","","",""
"REL606","2,591,648","MOB","IS150 (+) +3 bp","hcaC","coding (42‑44/321 nt)","","","","","","","","","","","","","","","","","","","","","","","","","","","","","","","","","","","","","","","","","","","","","","","","","","","","","","","","","","","","","","","","","","","","","","","","","","1.00/0.00","","","","","","","","","","","","","","","","","","","","","",""
"REL606","2,593,521","MOB","IS150 (–) +4 bp","hcaD","coding (776‑779/1203 nt)","","","","","","","","","","","","","","","","","","","","","","","","","","","","","","","","","","","","","","","","","","","","","","","","","","","","","","","","","","","","","","","","","","","","","","","","","","","","","","","","","","","","","","","","","","","","","","1.00/0.00","","1.00/0.00"
"REL606","2,613,609","SNP","G→A","purL","D884D (GAC→GAT)","","","","","","","","","","","","","","","","","","","","","","","","","","","","","","","","","","","","","","","","","","1.00/0.00","","","","","","","","","","","","","","","","","","","","","","","","","","","","","","","","","","","","","","","","","","","","","","","","","","","","","",""
"REL606","2,619,643","SNP","G→A","yfhB","P113S (CCC→TCC)","","","","","","","","","","","","","","","","","","","","","","","1.00/0.00","","","","","","","","","","","","","","","","","","","","","","","","","","","","","","","","","","","","","","","","","","","","","","","","","","","","","","","","","","","","","","","","","","","","","","","","",""
"REL606","2,623,687","SNP","A→G","recO","I92T (ATC→ACC)","","","","","","","","","","","","","","","","","","","","","","","","","","","","","","","","","","","","","","","","","","","","","","","","","","","","","","","","","","","","","","","","","","","","","","","","","","","","","","","","","","","","","","","1.00/0.00","1.00/0.00","1.00/0.00","1.00/0.00","1.00/0.00","1.00/0.00","1.00/0.00","1.00/0.00","1.00/0.00","1.00/0.00"
"REL606","2,642,843","SNP","G→T","yfiQ","A466A (GCG→GCT)","","","","","","","","","","","","","","","","","","","","","","","","","","","","","","","","","","","","","","","","","","1.00/0.00","","","","","","","","","","","","","","","","","","","","","","","","","","","","","","","","","","","","","","","","","","","","","","","","","","","","","",""
"REL606","2,643,809","SNP","T→A","yfiQ","D788E (GAT→GAA)","","","","","","","","","","","","","","","","","","","","","","","","","","","","","","","","","","","","","","","","","","","","","","","","","","","","","","","","","","","","","","","","","","","","","","","","","","","","","","","","","","","","","","","","","","","","","","","1.00/0.00",""
"REL606","2,655,781","MOB","IS150 (–) +3 bp","yfiH","coding (660‑662/732 nt)","","","","","","","","","","","","","","","","","","","","","","","","","","","","","","","","","","","","","","","","","","","","","","","","","","","","","","","","","","","","","","","","","","","","","","","","","","","","","","","","","","","","","","","","","","","","","","","1.00/0.00",""
"REL606","2,663,323","DEL","Δ1 bp","yfiR","coding (42/519 nt)","","","","","","","","","","","","","","","","","","","","","","","","","","","","","","","","","","","","","","","","","1.00/0.00","","","","","","","","","","","","","","","","","","","","","","","","","","","","","","","","","","","","","","","","","","","","","","","","","","","","","","",""
"REL606","2,665,639","SNP","A→T","rplS","L100Q (CTG→CAG)","","","","","","","","","","","","","","","","","","","","","","","","","","","","","","","","","","","","","1.00/0.00","","1.00/0.00","1.00/0.00","1.00/0.00","1.00/0.00","","","","","","","","","","","","","","","","","","","","","","","","","","","","","","","","","","","","","","","","","","","","","","","","","","","","","",""
"REL606","2,670,186","SNP","C→T","yfjD","H10Y (CAT→TAT)","","","","","","","","","","","","","","","","","","","","","","","","","","","","","","","","","","","","","","","","","","","","","","","","","","","","","","","","","","","","","","","","","","","","","","","","","","","","","","","","","","","","","","","","","","","1.00/0.00","","","","",""
"REL606","2,681,919","MOB","+GA :: IS3 (+)","ECB_02512","coding (552/897 nt)","","","","","","","","","","","","","","","","","","","","","","","","","","","","","","","","","","","","","","","","","","","","","","","","","","","","","","","","","","","","","","","","","","","","","1.00/0.00","","","","","","","","","","","","","","","","","","","","","","","","","","",""
"REL606","2,681,920","DEL","Δ522 bp","ECB_02512","IS3‑mediated","","","","","","","","","","","","","","","","","","","","","","","","","","","","","","","","","","","","","","","","","","","","","","","","","","","","","","","","","","","","","","","","","","","","","1.00/0.00","","","","","","","","","","","","","","","","","","","","","","","","","","",""
"REL606","2,698,099","DEL","(T)7→6","nrdE","coding (2000/2145 nt)","","","","","","","","","","","","","","","1.00/0.00","","","","","","","","","","","","","","","","","","","","","","","","","","","","","","","","","","","","","","","","","","","","","","","","","","","","","","","","","","","","","","","","","","","","","","","","","","","","","","","","",""
"REL606","2,704,633","DEL","(T)7→6","ygaZ","coding (158/738 nt)","","","","","","","","","","","","","","","","","","","","","","","","","","","","","","","","","","","","","","","","","","","","","","","","","","","","","","","","","","","","","","","","","","","","","","","","","","","","","","","","","","","","","","","","","","1.00/0.00","1.00/0.00","1.00/0.00","1.00/0.00","","1.00/0.00",""
"REL606","2,732,014","SNP","C→A","hypF","R91L (CGC→CTC)","","","","","","","","","","","","","","","1.00/0.00","","","","","","","","","","","","","","","","","","","","","","","","","","","","","","","","","","","","","","","","","","","","","","","","","","","","","","","","","","","","","","","","","","","","","","","","","","","","","","","","",""
"REL606","2,736,667","MOB","IS186 (+) +6 bp","ascB","coding (818‑823/1425 nt)","","","","","","","","","","","","","","","","","","","","","","","","","","","","","","","","","","","","","","","","","","","","","","","","","","","","","","","","","","","","","","","","1.00/0.00","","","","","","","","","","","","","","","","","","","","","","","","","","","","","","","",""
"REL606","2,749,275","DEL","Δ26,603 bp","fhlA, ygbA, mutS, pphB, ygbI, ygbJ, ygbK, ygbL, ygbM, ygbN, rpoS, nlpD, pcm, surE, ygbO, ispF, ispD, ftsB, ygbE, cysC, cysN, cysD, iap, insL-5, insK-3, insJ-3","IS150‑mediated","","","","","","","","","","","","","","","","","","","","","","","","","","","","","","","","","","","","","","","","","","","","","","","","","","","","","","","","","","","","","","","","","1.00/0.00","","","","","","1.00/0.00","","1.00/0.00","1.00/0.00","","","","","","","","","","","","","","","","","","","","","",""
"REL606","2,756,265","SNP","T→C","ygbI, ygbJ","intergenic (‑141/‑25)","","","","","","","","","","","","","","","","","","","","","","","","","","","","","","","","","","","","","","","","","","","","","","","","","","","","","","","","","","","","","","","","","","","","","","","","","","","","","","","","","","","","","","","","","","","","","","","1.00/0.00",""
"REL606","2,765,962","SNP","A→C","ygbO","I68M (ATT→ATG)","","","","","","","","","","","","","","","","","","","","","","","","","","","","","","","","","","","","","","","","","","","","","","","","","","","","","","","","","","","","","","","","","","","","","","1.00/0.00","1.00/0.00","1.00/0.00","1.00/0.00","1.00/0.00","","","","","","","","","","","","","","","","","","","","","",""
"REL606","2,766,603","SNP","G→A","ispF","G13G (GGC→GGT)","","","","","","","","","","","","","","","","","","","","","","","","","","","","","","","","","","","","","","","","","","","","","","","","","","","","","","","","","","","","","","","1.00/0.00","","","","","","","","","","","","","","","","","","","","","","","","","","","","","","","","",""
"REL606","2,771,456","MOB","IS1 (–) +9 bp","iap","coding (15‑23/1038 nt)","","","","","","","","","","","","","","","","","","","","","","","","","","","","","","","","","","","","","","","","","","","","","","","","","","","","","","","","","","","","","","","","","","","","","","","","","","","","","","","","","","","","","","1.00/0.00","1.00/0.00","1.00/0.00","1.00/0.00","1.00/0.00","1.00/0.00","1.00/0.00","1.00/0.00","1.00/0.00","1.00/0.00","1.00/0.00"
"REL606","2,772,044","SNP","T→G","iap","I201M (ATT→ATG)","","","","","","","","","","","","","","","","","","","","","","","","","","","","","","","","","","","","","","","","","","","","","","","","","","","","","","","","","","","","","","","","","1.00/0.00","1.00/0.00","1.00/0.00","1.00/0.00","","1.00/0.00","1.00/0.00","1.00/0.00","1.00/0.00","1.00/0.00","","","","","","","","","","","","","","","","","","","","","",""
"REL606","2,772,117","SNP","A→G","iap","K226E (AAA→GAA)","","","","","","","","","","","","","","","","","","","","","","","","","","","","","","","","","","","","","","","","","","","","","","","","","","","","","","","","","","","","","","","","","","","","","","","","","","","","","","","","","","","","","","","","1.00/0.00","","","","","","","",""
"REL606","2,772,711","DEL","Δ143 bp","iap, insL-5","IS186‑mediated","","","","","","","","","","","","","","","","","","","","","","","","","","","","","","","","","","","","","","","","","1.00/0.00","","","","","","","","","","","","","","","","","","","","","","","","","","","","","","","","","","","","","","","","","","","","","","","","","","","","","","",""
"REL606","2,772,854","CON","3024 bp→REL606:592057‑588495","insL-5, insK-3, insJ-3","","","","","","","","","","","","","","","","","","","","","","","","","","","","","","","","","","","","","","","","","","1.00/0.00","","","","","","","","","","","","","","","","","","","","","","","","","","","","","","","","","","","","","","","","","","","","","","","","","","","","","","",""
"REL606","2,775,878","DEL","Δ147 bp","insJ-3, cysH","IS150‑mediated","","","","","","","","","","","","","","","","","","","","","","","","","","","","","","","","","","","1.00/0.00","1.00/0.00","","1.00/0.00","","","","","","","","","","","","","","","","","","","","","","","","","","","","","","","","","","","","","","","","","","","","","","","","","","","","","","","","","",""
"REL606","2,775,878","DEL","Δ1 bp","insJ-3, cysH","intergenic (‑48/+201)","","","","","","","","","","","","","","","","","","","","","","","","","","","","","","","","","","","","","","","","","","","","","","","","","","","","","","","","","","","","","","","","","","","","","","","","","","","","","","","","","","","","","","","","","","","","","","","1.00/0.00",""
"REL606","2,775,879","DEL","Δ1 bp","insJ-3, cysH","intergenic (‑49/+200)","","","","","","","","","","","","","","","","","","","","","","","","","","","","","","","","","","","","","","","","","","","","","","","","","","","","","","","","","","","","","","","","","","","","","","","","","","","","","","","","","","","","","","","","","","1.00/0.00","","","1.00/0.00","","1.00/0.00",""
"REL606","2,792,665","DEL","Δ61 bp","ECB_02621","coding (157‑217/849 nt)","","","","","","","","","","","","","","","","","","","","","","","","","","","","","","","","","","","","","","","","","","","","","","","","","","","","","","","","","","","","","","","","","","","","","","","","","","","","","","","","","","","","","","","1.00/0.00","","","","","","","","",""
"REL606","2,792,726","DEL","Δ32 bp","ECB_02621","coding (218‑249/849 nt)","","","","","","","","","","1.00/0.00","","","","","","","","","","","","","","","","","","","","","","","","","","","","","","","","","","","","","","","","","","","","","","","","","","","","","","","","","","","","","","","","","","","","","","","","","","","","","","","","","","","","","",""
"REL606","2,792,909","DEL","Δ61 bp","ECB_02621","coding (401‑461/849 nt)","","","","","","","","","","","","","","","","","","","","","","","","","","","","","","","","","","","","","","","","","","","","","","","","","","","","","","","","","","","","","","","","","","","","","","","","","","","","","","","","","","","","","","","","","","","","","1.00/0.00","","1.00/0.00",""
"REL606","2,811,039","MOB","IS1 (–)","gudP, yqcA","intergenic (‑10/+425)","","","","","","","","","","","","","","","","","","","","","","","","","","","","","","","","","","","","","","","","","","","","","","","","","","","","1.00/0.00","","","","","","","","","","","","","","","","","","","","","","","","","","","","","","","","","","","","","","","","","","","",""
"REL606","2,811,040","DEL","Δ11,147 bp","yqcA, yqcB, yqcC, syd, yqcD, ygdH, sdaC, sdaB, xni, fucO, fucA","between IS1","","","","","","","","","","","","","","","","","","","","","","","","","","","","","","","","","","","","","","","","","","","","","","","","","","","","1.00/0.00","","","","","","","","","","","","","","","","","","","","","","","","","","","","","","","","","","","","","","","","","","","",""
"REL606","2,830,450","MOB","IS150 (–) +3 bp","fucI","coding (248‑250/1776 nt)","","","","","","","","","","","","","","","","","","","","","","","","","","","","","","","","","","","","","","1.00/0.00","","","","","","","","","","","","","","","","","","","","","","","","","","","","","","","","","","","","","","","","","","","","","","","","","","","","","","","","","",""
"REL606","2,842,085","DEL","Δ110 bp","metW","","","","","","","","","","","","","","","","","","","","","","","","","","","","","","","","","","","","","","","","","","","","","","","","","","","","","","","","","","","","","","","","","","","","","","1.00/0.00","","","","","","","","","","","","","","1.00/0.00","","","","","","","","","","","","",""
"REL606","2,871,889","SNP","G→A","galR","G224S (GGC→AGC)","","","","","","","","","","","","","","","","","","","","","","","","","","","","","","","","","","","","","","","","","","","","","","","","","","","","","","","","","","","1.00/0.00","1.00/0.00","","","","","","","","","","","","","","","","","","","","","","","","","","","","","","","","","","","",""
"REL606","2,877,313","MOB","IS150 (+) +3 bp","kduD","coding (565‑567/762 nt)","","","","","","","","","","","","","","","","","","","","","","","","","","","","","","","","","","","","","","","","","","","","","","","","","","","","","","","","","","","","","","","","","","","","","","","","","","","","","","","","","","","","","","","1.00/0.00","","","","","","","","",""
"REL606","2,877,316","MOB","IS150 (+) Δ13 bp","kduD","coding (552‑564/762 nt)","","","","","","","","","","","","","","","","","","","","","","","","","","","","","","","","","","","","","","","","","","","","","","","","","","","","","","","","","","","","","","","","","","","","","1.00/0.00","","","","","","","","","","","","","","","","","","","","","","","","","","",""
"REL606","2,877,356","MOB","IS150 (–) +4 bp","kduD","coding (521‑524/762 nt)","","","","","","","","","","","","","","","","","","","","","","","","","","","","","","","","","","","","","","","","","","","","","","","","","","","","","","","","","","","","","","","","","","","","","","","","","1.00/0.00","1.00/0.00","","","","","","","","","","","","","","","","","","","","","",""
"REL606","2,899,615","MOB","IS150 (–) +3 bp","yqeB","coding (378‑380/1626 nt)","","","","","","","","","","","","","","","","","","","","","","","","","","","","","","","","","","","","","","","","","","","","","","","","","","","","","","","","","","","","","","","","","","","","","1.00/0.00","","","","","","","","","","","","","","","","","","","","","","","","","","",""
"REL606","2,929,055","SNP","T→C","yqfA, yqfB","intergenic (‑154/+10)","","","","","","","","","","","","","","","","","","","","","","","","","","","","","","","","","","","","","","","","","","","","","","","","","","","","","","","","","","","","","","","","","1.00/0.00","","","","","","","","","","","","","","","","","","","","","","","","","","","","","","",""
"REL606","2,936,735","SNP","T→C","gcvT, visC","intergenic (‑316/+131)","","","","","","","","","","","","","","","","","","","","","","","","","","","","","","","","","","","","","","","","","","","","","","","","","","","1.00/0.00","","","","","","","","","","","","","","","","","","","","","","","","","","","","","","","","","","","","","","","","","","","","",""
"REL606","2,944,401","MOB","IS186 (–) +6 bp","serA, rpiA","intergenic (‑240/+11)","","","","","","","","","","","","","","","","","","","","","","","","","","","","","","","","","","","","","","","","","","","","","","","","","","","","","","","","","","","","","","","","","","","","","","","","","1.00/0.00","1.00/0.00","","","","","","","","","","","","","","","","","","","","","",""
"REL606","2,947,934","SNP","T→C","sbm","L445P (CTG→CCG)","","","","","","","","","","","","","","","","","","","","","","","","","","","","","","","","","","","","","","","","","","","","","","","","","","","","","","","","","","","","","","","","","","","","","","","","","","1.00/0.00","","","","","","","","","","","","","","","","","","","","","",""
"REL606","2,959,919","DEL","Δ126 bp","yggC","coding (397‑522/714 nt)","","","","","","","","","","","","","","","","","","","","","","","","","","","","","","","","","","","","","","","","","","","","","","","","","","","","","","","","","","","","","","","","","","","","","1.00/0.00","","","","","","","","","","","","","","","","","","","","","","","","","","",""
"REL606","2,985,316","SNP","C→T","yggM, ansB","intergenic (‑90/+27)","","","","","","","","","","","","","","","","","","","","","","","","","","","","","","","","","","","","","","","","","","","","","","","","","","","","","","","","","","","","","","","","","","","","","","","","","","","","","","","","","","","","","","1.00/0.00","1.00/0.00","1.00/0.00","1.00/0.00","1.00/0.00","1.00/0.00","1.00/0.00","1.00/0.00","1.00/0.00","1.00/0.00","1.00/0.00"
"REL606","2,991,214","SNP","T→C","mltC, nupG","intergenic (+41/‑161)","","","","","","","","","","","","","","","","","","","","","","","","","","","","","","","","","","","","","","","","","","","","","","","","","","","","","","","","","","","","","","","","","","","","","","1.00/0.00","1.00/0.00","1.00/0.00","1.00/0.00","1.00/0.00","","","","","","","","","","","","","","","","","","","","","",""
"REL606","2,997,505","DEL","Δ26,440 bp","ECB_02798, yeeP, flu, yeeR, ECB_02802, yafZ, ECB_02804, yeeS, yeeT, yeeU, yeeV, yeeW, ECB_02810, ECB_02811, ECB_02812, ECB_02813, ECB_02814, ECB_02815, ECB_02816, ECB_02817, ECB_02818, ECB_02819, ECB_02820, ECB_02821, ECB_02822","IS1‑mediated","","","","","","","","","","","","","","1.00/0.00","","","","","","","","","","","","","","","","","","","","","","","","","","","","","","","","","","","","","","","","","","","","","","","","","","","","","","","","","","","","","","","","","","","","","","","","","","","","","","","","","",""
"REL606","2,998,009","DEL","Δ17,765 bp","ECB_02798, yeeP, flu, yeeR, ECB_02802, yafZ, ECB_02804, yeeS, yeeT, yeeU, yeeV, yeeW, ECB_02810, ECB_02811, ECB_02812, ECB_02813, ECB_02814, ECB_02815, ECB_02816","IS150‑mediated","","","","","","","","","","","","","","","","","","","","","","","","","","","","","","","","","","","","","","","","","","1.00/0.00","","","","","","","","","","","","","","","","","","","","","","","","","","","","","","","","","","","","","","","","","","","","","","","","","","","","","",""
"REL606","2,999,330","SNP","G→A","yeeP, flu","intergenic (+138/‑234)","","","","","","","","","","","","","","","","","","","","","","","","","","","","","","","","","","","","","1.00/0.00","","1.00/0.00","1.00/0.00","1.00/0.00","1.00/0.00","","","","","","","","","","","","","","","","","","","","","","","","","","","","","","","","","","","","","","","","","","","","","","","","","","","","","",""
"REL606","3,001,285","MOB","IS150 (–) +3 bp","flu","coding (1722‑1724/2847 nt)","","","","","","","","","","","","","","","","","","","","","","","","","","","","","","","","","","","","","","","","","","","","","","","","","","","","","","","","","","","","","","","","","","","","","1.00/0.00","","","","","","","","","","","","","","","","","","","","","","","","","","",""
"REL606","3,001,957","DEL","Δ13,817 bp","flu, yeeR, ECB_02802, yafZ, ECB_02804, yeeS, yeeT, yeeU, yeeV, yeeW, ECB_02810, ECB_02811, ECB_02812, ECB_02813, ECB_02814, ECB_02815, ECB_02816","IS150‑mediated","","","","","","","","","","","","","","","","","","","","","","","","","","","","","","","","","","","","","","","","","","","","","","","","","","","","","","","","","","","","","","","","","","","","","","","","","","","","","","","","","","","","","","","","","","","","","1.00/0.00","","1.00/0.00",""
"REL606","3,015,727","MOB","IS150 (+) +3 bp","ECB_02816","coding (1148‑1150/1677 nt)","","","","","","","","","","","","","","","","","","","","","","","","","","","","","","","","","","","","","","1.00/0.00","","","","","","","","","","","","","","","","","","","","","","","","","","","","","","","","","","","","","","","","","","","","","","","","","","","","","","","","","",""
"REL606","3,015,771","MOB","IS150 (–) +4 bp","ECB_02816","coding (1192‑1195/1677 nt)","","","","","","","","","","","","","1.00/0.00","","1.00/0.00","1.00/0.00","","","","","","","","","","","","","","","","","","","","","","","","","","","","","","","","","","","","","","","","","","","","","","","","","","","","","","","","","","","","","","","","","","","","","","","","","","","","","","","",""
"REL606","3,015,771","MOB","IS150 (–) +3 bp","ECB_02816","coding (1192‑1194/1677 nt)","","","","","","","","","","","","","","","","","","","","","","","","","","","","","","","","","","","","","1.00/0.00","","1.00/0.00","1.00/0.00","1.00/0.00","1.00/0.00","","","","","","","","","","","","","","","","","","","","","","1.00/0.00","","","","","","","","","","","","","","","","","","","","","","1.00/0.00","1.00/0.00","1.00/0.00","1.00/0.00","1.00/0.00","1.00/0.00","1.00/0.00","1.00/0.00","1.00/0.00","1.00/0.00","1.00/0.00"
"REL606","3,015,773","MOB","IS150 (+)","ECB_02816","coding (1194/1677 nt)","","","","","","","","","","","","","","","","","","","","","","","","","","","","","","","","","","","","","","","","","","","","","","","","","","","","","","","","","","","","","","","","","","","","","1.00/0.00","","","","","","","","","","","","","","","","","","","","","","","","","","",""
"REL606","3,015,774","DEL","Δ19,349 bp","ECB_02816, ECB_02817, ECB_02818, ECB_02819, ECB_02820, ECB_02821, ECB_02822, insB-22, insA-22, ECB_02825, ECB_02826, ECB_02827, ECB_02828, yghD, yghE, ECB_02831, ECB_02832, ECB_02833, ECB_02834, ECB_02835, ECB_02836","IS150‑mediated","","","","","","","","","","","","","","","","","","","","","","","","","","","","","","","","","","","","","","","","","","","","","","","","","","","","","","","","","","","","","","","","","","","","","1.00/0.00","","","","","","","","","","","","","","","","","","","","","","","","","","",""
"REL606","3,017,935","SNP","T→G","ECB_02818","F311L (TTT→TTG)","","","","","","","","","","","","","","","","","","","","","","","","","","","","","","","","","","","","","","","","","","","","","","","","","","","","","","","","","","","","","","","","","","","","","","","","","","","","","","","","","","1.00/0.00","","","","","","","","","","","","","",""
"REL606","3,036,431","MOB","IS150 (+) +3 bp","ECB_02837","coding (502‑504/1494 nt)","","","","","","","","","","","","","","","","","","","","","","","","","","","","","","","","","","","","","","","","","","","","","","","","","","","","","","","","","","","","","","","","","","","","","","","1.00/0.00","1.00/0.00","1.00/0.00","1.00/0.00","","","","","","","","","","","","","","","","","","","","","",""
"REL606","3,045,069","SNP","G→T","yghJ","T312N (ACC→AAC)","","","","","","","","","","","1.00/0.00","1.00/0.00","1.00/0.00","1.00/0.00","1.00/0.00","1.00/0.00","","","","","","","","","","","","","","","","","","","","","","","","","","","","","","","","","","","","","","","","","","","","","","","","","","","","","","","","","","","","","","","","","","","","","","","","","","","","","","","",""
"REL606","3,058,159","SNP","A→C","ECB_02851","T239P (ACC→CCC)","","","","","","","","","","","","","","","","","","","","","","","","","","","","","","","","","","","","","","","","","","","","","","","","","","","1.00/0.00","","","","","","","","","","","","","","","","","","","","","","","","","","","","","","","","","","","","","","","","","","","","",""
"REL606","3,059,382","SNP","G→T","ECB_02852","A71S (GCC→TCC)","","","","","","","","","","","","","","","","","","","","","","","","","","","","","","","","","","","","","","","","","","","","","","","","","","","","","","","","","","","","","","","","","1.00/0.00","1.00/0.00","1.00/0.00","1.00/0.00","","1.00/0.00","1.00/0.00","1.00/0.00","1.00/0.00","1.00/0.00","","","","","","","","","","","","","","","","","","","","","",""
"REL606","3,070,809","MOB","+TGA :: IS3 (+) +3 bp","gss","coding (1799‑1801/1860 nt)","","","","","","","","","","","","","","","","","","","","","","","","","","","","","","","","","","","","","","","","","","","","","","","","","","","","","","","","","","","","","","","","","","","","","","","","","","","","","","","","","","","","","","","","","","","","","","1.00/0.00","","1.00/0.00"
"REL606","3,087,958","SNP","T→G","yghB","L75R (CTG→CGG)","","","","","","","","","","","","","","","","","","","","","","","","","","","","","","","","","","","","","","","","","1.00/0.00","","","","","","","","","","","","","","","","","","","","","","","","","","","","","","","","","","","","","","","","","","","","","","","","","","","","","","",""
"REL606","3,107,610","SNP","T→A","ygiN","I99I (ATT→ATA)","","","","","","","","","","","","","","","","","","","","","","","","","","","","","","","","","","","","","","","","","","","","","","","","","","","","","","","","","","","","","","","1.00/0.00","","1.00/0.00","1.00/0.00","1.00/0.00","1.00/0.00","","1.00/0.00","1.00/0.00","1.00/0.00","1.00/0.00","1.00/0.00","","","","","","","","","","","","","","","","","","","","","",""
"REL606","3,112,288","SNP","T→G","tolC","M1R (ATG→AGG) †","","","","","","","","","","","","","","","","","","","","","","","","","","","","","","","","","","","","","","","","","","","","","","","","","","","","","","","","","","","","","","","","1.00/0.00","","","","","","","","","","","","","","","","","","","","","","","","","","","","","","","",""
"REL606","3,115,848","SNP","A→T","ygiD","I253I (ATT→ATA)","","","","","","","","","","","","","","","","","","","","","","","","","","","","","","","","","","","","","","","","","","","","","","","","","","","","","","","","","","","","","","","","","","","","","","","","","","","","","","","","","","","","1.00/0.00","","","","","","","","","","","",""
"REL606","3,120,587","SNP","A→C","yqiG","T119P (ACA→CCA)","","","","","","","","","","","","","","1.00/0.00","","","","","","","","","","","","","","","","","","","","","","","","","","","","","","","","","","","","","","","","","","","","","","","","","","","","","","","","","","","","","","","","","","","","","","","","","","","","","","","","","",""
"REL606","3,136,023","INS","(TAGGGT)1→2","cca, uppP","intergenic (+60/+103)","","","","","","","","","","","","","","","","","","","","","","","","","","","","","","","","","","","","","","","","","1.00/0.00","","","","","","","","","","","","","","","","","","","","","","","","","","","","","","","","","","","","","","","","","","","","","","","","","","","","","","",""
"REL606","3,138,340","SNP","G→A","ygiP","S245F (TCC→TTC)","","","","","","","","","","","","","","","","","","","","","","","","","","","","","","","","","","","","","","","","","","","","","","","","","","","","","","","","","","","","","","","","","","","","","","","","","","","","","","","1.00/0.00","","","","","","","","","","","","","","","","",""
"REL606","3,143,448","MOB","IS150 (–) +3 bp","ygjD, rpsU","intergenic (‑88/‑148)","","","","","","","","","","","","","","","","","","","","","","","","","","","","","","","","","","","","","","","","","","","","","","","","","","","","","","","","","","","","","","","","","","","","","","","","","","","","","","","","","","","","","1.00/0.00","1.00/0.00","1.00/0.00","1.00/0.00","1.00/0.00","1.00/0.00","1.00/0.00","1.00/0.00","1.00/0.00","1.00/0.00","1.00/0.00","1.00/0.00"
"REL606","3,143,450","INS","+T","ygjD, rpsU","intergenic (‑90/‑148)","","","","","","","","","","","","","","","","","","","","","","","","","","","","","","","","","","","","","","","","","","","","","","","","","","","","","","","","","","","","","","","","","","","","","","","","","","","","","","","","","","","","","1.00/0.00","","","","","","","","","","",""
"REL606","3,147,244","SNP","A→C","rpoD","N461H (AAC→CAC)","","","","","","","","","","","","","","","","","","","","","","","","","","","","","","","","","","","","","","","","","","","","","","","","","","","","","","","","","","","","","","","","","","","","","","","","","","","","","","","","","","","","","","","","","","","","","","1.00/0.00","","1.00/0.00"
"REL606","3,152,406","SNP","A→C","ygjG","K41N (AAA→AAC)","","","","","","","","","","","","","","","","","","","","","","","","","","","","","","","","","","","","","","","","","1.00/0.00","","","","","","","","","","","","","","","","","","","","","","","","","","","","","","","","","","","","","","","","","","","","","","","","","","","","","","",""
"REL606","3,152,545","SNP","A→C","ygjG","T88P (ACC→CCC)","","","","","","","","","","","","","","","","","","","","","","","","","","","","","","","","","","","","","","","","","","","","","","","","","","","","","","","","","","","","","","","","","","","","","","1.00/0.00","1.00/0.00","1.00/0.00","1.00/0.00","1.00/0.00","","","","","","","","","","","","","","","","","","","","","",""
"REL606","3,153,187","SNP","C→A","ygjG","P302T (CCG→ACG)","","","","","","","","","","","","","","","","","","","","","","","","","","","","","","","","","","","","","","","","","","","","","","","","","","","","","","","","","","","","","","","","","","","","","","1.00/0.00","","","","","","","","","","","","","","","","","","","","","","","","","",""
"REL606","3,155,168","SNP","G→A","ebgR","G296S (GGC→AGC)","","","","","","","","","","","","","1.00/0.00","1.00/0.00","1.00/0.00","1.00/0.00","","","","","","","","","","","","","","","","","","","","","","","","","","","","","","","","","","","","","","","","","","","","","","","","","","","","","","","","","","","","","","","","","","","","","","","","","","","","","","","",""
"REL606","3,159,290","MOB","IS1 (–) +9 bp","ygjI","coding (240‑248/1434 nt)","","","","","","","","","","","","","","","","","","","","","","","","","","","","","","","","","","","","","","","","","","","","","","","","","","","","","","","","","","","","","","","","","","","","","","","","","","","","","","","","","","","","","","","","","","","","","","1.00/0.00","","1.00/0.00"
"REL606","3,183,348","SNP","G→A","yqjK","G80S (GGC→AGC)","","","","","","","","","","","","","","","","","","","","","","","","","","","","","","","","","","","","","","","","","1.00/0.00","","","","","","","","","","","","","","","","","","","","","","","","","","","","","","","","","","","","","","","","","","","","","","","","","","","","","","",""
"REL606","3,200,643","SNP","C→A","tdcR, yhaB","intergenic (+11/‑245)","","","","","","","","","","","","","","","1.00/0.00","","","","","","","","","","","","","","","","","","","","","","","","","","","","","","","","","","","","","","","","","","","","","","","","","","","","","","","","","","","","","","","","","","","","","","","","","","","","","","","","",""
"REL606","3,234,844","MOB","+ATT :: IS150 (–) +1 bp","yhbP","coding (306/444 nt)","","","","","","","","","","","","","","","","","","","","","","","","","","","","","","","","","","","","","","","","","","","","","","","","","","","","","","","","","","","","","","","","","","","","","","","","","","","","","","","","","","","","","","","","","","1.00/0.00","","","","","",""
"REL606","3,248,957","SNP","A→T","infB","D764E (GAT→GAA)","","","","","","","","","1.00/0.00","1.00/0.00","1.00/0.00","1.00/0.00","1.00/0.00","1.00/0.00","1.00/0.00","1.00/0.00","","","","","","","","","","","","","","","","","","","","","","","","","","","","","","","","","","","","","","","","","","","","","","","","","","","","","","","","","","","","","","","","","","","","","","","","","","","","","","","",""
"REL606","3,249,544","SNP","C→T","infB","V569I (GTT→ATT)","","","","","","","","","","","","","","","","","","","","","","","","","","","","","","","","","","","","","","","","","","","","","","","","","","","","","","","","","","","","","","","1.00/0.00","","1.00/0.00","1.00/0.00","1.00/0.00","1.00/0.00","","1.00/0.00","1.00/0.00","1.00/0.00","1.00/0.00","1.00/0.00","","","","","","","","","","","","","","","","","","","","","",""
"REL606","3,249,750","SNP","A→T","infB","I500N (ATC→AAC)","","","","","","","","","","","","","","","","","","","","","","","","","","","","","","","","","","","","","","","","","","","","","","","","","","","","","","","","","","","","","","","","","","","","","","","","","","","","","","","","","","","","1.00/0.00","","","","","","","","","","","",""
"REL606","3,249,997","SNP","A→G","infB","S418P (TCT→CCT)","","","","","","","","","","","","","","","","","","","","","","","","","","","","","","","1.00/0.00","","","","","","","","","","","","","","","","","","","","","","","","","","","","","","","","","","","","","","","","","","","","","","","","","","","","","","","","","","","","","","","","",""
"REL606","3,251,858","SNP","A→C","nusA","D301E (GAT→GAG)","","","","","","","","","","","","","","","","","","","","","","","","","","","","","","","","","","","","","","","","","","","","","","","","","","","","","","","","","","","","","","","","","","","","","","","","","1.00/0.00","","","","","","","","","","","","","","","","","","","","","","",""
"REL606","3,252,896","SNP","G→T","yhbC","G115G (GGC→GGA)","","","","","","","","","","","","","","","","","","","","","","","","","","","","","","","","","","","","","","","","","","","","","","","","","","","","","","","","","","","","","","","","1.00/0.00","","","","","","","","","","","","","","","","","","","","","","","","","","","","","","","",""
"REL606","3,255,526","MOB","IS150 (–) +3 bp","yhbX","coding (1320‑1322/1626 nt)","","","","","","","","","","","","","","","","","","","","","","","","","","","","","","","","","","","","","","","","","","","","","","","","","","","","","","","","","","","","","","","","","","","","","1.00/0.00","","","","","","","","","","","","","","","","","","","","","","","","","","",""
"REL606","3,260,653","SNP","T→A","hflB","Q506L (CAG→CTG)","","","","","","","","","","","","","","","","","","","","","","","","","","","","","","","","","","","","","","","","","","","","","","","","","","","","","","","","","","","","","","","","","","","","","1.00/0.00","","","","","","","","","","","","","","","","","","","","","","","","","","",""
"REL606","3,268,052","MOB","IS150 (+) +3 bp","yhbE, rpmA","intergenic (‑83/+42)","","","","","","","","","","","","","","","","","","","","","","","","","","","","","","","","","","","","","1.00/0.00","","1.00/0.00","1.00/0.00","","1.00/0.00","","","","","","","","","","","","","","","","","","","","","","","","","","","","","","","","","","","","","","","","","","","","","","","","","","","","","",""
"REL606","3,268,054","INS","+TTGTACTGACCCCAAAA","yhbE, rpmA","intergenic (‑85/+42)","","","","","","","","","","","","","","","","","","","","","","","","","","","","","","","","","","","","","","","","1.00/0.00","","","","","","","","","","","","","","","","","","","","","","","","","","","","","","","","","","","","","","","","","","","","","","","","","","","","","","","",""
"REL606","3,268,054","SNP","A→G","yhbE, rpmA","intergenic (‑85/+42)","","","","","","","","","","","","","","","","","","","","","","","","","","","","","","","","","","","","","","","","","","1.00/0.00","","","","","","","","","","","","","","","","","","","","","","","","","","","","","","","","","","","","","","","","","","","","","","","","","","","","","",""
"REL606","3,270,443","MOB","IS150 (–) +4 bp","nlp, murA","intergenic (+21/+24)","","","","","","","","","","","","","","","","","","","","","","","","","","","","","","","","","","","","","","","","","","","","","","","","","","","","","","","","","","","","","","","","1.00/0.00","","","","","","","","","","","","","","","","","","","","","","","","","","","","","","","",""
"REL606","3,288,092","SNP","G→A","arcB","R57C (CGT→TGT)","","","","","","","","","","","","","1.00/0.00","1.00/0.00","1.00/0.00","1.00/0.00","","","","","","","","","","","","","","","","","","","","","","","","","","","","","","","","","","","","","","","","","","","","","","","","","","","","","","","","","","","","","","","","","","","","","","","","","","","","","","","",""
"REL606","3,289,548","SNP","G→A","yhcC, gltB","intergenic (‑263/‑319)","","","","","","","","","","","","","","","","","","","","","","","","","","","","","","","","","","","","","","","","","","","","","","","","","","","","","","","","","","","","","","1.00/0.00","1.00/0.00","","1.00/0.00","1.00/0.00","1.00/0.00","1.00/0.00","","1.00/0.00","1.00/0.00","1.00/0.00","1.00/0.00","1.00/0.00","","","","","","","","","","","","","","","","","","","","","",""
"REL606","3,289,782","DEL","Δ7,849 bp","gltB, gltD, yhcG, ECB_03080, yhcH, nanK","","","","","","","","","","","","","","","","","","","","","","","","","","","","","","","","","","","","","","","","","","","","","","","","","","","","","","","","","","","","","","","","","","","","","","","","","","","","","","","","","","","","","","","","1.00/0.00","1.00/0.00","1.00/0.00","1.00/0.00","1.00/0.00","1.00/0.00","1.00/0.00","1.00/0.00","1.00/0.00","1.00/0.00"
"REL606","3,289,962","DEL","Δ16 bp","gltB","coding (96‑111/4554 nt)","","","","","","","","","","","1.00/0.00","1.00/0.00","1.00/0.00","1.00/0.00","1.00/0.00","1.00/0.00","","","","","","","","","","","","","","","","","","","","","","","","","","","","","","","","","","","","","","","","","","","","","","","","","","","","","","","","","","","","","","","","","","","","","","","","","","","","","","","",""
"REL606","3,305,284","SNP","G→A","sspA","T12M (ACG→ATG)","","","","","","","","","","","","","","","","","","","","","","","","","","","","","","","","","","","","","","","","","1.00/0.00","","","","","","","","","","","","","","","","","","","","","","","","","","","","","","","","","","","","","","","","","","","","","","","","","","","","","","",""
"REL606","3,312,591","SNP","G→A","mdh, argR","intergenic (‑426/‑9)","","","","","","","","","","","","","","","","","","","","","","","","","","","","","","","","","","","","","","","","","","1.00/0.00","","","","","","","","","","","","","","","","","","","","","","","","","","","","","","","","","","","","","","","","","","","","","","","","","","","","","",""
"REL606","3,312,688","SNP","T→C","argR","V30A (GTC→GCC)","","","","","","","","","","","","","","","","","","","","","","","","","","","","","","","","","","","","","","","","","","","","","","","","","","","1.00/0.00","","","","","","","","","","","","","","","","","","","","","","","","","","","","","","","","","","","","","","","","","","","","",""
"REL606","3,326,564","SNP","A→G","mreD","L68P (CTG→CCG)","","","","","","","","","","","","","","","","","","","","","","","","","","","","","","","","","","","","","","","","","","","","","","1.00/0.00","","","","","","","","","","","","","","","","","","","","","","","","","","","","","","","","","","","","","","","","","","","","","","","","","",""
"REL606","3,326,691","SNP","G→A","mreD","P26S (CCC→TCC)","","","","","","","","","","","","","","","","","","","","","","","","","","1.00/0.00","","","","","","","","","","","","","","","","","","","","","","","","","","","","","","","","","","","","","","","","","","","","","","","","","","","","","","","","","","","","","","","","","","","","","",""
"REL606","3,327,004","SNP","G→T","mreC","A289D (GCT→GAT)","","","","","","","","","","","","","","","","","","","","","","","","","","","","","","","","","","","","","","","","","","","","","","","","","","","","","","","","","","","","","","","","","","","","","","","","","","","","","1.00/0.00","1.00/0.00","1.00/0.00","1.00/0.00","1.00/0.00","1.00/0.00","1.00/0.00","1.00/0.00","1.00/0.00","1.00/0.00","1.00/0.00","1.00/0.00","1.00/0.00","1.00/0.00","1.00/0.00","1.00/0.00","1.00/0.00","1.00/0.00","1.00/0.00","1.00/0.00"
"REL606","3,327,086","SNP","G→A","mreC","R262C (CGT→TGT)","","","","","","","","","","","","","","","","","","","","","","","","","","","","","","","","","","","","","","","","","","","","","","","","","","","","","","","","","","","","","","","","","","","","","1.00/0.00","","","","","","","","","","","","","","","","","","","","","","","","","","",""
"REL606","3,328,633","SNP","C→G","mreB","V116L (GTT→CTT)","","","","","","","","","","","","","","","","","","","","","","","","","","","","","","","","","","","","","","","","","","","","","","","","","","","","1.00/0.00","","","","","","","","","","","","","","","","","","","","","","","","","","","","","","","","","","","","","","","","","","","",""
"REL606","3,339,074","SNP","G→A","yhdG","A302T (GCC→ACC)","","","","","","","","","","","","","","","","","","","","","","","","","","","","","","","","","","","","","","","","","","","","","","","","","","","","","","","","","","","","","","","","","","","","","","","","","","","","","","","","","","","","","1.00/0.00","1.00/0.00","1.00/0.00","1.00/0.00","1.00/0.00","1.00/0.00","1.00/0.00","1.00/0.00","1.00/0.00","1.00/0.00","1.00/0.00","1.00/0.00"
"REL606","3,339,114","INS","(GTTGGAGGC)1→2","yhdG","coding (944/966 nt)","","","","","","","","","","","","","","","","","","","","","","","","","","","","","","","","","","","","","","","","","","","","","","","","","","","","1.00/0.00","","","","","","","","","","","","","","","","","","","","","","","","","","","","","","","","","","","","","","","","","","","",""
"REL606","3,339,137","SNP","A→G","yhdG, fis","intergenic (+1/‑25)","","","","","","","","","","","","","","","","","","","","","","","","","","","","","","","","","","1.00/0.00","","","","","","","","","","","","","","","","","","","","","","","","","","","","","","","","","","","","","","","","","","","","","","","","","","","","","","","","","","","","","",""
"REL606","3,339,158","SNP","A→C","yhdG, fis","intergenic (+22/‑4)","","","","","","","","","","","1.00/0.00","1.00/0.00","1.00/0.00","1.00/0.00","1.00/0.00","1.00/0.00","","","","","","","","","","","","","","","","","","","","","","","","","","","","","","","","","","","","","","","","","","","","","","","","","","","","","","","","","","","","","","","","","","","","","","","","","","","","","","","",""
"REL606","3,339,313","SNP","A→C","fis","Y51S (TAT→TCT)","","","","","","","","","","","","","","","","","","","","","","","","","","","","","","","","","","","1.00/0.00","1.00/0.00","1.00/0.00","1.00/0.00","1.00/0.00","1.00/0.00","1.00/0.00","1.00/0.00","","","","","","","","","","","","","","","","","","","","","","","","","","","","","","","","","","","","","","","","","","","","","","","","","","","","","",""
"REL606","3,339,443","INS","(A)6→7","fis","coding (282/297 nt)","","","","","","","","","","","","","","","","","","","","","","","","","","","","","","","","","","","","","","","","","","","","","","","1.00/0.00","1.00/0.00","1.00/0.00","1.00/0.00","1.00/0.00","","","","","","","","","","","","","","","","","","","","","","","","","","","","","","","","","","","","","","","","","","","","",""
"REL606","3,340,296","SNP","G→A","yhdJ","M251I (ATG→ATA)","","","","","","","","","","","","","","","","","","","","","","","","","","","","","","","","","","","","","","","","","","","","","","","","","","","","","","","","","","","","","","","1.00/0.00","","","","","","","","","","","","","","","","","","","","","","","","","","","","","","","","",""
"REL606","3,341,484","SNP","A→G","envR, acrE","intergenic (‑128/‑271)","","","","","","","","","","","","","","","","","","","","","","","","","","","","","","","","","","","","","","","","","","","","","","","","","","","","","","","","","","","","","","","","","","","","","","","","","","","","","","","","","","","","","","","","","","","","","","","1.00/0.00",""
"REL606","3,348,503","SNP","G→A","yhdX","A160T (GCG→ACG)","","","","","","1.00/0.00","","","","","","","","","","","","","","","","","","","","","","","","","","","","","","","","","","","","","","","","","","","","","","","","","","","","","","","","","","","","","","","","","","","","","","","","","","","","","","","","","","","","","","","","","",""
"REL606","3,359,332","SNP","G→T","yrdD","A179E (GCG→GAG)","","","","","","","","","","","","","","","","","","","","","","","","","","","","","","","","","","","","","","","","","","","","","","","","","","","","","","","","","","","","","","","","","","","","","","","","","","","","","","","","","","","","","","","","","","","","","","","","1.00/0.00"
"REL606","3,360,720","SNP","G→A","smf","A249V (GCC→GTC)","","","","","","","","","","","","","","","","","","","","","","","","","","","","","","","","","","","","","","","","","","","","","","","","","","","","1.00/0.00","","","","","","","","","","","","","","","","","","","","","","","","","","","","","","","","","","","","","","","","","","","",""
"REL606","3,361,107","SNP","C→A","smf","W120L (TGG→TTG)","","","","","","","","","","","","","","","","","","","","","","","","","","","","","","","","","","","","","","","","","","","","","","","","","","","","","","","","","","","","","","","","1.00/0.00","","","","","","","","","","","","","","","","","","","","","","","","","","","","","","","",""
"REL606","3,368,185","SNP","A→T","rpoA","D250E (GAT→GAA)","","","","","","","","","","","","","","","","","","","","","","","","","","","","","","","","","","","","","","","","","","","","","","","","","","","","","","","","","","","","","","","","","","","","","1.00/0.00","","","","","","","","","","","","","","","","","","","","","","","","","","",""
"REL606","3,369,432","SNP","T→C","rpsD","D50G (GAC→GGC)","","","","","","","","","","","","","","","1.00/0.00","1.00/0.00","","","","","","","","","","","","","","","","","","","","","","","","","","","","","","","","","","","","","","","","","","","","","","","","","","","","","","","","","","","","","","","","","","","","","","","","","","","","","","","",""
"REL606","3,370,027","SNP","T→A","rpsM","K117M (AAG→ATG)","","","","","","","","","","","1.00/0.00","1.00/0.00","1.00/0.00","1.00/0.00","1.00/0.00","1.00/0.00","","","","","","","","","","","","","","","","","","","","","","","","","","","","","","","","","","","","","","","","","","","","","","","","","","","","","","","","","","","","","","","","","","","","","","","","","","","","","","","",""
"REL606","3,371,734","SNP","A→C","prlA","I90S (ATC→AGC)","","","","","","","","","","","","","","","","","","","","","","","","","","","","","","","","","","","","","","","","","","","","","","","","","","","","","","","","","","","","","","","","","","","","","","","","","","","","","","","1.00/0.00","1.00/0.00","","","1.00/0.00","1.00/0.00","1.00/0.00","1.00/0.00","1.00/0.00","1.00/0.00","1.00/0.00","1.00/0.00","1.00/0.00","1.00/0.00","1.00/0.00","1.00/0.00","1.00/0.00","1.00/0.00"
"REL606","3,373,127","SNP","T→C","rpsE","H3R (CAC→CGC)","","","","","","","","","","","","","","","","","","","","","","","","","","","","","","","","","","","","","","","","","","","","","","","","","","","","","","","","","","","","","","","","","","","","","","","","","","","","","","","","","","","","","","","","","","","","","","","1.00/0.00",""
"REL606","3,373,799","SNP","A→C","rplF","F83V (TTC→GTC)","","","","","","","","","","","","","","","","","","","","","","","","","","","","","","","","","","","","","","","","","","","","","","","","","","","","","","","","","","","","","","","","","","","","","","1.00/0.00","1.00/0.00","1.00/0.00","1.00/0.00","1.00/0.00","","","","","","","","","","","","","","","","","","","","","",""
"REL606","3,374,033","SNP","C→T","rplF","A5T (GCT→ACT)","","","","","","","","","","","","","","","","","","","","","","","","","","","","","","","","","","","","","","","","","","","","","","","","","","","","","","","","","","","","","","","","","","","","","","","","","","","","","","","","","","","","","","","","","1.00/0.00","","","","","1.00/0.00","","1.00/0.00"
"REL606","3,374,041","SNP","G→T","rplF","S2Y (TCT→TAT)","","","","","","","","","","","","","","","","","","","","","","","","","","","","","","","","","","","","","","","","","","","","","","","","","","","","","","","","","","","","","","","","","","","","","","","","","","","","","","","","","","","","","","","","","","","1.00/0.00","1.00/0.00","1.00/0.00","","1.00/0.00",""
"REL606","3,400,075","SNP","T→C","fusA","T449A (ACT→GCT)","","","","","","","","","","","","","","","","","","","","","","","","","","","","","","","","","","","","","","","","","","","","","","","","","","","","","","","","","","","","","","","","","1.00/0.00","","","","","","","","","","","","","","","","","","","","","","","","","","","","","","",""
"REL606","3,401,754","SNP","C→A","rpsG","R78L (CGC→CTC)","","","","","","","","","","","","","","","","","","","","","","","","","","","","","","","","","","","1.00/0.00","1.00/0.00","1.00/0.00","1.00/0.00","1.00/0.00","1.00/0.00","1.00/0.00","1.00/0.00","","","","","","","","","","","","","","","","","","","","","","","","","","","","","","","","","","","","","","","","","","","","","","","","","","","","","",""
"REL606","3,414,091","SNP","A→C","crp","K23Q (AAG→CAG)","","","","","","","","","","","","","","","","","","","","","","","","","","","","","","","","","","","","","","","","","","","","","","","","","","","","","","","","","","","","","","","","","","","","","","1.00/0.00","1.00/0.00","1.00/0.00","1.00/0.00","1.00/0.00","","","","","","","","","","","","","","","","","","","","","",""
"REL606","3,424,910","SNP","G→A","nirC","M1M (ATG→ATA) †","","","","","","","","","","","1.00/0.00","","","","","","","","","","","","","","","","","","","","","","","","","","","","","","","","","","","","","","","","","","","","","","","","","","","","","","","","","","","","","","","","","","","","","","","","","","","","","","","","","","","","",""
"REL606","3,433,476","DEL","Δ1 bp","yhfS, insB-23","intergenic (‑16/+1)","","","","","","","","","","","","","","","","","","","","","","","","","","","","","","","","","","","","","","","","","","","","","","","","","","","","","","","","","","","","","","","","","","","","","","","","","","","","","","","","","","","","","","","","","","1.00/0.00","1.00/0.00","1.00/0.00","1.00/0.00","","1.00/0.00",""
"REL606","3,444,175","SNP","G→T","dam","P141T (CCC→ACC)","","","","","","","","","","","","","","","","","","","","","","","","","","","","","","","","","1.00/0.00","","","","","","","","","","","","","","","","","","","","","","","","","","","","","","","","","","","","","","","","","","","","","","","","","","","","","","","","","","","","","","",""
"REL606","3,454,490","MOB","IS150 (+) +3 bp","yrfE","coding (342‑344/561 nt)","","","","","","","","","","","","","","","","","","","","","","","","","","","","","","","","","","","","","","","","","1.00/0.00","","","","","","","","","","","","","","","","","","","","","","","","","","","","","","","","","","","","","","","","","","","","","","","","","","","","","","",""
"REL606","3,463,760","SNP","A→C","envZ","Y265D (TAC→GAC)","","","","","","","","","","","","","","","","","","","","","","","","","","","","","","","","","","","","","","","","","","","","","","","","","","","","","","","","","","","","","","","","","","","","","","","","","","","","","","","","","","","","","","1.00/0.00","1.00/0.00","1.00/0.00","1.00/0.00","1.00/0.00","1.00/0.00","1.00/0.00","1.00/0.00","1.00/0.00","1.00/0.00","1.00/0.00"
"REL606","3,463,900","SNP","C→T","envZ","R218H (CGC→CAC)","","","","","","","","","","","","","","","","","","","","","","","","","","","","","","","","","","","","","","","1.00/0.00","1.00/0.00","","1.00/0.00","","","","","","","","","","","","","","","","","","","","","","","","","","","","","","","","","","","","","","","","","","","","","","","","","","","","","",""
"REL606","3,464,788","SNP","G→A","ompR","L161F (CTC→TTC)","","","","","","","","","","","","","","","","","","","","","","","","","","","","","","","","","","","","","","","","","1.00/0.00","","","","","","","","","","","","","","","","","","","","","","","","","","","","","","","","","","","","","","","","","","","","","","","","","","","","","","",""
"REL606","3,470,281","SNP","A→C","feoB","N404H (AAC→CAC)","","","","","","","","","","","","","","","","","","","","","","","","","","","","","","","","","","","","","","1.00/0.00","","","","","","","","","","","","","","","","","","","","","","","","","","","","","","","","","","","","","","","","","","","","","","","","","","","","","","","","","",""
"REL606","3,475,057","SNP","C→T","yhgI, gntT","intergenic (+193/‑168)","","","","","","","","","","","","","","","","","","","","","","","","1.00/0.00","","","","","","","","","","","1.00/0.00","1.00/0.00","","1.00/0.00","","","1.00/0.00","1.00/0.00","","","","","","","","","","1.00/0.00","","","","","","","","","","","","","","","","","","","","","","","","","","","","","","","1.00/0.00","","","","1.00/0.00","","1.00/0.00","","","","","1.00/0.00","","1.00/0.00"
"REL606","3,481,820","SNP","A→G","malT","T46A (ACC→GCC)","","","","","","","","","","","","","","","","","","","","","","","","","","","","","","","","","1.00/0.00","1.00/0.00","1.00/0.00","1.00/0.00","1.00/0.00","1.00/0.00","1.00/0.00","1.00/0.00","1.00/0.00","1.00/0.00","","","","","","","","","","","","","","","","","","","","","","","","","","","","","","","","","","","","","","","","","","","","","","","","","","","","","",""
"REL606","3,482,212","SNP","G→A","malT","L176L (CTG→CTA)","","","","","","","","","","","","","","","","","","","","","","","","","","","","","","","","","","","","","","","","","","","","","","","","","","","","","","","","","","","","","","","","","","","","","","","","","","","","","","","","","","","","","","","","","","","","","","1.00/0.00","","1.00/0.00"
"REL606","3,482,231","SNP","C→T","malT","Q183* (CAA→TAA)","","","","","","","","","","","","","","","","","","","","","","","","","","","","","","","","","","","","","","","","","","","","","","","","","","","","","","","","","","","","","","","","","","","","","","1.00/0.00","1.00/0.00","1.00/0.00","1.00/0.00","1.00/0.00","","","","","","","","","","","","","","","","","","","","","",""
"REL606","3,482,706","INS","(AGTGGGAACTGGCGGCGGAGCTGCC)1→2","malT","coding (1022/2706 nt)","","","","","","","","","","","","","","","","","","","","","","","","","","","","","","","","","","","","","","","","","","","","","","","","","","","","1.00/0.00","","","","","","","","","","","","","","","","","","","","","","","","","","","","","","","1.00/0.00","1.00/0.00","1.00/0.00","1.00/0.00","1.00/0.00","1.00/0.00","1.00/0.00","1.00/0.00","1.00/0.00","1.00/0.00","1.00/0.00","1.00/0.00","1.00/0.00","1.00/0.00"
"REL606","3,482,706","DEL","Δ25 bp","malT","coding (1022‑1046/2706 nt)","","","","","","","","","","","","","","","","","","","","","","","","","","","","","","","","","","","","","","","","","","","","","","","","","","","","","","","","","","","","","","","","","","","","","","","","","","","","","","","","","","","","","","1.00/0.00","1.00/0.00","1.00/0.00","1.00/0.00","1.00/0.00","1.00/0.00","1.00/0.00","1.00/0.00","1.00/0.00","1.00/0.00","1.00/0.00"
"REL606","3,482,763","SNP","C→A","malT","A360E (GCG→GAG)","","","","","","","","","","","","","","","","","","","","","","","","","","","","","","","","","","","","","","","","","","","","","","","","","","","","","","","","","","","","","","","","","","","","","","","","","","","","","","","","","","","","","","1.00/0.00","1.00/0.00","1.00/0.00","1.00/0.00","1.00/0.00","1.00/0.00","1.00/0.00","1.00/0.00","1.00/0.00","1.00/0.00","1.00/0.00"
"REL606","3,483,047","SNP","C→A","malT","R455S (CGC→AGC)","","","","","","","","","1.00/0.00","1.00/0.00","1.00/0.00","1.00/0.00","1.00/0.00","1.00/0.00","1.00/0.00","1.00/0.00","","","","","","","","","","","","","","","","","","","","","","","","","","","","","","","","","","","","","","","","","","","","","","","","","","","","","","","","","","","","","","","","","","","","","","","","","","","","","","","",""
"REL606","3,483,283","DEL","Δ1 bp","malT","coding (1599/2706 nt)","","","","","","","","","","","","","","","","","","","","","","","","","","","","","","","","","","","","","","","","","","","","","","","","","","","1.00/0.00","","","","","","","","","","","","","","","","","","","","","","","","","","","","","","","","","","","","","","","","","","","","",""
"REL606","3,488,669","SNP","A→C","glpR","S180A (TCG→GCG)","","","","","","","","","","","","","","","","","","","","","","","","","","","","","","","","","","","","","1.00/0.00","","1.00/0.00","1.00/0.00","","1.00/0.00","","","","","","","","","","","","","","","","","","","","","","","","","","","","","","","","","","","","","","","","","","","","","","","","","","","","","",""
"REL606","3,489,130","SNP","A→G","glpR","V26A (GTG→GCG)","","","","","","","","","","","","","","","","","","","","","","","","","","","","","","","","","","","","","","1.00/0.00","","","","","","","","","","","","","","","","","","","","","","","","","","","","","","","","","","","","","","","","","","","","","","","","","","","","","","","","","",""
"REL606","3,489,219","SNP","G→A","glpR, glpG","intergenic (‑13/+4)","","","","","","","","","","","","","","","","","","","","","","","","","","","","","","","","","","","","","","","","","","","","","","","","","","","","","","","","","","","","","","","","","","","","","","1.00/0.00","1.00/0.00","1.00/0.00","1.00/0.00","1.00/0.00","","","","","","","","","","","","","","","","","","","","","",""
"REL606","3,490,050","SNP","A→T","glpG","L2M (TTG→ATG)","","","","","","","","","","","","","","","","","","","","","","","","","","","","","","","","","","","","","","","","","","","","","","","","","","","","","","","","","","","","","","","","","","","","","","","","","","","","","","","","","","","","","","","","","","","1.00/0.00","1.00/0.00","1.00/0.00","","1.00/0.00",""
"REL606","3,490,112","SNP","C→T","glpE","A105T (GCG→ACG)","","","","","","","","","","","","","1.00/0.00","","1.00/0.00","1.00/0.00","","","","","","","","","","","","","","","","","","","","","","","","","","","","","","","","","","","","","","","","","","","","","","","","","","","","","","","","","","","","","","","","","","","","","","","","","","","","","","","",""
"REL606","3,499,021","SNP","G→A","glgA","S156L (TCG→TTG)","","","","","","","","","","","","","","","","","","","","","","","","","","","","","","","","","","","","","","","","","","","","","","","","","","","","","","","","","","","","","","","","","","","","","","","","","1.00/0.00","","","","","","","","","","","","","","","","","","","","","","",""
"REL606","3,499,809","SNP","C→A","glgC","S332I (AGC→ATC)","","","","","","","","","","","","","","","","","","","","","","","","","","","","","","","","","","","","","","","","","","","","","","","","","","","","","","","","","","","","","","","","","","","","","","","1.00/0.00","1.00/0.00","1.00/0.00","1.00/0.00","","","","","","","","","","","","","","","","","","","","","",""
"REL606","3,509,840","MOB","IS150 (+) +3 bp","gntR","coding (338‑340/996 nt)","","","","","","","","","","","","","","","","","","","","","","","","","","","","","","","","","","","","","","","","","","","","","","","","","","","","","","","","","","","","","","","","","","","","","","","","","","","","","","","","","","","","","1.00/0.00","","","","","","","","","","",""
"REL606","3,517,306","MOB","IS186 (+) +8 bp :: Δ2 bp","ggt","coding (187‑194/1743 nt)","","","","","","","","","","","","","","","","","","","","","","","","","","","","","","","","","","","","","","","1.00/0.00","1.00/0.00","","1.00/0.00","","","","","","","","","","","","","","","","","","","","","","","","","","","","","","","","","","","","","","","","","","","","","","","","","","","","","",""
"REL606","3,517,789","INS","(ATCCAGCAAAAAGGGATGCTGAATCAGCAA)1→2","yhhA","coding (171/441 nt)","","","","","","","","","","","","","","1.00/0.00","","","","","","","","","","","","","","","","","","","","","","","","","","","","","","","","","","","","","","","","","","","","","","","","","","","","","","","","","","","","","","","","","","","","","","","","","","","","","","","","","",""
"REL606","3,518,458","SNP","G→A","ugpQ","A111V (GCG→GTG)","","","","","","","","","","","","","","","","","","","","","","","","","","","","","","","","","","","","","","","","","","","","","","","","","","","","","","","","","","","","","","","","","","","","","1.00/0.00","","","","","","","","","","","","","","","","","","","","","","","","","","",""
"REL606","3,528,481","DEL","Δ1 bp","livK, yhhK","intergenic (‑247/‑177)","","","","","","","","","","","","","","","","","","","","","","","","","","","","","","","","","","","","","","","","","","","","","","","","","","","","","","","","","","","","","","","","","","","","","","","1.00/0.00","1.00/0.00","1.00/0.00","1.00/0.00","","","","","","","","","","","","","","","","","","","","","",""
"REL606","3,542,565","MOB","IS150 (–) +4 bp","yhhT","coding (13‑16/1050 nt)","","","","","","","","","","","","","","","","","","","","","","","","","","","","","","1.00/0.00","","","","","","","","","","","","","","","","","","","","","","","","","","","","","","","","","","","","","","","1.00/0.00","","","","","","","","","","","","","","","","","","","","","","","","","","",""
"REL606","3,550,157","MOB","IS150 (–) +3 bp","rhsB","coding (278‑280/4236 nt)","","","","","","","","","","","","","","","","","","","","","","","","","","","","","","","","","","","","","","","","","","","","","","","","","","","","","","","","","","","","","","","","1.00/0.00","","","","","","","","","","","","","","","","","","","","","","","","","","","","","","","",""
"REL606","3,550,158","MOB","IS150 (–) +2 bp :: +GC","rhsB","coding (279‑280/4236 nt)","","","","","","","","","","","","","","","","","","","","","","","","","","","","","","","","","","","","","","","","","","1.00/0.00","","","","","","","","","","","","","","","","","","","","","","","","","","","","","","","","","","","","","","","","","","","","","","","","","","","","","",""
"REL606","3,551,293","CON","106 bp→REL606:3698291‑3698394","rhsB","coding (1414‑1519/4236 nt)","","","","","","","","","","","","","","","","","","","","","","","","","","","","","","","","","","","","","","","","","","","","","","","","","","","","","","","","","","","","","","","","","","","","","","","","","","","","","","","","","","","1.00/0.00","","","","","","","","","","","","",""
"REL606","3,552,378","CON","61 bp→REL606:3699375‑3699435","rhsB","coding (2499‑2559/4236 nt)","","","","","","","","","","","","","","","","","","","","","","","","","","","","","","","","","","","","","","","","","","","","","","","","","","","","","","","","","","","","","","","","","","","","","","","","","","","","","","","","","","","","","","","","","","","","","1.00/0.00","","",""
"REL606","3,570,444","MOB","IS150 (+) +3 bp","yhiO, uspA","intergenic (‑35/‑354)","","","","","","","","","","","","","","","","","","","","","","","","","","","","","","","","","","","","","","","","","","","","","","","","","","","","","","","","","","","","","","","","","","","","","","","","","","","","","","","","","","","","","1.00/0.00","","","","","","","","","","",""
"REL606","3,583,860","MOB","IS150 (–) :: +TG","slp","coding (409/567 nt)","","","","","","","","","","","","","","","","","","","","","","","","","","","","","","","","","","","","","","","","","","","","","","","","","","","","","","","","","","","","","","","","","","","","","1.00/0.00","","","","","","","","","","","","","","","","","","","","","","","","","","",""
"REL606","3,589,875","MOB","IS150 (–) +3 bp","yhiU","coding (1153‑1155/1158 nt)","","","","","","","","","","","","","","","","","","","","","","","","","","","","","","","","","","","","","","","","","","","","","","","","","","","","","","","","","","","","","","","","","","","","","","","","1.00/0.00","","","","","","","","","","","","","","","","","","","","","","","",""
"REL606","3,603,219","SNP","G→A","yhjD","T122T (ACG→ACA)","","","","","","","","","","","","","","","","","","","","","","","","","","","","","","","","","","","","","","","","","","","","","","","","","","","","","","","","","","","","","","","","","","","","","1.00/0.00","","","","","","","","","","","","","","","","","","","","","","","","","","",""
"REL606","3,613,023","SNP","A→C","dctA, yhjK","intergenic (‑84/+99)","","","","","","","","","","","","","","","","","","","","","","","","","","","","","","","","","","","","","","","","","","","","","","","","","","","","","","","","","","","","","","","","1.00/0.00","","","","","","","","","","","","","","","","","","","","","","","","","","","","","","","",""
"REL606","3,613,524","SNP","T→C","yhjK","G516G (GGA→GGG)","","","","","","","","","","","","","","","","","","","","","","","","","","","","","","","","","","","","","","","","","","","","","","","","","","","","","","","","","","","","","","","","","","","","","","","","","","","","","","","","","","1.00/0.00","","","","","","","","","","","","","",""
"REL606","3,675,498","SNP","A→C","yiaN","D80A (GAC→GCC)","","","","","","","","","","","","","","","","","","","","","","","","","","","","","","","","1.00/0.00","","","","","","","","","","","","","","","","","","","","","","","","","","","","","","","","","","","","","","","","","","","","","","","","","","","","","","","","","","","","","","","",""
"REL606","3,686,019","MOB","IS150 (–)","yiaT","coding (543/741 nt)","","","","","","","","","","","","","","","","","","","","","","","","","","","","","","","","","","","","","","","","","","","","","","","","","","","","","","","","","","","","","","","","","","","","","1.00/0.00","","","","","","","","","","","","","","","","","","","","","","","","","","",""
"REL606","3,686,020","DEL","Δ11,134 bp","yiaT, yiaU, yiaV, yiaW, aldB, yiaY, selB, selA, yibF, rhsA","IS150‑mediated","","","","","","","","","","","","","","","","","","","","","","","","","","","","","","","","","","","","","","","","","","","","","","","","","","","","","","","","","","","","","","","","","","","","","1.00/0.00","","","","","","","","","","","","","","","","","","","","","","","","","","",""
"REL606","3,686,106","MOB","IS150 (+) +3 bp","yiaT","coding (454‑456/741 nt)","","","","","","","","","","","","","","","","","","","","","","","","","","","","","","","","","","","","","","","","","","","","","","","","","","","","","","","","","","","","","","","","","","","","","","","","","","1.00/0.00","","","","","","","","","","","","","","","","","","","","","",""
"REL606","3,688,429","SNP","C→A","yiaV","A122S (GCA→TCA)","","","","","","","","","","","","","","","","","","","","","","","","","","","","","","","","","","","","","","","","","1.00/0.00","","","","","","","","","","","","","","","","","","","","","","","","","","","","","","","","","","","","","","","","","","","","","","","","","","","","","","",""
"REL606","3,710,152","SNP","G→T","mtlD","A346S (GCA→TCA)","","","","","","","","","","","","","","","","","","","","","","","","","","","","","","","","","","","","","","","","","","","","","","","","","","","","","","","","","","","","","","","","","","","","","","1.00/0.00","1.00/0.00","1.00/0.00","1.00/0.00","1.00/0.00","","","","","","","","","","","","","","","","","","","","","",""
"REL606","3,713,694","MOB","IS150 (–) +3 bp","ECB_03460","coding (704‑706/4851 nt)","","","","","","","","","","","","","","","","","","","","","","","","","","","","","","","","","","","","","","","","","","","","","","","","","","","","","","","","","","","","","","","","","","","","","","","","","","","","","","","","","","","","","","","","","","","","","1.00/0.00","","1.00/0.00",""
"REL606","3,731,390","SNP","C→T","tdh","G241D (GGT→GAT)","","","","","","","","","","","","","","","","","","","","","","","","","","","","","","","","","","","","","","","","","","","","","","","","","","","","","","","","","","","","","","","","","","","","","1.00/0.00","","","","","","","","","","","","","","","","","","","","","","","","","","",""
"REL606","3,739,259","SNP","C→A","waaW","C236F (TGC→TTC)","","","","","","","","","","","","","","","","","","","","","","","","","","","","","","","","","","","","","","","","","","","","","","","","","","","","","","","","","","","","","","","","","","","","","","1.00/0.00","","","","","","","","","","","","","","","","","","","","","","","","","",""
"REL606","3,741,966","DEL","Δ177 bp","waaT","IS1‑mediated","","","","","","","","","","","","","","","","","","","","","","","","","","","","","","","","","","","","","1.00/0.00","","1.00/0.00","1.00/0.00","1.00/0.00","1.00/0.00","","","","","","","","","","","","","","","","","","","","","","","","","","","","","","","","","","","","","","","","","","","","","","","","","","","","","",""
"REL606","3,755,753","DEL","(GTC)3→2","yicC","coding (722‑724/864 nt)","","","","","","","","","","","","","","","","","","","","","","","","","","","","","","","","","","","","","","","","","","","","","","","","","","","","","","","","","","","","","","","","","","","","","1.00/0.00","1.00/0.00","1.00/0.00","1.00/0.00","1.00/0.00","1.00/0.00","","","","","","","","","","","","","","","","","","","","","",""
"REL606","3,761,922","SNP","A→G","spoT","Y389C (TAC→TGC)","","","","","","","","","","","","","","","","","","","","","","","","","","","","","","","","","","","","","","","","","","","1.00/0.00","1.00/0.00","1.00/0.00","1.00/0.00","1.00/0.00","1.00/0.00","1.00/0.00","1.00/0.00","1.00/0.00","1.00/0.00","","","","","","","","","","","","","","","","","","","","","","","","","","","","","","","","","","","","","","","","","","","",""
"REL606","3,762,030","SNP","G→A","spoT","R425H (CGC→CAC)","","","","","","","","","","","","","","","","","","","","","","","","","","","","","","","","","","","","","","","","","","","","","","","","","","","","","","","","","","","","","","","","","","","","","","","","","","","","","","","","","","","","","","","","","","","","","","","","1.00/0.00"
"REL606","3,762,120","SNP","C→A","spoT","A455D (GCC→GAC)","","","","","","","","","","","","","","","","","","","1.00/0.00","1.00/0.00","1.00/0.00","1.00/0.00","1.00/0.00","1.00/0.00","","","","","","","","","","","","","","","","","","","","","","","","","","","","","","","","","","","","","","","","","","","","","","","","","","","","","","","","","","","","","","","","","","","","","","","",""
"REL606","3,762,576","SNP","A→C","spoT","K607T (AAA→ACA)","","","","","","","","","","","","","","","","","","","","","","","","","","","","","","","","","","","","","","","","","","","","","","","","","","","","","","","","","","","","","","","","","","","","","","","","","","","","","","","","","","","","","1.00/0.00","1.00/0.00","1.00/0.00","1.00/0.00","1.00/0.00","1.00/0.00","1.00/0.00","1.00/0.00","1.00/0.00","1.00/0.00","1.00/0.00","1.00/0.00"
"REL606","3,762,713","SNP","A→C","spoT","N653H (AAT→CAT)","","","","","","","","","","","","","","","","","","","","","","","","","","","","","","","","","","","","","","","","","","","","","","","","","","","","","","","","","","","","","","","","","","","","","1.00/0.00","","","","","","","","","","","","","","","","","","","","","","","","","","",""
"REL606","3,762,741","SNP","A→T","spoT","K662I (AAA→ATA)","","","1.00/0.00","","1.00/0.00","1.00/0.00","1.00/0.00","1.00/0.00","1.00/0.00","1.00/0.00","1.00/0.00","1.00/0.00","1.00/0.00","1.00/0.00","1.00/0.00","1.00/0.00","","","","","","","","","","","","","","","","","","","","","","","","","","","","","","","","","","","","","","","","","","","","","","","","","","","","","","","","","","","","","","","","","","","","","","","","","","","","","","","",""
"REL606","3,762,789","SNP","G→A","spoT","R678H (CGT→CAT)","","","","","","","","","","","","","","","","","","","","","","","","","","","","","","","","","","","","","","","","","","","","","","","","","","","","","","","","","","","","","","","","","","","","","","","","","1.00/0.00","","","","","","","","","","","","","","","","","","","","","","",""
"REL606","3,762,842","SNP","A→C","spoT","K696Q (AAA→CAA)","","","","","","","","","","","","","","","","","","","","","","","","","","","","","","","","","","","","","","","","","","","","","","","","","","","","","","","","","","","","","","","","","","","","","","","","","","1.00/0.00","","","","","","","","","","","","","","","","","","","","","",""
"REL606","3,775,352","DEL","Δ20,893 bp","selC, ECB_03516, ECB_03517, ECB_03518, ECB_03519, ECB_03520, ECB_03521, ECB_03522, ECB_03523, ECB_03524, ECB_03525, ECB_03526, ECB_03527, ECB_03528, ECB_03529, ECB_03530, ECB_03531, ECB_03532, ECB_03533, ECB_03534, ykgN, insI, yeeV, ECB_03538, ECB_03539, ECB_03540","","","","","","","","","","","","","","","","","","","","","","","","","","","","","","","","","","","","","","","","","","","","","","","","","","","","","","","","","","","","","","","","","","","","","","1.00/0.00","","","","","","","","","","","","","","","","","","","","","","","","","","",""
"REL606","3,783,902","MOB","IS1 (+) +9 bp","ECB_03521, ECB_03522","intergenic (+179/‑461)","","","","","","","","","","","","","","","","","","","","","","","","","","","","","","","","","","","","","","","","","","","","","","","","","","","","","","","","","","","","","","","","","","","","","","","","","","","","","","","","","","","","","","","","1.00/0.00","","","","","","","",""
"REL606","3,798,705","SNP","C→A","yicL","P176T (CCC→ACC)","","","","","","","","","","","","","","","","","","","","","","","","","","","","","","","","","","","","","","","","","","","","","","","","","","","","","","","","","","","","","","","","","","","","","","","","","","","","","","","","","","","","","","","","","","","","","","","","1.00/0.00"
"REL606","3,799,002","SNP","G→A","yicL","D275N (GAC→AAC)","","","","","","","","","","","","","","","","","","","","","","","","","","","","","","","","","","","","","","","","","","","","","","","","","","","","","","","","","","","","","","","","","","","","","","","","","","","","","","","","","","","","","","","","","","1.00/0.00","1.00/0.00","1.00/0.00","1.00/0.00","","1.00/0.00",""
"REL606","3,839,408","SNP","G→A","gyrB","A358V (GCA→GTA)","","","","","","","","","","","","","","","","","","","","","","","","","","","","","","","","","","","","","","","","","","","","","","","","","","","","","","","","","","","","","","","","","","","","","","","","","","","","","","","","","","","","","","","","","","","","1.00/0.00","","","",""
"REL606","3,857,365","SNP","G→A","yieH","A77T (GCA→ACA)","","","","","","","","","","","","","","","","","","","","","","","","","","","","","","","","","","","","","","","","","","","","","","","","","","","","","","","","","","","","","","","","","","","","","","","","","","","","","","","","","","","","","","","","","","","","","1.00/0.00","","1.00/0.00",""
"REL606","3,867,433","SNP","A→G","phoU","I171I (ATT→ATC)","","","","","","","","","","","","","","","","","","","","","","","","","","","","","","","","","","","","","","","","","","","","","","","","","","","","","","","","","","","","","","","","","","","","","1.00/0.00","","","","","","","","","","","","","","","","","","","","","","","","","","",""
"REL606","3,873,274","SNP","T→A","glmS","Q254L (CAG→CTG)","","","","","","","","","","","","","","","","","","","","","","","","","","","","","","","","","","","","","","","","","","","","","","","","","","","","","","","","","","","","","","","","","","","","","","","","","","","","","","","","","","","","","","","","","","","","","","1.00/0.00","","1.00/0.00"
"REL606","3,875,632","INS","(T)7→8","glmU, atpC","intergenic (‑66/+287)","","","1.00/0.00","","1.00/0.00","1.00/0.00","1.00/0.00","1.00/0.00","1.00/0.00","1.00/0.00","1.00/0.00","1.00/0.00","1.00/0.00","1.00/0.00","1.00/0.00","1.00/0.00","","","","","","","","","","","","","","","","","","","","","","","","","","","","","","","","","","","","","","","","","","","","","","","","","","","","","","","","","","","","","","","","","","","","","","","","","","","","","","","",""
"REL606","3,893,549","DEL","Δ1 bp","kup, insJ-5","intergenic (+4/‑52)","","","","","","","","","","","","","","","","","","","","","","","","","","","","","","","","","","","","","","","","","","1.00/0.00","","","","","","","","","","","","","","","","","","","","","","","","","","","","","","","","","","","","","","","","","","","","","","","","","","","","","",""
"REL606","3,893,550","DEL","Δ1 bp","kup, insJ-5","intergenic (+5/‑51)","","","","","","","","","","","","","","","","","","","","","","","","","","","","","","","","","","","","","","","1.00/0.00","1.00/0.00","","1.00/0.00","","","","","","","","","","","","","","","","","","","","","","","","","","","","","","","","1.00/0.00","","","","","","","","","","","","","","","","","","","","","",""
"REL606","3,893,551","INS","+G","kup, insJ-5","intergenic (+6/‑50)","","","","","","","","","","","1.00/0.00","1.00/0.00","","","1.00/0.00","1.00/0.00","","","","","","","","","","","1.00/0.00","","","","","","1.00/0.00","","","","","","","","","","","","","","","","","","","","","","","","","","","","","","","","","","","","1.00/0.00","","","","","","","","","1.00/0.00","","","","","","","","","","","","","","","","","1.00/0.00",""
"REL606","3,894,997","DEL","Δ1,138 bp","rbsD, rbsA","IS150‑mediated","","1.00/0.00","","","","","","","","","","","","","","","","","","","","","","","","","","","","","","","","","","","","","","","","","","","","","","","","","","","","","","","","","","","","","","","","","","","","","","","","","","","","","","","","","","","","","","","","","","","","","",""
"REL606","3,894,997","DEL","Δ5,681 bp","rbsD, rbsA, rbsC, rbsB, rbsK, rbsR","IS150‑mediated","","","","","","","","","","","","","","","","","","","","","1.00/0.00","","","","","","","","","","","","","","","","","","","","","","","","","","","","","","","","","","","","","","","","","","","","","","","","","","","","","","","","","","","","","","","","","","","","","","","","","","",""
"REL606","3,894,997","DEL","Δ614 bp","rbsD, rbsA","IS150‑mediated","","","","","","","","","","","","","","","","","","","","","","","1.00/0.00","","","","","","","","","","","","","","","","","","","","","","","","","","","","","","","","","","","","","","","","","","","","","","","","","","","","","","","","","","","","","","","","","","","","","","","","",""
"REL606","3,894,997","DEL","Δ3,769 bp","rbsD, rbsA, rbsC, rbsB","IS150‑mediated","","","","","","","","","","","","","","","","","","","","","","","","1.00/0.00","","","","","","","","","","","","","","","","","","","","","","","","","","","","","","","","","","","","","","","","","","","","","","","","","","","","","","","","","","","","","","","","","","","","","","","",""
"REL606","3,894,997","DEL","Δ5,987 bp","rbsD, rbsA, rbsC, rbsB, rbsK, rbsR","IS150‑mediated","","","","","","","","","","","","","","","","","","","","","","","","","","1.00/0.00","","","","","","","","","","","","","","","","","","","","","","","","","","","","","","","","","","","","","","","","","","","","","","","","","","","","","","","","","","","","","","","","","","","","","",""
"REL606","3,894,997","DEL","Δ6,406 bp","rbsD, rbsA, rbsC, rbsB, rbsK, rbsR, yieO","IS150‑mediated","","","","","","","","","","","","","","","","","","","","","","","","","","","1.00/0.00","","1.00/0.00","","","1.00/0.00","","","","","","","","","","","","","","","","","","","","","","","","","","","","","","","","","","","","","","","","","","","","","","","","","","","","","","","","","","","","","","","",""
"REL606","3,894,997","DEL","Δ6,408 bp","rbsD, rbsA, rbsC, rbsB, rbsK, rbsR, yieO","IS150‑mediated","","","","","","","","","","","","","","","","","","","","","","","","","","","","","","","","","","","","","","","","","","","","","","","1.00/0.00","1.00/0.00","1.00/0.00","1.00/0.00","1.00/0.00","","","","","","","","","","","","","","","","","","","","","","","","","","","","","","","","","","","","","","","","","","","","",""
"REL606","3,894,997","DEL","Δ6,159 bp","rbsD, rbsA, rbsC, rbsB, rbsK, rbsR, yieO","IS150‑mediated","","","","","","","","","","","","","","","","","","","","","","","","","","","","","","","","","","","","","","","","","","","","","","","","","","","","1.00/0.00","","","","","","","","","","","","","","","","","","","","","","","","","","","","","","","","","","","","","","","","","","","",""
"REL606","3,894,997","DEL","Δ5,627 bp","rbsD, rbsA, rbsC, rbsB, rbsK, rbsR","IS150‑mediated","","","","","","","","","","","","","","","","","","","","","","","","","","","","","","","","","","","","","","","","","","","","","","","","","","","","","1.00/0.00","1.00/0.00","1.00/0.00","1.00/0.00","1.00/0.00","1.00/0.00","1.00/0.00","1.00/0.00","1.00/0.00","1.00/0.00","1.00/0.00","1.00/0.00","1.00/0.00","1.00/0.00","1.00/0.00","1.00/0.00","","1.00/0.00","1.00/0.00","1.00/0.00","1.00/0.00","1.00/0.00","","","","","","","","","","","","","","","","","","","","","",""
"REL606","3,894,997","DEL","Δ57 bp","insK-5, rbsD","IS150‑mediated","","","","","","","","","","","","","","","","","","","","","","","","","","","","","","","","","","","","","","","","","","","","","","","","","","","","","","","","","","","","","","","","","","","","","1.00/0.00","","","","","","","","","","","","","","","","","","","","","","","","","","",""
"REL606","3,894,997","DEL","Δ7,813 bp","rbsD, rbsA, rbsC, rbsB, rbsK, rbsR, yieO, yieP","IS150‑mediated","","","","","","","","","","","","","","","","","","","","","","","","","","","","","","","","","","","","","","","","","","","","","","","","","","","","","","","","","","","","","","","","","","","","","","","","","","","1.00/0.00","","","","","","","","","","","","","","","","","","","","",""
"REL606","3,894,997","DEL","Δ6,712 bp","rbsD, rbsA, rbsC, rbsB, rbsK, rbsR, yieO","IS150‑mediated","","","","","","","","","","","","","","","","","","","","","","","","","","","","","","","","","","","","","","","","","","","","","","","","","","","","","","","","","","","","","","","","","","","","","","","","","","","","","1.00/0.00","1.00/0.00","1.00/0.00","1.00/0.00","1.00/0.00","1.00/0.00","1.00/0.00","1.00/0.00","1.00/0.00","1.00/0.00","1.00/0.00","1.00/0.00","1.00/0.00","1.00/0.00","1.00/0.00","1.00/0.00","1.00/0.00","1.00/0.00","1.00/0.00","1.00/0.00"
"REL606","3,894,998","DEL","Δ3,060 bp","rbsD, rbsA, rbsC","IS150‑mediated","1.00/0.00","","","1.00/0.00","","","","","","","","","","","","","","","","","","","","","","","","","","","","","","","","","","","","","","","","","","","","","","","","","","","","","","","","","","","","","","","","","","","","","","","","","","","","","","","","","","","","","","","","","","","",""
"REL606","3,894,998","DEL","Δ6,934 bp","rbsD, rbsA, rbsC, rbsB, rbsK, rbsR, yieO","IS150‑mediated","","","1.00/0.00","","1.00/0.00","1.00/0.00","1.00/0.00","1.00/0.00","1.00/0.00","1.00/0.00","1.00/0.00","1.00/0.00","1.00/0.00","1.00/0.00","1.00/0.00","1.00/0.00","","","","","","","","","","","","","","","","","","","","","","","","","","","","","","","","","","","","","","","","","","","","","","","","","","","","","","","","","","","","","","","","","","","","","","","","","","","","","","","",""
"REL606","3,894,998","DEL","Δ7,428 bp","rbsD, rbsA, rbsC, rbsB, rbsK, rbsR, yieO","IS150‑mediated","","","","","","","","","","","","","","","","","","1.00/0.00","","","","","","","","","","","","","","","","","","","","","","","","","","","","","","","","","","","","","","","","","","","","","","","","","","","","","","","","","","","","","","","","","","","","","","","","","","","","","",""
"REL606","3,894,998","DEL","Δ5,563 bp","rbsD, rbsA, rbsC, rbsB, rbsK, rbsR","IS150‑mediated","","","","","","","","","","","","","","","","","","","","","","","","","","","","","","","1.00/0.00","","","","","","","","","","","","","","","","","","","","","","","","","","","","","","","","","","","","","","","","","","","","","","","","","","","","","","","","","","","","","","","","",""
"REL606","3,894,998","DEL","Δ5,122 bp","rbsD, rbsA, rbsC, rbsB, rbsK, rbsR","IS150‑mediated","","","","","","","","","","","","","","","","","","","","","","","","","","","","","","","","","","","","","","","","","","","","","1.00/0.00","","","","","","","","","","","","","","","","","","","","","","","","","","","","","","","","","","","","","","","","","","","","","","","","","","",""
"REL606","3,895,000","DEL","Δ6,460 bp","rbsD, rbsA, rbsC, rbsB, rbsK, rbsR, yieO","IS150‑mediated","","","","","","","","","","","","","","","","","","","","","","","","","","","","","","","","","1.00/0.00","1.00/0.00","1.00/0.00","1.00/0.00","1.00/0.00","1.00/0.00","1.00/0.00","1.00/0.00","1.00/0.00","1.00/0.00","","","","","","","","","","","","","","","","","","","","","","","","","","","","","","","","","","","","","","","","","","","","","","","","","","","","","",""
"REL606","3,895,272","MOB","IS1 (+) +9 bp","rbsD","coding (115‑123/420 nt)","","","","","","","","","","","","","","","","","","","","","","1.00/0.00","","","","","","","","","","","","","","","","","","","","","","","","","","","","","","","","","","","","","","","","","","","","","","","","","","","","","","","","","","","","","","","","","","","","","","","","","",""
"REL606","3,909,807","SNP","G→T","hdfR, yifE","intergenic (‑40/‑79)","","","","","","","","","","","","","","","","","","","","","","","","","","","","","","","","","","","1.00/0.00","1.00/0.00","1.00/0.00","1.00/0.00","1.00/0.00","1.00/0.00","1.00/0.00","1.00/0.00","","","","","","","","","","","","","","","","","","","","","","","","","","","","","","","","","","","","","","","","","","","","","","","","","","","","","",""
"REL606","3,911,972","DEL","(T)7→6","yifB, ilvL","intergenic (‑173/‑150)","","","","","","","","","","","","","","","","","","","","","","","","","","","","","","","","","","","","","","","","","1.00/0.00","1.00/0.00","","","","","","","","","","","","","","","","","","","","","","","","","","","","","","","","","","","","","","","","","","","","","","","","","","","","1.00/0.00","","1.00/0.00"
"REL606","3,924,002","SNP","G→A","rep","L508L (CTG→CTA)","","","","","","","","","","","","","","","","","","","","","","","","","","","","","","","","","","","","","","","","","","","","","","","","","","","","","","","","","","","","1.00/0.00","","","","","","","","","","","","","","","","","","","","","","","","","","","","","","","","","","","",""
"REL606","3,931,002","SNP","A→C","wzzE","T58P (ACG→CCG)","","","","","","","","","","","","","","","","","","","","","","","","","","","","","1.00/0.00","","","","","","","","","","","","","","","","","","","","","","","","","","","","","","","","","","","","","","","","","","","","","","","","","","","","","","","","","","","","","","","","","","",""
"REL606","3,940,803","SNP","A→C","wecF","N135H (AAC→CAC)","","","","","","","","","","","","","","","","","","1.00/0.00","","","","","","","","","","","","","","","","","","","","","","","","","","","","","","","","","","","","","","","","","","","","","","","","","","","","","","","","","","","","","","","","","","","","","","","","","","","","","",""
"REL606","3,986,904","MOB","IS150 (+) +3 bp","ECB_03715","coding (443‑445/861 nt)","","","","","","","","","","","","","","","","","","","","","","","","","","","","","","","","","","","","","","","","","","","","","","","","","","","","","","","","","","","","","","","","","","","","","1.00/0.00","","","","","","","","","","","","","","","","","","","","","","","","","","",""
"REL606","4,006,278","MOB","+CTT :: IS150 (+) Δ1 bp","fadA","coding (868/1164 nt)","","","","","","","","","","","","","","","","","","","","","","","","","","","","","","","","","","","","","1.00/0.00","","","","","","","","","","","","","","","","","","","","","","","","","","","","","","","","","","","","","","","","","","","","","","","","","","","","","","","","","","",""
"REL606","4,012,562","SNP","T→G","trkH","S349A (TCA→GCA)","","","","","","","","","","","","","","","","","","","","","","","","","","","","","","","","","","","","","","","","","","","","","","","","","","","","","","","","","","","","","","","","","","","","","","","","","","","","","","","","","1.00/0.00","1.00/0.00","","","","","","","","","","","","","",""
"REL606","4,023,441","SNP","G→T","yihF","A316S (GCA→TCA)","","","","","","","","","","","","","","","","","","","","","","","","","","","","","","","","","","","","","","","","","","","","","","","","","","","","","","","","","","","","","","","","1.00/0.00","","","","","","","","","","","","","","","","","","","","","","","","","","","","","","","",""
"REL606","4,044,893","SNP","T→G","yihP","N193H (AAT→CAT)","","","","","","","","","","","","","","","","","","","","","","","","","","","","","","","","","","","","","","","","","","","","","","","","","","","","","","","","","","","","","","","","","","","","","","1.00/0.00","1.00/0.00","1.00/0.00","1.00/0.00","1.00/0.00","","","","","","","","","","","","","","","","","","","","","",""
"REL606","4,087,599","SNP","T→G","pfkA","F189C (TTC→TGC)","","","","","","","","","","","","","","","","","","","","","","","","","","","","","","","","","","","","","","","","","","","","","","","","","","","","","","","","","","","","","","","","","","","","","","","","","","","","","","","","","","","","","","","","","1.00/0.00","","","","","1.00/0.00","","1.00/0.00"
"REL606","4,090,057","SNP","C→T","cdh","R216W (CGG→TGG)","","","","","","","","","","","","","","","","","","","","","","","","","","","","","","","","","","","","","","","","","","","","","","","","","","","","","","","","","","","","","","","","","","","","","","","","","","","","","","","","","","","","1.00/0.00","","","","","","","","","","","",""
"REL606","4,090,641","SNP","T→C","tpiA","K117E (AAA→GAA)","","","","","","","","","","","","","","","","","","","","","","","","","","","","","","","","","","","","","","","","","","","","","","","","","","","","","","","","","","","","","","","","1.00/0.00","","","","","","","","","","","","","","","","","","","","","","","","","","","","","","","",""
"REL606","4,100,183","SNP","A→G","hslU","S350P (TCT→CCT)","","","","","","","","","","","","","","","","","","","","","","","","","","","","","","","","","1.00/0.00","1.00/0.00","1.00/0.00","1.00/0.00","1.00/0.00","1.00/0.00","1.00/0.00","1.00/0.00","1.00/0.00","1.00/0.00","","","","","","","","","","","","","","","","","","","","","","","","","","","","","","","","","","","","","","","","","","","","","","","","","","","","","",""
"REL606","4,100,211","SNP","G→T","hslU","F340L (TTC→TTA)","","","","","","","","","","","","","","","","","","","","","","","","","","","","","","","","","","","","","","","","","","","","","","","","","","","","","","","","","","1.00/0.00","","","1.00/0.00","1.00/0.00","1.00/0.00","1.00/0.00","1.00/0.00","1.00/0.00","1.00/0.00","1.00/0.00","","1.00/0.00","1.00/0.00","1.00/0.00","1.00/0.00","1.00/0.00","","","","","","","","","","","","","","","","","","","","","",""
"REL606","4,100,655","SNP","C→T","hslU","M192I (ATG→ATA)","","","","","","","","","1.00/0.00","1.00/0.00","1.00/0.00","1.00/0.00","1.00/0.00","1.00/0.00","1.00/0.00","1.00/0.00","","","","","","","","","","","","","","","","","","","","","","","","","","","","","","","","","","","","","","","","","","","","","","","","","","","","","","","","","","","","","","","","","","","","","","","","","","","","","","","",""
"REL606","4,101,029","SNP","G→T","hslU","R68S (CGT→AGT)","","","","","","","","","","","","","","","","","","","","","","","","","","","","","","","","1.00/0.00","","","","","","","","","","","","","","","","","","","","","","","","","","","","","","","","","","","","","","","","","","","","","","","","","","","","","","","","","","","","","","","",""
"REL606","4,101,029","SNP","G→A","hslU","R68C (CGT→TGT)","","","","","","","","","","","","","","","","","","","","","","","","","","","","","","","","","","","","","","","","","","","","","","","","","","","","","","","","","","","","","","","","","","","","","","","","","","","","","","","","","","","1.00/0.00","1.00/0.00","1.00/0.00","1.00/0.00","1.00/0.00","1.00/0.00","1.00/0.00","1.00/0.00","1.00/0.00","1.00/0.00","1.00/0.00","1.00/0.00","1.00/0.00","1.00/0.00"
"REL606","4,101,100","SNP","A→T","hslU","L44Q (CTG→CAG)","","","","","","","","","","","","","","","","","","","","","","","","","","","","","","","","","","","","","","","","","","","","","","","","","","","","","","","","","","","1.00/0.00","1.00/0.00","","","","","","","","","","","","","","","","","","","","","","","","","","","","","","","","","","","",""
"REL606","4,102,859","MOB","IS150 (–) +4 bp","ftsN, cytR","intergenic (‑37/+52)","","","","","","","","","","","","","","","","","","","","","","","","","","","","","","","","","","","","","","","","","","","","","","","","","","","","","","","","","","","","","","","","","","","","","1.00/0.00","","","","","","","","","","","","","","","","","","","","","","","","","","",""
"REL606","4,107,018","SNP","T→A","ECB_03822","P123P (CCA→CCT)","","","","","","","","","","","","","","","","","","","","","","","","","","","","","","","","","","","","","","","1.00/0.00","1.00/0.00","","1.00/0.00","","","","","","","","","","","","","","","","","","","","","","","","","","","","","","","","","","","","","","","","","","","","","","","","","","","","","",""
"REL606","4,108,412","SNP","G→T","metJ","L31I (CTT→ATT)","","","","","","","","","","","","","","","","","","","","","","","","","","","","","","","","","","","","","","","","","","","","","","","","","","","","","","","","","","","","","","","","","","","","","","1.00/0.00","1.00/0.00","1.00/0.00","1.00/0.00","1.00/0.00","","","","","","","","","","","","","","","","","","","","","",""
"REL606","4,110,237","MOB","IS150 (–) +3 bp","metL","coding (296‑298/2433 nt)","","","","","","","","","","","","","","","","","","","","","","","","","","","","","","","","","","","1.00/0.00","1.00/0.00","1.00/0.00","1.00/0.00","1.00/0.00","1.00/0.00","1.00/0.00","1.00/0.00","","","","","","","","","","","","","","","","","","","","","","","","","","","","","","","","","","","","","","","","","","","","","","","","","","","","","",""
"REL606","4,110,239","INS","+TG","metL","coding (298/2433 nt)","","","","","","","","","","","","","","","","","","","","","","","","","","","","","","","","","","","","","1.00/0.00","","","","","","","","","","","","","","","","","","","","","","","","","","","","","","","","","","","","","","","","","","","","","","","","","","","","","","","","","","",""
"REL606","4,111,342","SNP","C→T","metL","G467G (GGC→GGT)","","","","","","","","","","","","","","","","","","","","","","","","","","","","","","","","","","","","","","","","","1.00/0.00","","","","","","","","","","","","","","","","","","","","","","","","","","","","","","","","","","","","","","","","","","","","","","","","","","","","","","",""
"REL606","4,126,706","DEL","(T)8→7","pflC","coding (342/879 nt)","","","","","","","","","","","1.00/0.00","1.00/0.00","1.00/0.00","1.00/0.00","1.00/0.00","1.00/0.00","","","","","","","","","","","","","","","","","","","","","","","","","","","","","","","","","","","","","","","","","","","","","","","","","","","","","","","","","","","","","","","","","","","","","","","","","","","","","","","",""
"REL606","4,127,995","SNP","G→T","yijO","L144I (CTT→ATT)","","","","1.00/0.00","","","","","","","","","","","","","","","","","","","","","","","","","","","","","","","","","","","","","","","","","","","","","","","","","","","","","","","","","","","","","","","","","","","","","","","","","","","","","","","","","","","","","","","","","","","",""
"REL606","4,141,016","SNP","C→A","yijC","T30N (ACC→AAC)","1.00/0.00","1.00/0.00","","1.00/0.00","","","","","","","","","","","","","1.00/0.00","","","","","","","","","","","","","","","","","","","","","","","","","","","","","","","","","","","","","","","","","","","","","","","","","","","","","","","","","","","","","","","","","","","","","","","","","","","","","","",""
"REL606","4,141,120","SNP","A→G","yijC","T65A (ACC→GCC)","","","","","","","","","","","","","","","","","","","","","","","","","","","","","","","","","","","","","","","","","","","","","","","","","","","","","","","","","","","","","","","","","","","","","","","","","","","","","","","","","1.00/0.00","1.00/0.00","","","","","","","","","","","","","",""
"REL606","4,141,441","SNP","C→T","yijC","Q172* (CAA→TAA)","","","","","","","","","","","","","","","","","","","","","","","","","","","1.00/0.00","","1.00/0.00","","","1.00/0.00","","","","","","","","","","","","","","","","","","","","","","","","","","","","","","","","","","","","","","","","","","","","","","","","","","","","","","","","","","","","","","","",""
"REL606","4,145,952","SNP","A→G","murI","T222A (ACC→GCC)","","","","","","","","","","","","","","","","","","","","","","","","","","","","","","","","","","","","","","","","","","","","","","","","","","","","","","","","","","","","","","","","","","","","","","","","","","","","","","","","","","","","","","","","","","","","","","","1.00/0.00",""
"REL606","4,160,285","INS","(CTG)4→6","rplL","coding (115/366 nt)","","","","","","","","","","","","","","","","","","","","","","","","","","","","","","","","","","","","","","","","","","","","","","","","","","","","","","","","","","","","","","","","","","","","","","","","","","","","","","","","","","","","","","","","","","","","","","1.00/0.00","","1.00/0.00"
"REL606","4,161,211","SNP","A→G","rpoB","E119G (GAA→GGA)","","","","","","","","","","","","","","","","","","","","","","","","","","","","","","","","","","","","","","","","","","","","","","","","","","","","","","","","","","","","","","","","","","","","","","","","","","","","","","","","","","","","","","","","","","","","","","1.00/0.00","","1.00/0.00"
"REL606","4,177,963","SNP","T→G","hemE","G212G (GGT→GGG)","","","","","","","","","","","","","","","","","","","","","","","","","","","","","","","","","","","","","","","","","1.00/0.00","","","","","","","","","","","","","","","","","","","","","","","","","","","","","","","","","","","","","","","","","","","","","","","","","","","","","","",""
"REL606","4,194,822","SNP","G→T","metA, aceB","intergenic (+168/‑101)","","","","","","","","","","","","","","","","","","","","","","","","","","","","","","","","","","","","","","","","","","","","","","","","","","","","","","","","","","","","","","","","","","","","","1.00/0.00","","","","","","","","","","","","","","","","","","","","","","","","","","",""
"REL606","4,201,886","SNP","G→T","iclR","A225E (GCG→GAG)","","","","","","","","","","","","","","","","","","","","","","","","","","","","","","","","","","","","","","","","","","","","","","","1.00/0.00","1.00/0.00","1.00/0.00","1.00/0.00","1.00/0.00","","","","","","","","","","","","","","","","","","","","","","","","","","","","","","","","","","","","","","","","","","","","",""
"REL606","4,201,911","SNP","C→T","iclR","A217T (GCG→ACG)","","","","","","","","","","","","","1.00/0.00","1.00/0.00","1.00/0.00","1.00/0.00","","","","","","","","","","","","","","","","","","","","","","","","","","","","","","","","","","","","","","","","","","","","","","","","","","","","","","","","","","","","","","","","","","","","","","","","","","","","","","","",""
"REL606","4,201,937","SNP","C→T","iclR","G208D (GGT→GAT)","","","","","","","","","","","","","","","","","","","","","","","","","","","","","","","","","","","","","","","","","","","","","","","","","","","","","","","","","","","","","1.00/0.00","1.00/0.00","1.00/0.00","","1.00/0.00","1.00/0.00","1.00/0.00","1.00/0.00","","1.00/0.00","1.00/0.00","1.00/0.00","1.00/0.00","1.00/0.00","","","","","","","","","","","","","","","","","","","","","",""
"REL606","4,201,958","SNP","A→C","iclR","L201R (CTC→CGC)","","","","","","","","","","","","","","","","","","","","","","","","","","","","","","","","","","","","","1.00/0.00","","1.00/0.00","1.00/0.00","","1.00/0.00","","","","","","","","","","","","","","","","","","","","","","","","","","","","","","","","","","","","","","","","","","","","","","","","","","","","","",""
"REL606","4,202,391","SNP","T→G","iclR","N57H (AAT→CAT)","","","","","","","","","","","","","","","","","","","","","","","","","","","","","1.00/0.00","","","","","","","","","","","","","","","","","","","","","","","","","","","","","","","","","","","","","","","","","","","","","","","","","","","","","","","","","","","","","","","","","","",""
"REL606","4,202,486","SNP","T→G","iclR","Q25P (CAG→CCG)","","","","","","","","","","","","","","","","","","","","","","","","","","","","","","","","","","","","","","","","","","","","","","","","","","","","","","","","","","","","","","","","","","","","","","","","","","","","","","","","","","","","","","","","","","","1.00/0.00","1.00/0.00","1.00/0.00","","1.00/0.00",""
"REL606","4,202,591","SNP","A→T","iclR, metH","intergenic (‑32/‑168)","","","","","","","","","","","","","","","","","","","","","","","","","","","","","","","","","","","","","","","","","","","","","","","","","","","","","","","","","","","","","","","","1.00/0.00","","","","","","","","","","","","","","","","","","","","","","","","","","","","","","","",""
"REL606","4,203,686","DEL","Δ17 bp","metH","coding (928‑944/3684 nt)","","","","","","","","","","","","","","","","","","","","","","","","","","","","","","","","","","","","","","","","","","","","","","","","","","","","","","","","","","","","","","","","","","","","","","","","","","","","","","","","","","","","","","1.00/0.00","1.00/0.00","1.00/0.00","1.00/0.00","1.00/0.00","1.00/0.00","1.00/0.00","1.00/0.00","1.00/0.00","1.00/0.00","1.00/0.00"
"REL606","4,212,450","SNP","C→T","lysC, pgi","intergenic (‑286/‑239)","","","","","","","","","","","","","","","","","","","","","","","","","","","","","","","","","","","","","","","","","","","","","","","","","","","","","","","","","","","","","","","","","","","","","","","","","","","","","","","","","","","","","","","1.00/0.00","","","","","","","","",""
"REL606","4,234,737","SNP","A→C","plsB","L221R (CTC→CGC)","","","","","","","","","","","","","","","","","","","","","","","","","","","","","","","","","","","","","","","","","","","","","","","","","","","","","","","","","","","","","","","","","1.00/0.00","1.00/0.00","1.00/0.00","1.00/0.00","","1.00/0.00","1.00/0.00","1.00/0.00","1.00/0.00","1.00/0.00","","","","","","","","","","","","","","","","","","","","","",""
"REL606","4,252,526","MOB","IS150 (+) +3 bp","uvrA","coding (276‑278/2823 nt)","","","","","","","","","","","","","","","","","","","","","","","","","","","","","","","","","","","","","","","","","","","","","","","","","","","","","","","","","","1.00/0.00","","","1.00/0.00","1.00/0.00","1.00/0.00","1.00/0.00","1.00/0.00","1.00/0.00","1.00/0.00","1.00/0.00","","1.00/0.00","1.00/0.00","1.00/0.00","1.00/0.00","1.00/0.00","","","","","","","","","","","","","","","","","","","","","",""
"REL606","4,259,270","MOB","+CGG :: IS150 (+) Δ1 bp","yjcE","coding (358/1650 nt)","","","","","","","","","","","","","","","","","","","","","","","","","","","","","","","","","","","","","","","","","","","","","","","","","","","","","","","","","","","","","","","","1.00/0.00","","","","","","","","","","","","","","","","","","","","","","","","","","","","","","","",""
"REL606","4,263,828","SNP","C→T","actP","R3K (AGA→AAA)","","","","","","","","","","","","","","","","","","","","","","","","","","","","","","","","","","","","","","","","","","","","","","","","","","","","","","","","","","","","","","","","","","","","","","","","","","","","","","","","","","","","","","","","","","","1.00/0.00","1.00/0.00","1.00/0.00","","1.00/0.00",""
"REL606","4,266,338","SNP","G→A","acs, nrfA","intergenic (‑34/‑359)","","","","","","","","","","","","","","","","","","","","","","","","","","","","","","","","","","","","","","","","","","","","","","","","","","","1.00/0.00","","","","","","","","","","","","","","","","","","","","","","","","","","","","","","","","","","","","","","","","","","","","",""
"REL606","4,266,388","SNP","G→T","acs, nrfA","intergenic (‑84/‑309)","","","","","","","","","","","","","","","","","","","","","","","","","","","","","","","","","","","","","","","","","","","","","","","","","","","","","","","","","","","","","","","","","","","","","","","1.00/0.00","1.00/0.00","1.00/0.00","1.00/0.00","","","","","","","","","","","","","","","","","","","","","",""
"REL606","4,266,390","SNP","C→A","acs, nrfA","intergenic (‑86/‑307)","","","","","","","","","","","","","","","","","","","","","","","","","","","","","","","","","","","","","","","","","","","","","","","","","","","","","","","","","","","","","","","","1.00/0.00","","","","","","","","","","","","","","","","","","","","","","","","1.00/0.00","","1.00/0.00","1.00/0.00","1.00/0.00","1.00/0.00","","1.00/0.00",""
"REL606","4,270,684","SNP","G→T","nrfE","L80L (CTG→CTT)","","","","","","","","","","","","","","","","","","","","","","","","","","","","","","","","","","","","","","","","","","","","","","","","","","","","","","","","","","","","","","","1.00/0.00","","","","","","","","","","","","","","","","","","","","","","","","","","","","","","","","",""
"REL606","4,278,538","SNP","T→A","yjcP","S439C (AGC→TGC)","","","","","","","","","","","","","","","","","","","","","","","","","","","","","","","","","","","","","","","","","","","","","","","","","","","","","","","","","","","","","","","","","","","","","","","","","","","","","","","","","","","","","","","","","","","","","","","1.00/0.00",""
"REL606","4,287,476","SNP","G→T","alsC","F272L (TTC→TTA)","","","","","","","","","","","","","","","","","","","","","","","","","","","","","","","","","","","","","","","","","","","","","","","","","","","","","","","","","","","","","","","","","","","","","","","","","","","","","","","","","","","","","","","","","","","","","","1.00/0.00","",""
"REL606","4,333,622","SNP","A→G","lysU, yjdL","intergenic (‑185/+52)","","","","","","","","","","","","","","","","","","","","","","","","","","","","","","","","","","","","","","","","","","1.00/0.00","","","","","","","","","","","","","","","","","","","","","","","","","","","","","","","","","","","","","","","","","","","","","","","","","","","","","",""
"REL606","4,347,134","SNP","T→C","aspA, fxsA","intergenic (‑86/‑251)","","","","","","","","","","","","","","","","","","","","","","","","","","","","","","","","","","","","","","","","","","","","","","","","","","","","","","","","","","","","","","","","","","","","","","","","","","","","","","","","","","","","","","","","","","","","","1.00/0.00","","1.00/0.00",""
"REL606","4,358,286","SNP","G→T","frdC","N66K (AAC→AAA)","","","","","","","","","","","","","","","","","","","","","","","","","","","","","","","","","","","","","","","","","","","","","","","","","","","","","","","","","","","","","","","","","","","","","","","","","","","","","","","","","","","","","","","1.00/0.00","1.00/0.00","","1.00/0.00","1.00/0.00","1.00/0.00","1.00/0.00","","1.00/0.00",""
"REL606","4,378,108","SNP","T→G","miaA","F234L (TTT→TTG)","","","","","","","","","","","","","","","","","","","","","","","","","","","","","","","","","","","","","","","","","","","","","","","","","","","","","","","","","","","","","","","","","","","","","","","","","","","","","","","","","","","","","","","","","","","","","","1.00/0.00","","1.00/0.00"
"REL606","4,380,376","SNP","G→T","hflK","G62* (GGA→TGA)","","","","","","","","","","","","","","","","","","","","","","","","","","","","","","","","","","","","","","","","","","","","","","","","","","","1.00/0.00","","","","","","","","","","","","","","","","","","","","","","","","","","","","","","","","","","","","","","","","","","","","",""
"REL606","4,399,113","MOB","IS150 (+) +3 bp","ulaA","coding (979‑981/1398 nt)","","","","","","","","","","","","","","","","","","","","","","","","","","","","","","","","","","","","","","","","","","","","","","","","","","","","","","","","","","","","","","","","","","","","","1.00/0.00","","","","","","","","","","","","","","","","","","","","","","","","","","",""
"REL606","4,415,710","MOB","IS150 (–) +3 bp","cycA","coding (848‑850/1413 nt)","","","","","","","","","","","","","","","","","","","","","","","","","","","","","","","","","","","","1.00/0.00","","","","","","1.00/0.00","","","","","","","","","","","","","","","","","","","","","","","","","","","","","","","","","","","","","","","","","","","","","","","","","","","","","",""
"REL606","4,421,984","SNP","A→C","cysQ","Y79S (TAC→TCC)","","","","","","","","","","","","","","","","","","","","","","","","","","","","","","","","","","","","","","","","","","","","","","","","","","","","","","","","","","","","","","","","","","","","","1.00/0.00","","","","","","","","","","","","","","","","","","","","","","","","","","",""
"REL606","4,422,009","SNP","T→G","cysQ","G87G (GGT→GGG)","","","","","","","","","","","","","","","","","","","","","","","","","","","","","","","","","","","","","","","","","","","","","","","","","","","","","","","","","","","","","","","","","","","","","","","","","","","","","","","","","","1.00/0.00","","","","","","","","","","","","","",""
"REL606","4,431,394","DEL","Δ2 bp","ytfN","coding (3526‑3527/3780 nt)","","","","","","","","","","","","","","","","","","","","","","","","","","","","1.00/0.00","","1.00/0.00","1.00/0.00","","1.00/0.00","1.00/0.00","1.00/0.00","1.00/0.00","1.00/0.00","1.00/0.00","1.00/0.00","1.00/0.00","1.00/0.00","1.00/0.00","","","","","","","","","","","","","","","","","","","","","","","","","","","","","","","","","","","","","","","","","","","","","","","","","","","","","",""
"REL606","4,435,950","MOB","IS150 (+) +4 bp","ytfT","coding (127‑130/1023 nt)","","","","","","","","","","","","","","","","","","","","","","","","","","","","","","","","","","","","","","","","1.00/0.00","","","","","","","","","","","","","","","","","","","","","","","","","","","","","","","","","","","","","","","","","","","","","","","","","","","","","","","",""
"REL606","4,453,625","MOB","IS150 (–) +3 bp","mgtA, yjgF","intergenic (+27/+177)","","","","","","","","","","","","","","","","","","","","","","","","","","","","","","","","","","","","","","","","","","","","","","","","","","","","","","","","","","","","","","","","","","","","","","","","","","","","","","","","","","","","","","","","","","","","","1.00/0.00","","1.00/0.00",""
"REL606","4,462,709","MOB","IS1 (+) +9 bp","yjgM, yjgN","intergenic (‑139/‑46)","","","","","","","","","","","","","","","","","","","","","","","","","","","","","","","","","","","","","","","","","","","","","","","","","","","","","","","","","","","","","","","","","","","","","","","","","","","","","","","","","","","","","","","","","","","1.00/0.00","1.00/0.00","1.00/0.00","","1.00/0.00",""
"REL606","4,462,713","MOB","IS1 (–) +9 bp","yjgM, yjgN","intergenic (‑143/‑42)","","","","","","","","","","","","","","","","","","","","","","","","","","","","","","","","","","","","","","","","","","","","","","","","","","","","","","","","","","","","","","","","","","","","","1.00/0.00","","","","","","","","","","","","","","","","","","","","","","","","","","",""
"REL606","4,504,890","SNP","C→A","insB-25, ECB_04162","intergenic (+634/‑91)","","","","","","","","","","","","","","","","","","","","","","","","","","","","","","","","","","","","","","","","","","","","","","","","","","","","","","","","","","","","","","","","","","","","","","","","","","","","","","","","","","","","","","","","","","","1.00/0.00","1.00/0.00","1.00/0.00","","1.00/0.00",""
"REL606","4,524,522","MOB","IS186 (–) +6 bp","fimA","coding (494‑499/549 nt)","","","","","","","","","","1.00/0.00","","","","","","","","","","","","","","","","","","","","","","","","","","","","1.00/0.00","","","","","","","","","","","","","","","","","","","","","","","","","","","","1.00/0.00","","","","","","","","","","","","","","","","","","","","","","","","","","","","","",""
"REL606","4,524,522","MOB","IS186 (+) +6 bp","fimA","coding (494‑499/549 nt)","","","","","","","","","","","","","1.00/0.00","1.00/0.00","1.00/0.00","1.00/0.00","","","","","","","","","","","","","","","","","","","","","","","1.00/0.00","1.00/0.00","1.00/0.00","1.00/0.00","","","","","","","","","","","","","","","","","","","","","","","1.00/0.00","","","","","","","","","","","","","","","","","","","","","","","","","","","","","","",""
"REL606","4,530,778","INS","(AACCCT)1→2","fimH, gntP","intergenic (+154/+89)","","","","","","","","","","","","","","","","","","","","","","","","","","","1.00/0.00","","1.00/0.00","","","1.00/0.00","","","","","","","","","","","","","","","","","","","","","","","","","","","","","","","","","","","","","","","","","","","","","","","","","","","","","","","","","","","","","","","",""
"REL606","4,551,447","DEL","Δ21,789 bp","yjiV, mcrC, mcrB, yjiW, hsdS, hsdM, hsdR, mrr, yjiA, yjiX, yjiY, hpaC, hpaB, hpaA, hpaX","IS1‑mediated","","","","","","","","","","","","","","","","","","","","","","","","","","","","","","","","","","","","","","","","","","","","","","","","","","","","","","","","","","","","","","","","","","","","","","","","","","","","","","","","","","","","","","","","","","","1.00/0.00","1.00/0.00","1.00/0.00","","1.00/0.00",""
"REL606","4,558,686","DEL","(CATAA)2→1","hsdS","coding (748‑752/1425 nt)","","","","","","","","","","","","","","","","","","","","","","","","","","","","","","","","","","","","","","","","","","","","","","","","","","","","","","","","","","","","","","","","","","","","","1.00/0.00","","","","","","","","","","","","","","","","","","","","","","","","","","",""
"REL606","4,558,781","DEL","(T)7→6","hsdS","coding (657/1425 nt)","","","","","","","","","","","","","","","","","","","","","","","","","","","","","","","","","","","","","","","","","","","","","","","","","","","","","","","","","","","","","","","","","1.00/0.00","1.00/0.00","1.00/0.00","1.00/0.00","","1.00/0.00","1.00/0.00","1.00/0.00","1.00/0.00","1.00/0.00","","","","","","","","","","","","","","","","","","","","","",""
"REL606","4,560,171","SNP","T→G","hsdM","T285P (ACC→CCC)","","","","","","","","","","","","","","","","","","","","","","","","","","","","","","","","","","","","","","","","","","1.00/0.00","","","","","","","","","","","","","","","","","","","","","","","","","","","","","","","","","","","","","","","","","","","","","","","","","","","","","",""
"REL606","4,560,632","SNP","T→C","hsdM","Y131C (TAC→TGC)","","","","","","","","","","","1.00/0.00","1.00/0.00","","","","","","","","","","","","","","","","","","","","","","","","","","","","","","","","","","","","","","","","","","","","","","","","","","","","","","","","","","","","","","","","","","","","","","","","","","","","","","","","","","","",""
"REL606","4,563,715","MOB","IS1 (+) +9 bp","hsdR","coding (1014‑1022/3513 nt)","","","","","","","","","","","","","","","","","","","","","","","","","","","","","","","","","","","","","","","","","","","","","","","","","","","","","","","","","","","","","","","","","","","","","","","","","","","","","","","","","","","","","","","","","1.00/0.00","","","","","1.00/0.00","","1.00/0.00"
"REL606","4,567,086","MOB","IS150 (+) +3 bp","yjiX, yjiY","intergenic (‑32/+16)","","","","","","","","","","","","","","","","","","","","","","","","","","","","","","","","","","","","","","","","","","","","","","","","","","","","","","","","","","","","","","","","","1.00/0.00","1.00/0.00","1.00/0.00","1.00/0.00","","1.00/0.00","1.00/0.00","1.00/0.00","1.00/0.00","1.00/0.00","","","","","","","","","","","","","","","","","","","","","",""
"REL606","4,567,087","INS","+A","yjiX, yjiY","intergenic (‑33/+17)","","","","","","","","","","","","","","","","","","","","","","","","","","","","","","","","","","","","","","","","","","","","","","","","","","","","","","","","","","","","","","","","","1.00/0.00","","","","","","","","","","","","","","","","","","","","","","","","","","","","","","",""
"REL606","4,567,088","INS","+TGTACTGACCCAA","yjiX, yjiY","intergenic (‑34/+16)","","","","","","","","","","","","","","","","","","","","","","","","","","","","","","","","","","","","","","","","","","","","","","","","","","","","","","","","","","","","","","","","","","","","","","1.00/0.00","1.00/0.00","1.00/0.00","1.00/0.00","1.00/0.00","","","","","","","","","","","","","","","","","","","","","",""
"REL606","4,575,044","SNP","G→A","hpaI","H45H (CAC→CAT)","","","","","","","","","","","","","","","","","","","","","","","","","","","","","","","","","","","","","","","","","","","","","","","","","","","","","","","","","","","","","","","","1.00/0.00","","","","","","","","","","","","","","","","","","","","","","","","","","","","","","","",""
"REL606","4,588,156","MOB","IS150 (+) +3 bp","mdoB","coding (518‑520/2292 nt)","","","","","","","","","","","","","","","","","","","","","","","","","","","","","","","","","","","","","","","","","","","","","","","","","","","","","","","","","","","","","","","1.00/0.00","","","","","","","","","","","","","","","","","","","","","","","","","","","","","","","","",""
"REL606","4,593,578","SNP","C→T","bglJ","S44F (TCT→TTT)","","","","","","","","","","","","","","","","","","","","","","","","","","","","","","","","","","","","","","","","","","","","","","","","","1.00/0.00","","","","","","","","","","","","","","","","","","","","","","","","","","","","","","","","","","","","","","","","","","","","","","",""
"REL606","4,606,814","SNP","G→A","deoC","A86A (GCG→GCA)","","","","","","","","","","","","","","","","","","","","","","","","","","","","","","","","","","","","","","1.00/0.00","","","","","","","","","","","","","","","","","","","","","","","","","","","","","","","","","","","","","","","","","","","","","","","","","","","","","","","","","",""
"REL606","4,613,019","MOB","+TT :: IS150 (+)","smp, serB","intergenic (‑16/‑90)","","","","","","","","","","","","","","","","","","","","","","","","","","","","","","","","","","","","","1.00/0.00","","","","","","","","","","","","","","","","","","","","","","","","","","","","","","","","","","","","","","","","","","","","","","","","","","","","","","","","","","",""
"REL606","4,613,020","MOB","IS150 (+) +3 bp","smp, serB","intergenic (‑17/‑87)","","","","","","","","","","","","","","","","","","","","","","","","","","","","","","","","","1.00/0.00","1.00/0.00","1.00/0.00","1.00/0.00","1.00/0.00","1.00/0.00","1.00/0.00","1.00/0.00","1.00/0.00","1.00/0.00","","","","","","","","","","","","","","","","","","","","","","","","","","","","","","","","","","","","","","","","","","","","","","","","","","","","","",""
"REL606","4,613,020","DEL","Δ1 bp","smp, serB","intergenic (‑17/‑89)","","","","","","","","","","","","","","","","","","","","","","","","","","","","","","","","","","","","1.00/0.00","1.00/0.00","1.00/0.00","1.00/0.00","1.00/0.00","1.00/0.00","1.00/0.00","","","","","","","","","","","","","","","","","","","","","","","","","","","","","","","","","","","","","","","","","","","","","","","","","","","","","",""
"REL606","4,613,023","INS","+T","smp, serB","intergenic (‑20/‑86)","","","","","","","","","","","","","","","","","","","","","","","","","","","","","","","","","","","","","","","","","","1.00/0.00","","","","","","","","","","","","","","","","","","","","","","","","","","","","","","","","","","","","","","","","","","","","","","","","","","","","","",""
"REL606","4,615,581","SNP","T→A","nadR","L18Q (CTA→CAA)","","","","","","","","","","","","","","","","","","","","","","","","","","","","","","","","","","","","","","","","","","","","","","","","","","","","","","","","","","","","","","","","","","","1.00/0.00","1.00/0.00","","","","","","","","","","","","","","","","","","","","","","","","","","","",""
"REL606","4,615,674","SUB","6 bp→9 bp","nadR","coding (146‑151/1233 nt)","","","","","","","","","","","","","","","","","","","","","","","","","","","","","","","","","","","","","","","","","","","","","","","","","","","","","","","","","","","","","","","","","","","","","1.00/0.00","","","","","","","","","","","","","","","","","","","","","","","","","","",""
"REL606","4,615,842","SNP","A→T","nadR","D105V (GAT→GTT)","","","","","","","","","","","","","","","","","","","","","","","","","","","","","","","","","","","","","","","","","","","","","","","","","","","","","","","","","","","","","","","","","","","","","","","","","","","","","1.00/0.00","1.00/0.00","1.00/0.00","1.00/0.00","1.00/0.00","1.00/0.00","1.00/0.00","1.00/0.00","1.00/0.00","1.00/0.00","1.00/0.00","1.00/0.00","1.00/0.00","1.00/0.00","1.00/0.00","1.00/0.00","1.00/0.00","1.00/0.00","1.00/0.00","1.00/0.00"
"REL606","4,615,865","SNP","G→A","nadR","A113T (GCT→ACT)","","","","","","","","","1.00/0.00","","","","","","","","","","","","","","","","","","","","","","","","","","","","","","","","","","","","","","","","","","","","","","","","","","","","","","","","","","","","","","","","","","","","","","","","","","","","","","","","","","","","","","",""
"REL606","4,616,036","MOB","IS186 (–) +6 bp","nadR","coding (508‑513/1233 nt)","","","","","","","","","","","","","","","","","","","","","","","","","","","","","","","1.00/0.00","","","","","","","","","","","","","","","","","","","","","","","","","","","","","","","","","","","","","","","","","","","","","","","","","","","","","","","","","","","","","","","","",""
"REL606","4,616,396","SNP","G→A","nadR","G290S (GGC→AGC)","","","","","","","","","","","","","1.00/0.00","1.00/0.00","1.00/0.00","1.00/0.00","","","","","","","","","","","","","","","","","","","","","","","","","","","","","","","","","","","","","","","","","","","","","","","","","","","","","","","","","","","","","","","","","","","","","","","","","","","","","","","",""
"REL606","4,616,409","SNP","A→G","nadR","Y294C (TAC→TGC)","","","","","","","","","","","","","","","","","","","","","","","","","","","","","","","","","","","","","","","","","","","","","","","","","","","","","","","","","","","","","","","","","","","","","","","1.00/0.00","1.00/0.00","1.00/0.00","1.00/0.00","","","","","","","","","","","","","","","","","","","","","",""
"REL606","4,616,538","SNP","A→C","nadR","Y337S (TAC→TCC)","","","","","","","","","","","","","","","","","","","","","","","","","","","","","","","","","","","","","1.00/0.00","","1.00/0.00","1.00/0.00","1.00/0.00","1.00/0.00","","","","","","","","","","","","","","","","","","","","","","","","","","","","","","","","","","","","","","","","","","","","","","","","","","","","","",""
"REL606","4,627,817","DEL","(TCCGGCGTA)2→1","arcA","coding (642‑650/717 nt)","","","","","","","","","","","","","","","","","","","","","","","","","","","","","","","","","","","","","","","","","","","","","","","","","","","","","","","","","","","","","","","","","","","","","1.00/0.00","","","","","","","","","","","","","","","","1.00/0.00","1.00/0.00","1.00/0.00","1.00/0.00","1.00/0.00","1.00/0.00","1.00/0.00","1.00/0.00","1.00/0.00","1.00/0.00","1.00/0.00","1.00/0.00"
"REL606","4,628,216","SNP","T→C","arcA","D84G (GAC→GGC)","","","","","","","","","","","","","","","","","","","","","","","","","","","","","","","","","","","","","","","","","","","","","","","","","","","","","","","","","","","","","","","","1.00/0.00","","","","","","","","","","","","","","","","","","","","","","","","","","","","","","","",""
"REL606","4,628,767","SNP","T→C","yjjY, lasT","intergenic (+65/‑335)","","","","","","","","","","","","","","","","","","","","","","","","","","","","","","","","","","","","","","","","","","","","","","","","","","","","","","","","","","","","","","","","","","","","","","","","","","","","","","","","","","","","1.00/0.00","","","","","","","","","","","",""