sysName	set1IT003 D-Glucose (C)	set1IT004 D-Glucose (C)
b0001	-0.622364031887239	0.129799416833709
b0002	-17.3025443680699	-15.4486118618284
b0003	-6.72737390104791	-7.53070578700659
b0004	-8.81559782178753	-9.6390223872233
b0005	-1.70800904950427	-0.707928689744744
b0006	1.2524639238798	0.294120032377308
b0007	-0.99637360775409	-2.4559603016165
b0008	-0.00535295247115806	0.917423761404977
b0009	-0.970498363540768	0.00462072219498795
b0010	0.346538295079284	-0.071050000081453
b0011	0.912877096023604	-0.676876220876714
b0013	0.600827463765136	1.20536000129166
b0014	-0.890234244709685	0.523895794786351
b0015	-2.87553145145213	-1.51524024470796
b0018	-0.0338006539483931	0.627072669923489
b0019	0.412924735169163	0.938508255108636
b0020	-0.798251530088789	0.0407843855523301
b0028	0.579372199303985	-0.298602048088831
b0030	0.39386172308042	1.22550221523814
b0032	-8.78540173698321	-8.38259301161508
b0033	-17.9930811542499	-17.3661290880956
b0034	0.439788705469854	0.0642903286170207
b0035	0.0244673038508795	-0.888612132294768
b0036	-0.310328020860501	1.00520734284606
b0037	0.843096950671487	-0.930155000896168
b0038	0.0904134260091529	-0.212054847998761
b0039	1.15330984394872	0.919308083628826
b0040	0.853371313620126	-1.79076814119999
b0041	-0.431667629490818	1.24928907925806
b0042	0.565472525462456	-0.272015276432484
b0043	-0.319032574999132	0.372558164033147
b0044	1.5578675895133	1.15350712158234
b0045	0.511418529779065	2.0638678921244
b0046	-0.265237954631984	0.0812684065326799
b0047	0.303473290203704	0.384927066797417
b0049	-7.84907521906256	-7.6439719194204
b0050	0.302608107244717	-0.356117173059961
b0051	-1.45589419688858	-0.941195396777953
b0052	-12.2734007035439	-11.4031350883758
b0053	-7.57372063410374	-5.76338914734604
b0055	-0.271206306583291	-0.482714917097054
b0058	1.11997452680839	2.17044179763349
b0059	6.41052780634674	6.52809263118381
b0060	-0.407863726139296	-0.0840650677074476
b0061	-1.04483870315724	-1.5289576289575
b0064	1.46975971851096	0.575117113505338
b0065	1.84799501035387	1.0431361508519
b0066	-1.01579366027195	-3.14970573452475
b0067	-1.5668286025869	-1.80536313857035
b0068	0.072884380354662	-0.258743758705015
b0069	1.49925935707135	0.500181083000916
b0071	-6.95183274652457	-9.49356026296189
b0072	-13.8899636032507	-13.212854262489
b0073	-10.8623682026667	-10.1822138240991
b0074	-12.0514729798805	-12.1171119913128
b0075	-3.82326834710566	-4.4784216102308
b0076	-3.36798969117143	-3.22827076160409
b0078	-6.72674224191272	-8.85764496312737
b0080	-2.92108919532032	-3.29093548413253
b0081	-1.02185532622158	0.0331521677995844
b0082	-1.02046362856925	1.56108957688117
b0088	-2.67921697871537	-1.56427261741653
b0092	-1.84695881777958	-2.32348044607152
b0097	0.248427164529046	-1.16969434827483
b0099	1.84919798787776	-0.234017351127672
b0101	-2.44343176574718	-1.76617044914278
b0102	-1.05333665218654	0.065802681828892
b0104	-2.48960396235997	-1.07259432039163
b0106	-0.133302527775909	0.0856247280769272
b0107	-0.550306859712347	-1.89750727414378
b0108	0.441475231096927	-0.3265638815283
b0109	-4.2286340894203	-2.18682809332247
b0110	0.0509647908867043	0.338717052961318
b0111	-0.523442998879986	-1.2593567645966
b0112	-0.418204787277352	-0.898253401786146
b0113	-6.22405527500634	-4.14170013361423
b0114	-3.6980355077075	-2.78831075294405
b0117	0.617697750718825	0.568429931048541
b0118	-3.64730375624783	-3.58854363421598
b0119	-0.877816679923557	0.426326532397133
b0120	0.455207609021059	-0.264917448645967
b0121	-1.92893468295264	-2.35179047850074
b0122	-0.640020980427365	-0.0221801134733402
b0123	-0.157998778299601	1.06513593491488
b0124	0.572867566583928	-0.092905322540724
b0125	-2.08597015412786	-0.787920349454421
b0127	0.255814137549114	-1.38436363838568
b0128	0.0209315075038836	-0.138844646914263
b0129	-0.363240518262826	-0.589427120033346
b0130	0.269551856060921	-0.071963779746124
b0131	-3.89195691184049	-3.94937878446334
b0132	-0.0725975687114437	0.770948347841626
b0133	-8.49459909819594	-6.7349192008502
b0134	-6.36458140365303	-6.52471024552324
b0135	-0.00110834284518766	-0.0281179118603549
b0136	-1.85527267012452	-1.78760292674579
b0137	0.357269570901781	-0.368841947369239
b0138	0.243635274993837	-0.351929635048368
b0139	0.016762042245263	0.56437711045134
b0140	-0.320504420478665	-0.302180238063895
b0141	-1.06946176951481	0.238078248827325
b0142	-2.15649799927024	-2.14953549963375
b0143	-2.24684938493315	-1.98375039535536
b0144	0.389914901873047	0.26051758633469
b0145	-3.21696360015401	-4.23589896064053
b0146	0.323682826267823	0.928234742250846
b0147	-0.285968466304705	-1.69975594248591
b0148	-0.118176141392824	0.12873421100228
b0149	-4.68487496075213	-5.71692851216846
b0150	-0.0541550376614703	0.710519269428541
b0151	0.542828851975205	0.458112933708181
b0152	1.12766841958806	-0.642611127119879
b0153	0.924029719286913	0.750043502348997
b0155	-0.120179578856361	-0.0760525508695207
b0157	-0.494290063709897	0.207816761428103
b0158	-1.4379096409786	-1.33064691604813
b0160	1.17301896507	1.03662781027116
b0161	-2.04473887148836	-3.37234022458785
b0162	0.406779564806054	0.319730205731177
b0163	-0.341114462395499	-1.08132990380939
b0164	0.230779743415468	-0.808588880859222
b0167	-0.0702763955679429	-1.05158052562449
b0178	-0.154938860064747	0.905531231752008
b0183	-0.0957613390077049	0.269503920075416
b0186	0.541341438928111	-0.29872000657385
b0187	1.30776897264577	-1.17495572773473
b0189	-2.17682811167269	-3.19175956372671
b0190	1.49493034467171	1.04194261680852
b0191	0.345083729410071	-0.117676997388539
b0192	1.97427896639123	2.01347198012176
b0193	1.00405907977278	-0.732720915535788
b0195	-0.0502228197709585	1.36497144489903
b0196	-0.157812348802902	0.769794622021899
b0197	2.33060697275751	0.789790705571032
b0198	0.429326610025284	1.05174607836182
b0199	0.140523468795306	-0.358225140828859
b0200	-2.01567491648715	-2.53089580059911
b0207	-0.114825606021685	1.42169141613111
b0208	-0.701560969934796	0.928487268733547
b0209	0.938822695515559	0.672314086559682
b0210	0.455223054201952	-0.569863118478035
b0211	1.00676698679109	-0.880303665698138
b0212	2.18671424012266	-0.291975716892569
b0213	0.0367413580602057	0.650167701451343
b0217	-0.351561960297209	0.13599408327922
b0218	0.147303458448727	0.934272755719881
b0219	0.418266905261833	0.549259416720449
b0220	-0.885123302620124	0.424627004963375
b0221	0.670568400350699	-0.397222641668101
b0222	-4.05588121464338	-3.53380442980055
b0223	-1.61047234910966	-0.543263230221239
b0224	1.10020373236603	0.924677928122462
b0225	2.36918255410224	3.2834762697172
b0226	0.105148685214495	0.545535448604253
b0227	-0.572459326702283	1.07286961330173
b0228	1.03481713497354	1.12128172308253
b0229	0.833758419227724	2.39821262575557
b0230	-0.499189374457073	1.99869778594968
b0231	1.04648183937887	-0.415413775317939
b0232	0.185170331151976	0.281124622979706
b0233	-0.446438439907762	0.483429579439868
b0234	-0.393588018097507	-0.812486236134665
b0235	0.330014821438918	0.65429512654197
b0236	-0.278239187919295	-0.492219935371852
b0237	1.32593436156935	0.757272742811888
b0238	-2.06989380233057	-1.94021972053886
b0239	1.82480154144547	0.753500646959087
b0240	2.59349754212705	3.62894568428294
b0241	0.21223745534293	0.711925664312728
b0242	-7.08879906995025	-8.63753249106522
b0243	-12.1686997298097	-11.2197716861652
b0245	1.19938344257542	-0.0271570893344374
b0246	-0.891902568950231	0.210931351287242
b0247	-0.0308129327498433	-0.0530063186382886
b0248	0.413672053761955	0.18927206756872
b0249	-1.03476210994032	-1.57922989229606
b0250	0.349340829883988	0.259440119507434
b0251	-0.604757123857761	-1.08004080109261
b0252	0.358299306013114	0.561130878612154
b0253	0.427129368965314	1.15229778665241
b0254	-1.97745226741675	-2.76963673190166
b0258	0.479222204732256	-0.438199886763037
b0260	0.445467672933844	-0.101845366896354
b0261	0.142730384410374	0.112533121638603
b0262	-1.30859748535747	-2.22692780458005
b0263	-0.840822163660496	0.684048824008088
b0266	-0.933724426389618	0.896075168596286
b0267	1.0896339579875	2.26809421234177
b0268	-0.929103062925904	-0.474647566919856
b0269	0.602378862656019	0.367711690244277
b0270	-1.10998177955314	0.401896129064572
b0271	-0.349451489256292	-0.722161777727452
b0272	-0.349979992644688	-0.572073807639792
b0273	1.09912726260589	0.519313347848111
b0276	-0.0402379376287972	0.106696891292915
b0277	-0.603213337907935	-0.30516324249093
b0278	0.204534317296808	0.387933037646818
b0279	-2.24900276343106	-2.76089761303569
b0280	0.316977830978059	-0.219338229653683
b0281	-0.790009891138889	-0.841063502772675
b0283	0.647593644638916	-0.0498030123456553
b0284	-0.417948537371753	0.820251641295089
b0285	0.354627659319207	0.317433361074346
b0286	-0.861598080373722	0.477341333904166
b0287	-0.246429665342142	-0.205182987207327
b0288	-0.170113755368801	-0.491255372829265
b0289	-0.898356910449338	1.53163032127168
b0290	-0.0601279559159704	-0.865591934722505
b0291	0.943434032394981	-0.320484163693471
b0292	0.676731795074492	1.7778435034445
b0293	-0.279666296189281	-0.507322493612123
b0294	-1.70342970752544	-2.33122896685957
b0295	-1.22240293657113	0.621311490828932
b0296	-1.2123999856001	-0.571347207858267
b0297	1.63135582877533	-0.913401689188703
b0300	-1.17047036077756	-0.70701596888872
b0301	-0.185058892291931	0.435211174848124
b0303	-1.48280766413474	-0.831203600215892
b0304	-0.106459176416985	-0.0537097333710171
b0305	-0.0188739281107895	-0.221125796433387
b0306	0.699470943679982	-1.13626097350112
b0307	1.49583373814125	0.628984222368791
b0308	-2.24770601707764	-1.84551239498256
b0310	-2.02676836991141	-1.17352752389176
b0311	0.5120416665761	-0.53994367680856
b0312	1.64562073158692	1.14769753587199
b0313	1.19278093093921	0.406321741117216
b0314	0.19945870076316	0.413411571782911
b0315	-0.102051747516013	0.0983874409669364
b0316	-0.840812006716886	0.00921443690277448
b0317	-0.0160043812867002	-1.23198983163926
b0318	-1.43418423197674	0.036785631876942
b0319	-1.18735695197831	-0.198570990365989
b0320	-0.60850940154309	-0.046657726587208
b0321	0.131535780744511	-0.347825657010988
b0323	-0.227214860925515	-0.14335557302691
b0324	-0.393876092575594	-0.671949961532321
b0325	0.173800415663283	1.13672990110223
b0326	-2.26856120892905	-2.8180353627496
b0327	0.477549464240578	-0.154835471127559
b0328	0.686495531321355	-0.107929279136071
b0329	-0.98622825886148	-0.555466855869926
b0330	1.10358777527867	0.105267610444674
b0331	-1.14309073187993	-1.56666237842371
b0333	0.118129447046924	-1.27654203547613
b0334	0.186052694307711	0.651426272022073
b0335	-0.253876936487893	0.193500546463451
b0336	-0.396502787732189	-0.185332965203384
b0337	-0.949655185878432	-1.00769663769754
b0338	0.461221658666092	-0.223789442276597
b0339	-0.211479795788981	0.536269726322134
b0340	-1.28373520652899	-1.98558373591265
b0341	1.05683446586582	0.871872517665629
b0342	0.281608673433309	-0.0246991489685218
b0343	0.176392758657597	0.00530901450761951
b0344	0.65214959829607	-0.818450635224036
b0345	0.12032963562358	-0.131687927986227
b0346	-0.547650983068788	1.91382540508548
b0347	-0.223434952796799	-0.559165216368472
b0348	0.16278410634251	-1.81293212346304
b0349	-0.774616504499563	0.157388728700637
b0350	-0.999443859636036	1.21797886471456
b0351	-0.0229775106211532	2.11264576196436
b0352	1.51807716677325	-0.410924895858141
b0353	0.200683445120516	0.919991673099755
b0354	0.533510745611879	-0.0703197676784512
b0355	0.0572238481056848	-0.756404379581569
b0356	0.698159445974553	0.907287143994538
b0357	-0.0845882125609506	-0.470625487718794
b0358	-0.303900858893371	0.214304815499833
b0363	0.286788853075456	0.369811027341993
b0364	-0.504620819067692	-0.339662843718941
b0365	0.311831183944632	-0.450897684948983
b0366	-0.634959388345202	-0.77936416708709
b0367	-0.149184536178771	-1.36098210686103
b0368	-0.0957120702289875	0.0365355043526102
b0375	-1.72380477476071	-0.272857882701252
b0376	0.816679463645428	0.581622221952686
b0377	-0.279494710269437	0.0279535270241048
b0378	1.49433291062785	-0.964233338055942
b0379	-0.500088364696316	-0.880812628317365
b0380	0.433327887445691	-0.570403258884583
b0381	0.0395663651724975	-0.04917778171241
b0382	2.44197461266308	2.85186641894038
b0383	0.879000987265741	0.555572705280377
b0384	-0.259050577529237	3.02259860710557
b0385	1.66182740812452	1.44054665375295
b0386	-8.67691016312901	-8.61306611969383
b0387	0.91912491580402	0.916719677375675
b0388	0.779304404501272	-0.295746271134003
b0389	-0.345039340926875	0.510966179394142
b0390	-0.538007688020726	-3.70134773048203
b0391	0.502445643588378	-0.983297143732043
b0392	0.606960530023445	0.997201996131463
b0393	-0.0157184752679181	-0.636991157521064
b0394	-0.844232680132505	0.301125583694288
b0396	0.454233393746932	-0.283861387089492
b0397	0.416024298691879	-0.31193743084582
b0398	0.700363460439762	-0.821623465795071
b0399	0.0610668174345686	-0.0118072222729933
b0400	-1.4158513846057	-0.252061903806128
b0401	2.44058371252195	1.4718851120401
b0402	1.0453389245014	0.48076984335854
b0403	-0.0467432117365197	0.446384260313951
b0404	-0.288183635864359	0.108394263056785
b0405	-2.64610323017182	-1.82571101568439
b0406	-4.17526827711279	-3.66571795411304
b0407	-0.444117878891733	-0.362745022996175
b0410	1.91924450250479	0.881743023106389
b0411	-0.664106646118146	-0.68479471892052
b0412	0.152210812493165	0.193558328694233
b0418	0.568445461018696	0.176363287312003
b0419	0.15994917132144	-0.556313190231401
b0423	-3.14642919365739	-1.15283204654727
b0424	-0.695679909716858	0.0990798495994743
b0425	0.431055723690438	0.789425113551846
b0426	-0.821522162594678	-0.512558805770346
b0427	-0.611528880775048	-1.00527189139279
b0428	-0.690737249926484	-1.45823554352817
b0429	-1.09731896235433	-0.281480534391669
b0430	-0.807388558484307	-1.44316664021883
b0431	-1.58698067116424	-1.55048634138898
b0432	-1.19703298246338	-0.962534625836841
b0433	0.116266643472737	-0.234978401091443
b0434	0.308275028701348	-0.913491779326762
b0435	2.27684862083228	0.904879926192325
b0436	-2.21108759122668	-2.26486957934035
b0437	-9.5983184825212	-8.50190970099714
b0438	-7.22839511866686	-6.98193953569331
b0439	-7.49612966306596	-7.36073051141054
b0440	-0.133598550355527	0.0127782409529973
b0441	-0.142274719725028	0.771616996782294
b0442	1.06333041639139	-1.83681785434654
b0443	0.422517793201027	0.118653137920809
b0444	0.687645886993456	1.69497766849632
b0445	0.19390040074207	0.937715715474222
b0446	0.477429354108631	-0.68196719375582
b0447	-0.0421831758036786	-0.240316340906364
b0448	1.04105884145474	0.784869977140694
b0449	-0.819100150400255	0.219798000106243
b0450	-0.145497682308737	-1.11261221751127
b0451	-0.562881004578112	0.0849517682200051
b0452	1.13475884025332	0.839391687018803
b0453	-0.534934427473207	0.523398918797724
b0454	-1.07236103525253	-1.27064776642186
b0456	0.491027191009966	0.71355126694105
b0457	0.292704664027701	0.305990468789974
b0458	0.591463420218592	0.537314851728627
b0459	0.857746305366889	1.67785132372637
b0460	-0.895630158062142	-1.13969152849018
b0461	0.964568781861818	1.64839653360567
b0462	-1.12057143831452	0.378382930816075
b0463	0.0342676764914943	0.161881739280089
b0464	1.03136260219596	1.58678803448656
b0465	-0.413711670425956	-0.0833581180599966
b0467	-0.486229621330399	-0.457991684674917
b0468	0.702162989998186	2.90632076525086
b0469	-0.234656985821362	-0.736977837861398
b0471	-0.63362861342443	0.263384130732027
b0472	-1.01931015465742	-0.0864389246832311
b0473	1.44452141457074	0.76435242356771
b0476	1.9686602858845	1.51230344859077
b0477	0.485021302917533	0.186724386475436
b0478	1.74771083704482	1.3610909307563
b0479	1.22433815060042	-0.485584492503161
b0480	-0.767455335187586	0.499998715238857
b0481	1.26018013918728	1.49874571439472
b0482	0.711511235048761	0.645636010800436
b0483	0.267610467694184	-0.186405765674487
b0484	-3.24210532468665	-2.94497886887535
b0485	-0.179876805522579	-0.371886705050329
b0486	0.176961427414049	0.107568429547774
b0487	-0.483367732975905	3.09359637127568
b0488	-0.551927108552245	0.433021907827771
b0489	0.920342508843199	-0.17514593962057
b0490	-0.221557135118453	-1.01881146007206
b0491	-0.932682289342965	-0.348375649908047
b0492	-1.07767998628049	0.0448017359793296
b0493	-0.5430181928474	-1.04034896543521
b0494	-0.11923742569322	-1.20716346177482
b0495	-0.338563734638352	-0.261412861931416
b0496	0.0182663959798649	-0.95948353887954
b0497	-0.562230236346472	0.629479540422316
b0499	-0.285888358402114	-0.761342626157022
b0500	-1.38693878333567	-1.04426123570846
b0503	1.09112763551816	0.86048489621098
b0504	0.218927746051256	0.423061907940992
b0505	-0.262394809066158	-0.307476724051712
b0506	-2.89631442539802	-2.1377765512802
b0507	1.17576624545629	0.207077536432772
b0508	-1.43134716822593	-0.180535554124792
b0509	0.0116021660326491	-1.11924387484583
b0511	-0.461623230534005	0.170134140154267
b0512	-0.581775726354266	-0.793595792171388
b0513	0.430021601807163	0.348121327452166
b0514	0.771806721703563	1.16638577688137
b0515	0.172050206390112	0.311402864025996
b0516	1.18719974066439	0.168701595505071
b0517	-1.01887605984507	0.352569336361376
b0518	1.50886306978666	-0.140131381039647
b0520	0.0651583453563373	-0.461389608708487
b0521	-1.78390839872702	-1.68282982370788
b0522	-11.1200195418701	-10.2066673457644
b0523	-5.46527807422204	-5.7485281331498
b0527	-1.2734590669803	1.53381251566329
b0530	0.134367943418999	-0.748882844558428
b0531	-1.14840146548405	-0.942890170136776
b0532	0.241049147073514	-0.390945872774484
b0533	0.080530730661786	0.198105086934247
b0534	0.801050880503986	1.1301605495701
b0535	-0.642924152067483	0.561828123663111
b0537	-0.138121586103579	0.251352946192765
b4508	-0.217571061601301	-0.747846277257642
b0539	-0.0450991258552309	-0.981937054262771
b0542	-0.969123680580707	-3.10228519656116
b0543	0.708560032717158	0.845534995105001
b0545	1.0207850446622	0.262109896503567
b0546	-0.972550317095677	-0.475990877220967
b0547	0.0555375087196907	1.04945136779537
b0548	-0.731460573832123	1.20277076060472
b0549	-0.00530921381119387	0.980321788115286
b0550	-0.576831518778851	-0.632642205372202
b0551	1.57207616174273	0.260619928118063
b0553	0.682464178182374	2.06633083877533
b0554	0.0778538489483415	1.09693365999286
b0555	0.739455381788526	0.927087563487351
b0556	-1.52123169008599	-0.944406383907219
b0557	0.473205987657958	0.77276793728917
b0559	0.275261627875916	1.65451909402946
b0560	0.75965601118207	0.287880556478982
b0561	0.2627075631117	-0.458796164757327
b0562	0.106175907629583	-0.0857649853329923
b0563	-0.399488740035465	-0.541230984061377
b0564	-0.222453576993789	-0.982863458767419
b0565	-0.26894445114341	-0.278266583366447
b0566	-0.259286791529385	-0.198136772492352
b0567	-0.438452176353346	-0.676888011704509
b0568	-0.831015292925545	-0.587595269609197
b0569	0.124498507537849	0.437586041788262
b0570	0.616577744249046	1.31979571970987
b0571	0.0866944362713671	0.291715100963166
b0572	1.17301067596595	-0.0969250500029646
b0573	0.775174804394989	1.19016857903271
b0574	-0.771809191323084	-0.0420706505916144
b0575	1.60951053739946	-0.060931277693688
b0576	-1.28196400018107	-0.524695748959564
b0577	0.74172061933622	0.350035068041956
b0578	1.77501276473365	0.148149830802709
b0579	-0.524241681331639	-0.523922230433211
b0580	-0.71091673736346	-0.516382263131942
b0581	0.442796758418925	0.102558728934986
b0583	-1.79018403203641	-1.7180635722927
b0584	-4.12619791303895	-3.85748889878792
b0585	-7.20537366680538	-6.1217657106779
b0586	-0.407462285751014	-0.891668853233726
b0587	0.770466092919952	0.529751545326211
b0588	-9.59037055251331	-9.28497634531115
b0589	-9.44122036020361	-8.28011695189117
b0590	-7.83596458441109	-7.75947636113724
b0591	0.761561658571018	0.303219959777159
b0592	-10.8952909242758	-9.79680181325756
b0593	-1.24905438349241	-1.15225815844939
b0594	-1.90724923215483	-2.26849073205835
b0595	0.153626028810384	-0.641233727691985
b0596	-1.76287930267122	2.87028012483765
b0597	1.23154209242671	1.77522481372422
b0598	-0.0405287265329516	0.947847069145384
b0599	0.943250775494812	-0.030756334867269
b0600	1.22557887557946	0.0400179293527498
b0601	0.459943335335762	-0.852840573146605
b0602	0.261015957716581	-0.637169147629323
b0603	-1.70364598815671	-3.29583939480913
b0604	-0.204542853891951	0.373434222752851
b0605	-0.52956625863637	-1.15229206245641
b0606	1.28977155800887	-1.47112682083294
b0607	1.60197736009479	2.3579064890866
b0608	0.426340263465244	0.366555377947752
b0610	0.163997244528435	0.443701982325081
b0611	-0.314507833504693	0.638200895895079
b0612	-0.324611974002261	-0.347358277670927
b0613	0.494635820787201	-0.088830834736214
b0615	0.196881835206326	-0.480209756039186
b0616	2.48739559307593	-0.673268801617436
b0617	-0.432369456105485	-0.220775974327011
b0618	0.950086778627386	1.55483347500145
b0619	-0.0240564591515618	0.404039921376196
b0620	-0.0763887716190858	0.399582609318745
b0621	1.27713792332649	1.04576970455569
b0622	1.26900415610086	0.642114093160889
b0623	-0.644143221865203	-0.437312687743918
b0624	-1.20737817062909	0.119364309957129
b0627	-0.0391702294532562	-1.05231989697088
b0629	0.967453343154903	0.602221090306631
b0630	-2.00429811886619	-2.13964621441911
b0632	-3.04480868305819	-3.07030312223532
b0633	-1.83202366371691	-2.18037464210124
b0636	1.31241593215579	0.765711674870162
b0638	-0.419352609632005	-1.16151506781191
b0641	-0.0287369320637435	0.349670190787375
b0643	0.546100386618987	-0.244862272984707
b0644	-0.273304231513624	0.702011433906191
b0645	0.473155713903575	0.984759541350738
b0646	0.64482552819161	0.0808721830813195
b0647	1.0549502281794	0.35055885826727
b0648	-1.62233800002308	-0.853841636280628
b0649	0.452120744785501	1.11893617453001
b0650	-0.444677086178795	1.44404332935994
b0651	1.41850925694877	-0.184433374588671
b0652	-1.03038997218672	0.870282990469608
b0653	0.829092490762438	0.392829867347097
b0654	0.986311893565453	1.24833753714307
b0655	0.984696178001101	0.0840098899835309
b0658	-1.41719506756493	-3.43547248219801
b0660	-0.240253324409882	0.04767683684863
b0661	-0.712793359130699	0.673501532559174
b0674	1.05991974932572	0.951519210909851
b0675	0.992389325952898	0.0323402035970686
b0676	1.10946188652417	0.116553219930166
b0677	0.333274643887586	-0.128422127808229
b0678	1.1505499106874	1.94970583500953
b0679	0.93282388938308	-0.875471871930618
b0681	0.0725829354041286	-0.149084204799538
b0682	-0.82387949021618	1.07642292285338
b0683	-2.76220151967065	-2.3361247848608
b0685	1.11088514261965	-1.25037947069173
b0686	0.816526936833341	1.08340372626288
b0688	-2.51953306208779	-2.10361123615687
b0689	-0.11142695546278	-1.27284573334785
b0691	-0.161416402088206	-0.209299266565419
b0692	0.919763245092587	0.824139822199185
b0693	0.0238948585267432	-1.5130439803597
b0694	0.440094025347068	1.24024708726649
b0695	-0.5162371657324	0.420696780554315
b0696	-0.644631933652657	1.25035140642521
b0697	0.0964957279963258	1.13462678884478
b0698	1.40921028658317	0.383804315572816
b0700	-0.411128382882803	-0.737778461430055
b0703	0.978080347731819	-0.87779256927811
b0705	-2.90923579898728	-1.07342449724043
b0706	0.332436342506731	0.696696010475605
b0707	-0.469296556149163	-0.785083451287858
b0708	-0.579358188650764	0.726515287204889
b0709	-0.295399208856177	1.1337114482221
b0710	0.529734544039179	-0.793329420706238
b0711	0.542471142239137	1.38465834787301
b0712	-0.718994229052579	-0.854308612717141
b0713	-0.918843939543852	-0.60224144561332
b0714	1.04047478191761	1.64423400793687
b0715	1.18712342863466	0.52196124060754
b0716	-1.04738811484874	-1.01257596190862
b0717	0.399841052246766	1.21315335613674
b0718	0.888973655840175	1.296230434328
b0719	0.907208566127512	0.33454520858668
b0720	-8.17068761378658	-7.95342129342529
b0721	-0.400673232940088	-1.10568556853972
b0722	-0.367468621536751	1.12473334212839
b0723	-0.612883907793597	-0.623995434545636
b0724	-0.951801399059688	-0.336965429928766
b0726	-3.84776093918097	-2.28082048937796
b0728	0.517930734991431	-0.538955446872686
b0729	-0.909916804890662	-1.17418467942983
b0730	0.66309114260863	-0.0038139945815219
b0731	-0.214559145013991	0.635059122316082
b0732	1.41934621054611	0.723239434152453
b0735	0.505543228538493	1.94338908783028
b0736	0.472735505088932	-0.350055888986632
b0737	-5.18630092595757	-3.36085973419446
b0738	-4.13407244067553	-3.30166250485969
b0739	-5.4135785618722	-4.68217345733183
b0740	-5.2474839930681	-6.68674659453927
b0741	-4.65363769200705	-5.46954127838396
b0742	-1.06070218344825	-1.10206632419608
b0750	-4.90500901116749	-4.17111357302554
b0751	-0.321358859051501	-0.0867411057108981
b0752	0.281080334311415	1.33239682855688
b0753	0.663914875247993	0.0872455627595007
b0754	-1.29881644177944	-3.19082500139246
b0755	-5.18295009181377	-6.32879642281315
b0756	-0.295998004400498	0.526704494130408
b0757	-0.178334424526113	-0.417610702680965
b0758	-0.872021945937634	-0.95747976957749
b0759	0.669693261464392	1.06578818841035
b0760	1.21526853509806	0.996327306401995
b0761	1.24125821272889	1.74539825811862
b0763	0.269753195947251	-0.325047019640172
b0764	1.14392821078369	1.80370591260268
b0765	1.68413185024422	1.2617989120966
b0766	0.414943182966321	-0.295382578162769
b0767	-4.36202555593329	-4.23176939341531
b0768	-1.06158611598684	-0.664569040160742
b0769	0.0608012771895492	-0.031199841403996
b0770	0.223698917638184	0.320101161211297
b0771	-0.0455879162599055	0.71730093606092
b0772	-0.331080864246519	0.0503103553189369
b0773	0.372216681979131	-0.476601224773059
b0774	-1.32041840621434	-2.63700349740465
b0775	-2.02727864766953	-1.36064368254001
b0776	-1.14717354274491	-0.108925177333152
b0777	-2.16131790366135	0.25429883553279
b0778	0.327166392929885	-1.03664060604246
b0779	-1.77324280111062	-0.104820126117385
b0780	-0.496818913787316	-1.3549605345254
b0781	0.751710097557561	2.26884415481553
b0782	0.651904381274018	-0.923849351513944
b0783	0.234645607601519	0.0334984809581395
b0784	1.8991914683832	-0.253815009541531
b0785	1.85664723641885	2.05693533506236
b0786	0.399247923612805	0.388712953506678
b0787	-1.21278539763768	-0.775446076122302
b0788	0.630023423237686	1.4126615413241
b0789	-0.502167568461105	-0.191110227574465
b0790	-0.13505658951302	0.739229713058346
b0791	0.656275145796437	0.205723031613772
b0792	-0.490139898344514	-0.508094130029396
b0793	0.227111736520889	0.610981729569242
b0794	-0.72549437882563	-0.312743456650311
b0795	0.551617930337696	0.576940429951326
b0796	-0.629512657943248	-1.50085381904012
b0797	-0.869812778879791	0.269941302045816
b0798	0.592458704360085	-0.466358127456171
b0799	-0.0770680941556995	-0.314450195542413
b0800	-0.724681605014869	-0.890622990598659
b0801	-0.212692756832968	0.409205677408681
b0802	-0.899606284756198	0.84955159459128
b0803	0.139475650902927	0.00149730508038907
b0804	1.37450922837802	-1.18380294024084
b0805	-0.370428724057613	-0.0353570402333203
b0806	-0.35886124274884	-0.132977535944533
b0807	-0.153057902456991	-1.29682891006117
b0808	-0.30964922821641	-0.407400374773956
b0809	1.37198941767263	-0.554380072436598
b0810	0.390452490825722	1.08280083926819
b0811	0.190729725243013	-1.3978711580222
b0812	-0.930606253539715	0.580853761392039
b0813	0.43118792361276	-0.0639625372244664
b0814	-0.529100016175751	-0.300031729974433
b0815	1.56906738821598	0.302169512537365
b0817	0.317711777628597	-0.150714618968015
b0818	0.498221900724589	0.626840055256337
b0819	-0.383776499539968	1.17419648012415
b0820	0.123830593432098	-1.67621635087188
b0821	-0.617202431142452	1.81642884873606
b0822	0.570240759707911	-0.628472075822785
b0823	-0.548882414263517	1.59180356342699
b0824	0.812869876953864	-0.597415696390756
b0825	0.936354302331531	2.70658235745762
b0826	1.94887975110176	1.77719300326094
b0827	0.801278319166741	0.87468108924318
b0828	0.791261282273848	-0.487085934876625
b0829	0.0456409952488868	0.170568047079175
b0830	1.93663224938548	1.91090401174109
b0831	-0.346465911535678	0.263411979577353
b0832	-0.00277543278487479	0.401138751786521
b0833	-0.417110367816198	-0.0853651996847057
b0834	0.12528342944302	0.307493812861437
b0835	-1.02197578974064	-0.208911368650121
b0836	1.6372964410911	0.739493648504644
b0837	1.35540175247886	0.672252182451119
b0838	-0.906237177256198	0.138203048776536
b0839	-0.842350227220014	-0.730970034039591
b0840	-0.964861502673401	-1.60610866625451
b0841	-0.939102593663985	0.108407503615658
b0842	-0.0561917087698281	2.29080125503557
b0843	0.699139144795186	-1.07956270339772
b0844	-1.24265268990957	0.053096411304337
b0845	0.501291726242015	3.90480459814687
b0846	-1.67384381709621	0.037373856061852
b0847	-0.393957730100376	0.666479478072464
b0848	0.0841490610788563	0.0058675301302953
b0849	0.43448194269564	-1.25610791271583
b0850	-1.44599623666039	-0.539697275838733
b0851	-0.0230815008147545	0.115721741987133
b0852	0.143817610840346	0.662603948972969
b0853	-1.12899415156807	-0.45682258799967
b0854	-0.196955187546154	0.252022559772413
b0855	0.219911411057472	-0.465688198871657
b0856	0.445550327826955	0.827806147908999
b0857	1.39689171322178	-0.420991025310228
b0858	0.551147679274843	-0.847300506251463
b0859	1.55998638228605	1.15671445214268
b0860	-0.414817271059662	-1.43111211131267
b0861	-0.235564700959006	-0.752333837601975
b0862	-0.428406123764992	-0.55644085548368
b0863	0.809020463940209	0.744131220517857
b0864	-1.20119798196271	-0.509307447515451
b0865	1.63213429519756	1.23173596978713
b0866	0.522982584358417	-0.359674075622751
b0867	-0.713064671927345	0.0904030498516356
b0868	-0.209237328812	-0.108282185651377
b0869	1.01302708753556	-0.0156336572946977
b0870	-0.694262438367362	-0.877242810392659
b0871	0.355334670321898	0.0442923169660549
b0872	-0.935267830293555	-0.917788978397434
b0873	-0.932722132969355	-0.302837179187736
b0874	-0.78781400491631	0.0826528470356934
b0875	-0.924246893573164	-0.386609295906284
b0876	0.764172915741524	-1.97615405850266
b0877	0.866376480325254	0.968963120786695
b0878	-0.534646178874922	-0.411133250334027
b0879	1.33290519358682	0.102800920736308
b0880	-1.88373047119681	0.680352756574102
b0881	0.723617005699705	-0.875823886079477
b0882	-4.61449122717756	-4.72511543745792
b0885	-0.0353967433921118	-0.0488495588627929
b0888	-3.2112222894939	-3.92144610038753
b0889	-4.24100937422176	-4.9113890138029
b0890	-8.09994533236029	-8.79778725476642
b0892	0.444968188608176	0.630643270561703
b0894	0.61576407478057	1.30853778430088
b0895	0.872070800210919	-0.155325324248563
b0896	0.521317161049285	0.792230382258816
b0897	-0.31232847897858	0.69229616925302
b0898	-0.495079206347292	1.01829326829841
b0899	-0.117359990471593	0.327597465930052
b0900	0.74940532436557	0.246297810321333
b0901	-0.542609983018887	-0.083826260090646
b0902	-1.3348114367982	-0.955901782311911
b0903	-2.07910018037196	-1.54705763762027
b0904	0.101263034148444	-1.15111581028513
b0905	-0.57343309742864	0.323318195478155
b0906	-0.562440564181003	-0.182971655863054
b0907	-9.76656631184824	-8.89439339700407
b0908	-10.1472097320257	-9.04277771679961
b0909	0.426718183858226	0.832505913521275
b0912	-4.6329829945924	-3.82522747416544
b0913	-0.410451517164124	-1.97614490429036
b0916	0.876669745829867	0.869845132625655
b0919	-0.436333551439805	-0.573508042962226
b0920	-0.435036725061791	0.247740040251237
b0921	-0.325665546389288	-1.08724495825917
b0925	-0.827587582140141	0.309555535257015
b0926	-0.770168949742465	-1.315924436389
b0927	0.036237586928059	-0.0352135775447417
b0928	-8.40043776795554	-5.44936953518135
b0929	-2.10477714334552	-1.67211392309181
b0931	2.1818079485553	1.35967835274736
b0932	-0.368895595034714	-1.39107475870412
b0933	-0.353961324377836	1.0148389764981
b0934	0.694619054294942	-1.48373168679081
b0935	0.300216596273695	-0.931910104291598
b0936	-1.41998063450947	0.84920887635867
b0937	1.2469105275884	-0.228224940601332
b0938	-1.447958737313	-1.31214642980164
b0939	0.910345082334151	-0.511196127113702
b0940	-0.109425240327879	0.996628966064783
b0941	-0.0702581455010308	-0.554598899685938
b0942	-0.547601401394699	-0.466744631404116
b0943	0.703048930611573	0.514100546971396
b0944	0.100626574361612	-0.431025760322036
b0945	-14.7672022471196	-12.9513700861931
b0946	-0.44168505458227	0.120582470274853
b0947	0.59024148701756	-0.587841690212598
b0948	0.700734345329346	-0.496424497983059
b0949	-0.731537593984314	-1.60449761359429
b0950	0.118460265915185	0.104589697796763
b0951	-0.738673147834439	-0.0390270757729558
b0952	0.348344531465362	-0.605271231343942
b0953	1.30417895840434	0.922076672709282
b0955	0.865161568570541	0.254833861804088
b0957	-2.42523338400594	-3.76715311496598
b0958	0.519873978429014	0.285731317937
b0959	0.217867857777817	-0.654542664478853
b0960	-0.570105553588861	-0.32115197916117
b0961	1.35573456929362	0.746793835497612
b0962	-1.76230514188877	-1.45248351438009
b0963	0.776924561127378	0.471433857313349
b0964	-1.32092777524027	-1.39915312859578
b0965	-0.099502956197794	0.244978006499269
b0966	-0.436066812267869	-0.219260570633355
b0967	-1.66987462656106	0.789158248864104
b0968	-0.234728985624168	0.289763110124617
b0970	0.134999416515235	0.244737420979493
b0972	1.49765431381481	0.523743943873604
b0973	0.697884852169887	1.14082345923416
b0974	-0.709166443310809	0.418032997053621
b0975	-0.116250561297937	1.26600492281501
b0976	-0.18072347905097	-1.01555741224686
b0977	-0.0662548673484727	-0.0825560605566663
b0978	0.970315311397617	0.073527573628834
b0979	-0.142776676536904	1.19527919291255
b0980	-0.254481757315464	-0.290150508220077
b0981	-2.24816097631708	-1.2181337293043
b0982	0.584830476253292	0.207227786708047
b0983	0.333582601838346	0.297052829398173
b0984	1.61494200392004	1.83286622772623
b0985	0.849916044003684	-0.715453372798767
b0986	0.59934207230448	1.02529362298861
b0987	1.1975733499793	0.625005088235689
b0989	0.25350434896315	1.45671173757362
b0990	1.07686895020257	-0.0664139344795353
b0991	1.36049276636826	0.698739714839212
b0992	0.666393411661281	1.10457238936702
b0993	-0.474211013355869	0.0622934188736994
b0994	0.0010143172292787	-0.271577925921804
b0995	0.261575178029359	0.731494075889984
b0996	-0.839865586671422	-0.422637095392494
b0997	-0.381983135717842	-0.170034067797497
b0998	0.81874472972671	-0.704501070195592
b0999	-1.47327042741667	-1.26829753188763
b1000	0.854100793513319	-0.224709702829881
b1001	-1.00576600031279	-2.11860927717239
b1002	-0.476023561759872	-0.0579751609204747
b1004	0.315674454636963	-1.51005741542058
b1006	-0.960240042445781	-0.0974358449206637
b1007	0.174404089744184	0.0461301150388842
b1008	0.0910344252243951	1.49531686877799
b1009	0.0568727375739814	0.0527994088787792
b1010	-0.410293242012453	-0.0474448886032975
b1011	-0.134079583159165	-0.312650646211141
b1012	0.406035816226383	0.165197636717856
b1013	0.0390219887796539	-1.29194413979052
b1014	1.20508778105796	0.812010187143355
b1015	0.24506884300353	0.683422094119061
b1018	1.5099610301274	-0.0651601169811375
b1019	1.01116501836589	2.00732806119682
b1020	-0.0332722447423526	0.0156799602461752
b1021	0.850314396901887	0.769638522640528
b1022	-0.112481472946124	0.335662078360417
b1023	-0.171163810906573	-0.734893839147538
b1024	0.617631909396608	0.602601269383203
b1025	-0.487674231506751	-0.0303988847061269
b1028	-0.2959071418381	0.496387146278984
b1029	-0.372394924063464	-1.89582006730542
b1033	0.777262257541424	0.886005574164901
b1034	-0.150462304188057	0.378716064268475
b1035	-0.195186801467168	0.551074088589391
b1036	-0.97797040028869	-1.93105488097416
b1037	1.24570009029282	0.252072391566296
b1038	0.527671104244603	1.32877976947177
b1039	-0.735406979325222	-0.555635092386849
b1040	-0.130164160636731	-1.0029955281944
b1041	-1.35825638247661	-1.21959011041875
b1042	0.241745729626616	-1.11297743102487
b1043	-0.191713753013855	-0.0214282500483629
b1044	0.4629282076459	0.0850619934738745
b1045	-0.877749717314994	-1.44975480046492
b1046	0.473637132245605	-0.323105295045694
b1047	-0.629807164792728	-0.417266347059056
b1048	0.0256554889687473	-0.846495702721591
b1049	-0.0251969503210765	-0.83843133840487
b1053	1.79689383180881	0.232557587673048
b1055	-0.146967400457695	1.01678110247631
b1056	0.0782628177553409	0.321292983268696
b1057	0.578905147330303	0.257812536271413
b1058	-0.92258608239147	-0.0250423624118983
b1059	0.840442305582754	0.494853670370622
b1060	-1.08015837768958	-1.57526259207324
b1061	-0.417393081575813	-0.0034932170962727
b1062	-11.3481953938972	-10.4816425655973
b1063	-1.34840666926279	1.07581890241434
b1064	-0.571923324215518	-1.62535988985112
b1065	0.742036710386231	-0.865102499442452
b1066	0.707424790100488	0.985836352639114
b1067	0.998909020910442	0.432112154588642
b1068	-0.213357659069619	-1.00985352400604
b1070	0.367936705367772	0.997999956406157
b1072	-1.67694111452507	0.137049546304334
b1073	0.764828312401602	0.408003832978722
b1074	-0.538862229936249	0.0733692843443416
b1075	-0.189671533831143	0.877108820105902
b1076	-0.121688383032244	-0.064913086807813
b1077	-0.272491428220676	0.376024087914546
b1078	0.269477592796997	0.574957054870922
b1079	-0.642645400782685	0.152856233629779
b1080	-0.144354318160907	-0.987164458712725
b1081	0.559679054752732	0.561222827749657
b1082	1.17074666025013	0.826134237339779
b1083	-0.855997872596882	-0.077153975875443
b1084	-3.5408122594207	-5.77015567711801
b1085	0.160642024590535	1.56854589795455
b1086	0.59675722917161	1.00536689676984
b1087	-0.0267653156543191	-0.0230577455389387
b1088	-0.388693997290636	-0.114379143720485
b1090	-1.17391201466486	-0.135739015730624
b1095	1.95087442704921	1.44136479222183
b1096	0.75755316469386	0.622613762239957
b1097	2.10367981510143	1.61534486437719
b1100	0.7332988391562	-1.26315714340489
b1101	-5.51618237571488	-5.06380490868224
b1102	0.209436280193907	-0.381528936805167
b1103	1.07812417809658	0.284224935245088
b1104	0.755649297346569	-0.610174334205087
b1105	0.964583066745616	1.17854591503405
b1106	-1.41359371334719	-2.36009428136508
b1107	1.32769978068286	0.165984800982366
b1108	1.59356736983662	-0.477408111401151
b1109	-1.72897175456342	-2.73222895790328
b1110	-0.62643713185071	-1.1442867369004
b1111	-1.12926324741639	-0.671948300732761
b1113	-0.855053592835078	-1.14510062216994
b1114	-0.405449529863877	-1.36464909434128
b1115	0.301191082307179	0.690262199445105
b1119	1.26178015863483	1.47037705574369
b1120	-1.18370102592789	-0.201419678768177
b1121	0.118517211134565	-0.783321333630976
b1122	1.0104954112873	0.797134326307146
b1123	-0.249028514898159	0.135817040910749
b1124	-0.260086701969291	-2.16100274745698
b1125	0.148348989898883	-0.231679684345595
b1126	-0.666562314415414	0.519487826843439
b1127	-0.499404561779732	1.33038414697566
b1128	-0.133870458969665	1.8813994654469
b1129	-9.49644750248508	-10.0943975694196
b1130	-6.44451767828081	-6.40677551525771
b1132	0.558114671395653	0.314173585036932
b1134	0.297194826360939	-0.174228777992707
b1135	-0.496916737263077	0.423325321500817
b1138	-0.753575771913673	-0.257569036348423
b1139	-0.205325911365051	-2.16149598830221
b1140	0.790469338861954	0.343735095787701
b1141	0.13573593405679	0.419182583219641
b1143	1.18295466988359	1.18518542676935
b1144	-1.20002313605817	-0.632411439102465
b1147	-1.6689002734606	1.59031961224468
b1148	0.444213877828334	2.78248233304222
b1150	-0.227582442173731	-0.484547325995261
b1151	-0.740771913802603	-0.232956622775096
b1152	0.46151854804587	1.60591159836382
b1153	0.624323191231622	0.705354969108416
b1154	1.66090992824406	0.770083186265161
b1155	-0.23327138655669	-1.08977332250526
b1156	-0.456655823828634	-2.34766793611008
b1158	1.07782824559465	1.02419639050791
b1159	-1.22109239793764	-1.24593038167202
b1160	0.449516550759927	-1.57784438772457
b1161	0.0786572668196387	1.19965090253379
b1162	-1.18391735028999	-3.15729400207421
b1163	0.438825771883944	0.115651469237824
b1164	-1.0988279826852	-1.04796665546523
b1165	-1.37885124064798	-1.28261384919945
b1167	-0.676914554371595	-2.09992630381545
b1168	0.191909161841659	-0.116916263628317
b1171	0.031959377310723	-0.255952055856751
b1172	-1.98005860487826	0.158641033243903
b1175	-3.21076892310031	-0.469316134035486
b1176	-2.63551091305795	-0.20420933502779
b1177	0.0332867358941365	-0.0591586360638797
b1178	1.38205322979496	0.202594144730293
b1179	0.778453672451387	-0.0355996331507284
b1180	-0.32076234649304	-0.653664141722583
b1181	0.765972916774381	-0.337052150299345
b1182	-1.71932902167209	0.345843411360657
b1183	0.529000225254916	1.28148366928423
b1184	0.812384484960273	0.714479223194589
b1185	-0.582306741920527	0.328143600448405
b1186	0.128427909176462	0.550364673353434
b1187	0.160460877883038	0.299796186015146
b1188	-1.92317607809121	-1.41398959633018
b1189	1.33341566938748	1.01932035903891
b1190	0.077014084784962	-0.0389560870190625
b1191	0.395831422282457	0.691758143828295
b1192	-7.76098969542708	-7.45735676560969
b1194	-1.43161252521322	0.878185819644899
b1195	-1.13431436955182	-1.37970115916102
b1196	-0.740832796251178	-2.03311765771304
b1197	-0.0287650771795443	0.0816481291786035
b1198	0.470849030640512	0.310518208966759
b1199	-0.546141853945634	-1.19037826696728
b1200	0.967246358461229	-0.238501277219436
b1201	-0.720970817064682	-0.369110453450809
b1202	0.456629053815921	1.3010097130832
b1205	1.38548786961301	2.11261403136002
b1206	-0.0342695558350783	0.455211757028725
b1213	0.328290131660598	0.0147683040257947
b1214	-0.0638226228492733	-1.19867934160793
b1216	1.1582925383083	0.226156836620688
b1217	0.282910507715686	-0.0235133805075484
b1218	-0.382261222099075	-1.484203893104
b1219	0.485020546654927	0.758090035182739
b1220	0.935482322932905	0.571175056788573
b1221	1.18952815325184	2.54172504114147
b1222	1.53665551732549	1.82676215774021
b1223	-0.302679038470303	-0.708130826307998
b1224	-0.205381353029382	-0.0507928282535375
b1225	-0.981779442219265	-1.44130221751984
b1226	-0.177836933496499	0.324850277021875
b1227	0.995748951154322	0.790762474571749
b1232	-1.50954669113249	-0.447185938244616
b1233	1.27884571714307	1.32884148335839
b1234	-0.933111917385071	-0.689492905401068
b1235	-4.43276908111411	-4.02542473602239
b1236	-0.446315664498902	-0.720303258459449
b1238	-1.09241655284221	0.877251039062879
b1241	2.04608391474651	0.973311410092523
b1242	0.31836572839969	-0.884363139527362
b1243	-0.487302184366955	-0.285307965567467
b1244	0.119545382964532	0.399990596649048
b1245	-0.2255762140322	-0.530859214509217
b1247	0.527874811533213	0.98781844821631
b1248	0.151476994283247	-1.28268492697088
b1249	-0.719798594559721	0.939279908685089
b1250	-0.943619390941707	0.78567779948502
b1251	-0.376561769083533	-2.12996918427257
b1252	-3.87682649027546	-3.23618063628551
b1253	0.327923356150941	1.26201980217371
b1255	1.45952123005672	0.394109534999656
b1256	0.63689115306666	-0.305959463586423
b1257	-0.295412984473874	-0.78783250287744
b1258	0.388896331409165	0.0339959235270708
b1259	0.408045099816683	-0.25761765819828
b1260	-7.71737351807748	-5.7280449444198
b1261	-5.38136770656046	-4.86297744929604
b1262	-6.09296877466848	-5.32561611625401
b1263	-3.03732332021746	-4.59916810416237
b1264	-5.69885915794204	-5.23619953767594
b1266	-0.435638094829862	-0.563420731040085
b1268	0.597613253923227	0.206825482107872
b1269	-1.54317583569218	-4.28508044025739
b1270	-0.541765829673681	-0.922959435466815
b1271	0.336751812823421	0.359458195756837
b1272	2.09169013624593	0.111176714454475
b1273	-0.829314031063451	-2.42985276475218
b1276	-0.179991199120976	-0.472086153249968
b1278	0.967209339794527	0.702586848747369
b1279	-0.501398761476253	0.263349880937391
b1281	-5.32762479434605	-5.38118563369268
b1282	0.109406590697756	1.3876262527679
b1283	0.402987975370305	-0.725806542797265
b1284	-1.80860279130062	-0.198302469092469
b1285	2.1357726633207	0.288681162714955
b1286	-3.07650634099457	-1.60525296745105
b1287	-1.13352845479721	-0.436333581029098
b1289	-0.570628535669228	2.21217153304084
b1290	-3.06263576480106	-3.30169415951426
b1291	-2.96871392371558	-2.77848530953271
b1292	-3.97863961600565	-2.8222844012425
b1293	-1.89066056310872	-0.344208250805077
b1294	0.133508685837497	1.191585723556
b1295	-0.541901838346033	-0.362080156370388
b1296	-0.138782804464031	0.810110475339329
b1297	-0.0917283451810978	-0.803764616622552
b1298	-1.76513579501154	-0.0417707988661664
b1299	0.120799363906997	0.605048611073643
b1300	0.0217390396791785	0.319901117782866
b1301	0.0607662997315078	-0.110908493395445
b1302	1.75628848429815	-0.0363212454377398
b1303	-0.147132475106974	0.642415498448538
b1304	-1.50560792525316	-1.28561274511799
b1305	-1.25491995260443	0.681368363571298
b1306	-0.975474416918019	-2.2596598954782
b1307	-1.31976220746673	-0.475562063971412
b1308	0.0237003179887451	-0.0537645007706982
b1309	0.0416088717043554	-0.965455912429093
b1310	-0.431844353911923	-0.0587692502835399
b1311	1.36727907514791	0.887158265627552
b1312	-0.823519727676027	0.525559943672972
b1313	0.436751769875692	0.666431072605091
b1314	1.1253251884703	1.13912060505057
b1315	1.17643140471472	-0.228941086837539
b1316	0.046954123973407	0.263772033641363
b1317	-2.00026301464536	-0.588941264293413
b1319	0.137564297097132	-0.22904615885302
b1320	-0.34392265209472	2.22357389163403
b1321	0.417719705795392	0.134181611549445
b1322	1.90965444428226	-0.9136401363782
b1323	-1.84977084308432	-1.45396168696751
b1324	-0.069492967629451	-0.426514911262889
b1325	0.119730893904912	0.459446612851924
b1326	1.33832402344008	-0.524775818372827
b1327	-0.187126425118278	0.204081472779107
b1328	-0.386849574332404	-0.820999873861433
b1329	1.0052749177388	1.302747801892
b1330	0.707688855104977	0.326590842026591
b1332	1.00719236376228	1.15855908310056
b1333	0.20281424856398	-0.190557626327174
b1334	1.40536907513081	-0.444805383409747
b1335	0.275423359486884	0.938049546731885
b1336	-0.174911103624203	1.1180804705252
b1337	-0.296009345248358	0.411962067702496
b1338	0.546386472180525	1.4269570218538
b1339	-1.39242150973648	-0.684812247003149
b1341	0.544476071467312	0.542884521942258
b1342	0.862184212495122	1.87192255660282
b1343	1.25172500652411	0.208867853640881
b1344	1.36998682578146	0.740263282955891
b1345	0.997161483649527	-0.403411277756098
b1346	0.120855227066438	0.0346276570960218
b1347	-2.05418567570788	-0.0758628457321325
b1348	-1.78655389568398	-0.147761824707075
b1349	0.129620549744402	-0.0902496820099211
b1350	-0.802684504060372	-0.012030634061049
b1351	-0.508645166519703	0.0721012964145292
b1353	-0.509039865993301	0.206044128960503
b4527	-0.351619240546041	0.470197517744033
b1355	1.81455930625776	-0.632646467442815
b1357	2.15408895137777	0.0131687766100598
b1358	-0.408894507442902	1.60910133848936
b1359	-0.382742235291586	-0.79145749209017
b1360	-2.21310436577371	0.543804329877381
b1361	0.938506459050453	1.55496016014949
b1362	0.530265309108837	-0.717150899029017
b1363	-3.14227368886481	-2.71272585439539
b1365	1.20837459106325	-0.154243073690075
b1366	1.72745265420575	0.341740954530543
b1368	0.972212941554317	1.17418090854922
b1370	1.12568588009736	0.520708720156991
b1372	-0.0504068889350125	0.772452334892432
b1376	1.02473326085397	0.987141242204588
b1377	0.108405765269085	-0.0874785402350622
b1378	0.599031067442783	-1.217874811273
b1379	0.40446127829373	-0.349080864384976
b1380	0.383247650394776	-0.462194416307203
b1381	1.56053077014421	1.09908133519824
b1382	0.635629856644598	-1.64659445333274
b1383	0.261199867009517	-1.85671628413304
b1384	1.18698331972901	0.964255481236093
b1385	-0.0617181745860595	-0.353467908552267
b1386	0.266784702969113	0.657148738123343
b1387	0.0565351397019295	1.37666589143338
b1388	0.180257862279024	-0.0417069134766255
b1390	2.73851489517427	0.638106918502941
b1392	-0.580282671192764	-0.191955847339394
b1394	-1.02301209628233	-0.591071094250572
b1395	0.634090820880464	0.0473472409288435
b1396	1.45353717717759	1.70940819806686
b1397	-1.02557375713172	-0.423085828725808
b1399	1.02604454908483	0.698704283814983
b1400	0.965399888155729	1.9173112486675
b1406	-0.27281353066161	-0.211838834098621
b1407	-1.09833183854763	-2.16709412165278
b1408	-0.446996688004118	0.495553990860295
b1409	-3.53780798597865	-1.37933789094718
b1410	-0.149742298521264	-0.8481145944289
b1411	0.462798161303785	1.47495633945025
b1412	-0.30950327323043	-1.19294219927763
b1413	-0.434087461422529	-0.938575822088736
b1414	-0.0467136884671979	-1.47613179101477
b1415	0.0338403531194705	1.08488402546248
b1418	-0.309718952029708	-0.539079128633562
b1419	0.379857554344083	-0.876385066373591
b1421	0.868342098080958	1.06371177303999
b1422	1.57924389522109	2.23298544524887
b1423	-0.505366903876752	-0.446902626722127
b1424	-1.3806443278321	-1.97421980773997
b1426	-1.08454670416764	0.297661319252621
b1427	0.271450448511802	2.22136905667532
b1428	-0.264051156405187	0.468704346150967
b1429	-0.194252766452276	-0.569804411260124
b1430	0.815899919471632	0.992636892855437
b1431	-0.930056870130041	-1.38813945275612
b1432	0.716060233265373	-1.03038458318825
b1433	-0.285678273436808	-1.64471202901378
b1434	0.0392369833537613	1.72454545681648
b1435	0.769829653768039	-0.0228187838733476
b4532	0.873470363394599	0.194912824267634
b1438	0.202940258951517	-1.38206163420576
b1439	0.732775305935556	1.6118858923189
b1440	0.501044065220945	0.0261892356588594
b1441	1.58435914254046	1.54998744000662
b1442	-1.36355301323147	-1.13290855926265
b1443	0.574229009403135	-1.19330672842722
b1444	0.350003850310487	-0.36666455535315
b1446	-1.02331676564933	-0.52343020530656
b1448	0.675685790174123	-0.118033651250855
b1449	-0.180883084653434	-1.30239437801546
b1450	-0.170832804438805	0.889202253106491
b1451	-0.268335593770217	-0.381290463937494
b1452	-0.714624649006644	-1.02881046852527
b1453	-1.22905395920314	1.79370841041688
b1454	-0.185013534349436	-0.431119272455673
b1456	0.108733399135044	1.17214659988081
b1461	-0.706945228369247	-1.37386223763034
b1462	1.49024083083042	1.56468480961982
b1463	-0.0612341612422597	-0.0068095948778758
b1464	-0.0503001731355665	0.468575286163476
b1465	0.161745203165261	0.246559256932528
b1466	-0.307868997187842	-0.376337401020992
b1467	-0.282813966341939	-0.843341982831414
b1468	-1.49732942657859	-0.134942547509709
b1469	0.218774510481635	0.748385989047799
b1473	-0.0818521375302963	0.300094235140068
b1474	0.81356444751532	0.403226515720103
b1475	0.271730492194838	-0.954969711069252
b1476	-0.225470277737427	-0.552336912990754
b1478	0.511092115381308	-0.560800679316793
b1479	0.449303475496624	0.0480580468099029
b1480	-0.865103516337415	0.772552171395705
b1481	0.306967927989797	-0.924092989756475
b1482	2.09093496416782	-0.201357588876914
b1483	0.44341856555701	-0.0823319819558641
b1484	-0.544384650688439	-0.562282777243737
b1485	0.546652818851991	0.182721054489163
b1486	0.358337248820471	-0.0730614537327976
b1487	-0.797222504898827	0.871963346568886
b1488	-0.730721465226949	0.454114893552867
b1489	-1.01280912347171	-0.992192731504002
b1490	-1.21041981112781	-1.60570936869779
b1491	0.275585761504042	-0.348041054104837
b1492	-0.933368298902594	-1.47756410508566
b1493	0.576419932471689	-0.390788496337511
b1494	0.459877886865946	0.791886216390996
b1495	0.59618340527335	-0.139590489347862
b1496	-0.251351460565238	0.241078904906475
b1497	-0.783670921925121	-2.61811827444227
b1498	-0.634392529664752	-0.0260539373576519
b1499	-0.628238761364872	-0.665432654937744
b1501	0.180053341963745	0.599228683558188
b1502	-1.06879124251136	-1.20613248068655
b1503	-0.242929452696882	0.204186306375681
b1504	-0.266696832530406	0.624920529783737
b1505	-0.599138804317254	-1.54648295669685
b1506	-0.915024047024765	-0.78746664700301
b1507	1.25953274676168	0.689643220075205
b1511	1.26691290391561	1.06811298038397
b1512	0.302049141351317	1.48942682741056
b1513	0.189582838524062	0.151121850118735
b1514	-1.03789144332828	0.259459432397937
b1515	-0.540955127340496	-0.407121895986861
b1516	-1.50876209261075	-1.88786334465765
b1517	0.556490047477323	-0.665224470934926
b1518	-1.02709038368305	1.02840083136709
b1519	0.21017177337698	1.82666722225208
b1520	-0.806854788348588	0.00992156988868841
b1522	-0.0537495196913763	1.0909056303351
b1523	1.5337639951682	1.94802211101382
b1524	-0.92864063484901	-0.172819682969881
b1525	1.66392030771226	-0.0254564941697181
b1526	1.20360663140044	2.45747359471801
b1527	-0.957929850900888	-1.58249283527814
b1528	1.01587111652695	-0.350578403687054
b1530	-1.24979573164137	0.848517109530881
b1531	-0.913543672911064	-0.439880360418407
b1533	-0.218147372303664	0.698157136304058
b1534	0.539097383449415	1.06960927800556
b1535	-1.22992650268584	-0.251795471263088
b1536	0.0729783662253444	-1.14512502953854
b1537	-1.89201977814234	-0.264129060029768
b1538	1.3099329628966	-0.919037543054526
b1539	0.362639573105982	-0.454102087665257
b1540	0.187544965970592	1.57470899863091
b1542	0.400664324774782	1.47226667527317
b1545	-1.60148397721117	-1.7105798982453
b1547	-0.891309278137343	-1.69114194720898
b1548	0.51912263391961	0.479520232891217
b1550	-0.909751249778822	0.94352334901
b1551	-1.69020674319697	-0.750117964848437
b1553	0.801935918224178	1.85348088365889
b1556	0.460451395740094	0.95712141155321
b1557	0.8368846406451	-0.98338916144269
b1558	-1.10900083906198	-0.131429293533697
b1559	-0.956678509690368	-0.00847033696963301
b1560	-0.893750766352879	0.904965111656746
b1562	0.167373800936657	1.33782502367003
b1563	-0.169958788349194	-0.014127120920626
b1565	1.22409711364811	1.88038292265344
b1566	0.41408701924037	3.37188244054704
b1567	-0.902575292852475	-0.803847883246384
b1569	0.562359902170372	2.27043151632199
b1572	0.234887248601279	0.425032798188282
b1573	0.299211574875134	0.591297098010674
b1575	-1.27077539569279	-0.170372171023391
b1576	-2.24087672728451	-1.01996531075546
b1577	0.248637613517611	0.509991737254899
b1579	-0.277666561294374	-1.89685025531787
b1580	-0.82825339374056	-0.696134075639984
b1581	1.41091593136515	-0.162593234469068
b1582	1.22988245445598	0.973352910271266
b1583	1.38092612524554	0.98303269624166
b1584	-0.221529658236195	-0.60724815847969
b1585	-0.0619082723834552	0.0979356318344375
b1586	-0.228222629105366	0.483627090248336
b1587	0.17942189266175	0.429960257097862
b1588	0.0712961287311259	-0.289636722918537
b1589	-0.726793681165072	-0.661666163107433
b1590	-0.117779272271884	1.50022049201369
b1591	1.99162971709721	1.23093967188324
b1592	-0.200204623740984	0.690140666485208
b1593	-0.900431883052105	-0.985669305639099
b1594	0.0449710716691631	-0.207586060946865
b1595	-0.36526875105049	0.0874279447281041
b1596	-2.01501878598306	-0.643592136899248
b1597	0.407128177096399	0.548627074602691
b1598	-0.252035167295884	-1.28345932964495
b1600	-0.991511680317698	-1.31613283343593
b1601	1.84094561137472	0.4699142826598
b1602	-1.78421651691392	0.507397969398588
b1603	0.893283550430241	1.35771687676342
b1604	-0.981103422181968	-0.939527298216039
b1605	1.32350963969183	0.695783685575772
b1606	0.875140574295904	0.683697664296469
b1607	-0.546533330898027	1.67528328761076
b1608	-0.0513092494366949	0.73305741939367
b1609	0.564905371617961	0.708818439716078
b1610	-0.0760317215779143	1.07182104554969
b1611	1.11269199694406	0.178487317084576
b1612	-0.149746641713327	-0.441427585694579
b1613	0.206365461803678	0.839487302929493
b1614	-1.30441391057066	-0.98565645995335
b1615	-1.49728431318302	-0.103678884290081
b1616	-0.759398991058256	-0.348958879122154
b1617	0.535252513121208	-0.544427166831909
b1618	-0.436238547630186	-0.52155421276338
b1619	1.38894788574997	0.892045352062371
b1620	1.68433620741416	1.4554040967146
b1621	-1.18289173647764	-0.812327766870954
b1622	-0.204718908496599	-0.352997709523242
b1623	0.942452677743945	1.33933358738198
b1624	1.34960990149566	0.150946825652221
b1625	0.629572864990828	-0.485332416136037
b1626	1.19745756642523	-0.537471526459665
b1627	-2.30786887355903	-0.796363781770632
b1628	-0.50514235723631	-0.00180144031786744
b1629	-1.02031580957545	-1.18242867077623
b1630	-1.47354492175523	-2.18082196087936
b1632	-1.67635068145344	-1.45277849053243
b1633	-1.51854260562137	-0.552834794545498
b1634	1.76832646209374	2.20643787717038
b1635	-0.402446754876341	-0.0687835223471704
b1636	0.50643553161691	-0.437426324581232
b1639	-1.20743574872883	0.317764867798559
b1640	0.983849290951683	0.369481405049307
b1642	0.321283307333181	-1.08990445696359
b1643	-0.232386121461275	0.185160484209589
b1644	0.211045076835231	1.17836424364582
b1645	0.314121830702958	0.0814780688514887
b1648	0.620435340054793	0.963012833182482
b1650	-0.231533534370316	-0.0428721460994292
b1651	1.31227492077469	0.375577205428955
b1653	-0.425309583047884	-0.998081180775148
b1656	-1.32873419838603	-0.483735593868945
b1657	-0.143682815337678	-1.73765326123462
b1658	0.0909797513382868	-0.692265365948567
b1659	0.194568653101401	1.15928282505403
b1661	0.746180039322936	0.535640994777493
b1664	-0.290982637325191	-3.29803345113971
b1667	1.70900247136178	0.00944670425924156
b1668	-1.9738020154097	0.717331242410876
b1669	0.267157572477189	-0.832719368236955
b1670	0.611627537838175	-0.574196589758368
b1671	0.0292183136072588	-0.947350768806277
b1672	0.0733839611648216	-0.0780968746833861
b1673	1.95546176456279	1.40008106455468
b1674	1.16381363122161	0.387235045516016
b1675	-1.04209583863392	0.108984168831
b1676	5.05298503044816	2.86438013123097
b1677	-2.2646597226706	-1.86543514122576
b1678	0.211718920552962	0.0946227011212946
b1679	3.46669005420945	2.74607277127559
b1680	2.65525664078629	2.54546962055919
b1681	5.21289134258779	3.9750252520488
b1682	4.47651505093939	2.81112483312099
b1683	6.54473645154657	3.96840176835232
b1684	-0.917570029972546	-1.88556245522864
b1685	1.60837601254159	0.724876068302049
b1686	-1.22471327949837	0.0667411154348496
b1687	-2.26433484711899	-3.18276382597185
b1688	1.21901863121145	-0.109051770631614
b1689	1.20702554799142	-0.719042927888947
b1690	-2.20569324366654	-3.12823178465294
b1691	0.474472543039159	-1.67127204377249
b1692	-0.222034141648055	-0.851918261893731
b1693	-8.02721350032008	-9.14784632521367
b1694	-0.0265201610191209	-0.147168118576676
b1695	1.19960168416025	0.275387163617334
b1696	-0.207706096222319	0.146579817892333
b1697	-0.018254133414457	-0.333434655674664
b1698	1.31764287215503	-0.617509344352577
b1699	0.323090932407849	0.0239970210551824
b1701	-1.01449369163834	0.470141793606702
b1702	0.0660762340097493	-0.310272382816364
b1703	-0.106069858330318	0.0585656659054463
b1704	-0.258831241602028	-1.56410184834023
b1706	-0.226079373087035	-1.09725876624323
b1707	-0.554734894528438	0.334838751406109
b1708	-1.69044710908764	-1.17330648235461
b1709	1.26192451905525	-0.248229044766556
b1710	0.670848503717198	-0.241967334078419
b1711	-0.741510153091076	-2.49104757584303
b1712	-2.70982637148871	-3.18322477198251
b1722	-1.27054576304947	0.28761951194306
b1723	0.308057302493973	1.11369330882666
b1724	0.657093855452114	0.487997742806522
b1725	0.635475661184314	0.835347664347921
b1726	0.903003487520018	-0.0242027531317716
b1727	-1.4099784314418	0.404647141490672
b1728	0.213132625104974	2.30808977435745
b1729	0.988174139385282	0.869583094837109
b1730	-1.53286829346065	0.238593078337339
b1731	1.13724230974369	0.754323684386694
b1733	0.852372480292058	-0.208661925640494
b1734	-1.36757311256388	-1.28845746103871
b1735	-0.824818378846127	-0.186884957317849
b1737	-0.363489656651387	0.463032049865925
b1738	-0.192198939168437	-0.31933629882799
b1739	-1.71064838185654	-0.580584652105474
b1741	-1.70956886899931	-1.33361455394074
b1742	0.46752319601625	0.0514472790291569
b1743	2.79992624547948	0.529656683458486
b1744	-0.698907589565296	-0.823110645362466
b1745	0.0895478183922268	1.4371315038594
b1746	0.318103774952571	0.312707364725766
b1747	-0.0164220185733162	0.532690512258864
b1748	-1.45945029648366	-1.2588861989647
b1749	-0.490322430424402	0.720785217597146
b1750	-1.56757537967213	-0.462224669197175
b1751	0.467677851496322	-1.56092613360418
b1752	1.27078783462687	0.540237608598753
b1753	-1.49924895982279	-0.636390371515302
b1754	1.18295700914615	1.06520393866936
b1755	-0.585282098441744	-2.68167241297925
b1756	0.1043717224025	0.947237718709312
b1757	0.594763375487145	1.58783989758587
b1758	1.69066132676774	0.832073891589815
b1760	-1.35186215834302	0.17750906945888
b1761	-1.21880538063337	-1.88842630985795
b1762	-0.913703248360321	-0.674908899279753
b1763	1.05471407708424	0.0960324795371628
b1764	-0.503701334223286	-0.101282544028737
b1765	-1.66224595869331	-2.23134045135865
b1766	-1.29806078384644	0.846645309159543
b1767	-0.176773094471499	0.739428814459071
b1768	0.584549524450533	1.12653312580321
b1769	0.00953134215141705	-0.123855144562293
b1770	-0.827966962045656	0.545183156609283
b1771	0.401912655480871	-1.39125513816624
b1772	-1.60455651073714	-2.53765118484756
b1773	-0.89573947104603	0.0286956180257332
b1774	0.762053116386869	-0.134818200876686
b1775	0.0834290318551217	-0.725988507535303
b1776	1.05289954295245	0.37303733819734
b1777	0.929878742935148	4.41777671971146
b1778	-1.17920500343192	0.411635349153553
b1780	-0.724138601662925	0.840001849704512
b1781	0.81620917029103	0.40985644912637
b1782	0.0283163772221767	0.894717933225282
b1783	-0.622181716578184	-1.19013993721159
b1784	-2.51784503128582	-1.76722526105198
b1785	-0.44265983569883	-0.896179410883746
b1786	0.34797692294872	0.325279496026782
b1787	0.821126916313717	-0.241737670288341
b1789	0.750965706271137	-0.646835469917415
b1790	-2.11393728392354	-0.479485839051852
b1791	-1.82657835293791	-0.740721673815382
b1792	-0.490754610338376	0.880016837608772
b1793	0.679716575182059	-0.419503003466625
b1794	0.832404453498308	0.849966071585607
b1795	0.590288064143329	0.0536977221237975
b1796	0.752391516215243	0.471651520451428
b1797	-0.0672165620306667	0.595006979392238
b1798	0.951690278388701	-0.82108544388988
b1799	-1.95736841154019	-1.2578410129217
b1800	0.164848634957499	0.108034840697301
b1801	-1.15491719122642	-1.75497141757363
b1802	0.850932292081325	0.262400524651845
b1803	0.647053511724243	-0.507496525453724
b1804	-0.116687769052009	-0.0859772409196689
b1805	-0.543341117630692	-1.36483650710131
b1806	-0.238424799424686	0.779347141563916
b1808	-1.42380657924073	-0.974872464869928
b1809	-0.0527834050194507	0.561599512869415
b1810	-0.812685124984165	0.437095069994595
b1811	0.320106112143052	0.702321853963145
b1812	1.20185647399403	-0.232341740623748
b1813	0.266285522413318	-0.917268978266994
b1814	0.132637913916713	-1.91476443093387
b1815	-0.44249736842263	0.0585011867047459
b1816	-0.0176416815412626	1.21100536568112
b1817	-0.650393039199682	-1.85024050598979
b1818	-0.57991858300705	-0.646918973309531
b1819	1.01398193543374	-0.31270609076079
b1820	0.635443147335714	0.995097635247129
b1821	1.02060820607793	2.63287559572151
b1822	0.107474582509811	-0.353843154161916
b1823	2.54022503756575	1.40095567827175
b1824	1.19112751106674	1.04657605191038
b1827	-2.70352191341386	-1.05702347194507
b1828	0.135230114360415	1.03836727925305
b1829	0.274228436235161	-0.373173883785541
b1830	-1.02906184554741	-0.963794440000149
b1832	-1.23510133139743	0.288513685660301
b1833	-0.828054955844585	1.09652906190549
b1834	0.115948955280183	-0.592415959163928
b1835	-0.763605320753772	1.35119258024551
b1836	-0.453959194129897	0.209094679649872
b1837	0.3574589672051	0.660300610977389
b1838	0.86179167849389	0.524502087138589
b1839	0.347924677819471	-0.922231905109125
b1840	-1.33618017814391	-1.93944922016456
b1841	1.1126409740646	0.451280086640652
b1842	0.875487966842487	3.09175731488037
b1843	-0.903933763912374	-1.38965280140777
b1844	0.722325315474604	-0.181076934327345
b1845	1.16531239254275	0.246964106802192
b1846	0.931746381759372	0.0508103712389759
b1847	0.565724650176692	-0.511887629395787
b1848	1.04399613726124	0.845490889177593
b1849	1.24214827368221	0.128178618125195
b1850	-2.82581515633093	-0.735845083047743
b1851	-0.0135080041319893	0.447676319750984
b1853	1.6934067667374	-1.60968590083083
b1854	0.420278893134271	0.197665705458056
b1855	0.312459071993158	-0.082661223391741
b1856	0.662245581034784	0.360276812137149
b1857	-3.05280885805995	-3.32009621393666
b1858	-3.70073210271672	-4.07905912811654
b1859	-5.49973762311086	-6.34509706408521
b1860	-0.864138576852546	-0.659271757306016
b1861	-1.86263346427702	-1.67565321980844
b1862	-0.450545128790695	-0.49443244596727
b1863	-3.80044030658338	-2.79872950547829
b1864	-0.33918326454192	-0.0121902020692931
b1865	-1.45374090370353	-2.36501208587416
b1867	-0.154110489580044	0.14525106944449
b1868	-0.00340194257136602	-0.656132216850958
b1869	-0.900288669389641	-0.205087355892849
b1871	-1.24659516051952	-0.810143448565362
b1872	-1.10178973788181	-0.0793169453825874
b1873	-0.777056746777643	-0.477648065790463
b1875	-0.818576677174008	-1.82891295983933
b1877	-0.837139963742334	-0.095046310896552
b1878	0.459919754979442	0.605700375810187
b1879	-0.166900501885968	0.0587906218696532
b1880	-0.0172536284734345	0.151937450766705
b1881	-0.0902870219829022	-1.62896782426083
b1882	-0.861912101780326	-0.642575528796875
b1883	0.224791766601157	-0.12228235743035
b1884	-0.540088179770011	0.13336272072344
b1885	0.320105224021649	-0.0857798057457691
b1886	-0.822421409021098	-0.694402660915894
b1887	-0.669702725043065	-0.441713839843172
b1888	0.175398690348297	-0.0571643616323922
b1889	-0.664738161788966	-0.372836417097697
b1890	0.537026174232433	1.02387546970098
b1891	0.11879922664833	-1.7996590498753
b1892	0.648647615253835	0.804010048213581
b1895	-0.191544942158872	0.600620654219251
b1896	0.643139005708975	0.705813074314906
b1897	-0.810024389496748	-1.84206024075079
b1900	-0.37643336223233	0.357865464193816
b1901	0.875690532167434	-0.349127482505488
b1902	-0.013748494014395	0.988180430697676
b1904	-0.439989765718883	-0.243963804543699
b1905	-4.26605349472239	-4.20801659830284
b1907	-0.222567122119427	-0.197702750360764
b1908	0.056635559716772	0.864775942252886
b1913	-0.090963326439477	0.678173681032709
b1914	2.1334316130268	1.32178770076192
b1915	-0.633664388582108	0.960236511396512
b1916	1.20414601000014	1.48900012634526
b1917	-0.227520732866066	0.534696108334441
b1918	2.61743748076059	1.84807628103748
b1919	-2.35654877498348	-1.13831612482695
b1920	-0.367129141524123	-1.05024463271215
b1921	1.31527646058381	-0.299075452891719
b1922	-0.0959114878097916	0.875993316824462
b1923	-0.314258268988678	-0.226411862653486
b1924	-2.4585244341512	0.400843216272503
b1925	-0.332611581628098	-0.102837758197475
b1926	-0.814599424582325	0.370516790374418
b1927	-0.478311786694847	0.190561530313862
b1928	-1.23099729537318	-0.0885119583132097
b1929	-0.40988747221605	-0.421833690656704
b1930	0.35943811066901	-0.251087874079473
b1932	-1.23318230161019	-0.707644799993822
b1936	0.0418199405253713	-0.99080048987633
b1938	-1.24421910237712	0.284503749464148
b1939	0.267756718311797	0.739793976637224
b1940	-0.27315245190887	0.190157519761267
b1941	0.672825380219072	-0.317485368184694
b1942	0.851071865660982	1.34682249293227
b1943	0.317057775455123	0.229139072709347
b1944	1.06258042804725	0.745477512749676
b1945	-0.279067605665404	0.0980401059987154
b1946	0.807862375131494	-1.33066689399809
b1948	-1.13532410018625	-0.879978989751523
b1949	-0.00916500699237769	0.06499951132269
b1950	-0.355821830147708	-0.885122131534504
b1951	0.15963600142678	0.793820617012589
b1952	-0.118805706240019	-1.14400736392352
b1953	-0.0464785524951623	-0.0460798717278426
b1955	-1.13201948063095	0.220557938130248
b1956	0.400243396741493	0.197777150681642
b1958	0.240239221448631	1.15349863610808
b1959	2.0978841064304	1.50629337157121
b1960	0.826613001235421	1.1014554249817
b1961	0.0723091740511326	1.61622036368224
b1962	-1.25712610892845	-0.245858165918255
b1963	-0.647202350437615	-0.662621425635583
b1967	0.323105638983704	1.23962666050783
b1968	-1.04089243690196	0.627483674434318
b1969	0.506208096053148	-0.0907670429805135
b1970	0.624936768417679	0.996665892147326
b1971	1.96686058030942	0.77057163433583
b1972	0.0700733488116574	0.758761715755179
b1973	-0.214980474560255	-0.377279024284652
b1974	0.0359731425186725	-0.534336545725707
b1976	-1.94002693177509	-2.37227531150105
b1978	0.295881563658178	-0.0341365609014967
b1981	0.0448945475774628	0.300427152539747
b1982	0.620536147277675	0.949868636038742
b1983	0.280189733721402	-0.674483815704994
b1985	-1.21553229346943	0.0710644258466683
b1987	0.782252183232722	-0.486481505272247
b1988	0.91233230173554	0.418789826441041
b1990	1.01999564319914	0.219946285287333
b1991	0.264797859077002	0.664470765363317
b1992	-0.0017397865859899	0.0292817026956157
b1993	0.282501550088228	-0.79889737617998
b1999	0.508856960323774	-1.44063999901949
b2001	-0.506560130912034	-0.303705684940872
b2002	1.74287012664468	0.635972167769819
b2003	-0.929657920160985	1.18386335028329
b2004	0.267277187669625	0.700940057579162
b2005	-0.287191614235845	0.12153825782072
b2006	0.471158378206018	0.737710898011641
b2007	-1.87921175789926	-3.16059725287763
b2008	0.859505883805397	-0.762071313108712
b2009	-0.471781443399025	-1.48881372791468
b2010	1.69559755425954	1.47183929404949
b2011	-0.741721505879112	-0.458455118422161
b2012	1.21459455053209	0.933783528435427
b2013	1.1850676665836	0.264149890734247
b2014	-0.899932741895051	-0.0653552309404013
b2015	-0.273131255521622	0.52498144997609
b2016	1.1314646429667	0.402424428334594
b2017	-2.65354189827054	-0.930733008373128
b2019	-5.43798526647872	-6.51914111587019
b2020	-10.183931808654	-11.0081662768068
b2021	-6.21834757620032	-7.09204295050721
b2022	-10.5982423810425	-9.86181684447974
b2023	-7.42388727271487	-6.40804763608219
b2024	-3.39448645456848	-4.78194069696766
b2025	-7.56686933260846	-7.37125108097159
b2026	-10.4103458027289	-8.794838759413
b2027	-0.476228584467374	-0.79823641672546
b2028	-0.799014549998585	-0.556368216122664
b2029	-4.12262902725532	-5.57966429814133
b2032	-0.627163069849086	-0.214269977305749
b2033	-0.476306339820526	0.991409266929863
b2034	0.201140119069828	-0.324493095454442
b2035	-1.22583554504526	0.228746489854245
b2036	0.00405609520890274	1.14861272095469
b2037	0.532309762527294	0.466493371598449
b2038	0.343250339561612	-0.346160879585063
b2039	-0.2223666483183	0.570014515142081
b2040	-0.289755703844483	-0.914171079532988
b2041	0.15507355676731	-0.0720458155397186
b2042	1.12764666152387	0.692768622252747
b2043	0.460567560826147	-0.22337434979863
b2044	0.519986320881027	1.15299122589915
b2045	-0.325506050719721	-0.253697169656781
b2046	0.221266922025353	-0.0656323172192852
b2047	1.50679080949407	0.644021816999802
b2048	-0.0504751734312172	-0.223014942986935
b2049	0.683284119998016	-0.883548289673774
b2050	0.493154334656829	-0.137072845018252
b2051	0.441529645691821	-0.639069721121077
b2052	-0.861574720830592	-0.200418567041527
b2053	0.518004458272501	0.0808021450361683
b2054	0.00716470556702759	-0.76439319779314
b2055	-1.70969292468395	-1.30670534981898
b2056	0.413128841286259	-0.786510706381436
b2057	0.305427246562072	0.280753654137886
b2058	2.00887279849854	0.380726386604763
b2059	-0.620036811373277	0.658777834187382
b2060	-0.637865071510099	0.257843123436159
b2061	-0.635435093856657	-0.195992048378339
b2062	0.232342344916269	1.08726203539889
b2063	0.165113022916715	-0.600838865514092
b2064	-4.92840925603559	-4.14082004719676
b2066	0.576345138055079	0.448383424014224
b2067	0.69334423215994	0.219036640148324
b2068	-0.31572938455829	-0.174350268927512
b2069	0.339172103539864	1.22001535999238
b2070	0.628588457175502	-0.209509013794541
b2071	-0.453460954650535	-0.74248656350033
b2072	-0.749826477115192	0.283228516383561
b2073	0.967035940954853	0.96844647324337
b2074	-0.05564607445167	0.6043597777635
b2075	-0.371027136375381	-0.515234767828756
b2076	-0.0642593916761528	-0.952393869638582
b2077	0.936262678342009	1.00781925538279
b2078	0.108104572727953	1.4503729135764
b2079	0.0763227321080987	0.503597112160027
b2080	-0.260530562327535	0.274972362236635
b2081	-1.83696503696717	-1.79533897684676
b2082	-0.620690370838019	-0.433063568619451
b2083	0.261140451263023	0.672242311799288
b2085	1.19432069731199	0.730330642930561
b2086	0.217546260363968	0.979680765253871
b2091	-0.626114492031992	0.658779194384017
b2092	0.315620552416567	0.193510893765172
b2093	-0.246302300435966	-1.06447071575047
b2094	0.234788981979557	-0.341689659793709
b2095	-0.881654551969899	0.841389496732417
b2096	-0.957053751274402	-1.65000881313284
b2097	-0.892347165532594	-0.554788018630513
b2098	-0.631926033484531	1.20033717512584
b2099	1.19561059913411	-0.320825744394862
b2100	-1.03675332641034	-2.025537443487
b2101	-1.0336863287932	-0.269895946902791
b2102	-0.149561345332489	-0.000188628120441974
b2103	-2.55488700861183	-3.61256766382409
b2104	-0.0324015230330893	0.314575258025432
b2105	-0.464837688195509	-1.26391709887792
b2106	1.06007519966001	2.54335780942609
b2107	0.665339286615496	0.770249867969228
b2109	-0.673489239119402	-0.765626335131854
b2110	-1.79025609980591	-1.52504751265602
b2111	-0.282708250389515	0.317315288142191
b2112	-0.452254719489082	0.610567651629801
b2113	-0.153238121831909	-0.736072064058552
b2114	-0.682124811437603	0.453008751614928
b2118	-0.0797527782903485	-0.447875656723583
b2119	0.457989614778585	-0.587990696657371
b2120	0.410479302443775	-0.533788808689581
b2121	0.12954018466015	-0.723481605655467
b2122	0.255038801703174	-0.984090891487179
b2123	1.7606394722491	1.25755110185613
b2124	0.50330122388065	0.899056154734843
b2125	-0.940678351683537	-0.362301457055173
b2126	0.549118973808248	-0.0738661782973476
b2127	-0.444640874160468	-0.651966711959195
b2128	1.05788772327147	1.54219937505096
b2129	1.21920534162654	0.737694299534932
b2130	0.134257284131098	-0.635289566341713
b2131	0.273416766844377	-0.870082844190882
b2132	0.192931156193811	-0.316573381718225
b2133	0.570710348676412	0.679175098568837
b2134	-0.0521906377052631	-0.203097746569574
b2135	-0.817864227596646	0.245373345037823
b2136	0.30796805973849	-0.19397007560588
b2137	1.40053454231563	0.107433348743087
b2139	0.372814204735286	0.854055403481873
b2140	0.0356655510528203	0.644778801803056
b2141	1.46394700257678	-1.17698695288037
b2142	-1.05302271983497	-0.320017646192022
b2143	0.593610792340393	-0.391711671211987
b2144	-5.23287137981479	-5.34146098542816
b2145	0.404906672498659	-0.0145096115165661
b2146	-0.251866851486146	1.21283397156411
b2147	-0.226273444129464	-0.766732209595924
b2148	0.390330945949141	1.28884104156715
b2149	-1.0464727803574	-0.790679181121121
b2150	-0.382880565713416	-0.625142234168894
b2151	0.570236451995543	1.36552153287854
b2152	0.514272437152148	0.737219952429228
b2154	0.803546565349583	2.29838149806497
b2155	-0.264059101714742	1.87984034770425
b2156	3.42101113571115	2.49434334810079
b2157	0.25052121522101	0.172554048745164
b2158	-0.786449927672288	0.221586243618692
b2159	-0.314184248519883	0.337396340518498
b2160	-0.66503327543715	-0.564889144231801
b2161	0.72836017165519	1.85545026455285
b2162	-0.127145560630406	0.812949882817193
b2163	-1.88260379528214	-0.388525574884247
b2164	0.53412055209306	0.500935839007405
b2165	-0.623125998079443	-0.569699610518899
b2166	1.21184832073212	0.964041877179707
b2167	0.226634428341926	0.0490432344275942
b2168	-0.614928125377004	-1.85153326507593
b2169	0.898048083084032	0.462403770762769
b2170	-0.711289005623941	-0.843025277633582
b2171	-0.847146884266674	-0.370534383406518
b2172	-0.0724149840625322	-0.781782922796164
b2173	-1.20965982007014	0.94523288851839
b2174	0.452102495530666	-0.567278506756794
b2175	-1.17007486706465	-1.23204757480901
b2176	0.563341590497439	-1.09156268470873
b2177	-1.45264925406616	0.454379998447074
b2178	-0.628293103823648	-0.587115122136192
b2179	-0.0402970515342653	-0.220998193367265
b2180	0.658034930687742	-0.269695073699247
b2181	-0.142470429538919	-1.22594952258404
b2182	-0.810930740394783	0.809139563881576
b2183	1.6194397150345	2.99770974498833
b2184	-1.42026999215909	0.948587479262278
b2186	0.383278264508573	0.789566634911246
b2187	-1.27394303524682	-1.01878333833154
b2188	-11.8812007904954	-12.7628664792388
b2190	-0.154174533667845	-0.928146910375576
b2193	1.04324931047505	0.517272251674831
b2194	0.727618942149898	0.28442557236088
b2195	-0.281069979002851	1.68424515179038
b2196	1.70875914694812	-0.0186899825079424
b2197	-0.603886104228238	0.429924703114728
b2198	-0.622392085870465	1.20474201594222
b2199	0.716643831933845	0.227325133377008
b2200	-1.65835537171218	-0.324212273768432
b2201	1.21596571358541	2.22514572960633
b2202	-0.481266565685788	0.537133851134412
b2203	-0.380115698221002	-1.44317937746682
b2204	0.963384149704546	0.71945559917773
b2205	-2.0332454494028	-0.13068300845872
b2206	0.12691855671416	-0.463680884949213
b2207	-0.844801774968493	-1.25899753874914
b2208	-1.24938934212676	-0.805721947640195
b2209	0.615674205748574	0.340741339880334
b2210	-1.01682681677581	-0.718183833355876
b2211	0.100261332095013	-0.95872568469137
b2212	0.49325935162871	0.0625674455123629
b2213	0.356023762756297	-0.838464712949607
b2214	-1.54190933995249	-1.64994653448246
b2215	-5.93066200429961	-6.46485657041582
b2216	-2.76504844465149	-1.2720871357364
b2217	0.365106195074966	0.3963725670111
b2218	-1.35526141148976	-1.51371084311803
b2219	0.245370270982821	-0.399806980321862
b2220	0.243967453128619	-0.0348808817539081
b2221	-0.180406422197183	-0.270284445794816
b2222	2.35738809022078	0.530351531247958
b2223	0.12334933939479	0.107766003133595
b2224	1.6241456732509	1.18141837224735
b2225	-0.044783688437883	-0.778693694829965
b2226	0.80944185538574	0.0623287128539588
b2229	0.8779110836637	0.323547674033544
b2230	-0.527795380193594	0.0259820019438306
b2233	-0.274344839218213	0.127192210301658
b2236	0.269700987640464	1.59343725351652
b2237	1.23850970011834	0.180393726992096
b2239	0.0610342539030876	-0.494856154944811
b2240	0.802896248599423	0.463200554284321
b2241	0.343130174608638	0.38798700365888
b2242	-0.73684221498682	0.52997011993515
b2243	0.155778826577705	1.15284665217508
b2244	-0.619600658979509	0.124743874256034
b2245	-0.00172803795564911	-1.33763684025534
b2246	0.372968581404571	0.674833814971673
b2247	0.48177732247321	-0.211304685829366
b2248	0.538489500686226	-0.311718930099177
b2249	-0.40392602617055	-0.676769730301398
b2250	-0.94056939842138	-1.45887929743088
b2251	-0.362287346128767	0.503556024214874
b2252	0.477599889377468	0.376728871174553
b2253	0.848956202723487	0.0694867724032565
b2254	0.791264832455701	-0.524099515784277
b2255	0.364142780691788	-0.10940161601794
b2256	0.503328122775174	-0.942907373264885
b2257	0.891829477389143	0.221755059166098
b2258	1.01094900558777	-0.279901690388345
b2259	0.485795221239466	0.463827313579985
b2260	-0.652644455347054	-0.295902211158603
b2261	-0.198376082625177	0.52759084617631
b2262	-1.62131120291891	-0.278937499846847
b2263	-0.119830823221289	-1.1197301188625
b2264	-0.827342213769092	-0.633456016417011
b2265	-0.571101782661614	-1.22009213529622
b2266	0.538821849097268	0.374970540596264
b2267	0.0526023677945405	-1.31127849222487
b2268	0.700535623130158	0.816648472898659
b2270	-0.467032051969209	0.0536787076081193
b2271	-1.02922871995902	-0.369396368651941
b2272	-0.6723298801525	-1.91826675776097
b2274	-0.487190715137734	-0.859426806473818
b2275	0.558147545881313	0.715480408743171
b2276	-2.1698945522658	-1.13169837497193
b2277	-2.17678968839529	-2.21031457246781
b2278	-1.68064654948166	-1.96948168711434
b2279	-0.219663782300754	1.13990218391167
b2280	-0.0587325963868241	-2.32370828733978
b2281	-0.891655409640693	0.22029235978434
b2282	-0.0777567991752644	-1.04827858882898
b2283	-2.42145158469861	-1.15680681117445
b2284	-1.89168151730679	-1.15641186530338
b2285	-0.869629253116669	0.50654473442495
b2286	-1.01595340971249	-0.782461014467568
b2287	-0.687071536001405	-0.731265449795913
b2288	-1.37592324942016	-1.5790323260766
b2289	-2.36259718716321	-2.34867066363955
b2290	0.0311827909732669	-0.471545234093764
b2291	1.67667489857644	1.61383599920764
b2292	0.485831325765058	0.647736438422205
b2293	1.08236455232275	-0.797314124159721
b2294	0.37236635773306	0.187599084628071
b2295	0.301302042528314	-0.323440006711703
b2297	-1.72836600582511	-2.2620332178938
b2298	1.06260341921766	1.29095741708702
b2299	-0.465530306194377	-0.418063600160493
b2300	-1.44013006999253	-1.28696223511124
b2301	0.722443340581922	-0.114175841313058
b2302	0.479741524673082	0.85063746850966
b2303	0.934637991961912	0.921019394451391
b2304	-0.344606687290973	0.146262324704339
b2305	0.539077534573762	0.468185839090459
b2306	0.691478564809651	-0.497524156174986
b2307	0.353451058934356	-1.03596441661977
b2308	0.0276918007893859	0.634856476990801
b2309	-0.433023912010987	-0.422253838664864
b2310	0.0709894118440677	-1.13184945012136
b2312	-9.13547938757437	-7.71453363195299
b2313	-3.23254267354936	-3.20047137625612
b2314	3.71166591875375	3.73398819808524
b2317	2.0754399696201	3.64896778244695
b2318	-5.95828562204936	-6.01518686897075
b2319	-1.32166913530717	-0.163953580057848
b2320	-8.19161984480472	-8.66791498843809
b2321	-0.0723986109814971	1.38081913995233
b2322	-0.657763718713386	0.282236063091808
b2324	-0.0644108123877337	0.682470611631443
b2325	-1.194004559261	0.874132098189128
b2326	0.167758789681283	-0.806021323043704
b2327	0.336108104265867	0.350566833290422
b2328	1.74621853644218	0.305887565795543
b2329	-5.65962113009762	-6.2752969238542
b2330	-2.35328151793393	-3.03021932959855
b2331	2.34384583804544	1.3921003383148
b2332	-0.504563723164025	-0.0848393835134431
b2333	-0.0282276099948318	-0.671284808713683
b2334	-0.205094798759404	-0.219968080300609
b2335	0.43268119394464	1.37711569676964
b2336	-0.675887692579984	0.141404631767809
b2339	0.29701347232115	-0.0348602641142299
b2340	-5.41022605981005	-4.98260931658946
b2341	1.72871241001451	0.877954538909078
b2342	1.82552989239544	0.649305623124608
b2343	-0.0291448812784407	-0.526170851293126
b2344	0.599932869033442	0.37752918857588
b2346	-0.222102798632025	-0.966671900862044
b2347	0.310463812027385	0.341824602612131
b2349	-1.25099863135757	-0.138967798341727
b2350	-1.50671106487957	-1.54983384164818
b2351	0.26389948975299	0.0468120432163903
b2352	-1.88303430120375	-1.03721352920171
b2353	-0.335215293480473	-0.127374867579473
b2354	0.661286093397129	-0.98211568432483
b2355	-0.260611492191735	0.719735407694529
b2356	-0.852042664809954	0.664456626266751
b2357	0.0478456278014508	0.812009374288609
b2358	-0.672487375252231	0.702711576779286
b2359	0.352044359468329	0.731146482712471
b2360	-0.300464770015342	-0.454337077876935
b2361	0.85045103164643	0.0430675611222989
b2362	-0.893734256422864	-0.481070812938777
b2363	0.431865319309498	-0.983581210858249
b2364	-0.240279929242963	0.402986945190482
b2365	-0.128983452890135	0.191441699379824
b2366	-0.12528815168195	0.642573417287654
b2367	-0.732486064865367	-1.76189129817099
b2368	0.554805694900775	0.026201945635914
b2369	-0.785157545130801	0.529934225128876
b2370	-0.0768045407095998	0.155201443405187
b2371	-0.93979533018641	-0.104550452461755
b2372	0.853848065147041	0.438597166959319
b2373	-0.159364077001291	-0.267518454595391
b2374	-0.0256700194570884	1.01148760259208
b2375	-0.628847925621137	-0.507470132207439
b2376	-0.118680474973931	0.389992118191475
b2377	1.59886267110036	1.15518581460646
b2378	-0.128452087802519	0.0755502994934832
b2379	0.411399031045227	-0.206242129636989
b2380	-0.619596028493947	-1.02221178439494
b2381	1.67951584201218	-1.19943240139681
b2382	0.145025517226092	1.68943080398732
b2383	0.0773866199201596	0.343306847813809
b2384	-1.4271766746607	-1.76737648070744
b2385	-0.680747129157307	-1.58707703586836
b2386	-0.693443484214065	-0.486910640260878
b2387	-0.821083451290982	1.58560988106655
b2388	-1.23009566188972	-0.942608972846088
b2389	-0.874880596405355	-0.811694529008511
b2390	0.774364482228994	1.29362850784509
b2392	-1.01898092120679	0.256293309502416
b2393	0.495571427257493	0.920740993110599
b2395	0.589291895475878	-0.342054338091145
b2398	0.479645816475271	-0.365733703442383
b2399	-0.424747101943729	-0.564643510747185
b2405	0.752362986545996	1.08652711333983
b2406	-1.02861891550176	0.832650488541556
b2407	-0.477175797613358	0.455032900104564
b2408	0.303486571861662	0.131718082054845
b2409	0.905404436118487	0.152247093384821
b2410	0.551063490334085	0.436589509855131
b2413	-1.21508872309566	0.064698299729876
b2414	-12.0010166411939	-12.6456452194632
b2418	-0.621555726485065	-0.585528360887405
b2419	-0.902260332338675	-0.0511003205658901
b2420	0.796912182251658	0.53010924599127
b2421	-0.819110216164633	-1.07891457490755
b2422	-8.88015237230731	-9.00703828400428
b2424	-4.16214760833523	-3.81814241607173
b2425	-4.41477016862506	-4.17273964917312
b2426	0.678200802590244	-0.0344259869276984
b2427	0.110295394545847	-0.245925862128691
b2428	-0.468288378514517	2.31225014324106
b2429	-0.716645257333936	-0.649360574739447
b2430	1.07053959446943	0.767636990049449
b2431	0.825348974873602	-0.143198435314753
b2432	1.88683618120195	0.639527490419831
b2433	-0.319228999508746	0.0149670209873354
b2434	0.482223153403701	-0.737517489286441
b2435	4.43692384033128	3.20944350133386
b2436	-0.465560516997502	0.602516233513406
b2437	-0.99990717828956	0.430388506800014
b2438	1.54864750288125	0.390784748905619
b2439	-0.900350957915656	-0.0311340664105691
b2440	0.208592225701471	-0.556303647165928
b2441	-0.587371219041833	0.0558152292652842
b2442	0.536551012084761	-0.077233946859281
b2443	-1.38796364218661	-0.46516818449533
b2444	0.590295621837056	0.047959913974774
b2445	-0.214473632637396	-0.285190777057566
b2446	2.21309035741654	1.99693302692273
b2447	0.391630369799465	0.777484714201325
b2448	0.0245099135141711	1.12118108951815
b2449	0.537601315730773	0.541015845390878
b2450	2.39034901204037	-1.53591151032185
b2451	1.34990949972193	-0.309112494888477
b2452	-1.60889331908398	-0.416241600137724
b2453	0.073485597114516	0.217015987895909
b2454	0.536700808681443	0.260273341970392
b2455	0.651597296027074	-0.118200853969663
b2456	-1.41403149319665	-0.532713128267202
b2457	-0.218055966316198	0.713951269191197
b2458	0.453897558288282	-0.21931039742553
b2459	-1.05583447388346	-0.835657166609656
b2460	0.615777544857274	-0.194799965147069
b2461	0.186528845036135	0.737948656147476
b2462	-1.07940377418227	-0.422552557554874
b2463	2.02886990254212	0.590217726214528
b2464	1.1117390991805	0.611338714992728
b2465	0.0759964692907033	0.232962477839354
b2466	0.194208123820441	-0.14483545444096
b2467	1.53303565489697	0.518494997340614
b2468	0.855780572228482	0.160432196147541
b2469	0.776569125509409	-1.22570557791304
b2470	-0.31192719820458	0.55057997359939
b2471	0.464353234264367	0.897414043887939
b2473	-1.36260448333966	1.12288864981884
b2474	-0.0223735328036603	0.183210351673484
b2475	0.557510059531919	-1.12473598918452
b2476	-5.07156171216786	-2.80172107948459
b2477	-0.365268401983887	1.23497445530583
b2479	-6.56125641818377	-6.34889528482331
b2480	-1.13405990273892	-0.0904707461013903
b2481	0.980895358679835	-1.83562580473126
b2482	0.289625131344912	-0.613012384900952
b2483	-0.0416793150114612	0.986031814852289
b2484	-0.721285020273198	-0.00306319628008662
b2485	-0.0803443088241795	-0.476719777900867
b2486	0.914273563816798	-0.120879044063938
b2487	0.604235538692434	-0.838366209647737
b2488	1.43605364030212	1.23749849417812
b2489	0.45851946214345	0.863510243000612
b2490	-0.524459731562768	-1.58967772293398
b2491	0.739695070197763	1.10577891725515
b2492	0.30312032280667	0.0180094545679037
b2493	0.312421052205971	-0.344689549668406
b2494	0.460450968788286	-0.1720140252502
b2495	0.948147290469714	0.566423885862894
b2497	1.60396305752888	-0.282634396155228
b2498	1.57335051905975	2.3571851646757
b2499	-7.26920010024328	-7.33317785381747
b2500	-7.24614044966254	-5.16126691152558
b2501	-13.4822651853464	-13.1452534523502
b2502	0.266515105233948	-0.854375052392476
b2503	-0.134630261866186	-0.59812961496903
b2504	0.535192948795039	-0.206594230288364
b2505	1.44503767102322	-1.05927993017692
b2506	-0.377247729830795	-2.0494563662301
b2509	0.19603839742323	-1.59103065076231
b2510	0.221294194943715	-0.848953489655224
b2512	-0.94011299539349	-0.438779570494437
b2513	-1.00727902828401	-1.50555590917486
b2516	-1.9140520836615	-1.33616869294211
b2517	-1.78418329922426	-2.46515972182664
b2518	-3.00402984537217	-3.08591667139344
b2519	0.923795756352436	0.221933862805983
b2520	-0.250372048231272	0.252839481117963
b2521	2.77668657871897	0.967023419985287
b2522	-0.290883241694064	-0.450070217026439
b2523	-0.826037373974475	1.11920011781025
b2528	0.409676544456715	0.0415482735380485
b2531	1.43112103620414	-0.648089022439284
b2532	-0.140891403605177	-0.317940841670639
b2534	-0.606949956061652	-0.147124128060548
b2535	-0.357568601770431	1.36453753881653
b2536	-0.692140690390796	1.3183613000922
b2537	0.227076135371777	0.850795969658436
b2538	-0.341656309833975	1.30182127695517
b2539	-0.406465499255376	1.1049704641009
b2540	-1.01989354962121	0.889342092920925
b2541	2.00909787767122	-1.27373801215607
b2542	0.491499526255985	1.32924520567517
b2543	-2.535319827977	-0.441018715516447
b2544	0.470143749113759	0.305604166875382
b2545	-1.00559685852545	0.832458949571931
b2546	-1.21595610227927	-0.25141132116992
b2547	-0.336269097674161	-0.729213395002604
b2548	0.631157712338755	0.369265084696314
b2549	-0.253757986784804	-0.905259555862904
b2550	-0.608125664599552	0.0412795502337885
b2552	0.484537283512344	0.215905843439677
b2553	2.79878519380355	1.91190765631207
b2554	0.678551657701261	-0.185058757302913
b2555	0.856288605694493	-1.21739835856278
b2556	0.192198818620207	1.4817691816611
b2558	-0.202836462129999	-0.478885378824455
b2560	-0.438653155799358	0.257017484695848
b2561	0.601895017341651	1.02240531147578
b2562	-0.758726700231478	0.378170471687283
b2564	-6.51953325870866	-5.06842585789588
b2565	-0.587268487037842	-0.965645810114115
b2567	-1.93375352890424	-2.07352911190339
b2569	-1.42050185287121	-2.03345837210427
b2570	-1.39153871568516	-0.513691566751429
b2571	2.68575735589204	1.76758577460749
b2572	-0.309536295913124	0.924878999485011
b2574	-4.54903836221812	-3.84203682421026
b2575	-0.362135204591197	0.715028551399048
b2576	-0.730869252354116	-1.60653039054512
b2577	-0.249394923001615	0.335728674911767
b2578	0.188576606740437	-0.665657852982592
b2579	-0.375768890396775	-0.537104689729286
b2580	-0.157031831633885	-0.0531672871715591
b2581	-0.0847288803781695	0.576011463366536
b2582	1.28094088181245	-1.21102174365645
b2583	0.597125823041868	0.241135460267328
b2584	1.13728727836543	0.168105042477453
b2586	0.0779727351497892	-1.17123490023493
b2587	-0.160723737737922	0.743935874547814
b2592	0.655826427642935	0.823030578585142
b2593	0.0905591964473408	0.317507530160011
b2597	-0.992267585221222	0.356703643126674
b2599	-8.86908481939607	-9.43570389691257
b2600	-8.86499756931746	-8.47343605735819
b2601	-2.3342689818693	-2.83426137675667
b2602	1.00093908521359	0.991521170825896
b2603	-0.204868151395474	0.273235510020829
b2604	0.156601809150691	0.640453504516447
b2605	-0.779304734564427	-2.09892459783959
b2611	-5.16580282648699	-5.92829651079394
b2614	1.55797061301598	0.402865747753339
b2617	1.50957980793878	2.24513950895389
b2618	-1.34351386896134	-1.67691362197923
b2620	-2.18122174253366	-1.02465984449763
b2622	0.583764482021118	0.740511244245452
b2623	-0.573676110896933	-0.80413472851519
b2624	1.3710884332546	0.955516758639004
b2625	-4.28614457448614	-3.53299240075501
b2626	0.12911089626208	-0.180422176669417
b2627	0.275111985800745	0.411747478159917
b2628	0.819811674535201	-1.27404767777183
b2629	-1.77553431647401	-0.896465390493235
b2630	0.969058751304277	-0.071755883200628
b2633	-0.0868966272848584	-0.17128442671163
b2634	-1.38034357251554	0.724872165929462
b2636	0.760850271635499	0.120808025764079
b2637	0.257113458507164	0.574716754509042
b2638	-0.0924259712241249	-0.147565322276198
b2641	0.159863005354953	-0.0650413002759102
b2642	-0.939805368346789	-0.447155957164582
b2643	-1.40966044802721	0.0457922020851783
b2644	0.399927500073121	-0.203716659333838
b2645	0.586541480332091	0.581443141494725
b2646	-1.95974994365455	0.501498331601018
b2647	0.372014139461666	0.68223653357722
b2648	1.19498268156389	0.371253699229684
b2650	-1.02299913518804	0.281630925947134
b2659	-0.531326167920399	0.372579427969356
b2660	0.231056220520463	0.740895336603237
b2661	1.86695746579508	0.836553384343148
b2662	0.846400624437414	0.914018492901875
b2663	0.417508221418718	0.228276730635898
b2664	0.58656201420906	0.900222629457428
b2665	1.49829665499854	-0.221927904017974
b2666	0.0283495559642774	0.291521878160443
b2667	1.37473601666842	-0.0692135926696666
b2668	1.1654712606774	1.00071397877163
b2669	-1.41360569512264	-1.9795434953516
b2670	1.23380296374707	0.516853646129514
b2671	0.0782540414041495	-0.211039542994302
b2672	-0.955377070325949	-0.514122483824407
b2673	-0.108513403059961	1.33187573015172
b2674	0.273822657285447	-0.481214484048819
b2675	-0.312914202066103	0.392262620143126
b2676	0.6865015555037	-0.676832701694782
b2677	-0.104373004248066	0.0905426536129901
b2678	-0.0837704192068336	-0.65977469989225
b2679	0.644768227750287	-0.0684088895380293
b2682	-0.672766783557579	-0.82677126641947
b2683	-3.75854215026847	-2.94550450815019
b2684	0.742833237055559	-0.292741041540857
b2685	-0.767673176065317	1.11932019188998
b2686	-0.0935815747193907	0.21282555265797
b2687	0.22841374176207	-0.504318177043823
b2688	0.768142410428014	0.590294644346059
b2689	-2.5181512650411	-0.857109792622886
b2690	0.235997732838358	0.0230307782838961
b2698	1.58735781268854	-1.13609265744606
b2699	-1.58138453134204	-2.46982401742537
b2700	-2.10627640505336	-2.88452219828087
b2701	0.309533636879912	-0.761242450227839
b2704	0.334963193346447	0.928504329762409
b2705	0.661542565369783	1.23714882829845
b2706	-1.25652220629032	1.20184119332212
b2707	-1.44287984735727	-1.14084123689693
b2708	-0.965206580851622	-1.38205487368391
b2709	-0.529532167893048	0.625139287196188
b2710	-1.22245794759271	-0.806432364801426
b2711	0.107504373095681	0.496684574047298
b2712	0.00671650973602966	-0.151949472568036
b2713	-1.14302976495249	-0.455800142417386
b2714	-0.0617798642863114	0.140767064244379
b2716	-0.84803326141599	-1.1374153735809
b2717	-0.381990919239616	-1.15261304284155
b2718	1.19190202298408	-2.65602519753777
b2719	1.27308209297	0.933090528276776
b2720	-0.700841404290934	0.142764993233493
b2721	-0.356794979754436	-1.00016462584022
b2722	-0.264698098867546	0.695461890106649
b2723	-0.904392609519138	-0.932745319465065
b2724	-0.335130106653421	0.658628256161488
b2725	0.388046403498953	-0.150577727520791
b2726	1.22493621130086	-0.247546851453566
b2727	0.666126724637567	1.36272419187878
b2728	-0.498923776608703	-0.65428047832988
b2729	0.0307976924717434	-1.40863407405314
b2730	-1.01062899985633	0.666222797560005
b2731	0.107520640786923	0.523273005763737
b2732	0.217967253025711	0.668574267761017
b2733	-0.635832065479179	-0.815469033781765
b2734	0.62295597648047	-1.01360647027664
b2735	-0.888949826440429	-1.00895376632409
b2736	0.0917538364874381	0.799497420816499
b2737	-0.627743926302283	-0.34498790793217
b2738	0.277517005069262	1.22471162696236
b2739	0.737103965420319	1.37789913518239
b2740	-0.104834494118525	-1.02007859646228
b2741	6.58260234638511	5.57579974369166
b2742	-0.385392164784166	0.0959166756333243
b2743	0.528438043883862	0.712522562534903
b2744	0.874958226254858	-0.152672314529866
b2745	1.24975233566862	0.1442029894741
b2749	-1.31338164382257	-0.822916111234392
b2750	-9.15164815282452	-8.46916362523348
b2751	-8.51797255182166	-7.50865099661871
b2752	-6.05085173075008	-7.96377629083899
b2753	-0.490802441778923	0.297413312158866
b2754	0.46041393263252	0.49651809429559
b2755	-0.500404597858339	0.555212591496068
b2756	-0.332609495721729	-0.224825387869231
b2757	-0.568808583814597	-0.620683644288448
b2758	0.554967055151185	0.471808834225803
b2759	0.0396659605350276	-0.125505207364076
b2760	0.70945890123555	0.0395173705415677
b2761	-0.630847752804106	0.590650233050595
b2762	-9.95611901121121	-9.82787948444344
b2763	-10.2829306124846	-8.16221748759441
b2764	-11.2437098950867	-12.0174064477002
b2765	-1.21081150347952	-0.293898937001537
b2766	-0.535539473607544	-1.41403952616482
b2767	0.0835868524018328	-1.58102772022633
b2768	-0.14604063012396	0.163223136264332
b2769	0.755697572107709	0.850625273975566
b2770	0.737855606106538	-0.250104319845162
b2771	0.247095920321574	-2.35877193654864
b2774	-0.172541792527296	0.553143858682872
b2775	1.12795142003007	0.642129972786825
b2776	0.0971290909404801	0.135069412438866
b2777	0.565532968259559	0.486908242295848
b2778	-1.5836653964218	-0.0194561026031747
b2781	0.560687266160711	-1.33150145684262
b2782	0.420930103704725	0.9822769404436
b2783	-0.978429792745823	0.391074203204713
b2784	-13.687646690053	-12.6203472077039
b2785	-1.37440011463263	-1.75717978278066
b2786	2.27881887321517	2.33533975193614
b2787	-0.209205755545296	-1.09066931962267
b2788	0.278861537993086	0.391383779047582
b2789	0.0326125959318685	-0.512720893141712
b2790	-0.307396048305337	-0.381497580963481
b2791	-0.715356820735447	0.802661951112449
b2792	0.917982375683446	0.759140355440386
b2793	-0.862140060600326	-0.860365847009623
b2794	-0.685741118361223	-0.106683932223989
b2795	0.648841002856235	1.46727967092439
b2796	1.05619711742602	0.866714437561619
b2797	0.639270856548445	-0.144373997576687
b2798	2.16736677036715	0.281264271874548
b2799	0.897300029735786	-0.252758888880927
b2800	-0.102891915920661	-0.249290772461213
b2801	1.17012115869117	0.0298633534695288
b2802	-0.0943784462328694	1.20285284428077
b2803	0.578798709607884	0.0913228961671174
b2804	-0.286678006647199	0.0524824901239566
b2805	0.32873215976058	0.445422831560348
b2806	0.438482853640299	1.76214701249262
b2807	-0.552997527670391	-0.828750509293367
b2808	3.25048530547721	5.13708002782525
b2809	2.81767920932838	0.960609037238532
b2810	-0.0701431635256573	0.107652078852912
b2811	-0.991845244241401	-0.0429354939759359
b2812	1.06426900940508	-0.0187989835958271
b2813	0.99773044876944	0.393340109928914
b2817	-0.684915069255347	-1.29585642377787
b2818	-9.82473978790054	-8.10700588009129
b2819	0.199221444888574	0.743396022744245
b2820	-1.94126575861011	-1.47280350537276
b2821	-0.399950131025279	-1.02991288891317
b2822	-5.58763575739531	-4.57211314939022
b2823	-0.747577594974123	2.73576311065434
b2824	-0.450182721097434	-0.585873953538795
b2825	0.481419893708509	1.82643465676464
b2826	0.678538090073025	-0.657956696103704
b2829	0.77075207340175	1.19933132525726
b2830	-2.91413257901397	-2.41391148932022
b2831	0.235673226629391	-2.20927505102064
b2832	1.56653177805689	-0.427383729417872
b2833	0.181431526324806	-0.194306821038294
b2834	-0.168428306347285	0.745828491384293
b2835	-0.120590008130408	-0.711091607561177
b2836	-0.375859821079888	-0.786918269110126
b2837	1.42805834756952	0.718788236248819
b2838	-12.8356571650863	-8.88310600200587
b2839	-7.65812922291272	-5.98744168168673
b2840	-0.598236171245405	0.0574559577169941
b2841	-0.476974519766035	0.810090417442243
b2842	-0.612473820643943	-0.477232624594694
b2843	-0.018186151509793	0.00430109204057107
b2844	-0.691752439211189	-0.204217935682902
b2845	0.779746148612351	1.31187424834032
b2846	-1.57872046174689	-2.02246208602371
b2847	-2.55382989748629	-3.18492975564026
b2853	-1.15543771604205	-1.64820051929049
b2859	-0.457386223322278	0.505640598532359
b2863	0.482410378222265	-1.06426411417767
b2865	1.11306272867881	0.301043764126554
b2866	-1.0335759653482	-0.696581478630348
b2867	-1.42598707388265	-1.03951684834018
b2868	-0.773525202874781	0.103268771483886
b2869	0.463917360790679	0.698558032761826
b2871	0.0487334639308225	-0.0677329753088029
b2872	-0.510783887726545	0.160584707483324
b2873	0.083700976413444	-0.342178092464249
b2874	-1.58472065654271	1.17252797747943
b2875	-1.16580341117579	-0.317971283432729
b2876	-0.0192802360650861	-0.940742128648357
b2877	-0.603602600458397	-0.56241372957883
b2878	0.93906448872382	1.06242067726133
b2879	0.899016341657934	0.270760809168722
b2880	-0.395589088654359	-1.6652222290862
b2881	0.285632629238146	-1.10956075788062
b2882	-0.114083209494878	-0.47067536676445
b2883	-1.13192367989256	0.3237927922925
b2886	2.30442158339794	0.805146123454557
b2887	-0.0138843348439056	1.78164487395949
b2888	-0.57764514897384	-0.807389267029419
b2889	-0.303246886877954	-0.895157450057393
b2892	-0.0864395405474868	-1.23712134803978
b2893	0.787733782373599	-0.395928395099484
b2894	-1.07635135668045	-2.18684768442887
b2895	-0.155781732769063	-2.41798083336557
b2896	1.71064483945236	-0.14917639071546
b2897	-0.00134455416746447	-0.042805466431095
b2899	1.65710521212821	0.264671989269937
b2900	0.508121985754318	0.478669226302666
b2901	-0.0631073546785483	-0.905574567124789
b2902	0.682100338743845	-0.00826546520532622
b2903	0.566890107060584	0.663063858697243
b2904	1.22510254292799	0.0661654333395599
b2905	0.446064618332362	-0.14330112130219
b2906	-0.671594237515679	0.408143378836489
b2908	-1.95075084578726	-0.771465594300777
b2909	-0.0596048555065643	1.44659622301792
b2910	2.08237488486985	2.60886511737406
b2912	0.693703829832381	0.284315951826386
b2913	-9.00318705497231	-8.82378726112805
b2915	-0.519875091705301	0.119415584016491
b2916	-0.705267385612923	-0.347700208153474
b2917	-0.908054216099373	-0.524948123567626
b2918	-0.132643109531046	-0.195703935837315
b2919	-0.29321289838052	-0.575112573497037
b2920	0.839302454447984	-0.144970141497133
b2921	-0.108188758344459	0.265640512296146
b2922	0.620248500527014	1.29968625028655
b2923	-0.0360660464495365	1.76883444806587
b2924	0.409723399910541	0.603185091687829
b2927	-1.65915398919477	-2.9365193129263
b2928	0.93841508650939	1.50221997294275
b2929	1.098502576746	1.26616233346599
b2930	1.32211185689287	0.607732283474295
b2933	0.0431010712596267	-0.894846139280382
b2934	-2.53455582811663	-0.98382065383415
b2936	0.882108797391994	-0.388944761892652
b2937	-0.727252854436577	0.100301583109049
b2938	0.35229297321868	0.320000216796716
b2939	0.154504988115069	-0.253276128014179
b2940	0.358900190120397	0.335209222284865
b2943	-0.290435507142399	0.200964250998905
b2944	-0.32451652306389	-0.362797517667602
b2945	1.6519120176369	0.171640433321668
b2946	-0.286748995937848	-0.151336164096505
b2947	-1.03382421980931	-1.29727420939467
b2948	-0.0264313620101937	-0.0273054757124168
b2950	-0.813792459950169	-0.592880812923493
b2951	-1.59502134583213	-0.653897499679703
b2952	-0.838875337938216	-0.597517734032533
b2953	-0.20698796959401	0.0957455492564556
b2954	0.813851479135935	0.22994740511859
b2955	1.19710694707166	0.892795156409641
b2956	-0.796103350092485	1.38472416788347
b2957	0.386706723858412	-0.450064917758592
b2958	-0.656968274112414	-1.52424376543476
b2959	0.101533190056123	0.538093343392338
b2960	1.13167695254936	0.141473522052629
b2961	-0.128550750092881	1.28627540841212
b2962	-0.204275568531181	-1.14052402593125
b2963	0.719752076830234	1.64097616851696
b2964	-0.105487055405273	-0.0581280462832106
b2965	0.489515919013783	-0.311608904266036
b2966	1.26536753867399	-0.890223628652516
b2968	-1.0209579958427	-0.359287066149373
b2969	-0.495072398196434	0.588157616221513
b2970	0.217724335039912	-0.0566390784219849
b2971	-0.0852497385564536	0.370848460289218
b2972	-0.0702917133853218	0.966919947671575
b2975	-0.360828414664635	0.480493064371202
b2976	0.00528361165772929	-0.362563021719325
b2977	-0.472688848680078	1.08075476140124
b2979	0.196940234028974	0.855556151144536
b2980	0.605071304190192	0.778699508371788
b2981	-0.806988731601989	-0.947355638282934
b2984	0.898266555885	-0.457334516363574
b2985	0.157373959101848	0.975879354866187
b2986	0.541967409829642	0.549238974666343
b2987	-0.591691486025736	-0.390928863700141
b2988	-0.732580876609738	0.341661109632945
b2989	-0.837707893706805	0.115303209065484
b2990	0.854507108875624	1.52599459233116
b2991	-0.418748377349081	-0.579688851277273
b2992	0.759810450831311	0.935186914516026
b2993	0.137007601670539	0.192282436031822
b2994	0.117003499343218	0.2435408768739
b2995	-0.0509377397331464	-0.465143248443135
b2996	0.231882033498766	-0.421294483013192
b2997	0.427871300629331	-0.880018143074439
b2998	-0.299965007717378	-0.670011298244192
b3001	0.324781957206446	0.790836518689498
b3002	-0.2700425874119	-0.116485658541572
b3003	-0.224268385495563	-0.0425129404696602
b3005	-4.74915815183069	-4.78062728361843
b3006	-5.73497701811391	-4.60382337472496
b3008	-12.6515067868682	-11.0190015965647
b3009	1.25837534553306	0.205769015119012
b3010	-0.460802127713587	-0.50570990131676
b3011	0.423085326192945	0.824612445365392
b3012	-0.182904753539374	0.310463492445166
b3014	-0.0317701311435432	1.4195554349442
b3017	1.48027549381914	0.647249411734535
b3020	0.784984275813237	0.644431415257778
b3021	-2.52987393168402	-1.32559437332491
b3022	0.457715688632171	-0.0561979011247376
b3024	-0.74967914158663	-1.16535765684184
b3025	-0.751321008850186	-0.817887329390636
b3026	-4.78888743409821	-4.97431304993208
b3027	0.826891178791389	-0.230991601610434
b3028	-0.688963886421868	-0.151636073147943
b3029	1.61236320140552	-0.330301335034581
b3031	0.88418939822867	-0.378769632093488
b3032	-1.35712291446917	-0.221974875226241
b3033	-0.417328858064186	-0.675350601886218
b3034	0.506426323003981	1.03536739988467
b3035	-5.74188555756231	-4.55446313369612
b3037	1.10577129877039	0.775721621567776
b3038	-0.787651991983622	0.0779998155758754
b3039	1.17194302796074	1.14526984077171
b3040	-1.0302985175432	-1.5076398279393
b3042	0.507066208222272	-0.264099699063365
b3043	1.04395011725925	-0.216196110501442
b3047	-0.00146522541024455	0.199555033582547
b3048	-0.0744568869388724	-1.81494429941558
b3049	-0.388564193455922	-0.378294741958581
b3050	-0.0863571847594561	-0.207745072017653
b3051	-0.742554067087472	-0.190728076986178
b3052	-6.78640204688131	-5.64155599870873
b3053	-2.650546508875	-2.70818749871128
b3054	-2.24002374425375	-0.753216455395145
b3055	-0.527573541270982	-1.4903343381367
b3057	-1.93741053377119	1.14222805668114
b3059	-0.225429011428649	-0.177257844196849
b3060	0.00105198927442117	0.608482256720674
b3061	0.755637091057833	0.126040272349665
b3062	0.310660855466388	-0.305953677684466
b3063	-0.669024647979294	-0.873622466696886
b3068	0.296384044493725	0.0439794708519845
b3070	-0.406225819054027	-1.11809344873705
b3071	0.312029904707842	-0.871764437709253
b3072	-0.331959854454244	-0.690294207194252
b3073	-1.34482458510128	-1.67150847571819
b3074	-0.971996077241119	-0.218824312029965
b3075	0.338822709335671	-0.618300437685485
b3077	0.0335693064212001	1.2616126072566
b3079	-0.717915412601615	-0.560705302487362
b3080	0.142731301294979	1.84370137683912
b3081	0.295199474167962	0.252955129555889
b3082	-4.12357933163596	-3.79091609983016
b3083	-1.04473591891436	1.51930767796087
b3084	0.312903498237562	0.898648999126914
b3085	-1.2422131089006	-0.595156078055503
b3086	0.267155321455051	0.112502218629734
b3087	-0.749865909643683	1.1677041468284
b3089	-0.312200476159128	0.558282916580834
b3090	-1.11007910489646	-0.449112736699498
b3091	-0.221025828352073	-0.626553894842895
b3092	1.33877386326511	1.40852584856898
b3093	-0.87262123343859	-1.04869523598941
b3094	1.01688997048938	-0.822208983240281
b3095	1.38738440340011	1.65854746193519
b3096	0.393565749766225	-0.0755178534225859
b3097	0.309099963650784	0.641096963430228
b3098	-1.01953880293299	-1.0079351984352
b3099	-1.60866165174483	0.541931023998161
b3100	-0.744912517145446	0.511519028527637
b3101	1.25354962951445	-0.395612951494718
b3102	0.518078038503664	0.00272411163540728
b3103	0.54350001831947	0.11135955962746
b3104	0.262251083355163	-0.612023395209225
b3105	-0.817100976307813	0.388436983736945
b3106	2.00902158065816	0.193938661546712
b3107	-0.963039709565109	0.165406606617383
b3113	1.95055991200794	-1.29000836375763
b3115	-0.766145722217336	-0.204068425058607
b3116	0.438556715516772	1.02202029509486
b3117	-0.679552973548635	-0.0980783345332162
b3118	0.257497513087664	0.863997249535739
b3119	0.171061806121968	0.545838303118767
b3120	-0.804319869959684	-1.38350530635185
b3121	-2.31716287403869	-0.856315899882831
b3124	0.669982772497056	0.168974239922946
b3125	0.187407290133964	-0.712148362214299
b3126	-0.643276332384591	-1.03391550074791
b3127	-0.951839463355233	0.0580552543353465
b3128	0.231766442594622	0.489126753452334
b3129	-0.337650174666639	2.21488944606125
b3130	-0.210160836352606	-1.74769544839736
b3131	-1.8158998515865	0.032039181071587
b3132	-0.878127035940646	0.796116453769925
b3133	0.163831180177682	-1.84558948522372
b3134	0.166967099977958	0.575860617331678
b3136	-0.215646428516648	-0.031125596804453
b3137	0.830186207303365	-0.813862725792352
b3138	0.23646792119664	-0.731164238528492
b3139	0.934401913247933	0.513758719044129
b3140	0.297212575925645	-0.386418532322415
b3141	-0.335154797914236	0.420053545205226
b3142	-0.565808239823776	0.315279017926488
b3143	-0.429270593595725	-0.792377453913638
b3144	0.418076547746838	1.20959703383978
b3145	-0.737861628785512	0.554886263967107
b3146	-1.6776498279828	-0.995172025577908
b3147	0.600030030904413	-0.0237524857644051
b3148	1.39517122106958	0.231487709327352
b3149	1.91798093426777	0.528125930670457
b3150	-1.25001974372258	-1.23675324405667
b3151	1.50079638774961	2.22030547069014
b3152	-0.0480156192518683	-0.580225481226716
b3153	0.364993760438463	0.493198194364073
b3154	0.919063000963387	-0.0351264939059982
b3155	-0.720934511801903	-0.594357056887848
b3156	0.0669602022981375	1.40844757254342
b3157	3.12889310798898	1.34245612736733
b3158	0.776929877298219	-0.409199964386895
b3159	0.296256209889242	-0.251065464745933
b3160	-0.911264807033039	-0.521006578115422
b3161	0.990863229719083	1.16563389923623
b3162	-2.70156017594561	-3.57711877608337
b3163	-1.46576940881186	-0.946396118975942
b3164	-1.75538847672591	-3.20348778072474
b3166	1.14302801225758	0.22437543662659
b3169	-3.34901469329789	-3.70645474849288
b3172	-13.5578968608806	-12.4708167274883
b3173	0.229277919870743	0.268561477169922
b3180	0.347361478793031	-0.751224731415004
b3181	1.34281719416725	0.90334526128909
b3182	-0.326831002182067	0.090687840411904
b3183	-1.00858440831175	-0.724430387870811
b3184	-0.514429796180255	0.120637002372091
b3188	0.0242642758082462	-1.39987333204776
b3190	1.73223623176781	0.195248283278255
b3191	0.00017188191581017	1.36097687577996
b3192	-0.320422845071729	0.0684193469090471
b3193	-0.457970255821149	0.412366561214233
b3194	-0.0593698484507988	-0.336096920920151
b3195	0.750166693681812	0.0357790345904605
b3196	1.30375219361236	1.34924767091804
b3197	0.536897258865363	0.982154644554822
b3198	0.930738687353902	-0.106618208141387
b3199	-0.997344691294896	1.5925905747786
b3203	0.0352152643254214	-0.319848359542067
b3204	-7.75509416845782	-7.8681054211611
b3205	-1.9340735090254	-0.0458367100227764
b3206	0.135858244335342	-0.414278129381979
b3207	-0.0642804880829748	0.502303848143331
b3208	-0.65892325790719	-0.10519298648973
b3209	0.31116507420606	-0.382017223101518
b3211	0.466262407223299	0.230029826872233
b3212	-6.22569094186812	-8.15547064892335
b3213	-5.52873914304448	-4.91612756918189
b3214	0.0447707606561828	-0.0659188863528024
b3215	0.443103294839754	-1.20494309940543
b3216	0.170902760708334	-0.369537767183553
b3219	0.797759500047975	0.0984119039681773
b3220	-0.838826518366959	-0.444608411695779
b3221	-0.782989243075019	0.658363896912078
b3222	-0.55008127672651	-0.168025670468304
b3223	-0.234352611271669	1.33430345106427
b3224	-0.103155226271363	-1.21692161482464
b3225	-0.498838484554207	1.53059798644126
b3226	1.18655249717097	-0.262475884279658
b3227	-0.905990345109339	-0.417059875838045
b3228	-0.564771424578968	-0.735436943740173
b3229	0.0354417116897779	0.590855850648665
b3232	0.716289025211987	0.26385977820201
b3234	-0.0676057054914834	0.0118554411009897
b3236	-7.0852496654003	-9.15423840151793
b3237	-4.13518314329994	-4.81830857729147
b3238	-1.11452745745704	0.0612874542509813
b3239	0.0571871258195772	-2.81359834030598
b3240	1.09217842398137	0.376771505978119
b3241	-0.726825006184359	0.321084935926312
b3242	-0.832496600454708	0.40478793747468
b3243	1.68466320153499	0.755095306037206
b3244	-1.09752291615544	-2.03595729898136
b3247	-6.47086502788735	-8.159726607084
b3248	0.850200212228269	0.239024427261501
b3250	-1.90848753572457	-1.40573908730251
b3252	-4.67691722787501	-5.12396162502745
b3253	1.70435244942232	8.60673068174581e-05
b3257	-1.96309552774442	-1.82110024156537
b3258	-0.216246515899863	0.18020416900102
b3259	0.562906973908911	0.157015094249905
b3260	0.0767623041025329	-1.27272460937485
b3261	2.71540255877042	0.817942918449114
b3262	-0.000608052903360298	-0.625977351792697
b3263	-0.946714732603921	-1.34457219294672
b3264	-0.0722644187637519	-0.256648978145197
b3265	0.0464295269409302	0.568137540562734
b3266	0.708664674200686	-0.507301424459688
b3267	0.314117287010496	-0.821972432046873
b3268	0.555027124689509	0.096615562515071
b3270	1.04549186328907	0.468515141708692
b3271	0.708419001274414	-0.486960766219634
b3279	-0.181999777137175	-0.31052186558061
b3280	-0.276974792335049	0.725977698744379
b3281	-16.8707742421197	-15.2899517823832
b3284	0.565722371681269	0.298081322503122
b3289	-1.65346454931487	-1.40258528758548
b3290	-3.55842751104145	-3.4556247951971
b3291	0.862561080725828	-0.896347261126897
b3292	-4.71099936771503	-4.1493478500286
b3293	0.227199441540695	0.513659930665298
b3322	1.0432847512571	0.676411610264635
b3323	-0.607119811490748	0.348546909511954
b3324	0.396814207243958	0.217437536941821
b3325	0.251481882714862	-0.0585842337195882
b3326	0.50156047655584	0.0406289459631848
b3327	-0.129864888284611	-0.523658250083458
b3328	0.760731525936139	0.611674485428821
b3329	1.33662068006492	1.20446385168327
b3330	0.313866462284673	1.11989661660774
b3331	-0.288767061267238	0.556368667039778
b3332	-0.337278525735224	0.497949138402864
b3333	-0.560435264021761	-0.417924263451705
b3334	0.881198111488696	-0.0703658404711127
b3335	-0.53135124837809	1.00605562305664
b3336	-1.26657901214573	-0.481037185747265
b3337	-0.395994575581363	-2.73097881848524
b3338	0.839832050765017	0.39895363070294
b3341	0.173560871672415	0.925459420844955
b3346	2.12789337751263	1.85184981490854
b3347	-0.344014523740672	0.0293320183516654
b3348	-1.69309018313873	1.35819202819108
b3349	0.688090405608678	0.583718099700804
b3350	1.74582890537113	1.47159912321272
b3351	-0.274092373283246	1.5985132329473
b3352	-0.113423336085568	-0.254356059957887
b3353	-0.0778890399583346	0.772600576992873
b3354	0.0925067333017149	-0.614520912881524
b3355	-1.5533005949538	-1.00201815158424
b3356	0.756498194115279	0.872073298626519
b3358	0.499852780725523	-0.0931515830267157
b3359	-2.10293555119012	-2.33669119242097
b3360	0.893220026925866	0.555290144074507
b3361	-0.678563649531187	-1.14243886485001
b3362	-1.08606154629168	0.358340346377719
b3363	-0.727374441974493	0.799103662730034
b3364	1.0067282129658	0.290885930135356
b3365	0.426819785256158	0.312847409818402
b3366	2.18182547910781	1.34086551299738
b3368	-17.429034014514	-16.9645492415345
b3369	0.59148127932667	-0.643920485393943
b3370	-0.197549750751948	0.544564809452862
b3371	-0.594327608653423	0.90201895230331
b3374	0.545257146435833	0.615179213671494
b3375	-0.230398899793061	-0.0516748728492906
b3376	0.49384303257276	-0.421007663137056
b3377	0.0428580996663376	-0.408524345241231
b3378	0.581043868292404	-0.817376830383432
b3379	1.1768056820725	0.400180355946054
b3380	-0.0725931328204259	0.401980998631835
b3381	0.443943766852323	0.292061797646095
b3382	-0.0241336024601587	0.0228327994517882
b3385	-0.949694767534999	0.404319520273835
b3386	-2.37229688681222	-1.65860198229474
b3387	0.632822326341906	-0.659158523063152
b3388	-2.17318845138713	-2.83273549859071
b3389	-12.0810563606247	-13.6195643431128
b3391	-1.3828230024783	0.497399688359055
b3392	-1.20994276407429	-0.0656828296981392
b3393	-1.33716713594591	-0.614109937210823
b3394	0.183294586530344	0.293838085081071
b3395	-0.550786402424572	0.0838059233808924
b3396	0.883516053902695	1.01214984159358
b3397	-0.644100760809878	-1.32283932671209
b3398	-4.6962669844029	-5.02655257798771
b3399	-0.0577799628124294	-0.494675825606186
b3400	0.0370449730880098	0.365772372343405
b3401	0.736961635038673	0.912468034854729
b3402	-0.0749158559221773	-0.362585052368301
b3403	2.24037193970391	2.03056159018905
b3404	-3.64573653235079	-5.29669172290418
b3405	-6.8815742346469	-6.00931330884715
b3407	-1.23465717988085	0.471152193186807
b3408	2.08041539918507	1.21643264175467
b3409	2.0205234261	1.5441128301679
b3410	3.25138087106435	0.591772739618344
b3411	0.0605138330937945	-1.55122952608142
b3412	-1.22162217564486	-1.76958826914096
b3413	-1.74019010831058	-0.154185120011979
b3414	-0.888290389772249	0.00185054178078739
b3416	-0.586673700168509	-1.80540251928824
b3418	0.393973330118864	-0.0287313562975479
b3421	-0.5122539871728	-0.228193272318698
b3422	-0.46231849990307	-0.876399388115586
b3423	-2.22876762766216	-2.21464899722199
b3425	-0.324394438863126	-0.793351687327886
b3426	1.80081463531482	-0.235245181007905
b3427	-1.39132714249552	0.309813659355845
b3428	-3.66913561213782	-1.39669321323428
b3429	-1.50565925637135	-2.17382645636451
b3430	1.15058477354662	-0.435200634502155
b3431	-1.59100207723387	-1.54224748748283
b3432	1.40389294069326	0.806150440533729
b3434	-0.337876313688788	-0.655363006879932
b3437	-0.241633718125024	-0.342134035543831
b3439	0.126694363889713	0.657575176782081
b3440	0.422551508145053	0.933057558563015
b3441	0.821169207591364	0.642198370790088
b3442	-3.05814221251518	-1.55150410113752
b3443	0.542342096625582	-0.888158181488271
b3446	0.977917159384904	1.92217585795953
b3447	-0.213078859110464	-0.20106009282899
b3448	0.612918230233479	0.00351123007151701
b3449	-0.153104700895604	-0.246957862571465
b3450	0.680250526064107	1.03179567838063
b3451	-1.64094898859878	-0.49884314208883
b3452	-0.334712639904847	0.134051654981272
b3453	1.39959750667202	-0.79288619937993
b3454	-1.02024955054258	-0.678620349751072
b3455	-0.574270850621472	0.0170914317978513
b3456	-0.224363735014271	-0.285164541303413
b3457	-2.08327211847203	-1.78413830737215
b3458	-0.0238165754542637	0.0473281954262763
b3459	-4.75486049298453	-5.88722142067714
b3462	-2.85954858354314	-3.64965122930839
b3463	-3.53838704268982	-3.36916937556773
b3465	-2.63663803605096	-4.01653141169455
b3466	-1.35145901226106	-0.0502992856468853
b3467	0.0770922569846235	0.791867047936229
b3468	-0.0127335026841685	-1.42611152412302
b3469	-11.5468941714233	-10.4869160801592
b3471	-1.06308340436343	-2.39850927624396
b3472	-0.788214253485467	-0.431262843786555
b3473	-0.27640875848712	0.711102659003715
b3474	0.19140943084176	0.684805581150667
b3475	-0.73018084818127	-0.678534458202509
b3476	0.325479893596074	-0.467094588420965
b3477	-0.200891259748112	0.159868820074204
b3478	-0.354816375215159	-0.418259074830398
b3479	0.32327991556574	0.462165071663803
b3480	-0.0393634258066003	-0.271799650679617
b3481	0.140493553114653	0.414791758710847
b3483	-1.15523810370931	-1.17009153923063
b3484	1.4690461752012	0.294281180115745
b3485	0.264789732405827	-0.96647702593484
b3487	0.0642139634300926	-0.532992532954791
b3488	-0.120483550767274	-0.315354254556991
b3491	0.147765484583979	0.416538821067531
b3492	-0.478210545984536	-0.337855900422253
b3493	0.00849849346600409	-0.798380386024212
b3494	-1.70481677839965	0.195163469557792
b3495	0.556519621002076	0.111439577242719
b3496	1.13497337377472	1.71241647916843
b3497	0.910198306286132	0.760836637356172
b3498	-0.222511556888311	-0.425915252682995
b3499	0.858499354033084	1.30630806260286
b3500	-1.27881079239999	-0.229327965480599
b3501	1.75272363571458	0.417047211397024
b3502	-0.200167402598029	1.07964285705468
b3503	2.13400045646083	-0.794589947505944
b3504	-0.336131930154845	-1.95600127629733
b3506	0.296927630727445	0.159632416906472
b3507	-0.718767545668057	-0.201543977472182
b3508	0.027630228419574	0.0614121144489621
b3509	0.357966214176326	0.838224607333709
b3510	0.653885782787832	0.806570917260968
b3511	-0.259771106824356	-0.262293769423509
b3512	-0.0318152936332614	0.447413799873095
b3513	1.20086882150855	0.71032943606522
b3514	-0.689593697055148	0.000343659575552327
b3515	0.381223448835746	0.969705177799729
b3516	0.148034930772193	-0.304505165235502
b3517	-0.0376138477208657	0.310317005065773
b3518	-0.563540677174555	-0.2980663297805
b3519	0.65129959251629	0.61919688642454
b3520	-1.12615477051848	-0.522110749056385
b3521	0.0156370272083718	-0.0873163579281444
b3522	1.40106924116683	-0.780815047650225
b3523	0.72789035390465	1.03025115207905
b3524	1.35258094467839	0.293407894768353
b3525	1.82493009705026	0.363259684692912
b3526	-0.525851948103825	-1.60250337811927
b3527	-0.41935398533774	-1.40096107194539
b3528	1.78087612253919	1.25952458234875
b3529	-0.56989836812654	-1.42897242561556
b3531	-0.40697044284705	-1.33309518259229
b3532	-0.080663772765219	-0.0738704299010873
b3533	0.611190002209841	0.723440451852652
b3534	-0.363128891939846	0.527352360698945
b3535	0.94878253435351	-0.731821619338484
b3536	0.44905374339695	-0.449414210774551
b3537	0.20420133075427	1.4184935393748
b3538	0.616734028988444	0.71244271212628
b3539	0.332933636210003	0.382740339167949
b3540	-0.397149884302686	1.15805635025233
b3541	0.462614222219522	0.443223968074311
b3542	-0.0685901127012209	0.0167861987892553
b3543	-1.1129658381261	-0.223426213131841
b3544	0.284995006253071	-0.617572205433765
b3546	0.152128309732261	-0.5560658126828
b3547	0.217861985006664	0.283034816282874
b3548	1.03991686563989	1.39467780299691
b3549	-1.63595277282329	-0.15167259590509
b3550	0.791697552989821	-0.542292749836499
b3551	-0.153599308380808	1.07506544859044
b3553	0.926563491118623	-1.29838926701581
b3554	1.90507320623505	1.1349088155861
b3555	-1.33173438842682	-1.17585222956233
b3557	-0.0676209155500779	0.415908863673572
b3558	0.735575776482794	0.264647846611494
b3561	0.312559223816562	0.174467334647415
b3562	-0.234905130116441	-0.527509296465547
b3563	0.730828282032065	-0.457404062872369
b3564	-0.0640457069960698	0.502232009501606
b3565	-0.175762907185144	0.527951920602372
b3566	0.00427260073995966	-0.400392445050061
b3567	-0.0627621484505358	0.240440839988336
b3568	0.329059354543039	1.19084504023225
b3569	-0.846605722352171	0.114876424617294
b3571	-1.2661092681741	0.0517583677490011
b3573	-0.976001056912911	-1.20481747635681
b3574	0.42245639318039	2.61720284048196
b3575	-0.516306924726834	-1.52287988628346
b3576	1.45502539481926	0.198542694818366
b3577	-1.2040717992392	-0.0139213054206686
b3579	-0.175258768275786	0.000649841695469348
b3580	1.17060120888516	0.710978025097877
b3581	-0.934736293497721	0.59787333881456
b3582	-0.986807065734434	0.51488942672678
b3583	0.732892012004677	0.372430548320759
b3584	0.688257839534925	0.0579390150788203
b3585	-0.335887348657594	0.174566378979743
b3586	0.0946484749050831	0.285366913395363
b3587	-1.4659366000194	-1.09443659717258
b3588	0.41788129974997	-0.254097242336903
b3590	1.26750887330852	0.111167713520802
b3591	0.81057467650323	0.300296800743725
b3592	-0.422701284448238	-0.0663067408137871
b3593	0.0206960168185418	-1.05588132203424
b3594	-0.0182959084891532	-0.47303502070468
b3597	0.300829331114267	-0.0721654621231369
b3598	-0.170968580342105	0.298584447371255
b3599	0.753404476564331	0.0695726608856051
b3600	0.065787801302595	-0.134869986765604
b3601	-1.51960119564437	-2.34622723715437
b3602	-0.134454200210599	-1.19831426266044
b3603	-0.682967736349071	-0.528940329516908
b3604	0.582012487566965	0.0604482255544244
b3605	-0.409164431312842	-0.33188640838849
b3606	-0.612414700373371	-3.1023468392515
b3609	-4.57022400816967	-2.95239649429029
b3610	0.142984209654734	-0.287009956107207
b3611	-0.348625447220436	0.617486993994567
b3612	-0.0737168174955109	-1.17688474287692
b3613	-2.3053562826369	-2.65446526543271
b3614	-0.697140001067464	-0.280289719811663
b3615	0.201357685000882	-0.882623879487131
b3616	-0.337215955976755	2.12275116989824
b3617	-0.0593973580569771	-0.755804523364744
b3618	-0.152441979725663	0.0825378756699456
b3619	-5.00767385937168	-4.76374731147237
b3620	-6.10446126995149	-4.18225917812659
b3621	-6.52514037133555	-6.07457631496549
b3622	-0.664734453348785	-0.746481298359882
b3623	-0.0668968995313566	0.294166943919082
b3624	0.315987429928165	-0.946025635130707
b3625	-0.835484221790374	-0.318100927166143
b3626	0.398365357452379	-0.00365708006348623
b3627	1.06904983817076	0.229674312822354
b3628	0.653826989708009	0.516228903779898
b3629	0.968960658794673	0.27223104687626
b3630	-4.07792716031883	-5.7690874787145
b3631	-5.66469030882055	-4.6068556626392
b3632	0.818154652970628	0.54949134685555
b3635	0.420720247081222	-0.0941713401840499
b3636	0.379703440395779	0.393850208931694
b3638	0.046946088067228	0.142610602962828
b3641	0.186040406551851	-1.32750159351934
b3642	-6.21664316775611	-4.64321246605275
b3643	0.504146971781706	0.792918960545494
b3644	-1.00915196999402	-2.37963129926498
b3645	-0.361738131925877	0.3395238701469
b3646	-0.579685070216049	0.0116602975380804
b3647	-0.166787977248468	-0.965137786360108
b3649	-1.99939448487419	-2.21920242423144
b3650	-8.76611292125473	-7.622470718991
b3651	-2.23485765714534	-0.422394359440028
b3652	-3.17308204423897	-2.24724635368612
b3653	-0.129249902697898	0.400220377094012
b3654	0.502302184673725	-0.378367895158493
b3655	-0.515866327260847	-1.46581228985134
b3656	0.178442791718958	1.05542803479646
b3657	0.0353493221006692	0.693209771873984
b3659	0.225292458005479	-0.175935137233444
b3660	0.546236086694821	0.864816563484297
b3661	0.852502885876038	0.184123359957235
b3662	-0.405475371047688	0.165799744432547
b3663	-1.32598827424097	-0.319871703479425
b3664	0.0996990489031361	-0.6037143712476
b3665	0.684759722208325	-0.354578075186679
b3666	-0.167630034756496	-0.297881201472409
b3667	-0.264963747158733	-0.412613392805136
b3668	0.158935813779478	-0.635432241230456
b3669	0.298020219062817	0.866058637976231
b3670	-5.09732374748124	-5.07947721896189
b3671	-14.3111196346631	-13.6081705748208
b3672	-5.136921154727	-4.4674735410548
b3673	-1.7234212378431	-2.46401234704945
b3674	-0.752012332549608	0.579903503445027
b3675	-0.369120971141887	-0.176786786533263
b3676	-0.30413969296479	2.10586530307092
b3677	-0.703193126811767	-0.179359060712948
b3678	0.383443427637201	0.869732481315048
b3679	0.940690415890658	0.39086718308232
b3680	0.0301000500566372	-0.52472695754542
b3684	-1.15904206226318	-0.782924142176509
b3685	0.245696328417166	0.161903961425109
b3686	1.68307653884744	1.00560102626419
b3687	-0.00853480602742706	-0.0731508191343219
b3688	0.770959186376925	-0.330415835733143
b3689	0.382041329772136	0.881139409552644
b3690	1.29122204866459	0.0577744068579638
b3691	-0.157728235217439	0.895265870667838
b3693	-0.267349971910416	0.086881986620393
b3697	0.24733542983428	1.3858527833668
b3698	-0.399266243262395	-0.485438336604062
b3700	-0.291147918011512	-0.53342301171912
b3706	-8.92222795970709	-8.99169046569438
b3708	0.740096738114545	0.539113841106476
b3709	0.680134951612694	1.16226965550724
b3710	0.0257317626873502	0.840649933381252
b3711	-0.608367386255204	0.983766738000069
b3712	-0.701386955402439	-0.648782922265501
b3713	1.3823102779202	1.26376442982999
b3714	0.901878454548309	1.04422727002906
b3715	0.843804170889896	-0.517432882819989
b3716	0.403911514799955	-0.557291213112027
b3717	-0.115844031373974	-0.0216702578562067
b3719	0.12482680807793	0.694148086569344
b3720	0.220812987719388	-0.198649867386593
b3721	0.550919793224475	-0.519557388771908
b3722	-0.33340568819275	1.09246323137821
b3723	-0.157461321010755	0.876865616537036
b3725	-3.16962199870021	-2.85205463480087
b3726	-4.68886912478077	-5.42202448353828
b3727	-2.78187892357566	-3.29089720504579
b3728	-5.79084328329482	-6.22454270901566
b3739	1.3343001316317	0.893673600369281
b3740	0.744184909110924	-0.0110434166121775
b3741	-9.57323422115975	-8.93940056264988
b3742	0.583464966959946	1.89037177960069
b3743	-1.13702767557592	-0.241595205672641
b3744	0.346837358764535	0.938294093218473
b3746	1.08957003761543	1.94537574159609
b3748	0.861572846603243	1.72863307145005
b3749	-0.0404753996684039	-1.31726332441462
b3750	-0.247283551485022	0.0882717322028695
b3751	-0.162809890904015	-0.473094707398211
b3752	1.33448958158479	1.14344842681484
b3753	4.09573134309999	3.83041613933568
b3754	0.357177396377727	0.436787465656066
b3764	-5.71741767059694	-3.69222380286351
b3765	-1.01019856437563	0.350695714420305
b3766	-0.709575420237872	-0.164830039137296
b3769	2.00926207209927	0.980519953221146
b3772	-15.197711056767	-13.781666114788
b3773	-7.66559848240652	-7.86378287700695
b3774	-17.7509263991921	-16.9687917534449
b3775	0.256912390571456	1.26589712581799
b3780	-1.48401171717027	-1.35298003706252
b3781	-5.18775967010899	-4.85636971710432
b3784	-2.14827153196387	-2.32293066320897
b3785	-0.541204521070804	-0.767627007114718
b3789	-0.546379912036487	-1.43683878260963
b3791	-4.68090371547457	-4.15190667934268
b3792	-4.85723244272868	-4.65228198227943
b3794	-3.36533193746451	-3.71288503473834
b3801	-0.200261973280809	0.0415516543326877
b3802	-1.04151101390257	-0.482254677026663
b3803	-1.0268028582797	-1.02270039396553
b3806	2.63600693395243	2.48640838442234
b3807	-1.06304781548959	-1.58486763896698
b3810	-1.21740201004831	-1.03486587357441
b3811	-2.88763248182305	-2.91499808461048
b3812	-0.248052695320228	0.316275100953967
b3813	-0.632385409685756	-0.68933583313974
b3816	-0.68748277045226	1.43678019858123
b3817	0.655136626998348	0.63663367015573
b3820	0.184868774030392	1.31852145407909
b3821	0.171193934632877	-0.496406451044684
b3827	0.290203296726235	0.927668108542341
b3828	-14.4599909789945	-11.5204237951942
b3829	-16.5171897746525	-16.0152244937319
b3831	0.032243269660286	-1.09505952922649
b3832	0.026650606993774	0.0981435043470407
b3834	0.246970153225338	0.991776913692019
b3836	0.610126484862055	1.1154766824903
b3839	-4.89718413790554	-6.06519019335032
b3842	-1.75650033967147	-1.0339036021079
b3844	-6.12873982961216	-8.03474946577279
b3846	0.901284407698808	1.67575573684619
b3847	0.785922251032723	-0.00574581566848938
b3848	-0.106727334776404	0.00193131790155495
b3856	0.407983305523866	-0.583144278201434
b3857	0.875531551973826	2.86911425009586
b3858	1.31305848244534	-0.328915563083002
b3859	1.16872179781137	-0.238199808996088
b3860	-3.34290289137559	-2.81754174359719
b3861	0.224177939792909	0.0964475418663364
b3862	0.933499674940094	1.22953919774502
b3863	-1.41431681298641	-0.558114790911083
b3866	1.01448526565494	-0.136751096493799
b3867	-1.59665166917057	-1.37875618923243
b3868	1.42558808584263	1.89808750781723
b3869	-0.433447549295262	0.626843339375374
b3870	-3.66992821583076	-3.0551840232379
b3872	0.306356508653533	0.537005819864077
b3873	0.16428868982173	0.483107475220404
b3874	-0.0906857125924999	0.858691079103365
b3875	0.54018863288596	-0.792449937460143
b3877	0.472663715414157	0.353017410150192
b3878	0.171276415450482	0.921479555897546
b3879	1.32762997229459	0.490543458049639
b3880	0.449269214324147	-0.043317874328892
b3881	1.08200514728047	2.4165112070384
b3882	0.750968810441605	-0.622158181997935
b3883	-0.645309728189922	0.914510013034656
b3884	2.17263233342714	2.84697655344535
b3885	-0.290974714736967	-1.13341271778957
b3886	-0.916330434089657	1.29763780908379
b3887	-0.235551367782387	-0.206177727458923
b3888	0.54470582834627	1.46300010939218
b3889	-1.53097701153959	-3.05497557119744
b3890	-0.274906795077948	-0.323908027114359
b3891	1.50904970739517	0.486805959663521
b3892	1.02440298203702	1.81363722901498
b3893	1.05289033645089	0.823161574892053
b3894	0.448779515823603	0.475483714357374
b3895	0.501697132094626	0.834521325107176
b3896	1.63062111130179	1.34041025337221
b3897	0.432526778399078	0.457105782425927
b3898	0.142569715618567	-0.239635877870155
b3899	1.62880989657282	-0.694847570664823
b3900	1.74026675562519	0.931275096490834
b3901	-0.46124343807341	0.716049913108148
b3902	0.0386027415439385	0.447194608494336
b3905	0.642170474489025	0.729043877651052
b3906	-0.355616846378161	0.286111269841459
b3907	-0.202303123261863	1.17330753653804
b3908	-0.60351741778939	-0.994607958490745
b3909	0.766397920451608	-0.509672347111122
b3910	2.11761684478343	1.21777684197011
b3911	-3.5811016841044	-3.09250359225649
b3912	2.18676928270003	1.06761108093353
b3915	-0.00545921708523495	0.43929539510962
b3916	-5.21080679588796	-3.28285049448509
b3917	-0.117506071089705	-0.148760377088491
b3918	-0.396965847729191	0.600054084953561
b3920	-1.07538701691524	-1.96336018630347
b3921	1.03569764800342	0.325065762796616
b3922	0.622977886712021	-0.577566934807911
b3923	0.856501081592669	1.07650799147758
b3924	-0.175470589055757	-0.699298507433274
b3925	0.518801916055562	-0.00912977848356126
b3926	-0.89952365115392	-1.38450521655775
b3927	-0.346030213614956	1.4201344202977
b3928	2.00546197958939	1.23873010291538
b3929	1.71643454254997	2.77935963046605
b3930	-0.468829710545674	-2.18827684649626
b3931	0.282146819929701	0.818738634933455
b3932	0.861677566392925	1.74684525534233
b3933	2.86390433420937	3.063190797428
b3934	0.904448412650174	1.60361902438043
b3935	-0.469534789452429	-2.10098437138205
b3937	0.559738063851981	0.758229352395598
b3939	-13.4077695208092	-13.0700722817203
b3940	-2.4077871833721	-2.72335853260584
b3941	-12.353775364482	-12.4046258475616
b3942	0.131949639636315	-0.77761762209005
b3943	0.183328508553301	0.180253460405377
b3944	0.574807222242387	-0.438235112170196
b3945	-0.735056884006791	0.0938568246309442
b3946	-1.22992733752147	-1.73799821301637
b3949	0.43627180547334	0.696686897206873
b3950	-1.71412210386241	-0.913397665803761
b3951	-0.081753007989935	-0.575863480266819
b3952	-0.377258739535768	0.580537132760894
b3953	-0.263915708827771	0.969529057470001
b3954	-0.758940842803711	-0.634273515678877
b3955	-0.326606462178457	0.663304503324418
b3956	-18.9074187632664	-19.0045201778557
b3957	-13.5412051908269	-13.3046296563607
b3958	-14.0865215531992	-13.0835520744534
b3959	-12.4734196377811	-10.8709854439083
b3960	-14.7725487347834	-14.4273485085338
b3961	0.92641334564617	0.388705511811077
b3962	-8.01463320564142	-9.50272357453848
b3963	-0.355159961233582	-0.621027923007972
b3964	1.01551849406669	1.75510501724236
b3965	-1.18590990578698	-0.00218656265698807
b3966	-2.70660505635596	-3.34562871134074
b3973	0.168459269352994	0.288837888297411
b3989	0.402737614309766	-0.745520371488272
b3990	-4.35154854301671	-3.05626016058331
b3991	-3.24048812107451	-3.47993919359844
b3992	-3.98781521306686	-3.40238207499811
b3993	-2.99642657579653	-2.68875201113745
b3994	-5.02151863003368	-5.68483038437217
b3995	1.28058053034207	0.507393610028383
b3998	2.53784703434116	0.506680786098702
b3999	0.075074741794746	0.57583150695377
b4000	-1.23259479046634	-0.243513483027795
b4001	0.44099558935303	-0.164967052608382
b4002	-0.401788350149587	0.596021809614815
b4003	-0.313593949994309	-0.3914994838662
b4004	0.00632749490026166	0.6688993616818
b4005	-11.0290169975562	-11.1019466044112
b4006	-14.5387072207438	-14.6177167832027
b4011	0.770452518960712	1.18475124418586
b4012	-0.173239742814594	-0.706899312756089
b4013	-4.14501304596989	-5.27412146636942
b4014	0.604437484115744	1.24726519452466
b4015	0.713330363191058	-0.723410101988564
b4016	0.0979467250981712	-1.17440371257539
b4017	-1.35650087797129	-2.31584936426601
b4018	-3.54702075052251	-3.55298025895814
b4019	-0.0849609251081765	-0.694663384290763
b4020	-0.771373435516458	-0.928430083008815
b4021	-0.417237451038896	-0.882533947293536
b4022	0.0928486562721136	0.160968331909039
b4023	0.528514069892637	0.825959300611041
b4024	-3.12952668389078	-2.69293496975492
b4025	-7.97653828188509	-9.13476727099508
b4026	0.0923607099606707	-0.365307339303717
b4027	-0.23154693935815	-1.06360898413714
b4028	-1.29344993483992	-0.0703849754527696
b4029	1.11975167284183	1.01291661272592
b4030	-0.356013730416992	-0.737789580320399
b4031	-0.00979036278088081	-0.178502677045338
b4032	0.270389440038985	-0.0141781046855483
b4033	0.91458272646088	0.237581447715691
b4034	-1.16114540021782	-0.853904116761524
b4035	-1.83859520213833	-0.94149780273972
b4036	0.429255726565719	-0.495246794703116
b4037	0.63849717964349	-0.195985736888931
b4039	-2.45475153728314	-0.736228296371299
b4041	-0.574089746198282	-0.570068178805028
b4042	-1.6582670041872	-0.143783279579707
b4044	0.0280735020179993	-0.146293433660623
b4045	0.651440537722971	-0.813927240555317
b4046	-1.84036375900154	-2.25594344162431
b4048	-2.28103336128404	-2.74110672679417
b4049	-0.391101735019823	0.211087699579505
b4050	0.24088982096139	1.22338458294976
b4051	-0.0376929461610828	-0.320442228225471
b4053	0.682219984266136	0.755016461815871
b4054	-1.09011669584423	-1.4445791408967
b4055	0.104671094694184	0.0680643390338353
b4056	0.249712068746045	0.601116489552097
b4057	-0.871586087653776	0.28030851199746
b4058	-1.37301979730482	-1.97348625917488
b4060	-0.88753920178781	0.527088489624962
b4061	-0.168676630599231	0.613149849315201
b4062	-0.0816088497819324	0.270300157728049
b4063	-0.928699211981777	0.138104817294809
b4064	0.172071044764353	1.55188532634183
b4065	-0.50242299381515	0.499983688672218
b4066	-0.634673587142709	-1.14338369730005
b4067	1.03311743513505	1.65821014688488
b4068	-0.977530326993323	0.702524633871416
b4069	0.13164815134313	-0.479330445509624
b4070	0.350553677894023	-0.367730442992169
b4071	2.26859581145998	1.04633108508342
b4072	0.659979382613516	-1.4478714093822
b4073	0.330644413333911	-0.0586386989779184
b4074	0.283890006493419	1.82100233502604
b4075	-1.95266354401308	0.242432013809985
b4076	-1.80098335783332	-1.95622862300197
b4077	0.645616684478448	1.82123967167231
b4078	1.1720389036618	1.62063553544084
b4079	0.652915028059758	-0.492718871558238
b4080	-0.469183844188477	-0.995216353799095
b4081	0.0778907246599913	0.405142930550592
b4082	-0.916282465277506	0.668845642829287
b4083	0.0435489173398542	-0.0973762518931702
b4084	-1.06009449413931	0.445555998705014
b4085	-0.530702626935161	-0.690892484221422
b4086	1.13559192162334	1.16799182721761
b4087	0.505585139253936	0.65895574046929
b4088	-0.135410026793604	0.241721730018924
b4089	0.0555480584504007	-0.258700376010241
b4090	0.356941322463733	-0.344242066913526
b4092	-0.319662894403104	-0.833864349892026
b4093	-0.00349221899615551	0.659439366037181
b4094	0.331568874759004	1.18573444310296
b4095	-0.174771473059527	1.04621772557835
b4096	0.96287776745999	1.28715805586126
b4098	-1.24847742821878	-0.0747314905720509
b4099	-0.348252084683979	-0.595131683817936
b4100	0.436807527175228	0.530130218550513
b4101	-0.386332499446606	-1.86576734469041
b4102	-2.01362063393514	-0.615677139586307
b4104	0.524607067470657	-0.532666720747961
b4105	0.606281447294771	0.253951864042519
b4106	-0.789327449949135	0.434149313338076
b4107	-0.0443660129275239	-0.336613729388764
b4108	-1.65641320384471	1.00057348733197
b4109	0.135998123562925	-0.197420791216666
b4110	0.695689721720982	0.0969941666056145
b4111	-0.133261861952642	0.480005267856921
b4112	0.00740682092304631	1.37237929843492
b4113	0.435177230972898	0.180182280297083
b4114	-0.135571982228776	-0.447990489737002
b4115	-0.0746939538569294	0.619697326392114
b4116	0.327094714659655	-0.277576264422605
b4117	-0.169058197281976	0.290665538846134
b4118	0.791370008539689	0.477040948764889
b4119	0.627459225645111	-0.481561525932876
b4120	0.217926411157635	0.991549918746327
b4121	1.03561700443889	0.489602995424895
b4122	1.19959991730695	0.228646650801228
b4123	0.255942676974981	-0.389730581034996
b4124	-0.141230389822253	0.0944457969059659
b4125	0.55992319916743	1.14171987241679
b4126	1.32265875833084	-0.00253453774757743
b4127	0.596267711726601	0.4043922279964
b4128	-1.85868872687556	-0.596721572225516
b4129	-0.0444785140681529	0.459496523523101
b4130	-0.609032812263978	-0.459837601124987
b4131	0.272833859906111	0.864029621289254
b4132	-0.17718567945502	0.509912891356639
b4133	1.49716750974691	1.54337462755973
b4135	0.0955252397745217	-0.205008231591191
b4136	0.580613706439794	0.135989687793191
b4137	0.412265285397779	0.0319739687233569
b4138	-0.0511742813415732	-0.00779125937123261
b4139	0.0678492386504229	0.646455868211463
b4140	-0.808827822438381	-1.067622966382
b4141	0.248564958709837	-0.0456815202146597
b4144	0.202500989460908	1.6498742903897
b4145	0.836739996868788	0.17159504971948
b4146	-0.637687941790956	0.242638530892927
b4148	-0.269376444091377	-1.43604704507855
b4149	-1.15920107947556	-0.217906951884183
b4150	-0.537437104587062	0.704950504259816
b4151	0.683483666815197	0.256135960316587
b4152	1.02979645853323	2.06671619144292
b4153	1.8153472931187	1.91160504389454
b4154	0.463664285700447	2.01649264099851
b4155	-1.51287948813193	-1.62874434680352
b4156	-0.0874693271898201	-0.231477707981225
b4157	-0.249539862461325	-1.26037315966752
b4158	0.503097143936947	-0.862003640158021
b4159	-0.0960404171226745	0.144873045207201
b4166	-1.90979526042838	-0.546029327018262
b4167	-2.26097940370975	-0.729155827595528
b4169	-1.50458221471384	-0.939085860592696
b4170	-0.318475492738152	-0.249145257541407
b4171	-8.47945310713658	-7.81061241317879
b4172	2.08532210411393	-0.168204076628296
b4173	-0.593082504452306	0.41565662585912
b4174	1.46604527222694	2.32665081037512
b4175	0.267623477953522	0.124338170240039
b4176	0.979358920166822	1.54294002991807
b4177	-1.85542971933147	-1.82272876438309
b4178	-1.84602707694044	-2.47104294439718
b4179	-5.11450829018682	-5.59632879417162
b4180	0.290125342368247	-0.593594301848789
b4181	-0.157792910893806	0.423849222708733
b4182	-0.336173252885526	-0.602700948893063
b4183	0.937435969357973	-0.183542905966942
b4184	-0.371165871095499	-0.830441203088813
b4185	-0.616150698615707	0.730355014979146
b4186	-0.268666495947269	-0.365221399417696
b4187	-0.299517229918952	-0.246717023867712
b4188	-0.24245447487143	0.078928991985934
b4189	-0.1554557174032	1.20826457938577
b4190	-0.0368147487813172	1.37500460196164
b4191	0.709846963438741	0.49590987654936
b4192	0.363584088270953	0.808670136657043
b4193	-0.10867827144466	-0.0432636962223496
b4194	-0.172890946314896	0.0794145674688258
b4195	0.767260245753283	0.350262063032431
b4196	-1.75363023379803	1.25750813331738
b4197	1.15583447656017	0.107978707018915
b4198	-0.273886166933454	-1.3770062068246
b4199	0.50236530847061	1.64155731131077
b4201	-0.560783061038487	-1.83742848535256
b4202	0.963737517465646	1.10012860059114
b4203	0.556922346651357	-0.451991393896979
b4204	-0.0471637686559373	0.0673598678448202
b4205	-0.748211922586837	-0.888466221272941
b4206	0.528606042201891	-1.57679550617306
b4207	-0.698683791085974	-0.234585574698103
b4208	-1.36035537427671	0.18591396683636
b4209	-0.947220550837986	-0.654285640058526
b4210	1.87650105036782	-0.229239002114041
b4211	-0.287443300109822	-0.170022562826875
b4212	-0.894541566157997	-2.42933211436794
b4213	-0.142058349259115	-0.312423203730194
b4214	-14.8447342523116	-13.8886983728494
b4216	-1.1540809047782	1.1226216208166
b4217	-0.0264054787564539	-0.572498443461158
b4218	-0.0317505430311461	-0.157542597468245
b4219	-0.462372120820107	-0.480338547708471
b4220	-0.114121231046698	1.00134404783094
b4221	-0.473629082538871	-0.708268223587505
b4222	-3.15698546402878	-1.64997917228639
b4224	-0.931280893933876	-0.713003625349453
b4225	1.00268015259065	0.374235686326258
b4227	-0.330308546306905	0.189744833525891
b4230	0.133767318621205	-0.181727649444556
b4231	-1.72829898835897	-0.346890932946536
b4232	-1.26009893078389	-0.44932802955321
b4233	0.344616692905625	-0.332258710655155
b4234	-1.50897540452752	-0.921013295671099
b4235	1.29837549422185	0.123856602594366
b4236	2.58669544714732	0.327647359573505
b4237	-1.45575151405061	-1.22662564438583
b4238	0.573678059909961	-0.229109348046904
b4239	-2.29170455973558	-2.84860891675818
b4240	-1.45046144615606	-0.550868762415201
b4241	0.201098987050177	-0.172381304430482
b4242	-20.0504399199834	-17.9271665588278
b4243	0.0511364910912056	0.272708337846519
b4244	-2.95143292267497	-1.69738541211611
b4245	-12.8946862100029	-12.0366863598738
b4246	-1.43078219052415	-0.499051412229815
b4248	-0.536626440392122	0.223160652035263
b4249	1.34514656875159	-0.927268361697716
b4251	1.11387624132966	0.125764408177976
b4252	0.520386331257666	1.45940702866908
b4253	-3.06345025698786	-2.5569389840134
b4254	-2.04167166029839	-2.97114161818435
b4255	0.872888906805687	0.676639437041696
b4260	-0.433183360074667	-0.308626691950598
b4263	0.327328333949588	0.403732827370165
b4264	-0.325636257186199	-0.118068707515069
b4265	0.844571272625143	-0.297664339510263
b4266	0.99136362798879	0.0781078637631402
b4267	-0.0123303061947416	-0.456528750497623
b4268	0.223070781068734	-0.0215259875623563
b4269	-1.68330019530445	-1.27811084839459
b4271	0.92550884178149	0.79487250363704
b4277	0.131474892588628	-0.206663835530007
b4278	0.687558504733698	1.67658530732058
b4279	-3.04412204337736	-3.07979955407316
b4280	0.650959402343061	-0.633179915487433
b4281	-0.577508092246149	1.00158239678383
b4282	-0.421313822092682	0.369118650611062
b4286	-1.04395927940356	-1.36900080070854
b4287	1.59882279326065	0.816148922071654
b4288	1.58115857748662	0.598732455560838
b4289	0.239347998284837	-0.888854548615834
b4290	-0.309388930914078	0.770474925931775
b4291	-0.0789789763780721	0.766007877523918
b4292	0.3393628686255	0.467174411372863
b4293	1.68786814702066	-0.753835036877478
b4294	1.01068897757935	-0.371213437319939
b4295	-0.021481103412084	0.914529395692985
b4296	-0.0277437549784144	0.0706191884484085
b4297	-0.265998646547836	0.435647596572739
b4298	0.0443918365373955	-0.094502477702847
b4299	-0.227219948305326	-0.0700526628341313
b4300	-1.31312607787626	0.36132612665318
b4301	0.438213680259241	-0.946110484747805
b4302	-0.679247874869723	-1.072425057969
b4303	1.03936663764115	0.279533645698132
b4304	-1.03326868342009	-0.196291351252354
b4305	-0.247753316581596	1.00306889816973
b4306	1.45922576841477	1.04622528152745
b4307	0.686315112272438	2.9429793626294
b4308	-0.27336296148727	0.511270335205702
b4309	-0.776644000837537	-0.431725807210196
b4310	-0.321912761980653	-0.0118958617038581
b4311	-0.8325051317936	-0.375750977056568
b4312	-0.0207786798808608	0.458194296233929
b4313	-1.52737680964081	-1.60568284041915
b4314	1.41583774162984	0.538719836251479
b4315	-0.165578889881559	0.532161748141805
b4316	-0.380453989466134	0.0823728458084905
b4317	0.374382025571769	1.04024747463753
b4319	0.299217717127903	0.0731744121022717
b4320	0.436536147757044	-0.227609502044228
b4321	-0.119527899098937	1.29046443583088
b4322	-0.592715017370142	1.73151300563656
b4323	-0.472327418094619	-0.122960211135759
b4324	-0.318129933857097	-1.08576481786193
b4325	-0.847192181422393	-1.36685657343668
b4326	0.87524666180051	-0.450112597259614
b4327	0.0682197550707223	-0.0637744786630024
b4328	-0.599480105571207	0.256546782736248
b4329	-0.505787380103726	1.14100304691464
b4330	-0.157470150363185	0.535857373566453
b4331	-0.280206985318145	-0.864327088951316
b4332	1.05991232839109	2.68683351452149
b4333	0.0218563336585784	-0.260292577154964
b4334	1.06373896226712	0.438452214212009
b4335	-1.44380722694461	0.721439910340948
b4336	2.10200323297352	0.0756561415662998
b4337	0.416494745223861	-0.535414795608877
b4339	-0.104897102382166	-0.533497045138075
b4340	0.27161523228458	0.0506120237887744
b4341	-0.878172020647406	0.766773405621356
b4342	-0.501836878279548	0.705287876244575
b4345	0.78649268451487	-0.592303390327388
b4346	0.332640793842569	0.246489471665568
b4347	0.731785250967435	1.25211175655278
b4348	-1.12391736700203	-0.145643121681628
b4349	0.096926369734894	1.2412533980649
b4350	0.528396580894098	0.872771934026331
b4351	-0.337367911246511	0.122877120453722
b4352	2.03241698406651	-0.647639258326213
b4353	0.688512854982204	-0.593606542962441
b4354	0.689021550054188	0.562782161460466
b4355	-1.18299255032997	0.217926602803512
b4356	-0.586453556561067	-0.194235399436845
b4358	-0.00522843870830449	-0.0482678866503446
b4359	0.20397979767029	0.233215625658431
b4360	-1.70845237184711	-1.08585007689188
b4363	0.759652612175616	0.109337474301879
b4364	0.805172630339886	0.16061686912294
b4365	0.0506920487265572	0.634903932744896
b4366	0.778934612275867	0.563483664570274
b4367	0.234197536298922	-0.202056088114376
b4371	1.25440878909907	2.42631703139373
b4373	1.87651193446895	0.225020366330428
b4374	0.588864378153628	0.764298703456186
b4375	-7.88398970409181	-8.03508843505164
b4376	-1.46919970741553	-1.12006720647194
b4377	0.700026114761222	-1.20958277960244
b4379	0.415217711278986	-0.166572720199925
b4380	-0.0591151320235577	-0.261623565759689
b4381	0.0598584670099847	1.24089785416719
b4382	1.44993282613088	0.896965186487568
b4383	-0.304822762147207	0.167510792556381
b4384	0.351756521096959	0.1889899045216
b4385	0.0908790767429267	-0.214883926627671
b4386	0.450795639031187	-0.388570720750136
b4387	-0.722283715503438	-0.445999190052061
b4388	-7.03233578749206	-6.0525295826764
b4389	-0.379980932107756	-0.68672624930532
b4390	-0.386843507298528	-0.591093409706873
b4391	2.49725358437875	2.79053600678346
b4392	-0.314285877854714	-1.10847404211233
b4393	-0.879220908538251	-1.75646476186596
b4394	-0.904652837612363	-1.79727281905507
b4395	-0.919988940259075	-0.529176631867262
b4396	1.59601033871995	1.13454217235761
b4397	1.18316523601496	0.645428161812991
b4398	1.07498992949244	1.66172751680796
b4399	0.0605494874426048	-1.08484475519895
b4400	1.25831832558528	0.8231614071294
b4402	-0.549202171113991	-0.437801401552085
b4403	1.18129090400361	-0.62764392822719
b4413	-1.69691532921856	0.721168962619446
b4577	-0.512210964283273	0.0711624468787245
b0070	0.0344461461522887	0.481650763105938
b0077	-9.15701855563402	-8.7971147488223
b4414	-1.202974278387	-0.166190644491303
b4406	1.76002581906693	1.29159038752351
b0216	0.0342702297445055	-0.128511399305944
b4503	0.52234252098096	-0.455173829422542
b4504	-0.852767738222033	0.824252010009935
b4505	0.32547344132536	0.773729810011166
b4506	0.587269090527873	-0.689770527035328
b4579	0.48203787735084	0.297568501236181
b4580	-0.352262766067491	0.140256877443065
b4572	-1.76568803408302	-0.743490121118549
b4509	-0.446849175398252	-0.278630521164857
b4415	0.830252314785732	0.52273569411636
b4511	0.444867218891596	0.090728808465169
b4581	-0.00349496614316395	0.346683380292362
b4513	-0.25767706524113	-0.385084810220463
b4515	-0.481745206443545	-0.367029782003698
b0746	0.440664481864715	0.405981858114011
b4416	0.446583025185046	1.17570846635622
b4490	0.260320517556468	0.357955972388542
b4418	0.587389164318909	0.401751854601681
b4519	1.55197990752498	1.60524560001575
b4520	2.53794905899062	0.520286937252071
b4491	-0.101356774197782	-1.90163095624914
b4521	0.267396554325286	-0.495993966955947
b1231	-1.36024228263306	0.45479669769457
b4573	-0.898334900947222	-2.32015899445758
b1246	1.07130045083046	0.213215832070052
b4522	0.130276970092515	-0.314954391258261
b4523	-0.760250831117004	0.102793339149309
b4524	0.799966100094351	0.324276856853088
b4426	-0.871707474464146	-1.63228745083675
b4570	-0.532221198663414	1.62446408861646
b4529	-0.00746251221358135	-0.398667327266262
b4492	-0.14450786939924	1.12267968618384
b4493	-1.48897672631946	-0.109494338889339
b4578	-0.999994012825383	-0.546686242696261
b1521	-0.431880923971091	0.379437994900216
b4533	-0.956612466075302	-1.40940727081263
b4409	0.0927030767531858	0.616738680175507
b1647	-0.34394814285173	-0.876731171775694
b1660	-0.717308911027808	0.904735907773672
b1663	-0.386368447661948	-0.918566089235177
b4431	1.21054545977438	0.544512228189862
b4494	-1.80518492401481	-1.82047011958701
b4535	0.304028716249846	-0.726840384865385
b1732	1.93311138602083	1.61186904496945
b4536	0.134278557279269	-0.458156355983564
b1831	-1.46210561579516	-1.09540305300929
b1874	-0.620862172128408	-2.13227693217624
b4460	0.318713206029983	0.664800964678762
b1931	-0.0625520926162763	0.0945577724651179
b1954	2.63004455271527	0.308017239906224
b4496	1.32660749465745	0.777705665298711
b1977	1.04422305171629	-0.521589193920865
b4497	-3.15266803439361	-2.3615748853124
b1984	0.621520745079667	-1.32188966282156
b1989	0.545908258174251	-0.718079495480431
b4582	-0.528889245374185	-0.798492100874672
b4435	1.14671630401713	-0.962052140766121
b2000	0.370548105046704	0.888402028489942
b4538	-0.96596923580361	-0.209640044558629
b4571	-0.417675699626123	-1.62536223507618
b4436	0.51011862683842	0.302422538162553
b4438	0.670818607070788	0.514911330347048
b4498	-0.297117756145957	0.198893669152651
b4499	0.615448093956683	-0.529121265128585
b4541	1.1119657471977	0.167403487673082
b4502	-0.854146745144791	0.36255500049601
b2189	-0.62700923437612	-1.86322527877103
b4500	0.316010111670599	0.943146265696872
b4543	-0.378037570237277	-1.06981985781836
b4544	-1.38691665332582	-0.0389325321668057
b4545	1.51391026127478	0.612702812924971
b4501	-1.02611135322824	0.0043886269064114
b4546	0.888822971626705	0.824289572201142
b2423	-7.56089037248711	-5.23174273136622
b4547	-1.57375221813205	-2.53229585537631
b4440	0.446694314997217	-0.455667332865351
b4441	1.00365963760906	1.48346225997518
b2557	-12.9377675466151	-12.7360766901827
b4461	1.55119815457922	0.362131592750859
b2616	-1.75023831521791	-1.62717666267357
b2632	-0.281964226516894	0.43737341821974
b2635	-0.769780033712204	-0.199508416548556
b4548	1.61022109441798	-1.64484625929946
b2652	-3.71671278222387	-1.84040609191618
b4462	-0.720495359317222	0.0113369556820189
b2681	-0.540400432102577	-1.14702040499397
b2702	-0.228135243265375	-0.986000535848751
b2703	1.21724841831313	0.00977948198148355
b2715	-0.357476524677104	-0.443017450417981
b4463	0.703036896873152	1.38016286176511
b4408	1.23218406787869	0.970577943676698
b4443	0.0751156905591417	-0.622091190353484
b2814	1.26300893705037	0.529049816357754
b4444	0.0175944731055206	1.16826068759036
b4445	-0.838919125086121	-0.428605617993756
b2870	1.59614963722126	0.100847128234304
b4464	0.18760429629926	1.41449343510818
b2911	-2.18702957128434	-1.4134594692095
b4465	-0.47811538675986	0.418767306006727
b2935	-3.98887163862447	-3.02227782161458
b4466	-0.262052561510308	1.19052880280072
b4467	0.764490392067777	0.774372788610472
b4468	0.471552171387612	0.856405845745073
b2983	-2.3799534033719	0.948678369751374
b3013	-0.396806772952362	-0.166136714097161
b4469	0.255616116752941	-0.327837524453798
b3023	0.383786162936762	0.158980471042998
b3076	-1.44018625136779	-0.273934091311281
b3078	-0.235414575898369	0.128115256296327
b3088	1.00020861967833	0.384738767197314
b4470	0.0416581729853174	-0.339412120045086
b3110	-0.321279823411401	-0.410891064581496
b4471	0.774120626269159	0.146598378138159
b3114	0.0835329696140332	-0.275003250716512
b3135	-0.126483741177935	0.454497686430993
b4450	2.48673756364289	2.2325407081717
b3210	1.21265472030014	0.971216044745597
b4569	1.46830761566411	0.590435707594609
b4472	-1.37817726434229	-1.24804766714199
b3269	0.579794941659782	-0.45260067754568
b3283	0.688912690400345	0.900337745071789
b4473	0.681774211948759	0.42161697268135
b4550	0.955501719674368	0.74963468027208
b4551	0.121844312712682	-0.497277882057915
b3367	-0.324049901745868	0.808398674899254
b4474	0.903157445006586	-0.350521133718727
b3383	-0.158315053853378	0.0610791348741256
b3390	-3.71268228694155	-3.89277523211457
b3406	0.52566042786705	2.78640105604163
b3415	0.19409179762166	-0.564217392070439
b3417	-0.976809790787672	-0.552221283173612
b4475	0.104132436501991	-0.134463427066299
b3424	0.143180915212688	-0.202859506582345
b4476	-1.31064288224492	-0.326553042184175
b3438	-1.44536250330869	-0.392221950537726
b4451	0.462752826028793	-2.33928059967228
b3460	0.837775751071593	1.30552414702058
b3482	0.0969988076317057	-0.313021538202671
b4552	-1.18563510137644	0.4204157042352
b3486	0.289858381005439	0.867475679911687
b4452	0.0709350282818114	0.683730638374152
b3530	0.224681517809767	0.552616581749285
b4453	-1.32769087133394	0.797429254718177
b4454	-0.981205226977208	0.291827883944982
b3545	0.215176788679116	-0.611028529769428
b3552	-0.153939901743502	-0.476371471928362
b4553	0.238280834200525	-0.267908643832943
b3570	-0.0122783989277186	1.103046686615
b3572	-4.49758630315386	-3.80747964563895
b3578	-0.441311459597019	-1.34342332364927
b3589	-1.19065129175215	-0.566627838854256
b3595	-0.624233217435436	-0.0482942946071001
b4554	0.581236731174639	-0.0206839413716677
b3658	1.87438945423369	0.769788026027168
b4555	1.06670442439333	-0.203423950172556
b4556	0.399535615647086	1.11574039146531
b3683	0.0287226141996083	1.29738329678168
b4478	1.59942754490311	1.17843580044148
b4477	2.0478473138376	1.21919172957616
b4479	-0.0133196737786077	0.535743309417605
b3696	-1.27203192757912	0.773963131817564
b4557	0.446044601052886	0.472729577715709
b3718	1.21300581906257	1.15554910113271
b3745	0.36860295933794	0.452688173711431
b3747	-0.0435563413577445	-0.833829126727362
b3755	-0.243401217033438	0.168249054802758
b3761	-0.00434179586187191	0.164122743171321
b4480	-6.02331699308001	-7.02518451387461
b4488	-2.36773493469685	-2.47247676906479
b3770	-15.1300387140584	-12.6201445135016
b3771	-15.7422465932081	-15.3613364113301
b3777	-0.490681123494874	0.571809243178078
b3778	-1.1616343100713	-1.80884311113342
b3779	-0.286715603717988	-1.49501953461175
b3786	-3.30241673258431	-2.44671676973407
b3787	-3.71240440599257	-3.04692022211803
b3788	-0.543301760710943	0.792198817013208
b3790	-2.65668370854	-2.05560354809004
b4481	-3.87807312818239	-3.3411348873463
b3795	-0.528358326567188	-0.179735867021154
b3800	0.515114654191956	1.03528443858394
b4456	0.180521216312801	0.344006546869709
b4558	-1.3707439477761	-1.45020070803812
b4482	0.799870164390975	1.32602940678452
b3819	-0.407560748280443	-0.555000132664515
b3822	0.822511167831643	0.807927528403938
b3823	-2.46434228753201	-0.709648412776352
b3824	0.0690351087021251	0.370704171876559
b3825	-0.601273593952936	0.511803535221656
b3826	0.521854854103616	0.437849847428452
b3830	0.932068059656441	0.0945454367519361
b3838	-3.23225809275793	-2.65037284528524
b4483	0.208216271262443	0.378646384505646
b3845	0.0940848043962351	0.72267280712034
b3849	-9.83663782851059	-12.0184327605017
b4457	0.924437896924514	1.19156496632054
b3871	-1.38764272965274	-0.529515090307599
b3876	0.172353914057041	0.868120863047106
b4484	-1.33001808555739	-1.99925850347825
b3947	-0.432617529163035	-1.29593286351469
b4458	-0.649158203630597	1.53920449386632
b3977	-1.22344545815677	-0.785705883338261
b3979	2.01282513408267	-0.505741763317299
b4407	0.159865690642024	-0.483869899746105
b3996	-1.71692640851116	-0.977320647920258
b4487	-0.357521754472808	-0.534397256808432
b4097	-0.0517975347529585	2.09336358997569
b4559	0.940657150723162	0.267113482766385
b4410	0.13943610335826	0.468821163185015
b4411	-0.00469979215526309	-0.310354818197091
b4163	0.742148743769978	-0.330237075157071
b4215	0.613026017210868	-0.0347888192085233
b4485	-1.43466525990596	-0.629563997139179
b4256	0.540187900476428	0.132770491880129
b4257	1.1987177252496	2.44687554946253
b4575	0.712438668971308	-0.168802864513461
b4561	-0.03904425353768	-0.534320556186131
b4576	0.0335295787321575	-0.553050060871995
b4565	-0.120397391975836	0.784438628989292
b4566	0.647576813051957	1.25855207619131
b4486	0.112727850442856	0.898013399355041
b4357	-0.763795023642085	0.107183664627126
b4567	-4.9635451886294	-1.86524202810838
b4369	-0.885038446064861	-0.31034406403298
b4370	-1.22491115274168	0.610401054439072
b4568	0.336657123542691	-0.105145727979235
b4378	0.0462355490696281	-0.926800811774969
b4659	-0.619949564194083	-0.0924965928882471
b4627	0.452478601189621	0.318709845873141
b4587	-0.00705768961728219	0.70131702902492
b4630	-1.37807241949034	-0.447661772791097
b4631	1.01410063934811	0.41354174153558
b4585	-0.519375582704328	-0.356949926520314
b4632	0.550501218957902	0.330295158537768
b4633	0.673817005564347	-0.164988531430534
b4588	-0.487942493670685	-0.472703378861837
b4589	-0.532596233793902	-0.0181074673158023
b4634	-0.499278540487355	-0.517568880651918
b4636	-0.964854984649563	-0.968662992973868
b4590	-0.966560045406503	-1.02242877606275
b4592	-0.0245523379443013	-0.249903527584112
b4593	-0.385339614072181	-0.478369270990554
b4594	-0.531700579145188	-1.89835824128257
b4595	0.38551609204852	0.676050896498311
b4596	-1.19557141460952	1.07714321150447
b4598	-0.896353035565155	-0.683939454778403
b4600	-0.265036212782326	-0.407253067575078
b4603	0.691028574284264	0.0983088263640288
b4640	-2.43322054971218	-2.30742919981701
b4641	1.08917548331838	0.467841224567068
b4642	-1.8605522447418	-0.340769229600905
b4661	1.46131163607946	-0.0545679531498681
b4606	-1.93800636866195	-0.778240892903024
b4608	-0.993926397732311	0.246266151918041
b4609	2.51763974280997	-0.0481753597214052
b4644	-0.0135854372169391	0.696883416711316
b4658	0.438198663633689	-0.689368163059951
b4646	-0.534533197505751	0.742068827400046
b4660	-1.27086086161413	-0.124628624658537
b4613	-0.61125870820309	0.177569453971624
b4647	0.0853406756824559	-1.38379672889254
b4614	-0.108502944764347	1.28537376133203
b4648	-0.816166618187128	-0.89547512318925
b4649	0.520520596467386	0.952957557324279
b4650	-1.64300643573366	-1.02034628067352
b4651	-0.63832386248228	-1.15337670139282
b4652	0.368783513119595	-0.83612468155459
b4653	0.279545793196418	1.47163240605084
b4618	-0.647998667028718	-0.0778260431783477
b4620	0.118939480746957	0.306252325527338
b4622	1.28290487698845	-0.130117334555034
b4654	0.0929984976600032	0.989947062550948
b4655	-0.381555065583705	-0.176498652963623
b4623	0.818267325443661	0.195578523011059
b4656	0.595490828093597	0.331416218765583
b4657	-0.299295936112797	-0.0140355553699869
b4625	-0.127642461146976	-1.05329895872236
b0502	0.526819943429909	1.131183140377
b1157	0.0498630229824091	0.129789333827297
b4694	0.364691411295297	0.798398586524128
b4695	-0.130855904329726	-0.419778832961482
b4692	0.354088504731656	-0.674497167629186
b4693	-0.0323361109131586	0.250066653055621
b4696	0.604122262376685	-0.0721054898788855
b4676	0.521760551987792	0.904357796276879
b4675	-0.629055469730333	0.433958901075482
b4679	0.912976300478593	2.66075709341141
b4687	0.956673451406562	2.02534873439029
b4684	0.317272155685621	-0.749450653548176
b4685	-1.01725614822731	-0.59401871862152
b4697	-0.111440718337179	2.05151499716155
b4686	0.55633330192628	-0.312236153511819
b4699	-0.563579213814497	1.18482428698596
b4698	-0.479148566985146	-0.067256968217061
b4701	-0.766451228414339	-0.294715041411499
b4704	-0.112832775265437	-0.219185175543791
b4702	-5.06009296671098	-4.78993372017222
