Reference Seq,Position,Mutation Type,Sequence Change,Gene (Scrollable),Function,Product,GO Process,GO Component,Mut ID,Details,LTEE ARA A1 F500 I1 R1,LTEE ARA A1 F500 I2 R1,LTEE ARA A1 F1000 I1 R1,LTEE ARA A1 F1000 I2 R1,LTEE ARA A1 F1500 I1 R1,LTEE ARA A1 F1500 I2 R1,LTEE ARA A1 F2000 I1 R1,LTEE ARA A1 F2000 I2 R1,LTEE ARA A1 F5000 I1 R1,LTEE ARA A1 F5000 I2 R1,LTEE ARA A1 F10000 I1 R1,LTEE ARA A1 F10000 I2 R1,LTEE ARA A1 F15000 I1 R1,LTEE ARA A1 F15000 I2 R1,LTEE ARA A1 F20000 I1 R1,LTEE ARA A1 F20000 I2 R1,LTEE ARA A1 F30000 I1 R1,LTEE ARA A1 F30000 I2 R1,LTEE ARA A1 F40000 I1 R1,LTEE ARA A1 F40000 I2 R1,LTEE ARA A1 F50000 I1 R1,LTEE ARA A1 F50000 I2 R1,LTEE ARA A2 F500 I1 R1,LTEE ARA A2 F500 I2 R1,LTEE ARA A2 F1000 I1 R1,LTEE ARA A2 F1000 I2 R1,LTEE ARA A2 F1500 I1 R1,LTEE ARA A2 F1500 I2 R1,LTEE ARA A2 F2000 I1 R1,LTEE ARA A2 F2000 I2 R1,LTEE ARA A2 F5000 I1 R1,LTEE ARA A2 F5000 I2 R1,LTEE ARA A2 F10000 I1 R1,LTEE ARA A2 F10000 I2 R1,LTEE ARA A2 F15000 I1 R1,LTEE ARA A2 F15000 I2 R1,LTEE ARA A2 F20000 I1 R1,LTEE ARA A2 F20000 I2 R1,LTEE ARA A2 F30000 I1 R1,LTEE ARA A2 F30000 I2 R1,LTEE ARA A2 F40000 I1 R1,LTEE ARA A2 F40000 I2 R1,LTEE ARA A2 F50000 I1 R1,LTEE ARA A2 F50000 I2 R1,LTEE ARA A3 F500 I1 R1,LTEE ARA A3 F500 I2 R1,LTEE ARA A3 F1000 I1 R1,LTEE ARA A3 F1000 I2 R1,LTEE ARA A3 F1500 I1 R1,LTEE ARA A3 F1500 I2 R1,LTEE ARA A3 F2000 I1 R1,LTEE ARA A3 F2000 I2 R1,LTEE ARA A4 F500 I1 R1,LTEE ARA A4 F500 I2 R1,LTEE ARA A4 F1000 I1 R1,LTEE ARA A4 F1000 I2 R1,LTEE ARA A4 F1500 I1 R1,LTEE ARA A4 F1500 I2 R1,LTEE ARA A4 F2000 I1 R1,LTEE ARA A4 F2000 I2 R1,LTEE ARA A4 F5000 I1 R1,LTEE ARA A4 F5000 I2 R1,LTEE ARA A4 F10000 I1 R1,LTEE ARA A4 F10000 I2 R1,LTEE ARA A4 F15000 I1 R1,LTEE ARA A4 F15000 I2 R1,LTEE ARA A4 F20000 I1 R1,LTEE ARA A4 F20000 I2 R1,LTEE ARA A4 F30000 I1 R1,LTEE ARA A4 F30000 I2 R1,LTEE ARA A4 F40000 I1 R1,LTEE ARA A4 F40000 I2 R1,LTEE ARA A4 F50000 I1 R1,LTEE ARA A4 F50000 I2 R1,LTEE ARA A5 F500 I1 R1,LTEE ARA A5 F500 I2 R1,LTEE ARA A5 F1000 I1 R1,LTEE ARA A5 F1000 I2 R1,LTEE ARA A5 F1500 I1 R1,LTEE ARA A5 F1500 I2 R1,LTEE ARA A5 F2000 I1 R1,LTEE ARA A5 F2000 I2 R1,LTEE ARA A5 F5000 I1 R1,LTEE ARA A5 F5000 I2 R1,LTEE ARA A5 F10000 I1 R1,LTEE ARA A5 F10000 I2 R1,LTEE ARA A5 F15000 I1 R1,LTEE ARA A5 F15000 I2 R1,LTEE ARA A5 F20000 I1 R1,LTEE ARA A5 F20000 I2 R1,LTEE ARA A5 F30000 I1 R1,LTEE ARA A5 F30000 I2 R1,LTEE ARA A5 F40000 I1 R1,LTEE ARA A5 F40000 I2 R1,LTEE ARA A5 F50000 I1 R1,LTEE ARA A5 F50000 I2 R1,LTEE ARA A6 F500 I1 R1,LTEE ARA A6 F500 I2 R1,LTEE ARA A6 F1000 I1 R1,LTEE ARA A6 F1000 I2 R1,LTEE ARA A6 F1500 I1 R1,LTEE ARA A6 F1500 I2 R1,LTEE ARA A6 F2000 I1 R1,LTEE ARA A6 F2000 I2 R1,LTEE ARA A6 F5000 I1 R1,LTEE ARA A6 F5000 I2 R1
REL606,"880,542",AMP,"24,155 bp x 2","ECB_00814, ECB_00815, ECB_00816, ECB_00817, ECB_00818, ECB_00819, ECB_00820, ECB_00821, ECB_00822, ECB_00823, ECB_00824, ECB_00825, ECB_00826, ECB_00827, ECB_00828, ECB_00829, ECB_00830, ECB_00831, ECB_00832, ECB_00833, ECB_00834, ECB_00835, ECB_00836, ECB_00837, ECB_00838, ECB_00839, ECB_00840, ECB_00841, ECB_00842, ECB_00843, ECB_00844, ECB_00845, ECB_00846, tfaE, ECB_00848, ECB_00849, ECB_00850, ECB_00851",,"<i><b>38 genes</b><BR>ECB_00814, ECB_00815, ECB_00816, ECB_00817, ECB_00818, ECB_00819, ECB_00820, ECB_00821, ECB_00822, ECB_00823, ECB_00824, ECB_00825, ECB_00826, ECB_00827, ECB_00828, ECB_00829, ECB_00830, ECB_00831, ECB_00832, ECB_00833, ECB_00834, ECB_00835, ECB_00836, ECB_00837, ECB_00838, ECB_00839, ECB_00840, ECB_00841, ECB_00842, ECB_00843, ECB_00844, ECB_00845, ECB_00846, tfaE, ECB_00848, ECB_00849, ECB_00850, ECB_00851</i>",,,415069,duplication,1.00/0.00,,,,,,1.00/0.00,,,,,,,,,,,,,,,,1.00/0.00,1.00/0.00,,,,,,,,,,,,,,,,,,,,,1.00/0.00,1.00/0.00,,,,,,,,,,,,,,,,,,,,,,,,,,,,,,,1.00/0.00,,,,,,,,,,,,,,,,,,,,1.00/0.00,1.00/0.00,,,,,,,,
REL606,"1,329,435",SNP,G→C,topA,,DNA topoisomerase I,,,415096,V6L (GTC→CTC),1.00/0.00,,1.00/0.00,,1.00/0.00,1.00/0.00,,,,,,,,,,,,,,,,,,,,,,,,,,,,,,,,,,,,,,,,,,,,,,,,,,,,,,,,,,,,,,,,,,,,,,,,,,,,,,,,,,,,,,,,,,,,,,,,,,,,
REL606,"1,496,693",SNP,A→G,yncG,,predicted enzyme,,,415097,D112G (GAT→GGT),1.00/0.00,,,,1.00/0.00,1.00/0.00,,,,,,,,,,,,,,,,,,,,,,,,,,,,,,,,,,,,,,,,,,,,,,,,,,,,,,,,,,,,,,,,,,,,,,,,,,,,,,,,,,,,,,,,,,,,,,,,,,,,
REL606,"2,541,799",SNP,T→C,"upp, purM",,uracil phosphoribosyltransferase/phosphoribosylaminoimidazole synthetase,,,415098,intergenic (‑107/‑218),1.00/0.00,,,,,,,,,,,,,,,,,,,,,,,,,,,,,,,,,,,,,,,,,,,,,,,,,,,,,,,,,,,,,,,,,,,,,,,,,,,,,,,,,,,,,,,,,,,,,,,,,,,,,,,,,
REL606,"3,894,997",DEL,"Δ6,244 bp","rbsD, rbsA, rbsC, rbsB, rbsK, rbsR, [yieO]",,"rbsD, rbsA, rbsC, rbsB, rbsK, rbsR, [yieO]",,,415099,IS150‑mediated,1.00/0.00,,,,1.00/0.00,1.00/0.00,,,,,,,,,,,,,,,,,,,,,,,,,,,,,,,,,,,,,,,,,,,,,,,,,,,,,,,,,,,,,,,,,,,,,,,,,,,,,,,,,,,,,,,,,,,,,,,,,,,,
REL606,"880,542",AMP,"24,155 bp x 3","ECB_00814, ECB_00815, ECB_00816, ECB_00817, ECB_00818, ECB_00819, ECB_00820, ECB_00821, ECB_00822, ECB_00823, ECB_00824, ECB_00825, ECB_00826, ECB_00827, ECB_00828, ECB_00829, ECB_00830, ECB_00831, ECB_00832, ECB_00833, ECB_00834, ECB_00835, ECB_00836, ECB_00837, ECB_00838, ECB_00839, ECB_00840, ECB_00841, ECB_00842, ECB_00843, ECB_00844, ECB_00845, ECB_00846, tfaE, ECB_00848, ECB_00849, ECB_00850, ECB_00851",,"<i><b>38 genes</b><BR>ECB_00814, ECB_00815, ECB_00816, ECB_00817, ECB_00818, ECB_00819, ECB_00820, ECB_00821, ECB_00822, ECB_00823, ECB_00824, ECB_00825, ECB_00826, ECB_00827, ECB_00828, ECB_00829, ECB_00830, ECB_00831, ECB_00832, ECB_00833, ECB_00834, ECB_00835, ECB_00836, ECB_00837, ECB_00838, ECB_00839, ECB_00840, ECB_00841, ECB_00842, ECB_00843, ECB_00844, ECB_00845, ECB_00846, tfaE, ECB_00848, ECB_00849, ECB_00850, ECB_00851</i>",,,415100,amplification,,1.00/0.00,,,,,,,,,,,,,,,,,,,,,,,,,,,,,,,,,,,,,,,,,,,,,,,,,,,,,,,,,,,,,,,,,,,,,,,,,,,,,,,,,,,,,,,,,,,,,,,,,,,,,,,,
REL606,"1,331,020",SNP,T→A,topA,,DNA topoisomerase I,,,415101,F534Y (TTC→TAC),,1.00/0.00,,,,,,,,,,,,,,,,,,,,,,,,,,,,,,,,,,,,,,,,,,,,,,,,,,,,,,,,,,,,,,,,,,,,,,,,,,,,,,,,,,,,,,,,,,,,,,,,,,,,,,,,
REL606,"2,448,493",MOB,IS186 (–) +6 bp,"nupC, yfeA",,nucleoside (except guanosine) transporter/predicted diguanylate cyclase,,,414921,intergenic (+24/+21),,1.00/0.00,,,,,,,,,1.00/0.00,1.00/0.00,1.00/0.00,1.00/0.00,1.00/0.00,1.00/0.00,1.00/0.00,1.00/0.00,1.00/0.00,1.00/0.00,1.00/0.00,1.00/0.00,,,,,,,,1.00/0.00,1.00/0.00,1.00/0.00,,,,,,,,,,,,,,,,,,,,,,,,,,,,,,,,,,,,,,,,,,,,,,,,,,,,,,,,,,,,,,,,,,,,,,,,,,
REL606,"3,894,997",DEL,"Δ4,772 bp","rbsD, rbsA, rbsC, rbsB, [rbsK]",,"rbsD, rbsA, rbsC, rbsB, [rbsK]",,,415102,IS150‑mediated,,1.00/0.00,,,,,,,,,,,,,,,,,,,,,,,,,,,,,,,,,,,,,,,,,,,,,,,,,,,,,,,,,,,,,,,,,,,,,,,,,,,,,,,,,,,,,,,,,,,,,,,,,,,,,,,,
REL606,"3,894,997",DEL,"Δ2,543 bp","rbsD, rbsA, [rbsC]",,"rbsD, rbsA, [rbsC]",,,415487,IS150‑mediated,,,1.00/0.00,,,,,,,,,,,,,,,,,,,,,,,,,,,,,,,,,,,,,,,,,,,,,,,,,,,,,,,,,,,,,,,,,,,,,,,,,,,,,,,,,,,,,,,,,,,,,,,,,,,,,,,
REL606,"4,141,135",SNP,C→T,yijC,,DNA-binding transcriptional repressor,,,415488,H70Y (CAT→TAT),,,1.00/0.00,,,,,,,,,,,,,,,,,,,,,,,,,,,,,,,,,,,,,,,,,,,,,,,,,,,,,,,,,,,,,,,,,,,,,,,,,,,,,,,,,,,,,,,,,,,,,,,,,,,,,,,
REL606,"4,616,212",DEL,Δ1 bp,nadR,,nicotinamide-nucleotide adenylyltransferase,,,415489,coding (684/1233 nt),,,1.00/0.00,,,,,,,,,,,,,,,,,,,,,,,,,,,,,,,,,,,,,,,,,,,,,,,,,,,,,,,,,,,,,,,,,,,,,,,,,,,,,,,,,,,,,,,,,,,,,,,,,,,,,,,
REL606,"92,425",MOB,IS150 (+) +3 bp,"fruR, yabB",,DNA-binding transcriptional dual regulator/hypothetical protein,,,415505,intergenic (+589/‑11),,,,1.00/0.00,,,,,,,,,,,,,,,,,,,,,,,,,,,,,,,,,,,,,,,,,,,,,,,,,,,,,,,,,,,,,,,,,,,,,,,,,,,,,,,,,,,,,,,,,,,,,,,,,,,,,,
REL606,"1,353,056",SNP,C→A,sapB,,predicted antimicrobial peptide transporter subunit,,,415506,V262F (GTT→TTT),,,,1.00/0.00,,,,,,,,,,,,,,,,,,,,,,,,,,,,,,,,,,,,,,,,,,,,,,,,,,,,,,,,,,,,,,,,,,,,,,,,,,,,,,,,,,,,,,,,,,,,,,,,,,,,,,
REL606,"2,793,078",DEL,Δ61 bp,ECB_02621,,conserved hypothetical protein,,,415146,coding (570‑630/849 nt),,,,,1.00/0.00,,,,,,,,,,,,,,,,,,,,,,,,,,,,,,,,,,,,,,,,,,,,,,,,,,,,,,,,,,,,,,,,,,,,,,,,,,,,,,,,,,,,,,,,,,,,,,,,,,,,,
REL606,"3,328,441",SNP,C→A,mreB,,"cell wall structural complex MreBCD, actin-like component MreB",,,415147,G180C (GGT→TGT),,,,,1.00/0.00,1.00/0.00,,,,,,,,,,,,,,,,,,,,,,,,,,,,,,,,,,,,,,,,,,,,,,,,,,,,,,,,,,,,,,,,,,,,,,,,,,,,,,,,,,,,,,,,,,,,,,,,,,,,
REL606,"3,475,057",SNP,C→T,"yhgI, gntT",,"predicted gluconate transport associated protein/gluconate transporter, high-affinity GNT I system",,,415025,intergenic (+193/‑168),,,,,1.00/0.00,,,,,,,,,,,,,,,,,,,,,,,,1.00/0.00,,,,,,,,1.00/0.00,,,,,,,,,,,,,,,,,,,,,1.00/0.00,,,1.00/0.00,1.00/0.00,,,,,,,,,,,1.00/0.00,1.00/0.00,,,,,,,,,,,,1.00/0.00,,,,,,,,1.00/0.00,1.00/0.00,1.00/0.00,,,,,,,,,,
REL606,"4,141,016",SNP,C→A,yijC,,DNA-binding transcriptional repressor,,,415148,T30N (ACC→AAC),,,,,1.00/0.00,1.00/0.00,,,,,,,,,,,,,,,,,,,,,,,,,,,,,,,,,,,,,,,,,,,,,,,,,,,,,,,,,,,,,,,,,,,,,,,,,,,,,,,,,,,,,,,,,,,,,,,,,,,,
REL606,"3,088,865",SNP,G→A,yqhC,,predicted DNA-binding transcriptional regulator,,,415511,R176C (CGT→TGT),,,,,,1.00/0.00,,,,,,,,,,,,,,,,,,,,,,,,,,,,,,,,,,,,,,,,,,,,,,,,,,,,,,,,,,,,,,,,,,,,,,,,,,,,,,,,,,,,,,,,,,,,,,,,,,,,
REL606,"1,236,769",MOB,IS150 (+) +3 bp,ycgB,,hypothetical protein,,,415252,coding (621‑623/1533 nt),,,,,,,1.00/0.00,,,,,,,,,,,,,,,,,,,,,,,,,,,,,,,,,,,,,,,,,,,,,,,,,,,,,,,,,,,,,,,,,,,,,,,,,,,,,,,,,,,,,,,,,,,,,,,,,,,
REL606,"1,406,224",SNP,G→A,"ydaN, dbpA",,"zinc transporter/ATP-dependent RNA helicase, specific for 23S rRNA",,,415253,intergenic (+21/‑457),,,,,,,1.00/0.00,,,,,,,,,,,,,,,,,,,,,,,,,,,,,,,,,,,,,,,,,,,,,,,,,,,,,,,,,,,,,,,,,,,,,,,,,,,,,,,,,,,,,,,,,,,,,,,,,,,
REL606,"1,462,266",MOB,IS150 (+) +3 bp,"mokB, trg",,"regulatory peptide/methyl-accepting chemotaxis protein III, ribose and galactose sensor receptor",,,414904,intergenic (‑28/‑311),,,,,,,1.00/0.00,1.00/0.00,1.00/0.00,1.00/0.00,1.00/0.00,1.00/0.00,1.00/0.00,1.00/0.00,1.00/0.00,1.00/0.00,1.00/0.00,1.00/0.00,1.00/0.00,1.00/0.00,1.00/0.00,1.00/0.00,,,,,,,,,,,,,,,,,,,,,,,,,,,,,,,,,,,,,,,,,,,,,,,,,,,,,,,,,,,,,,,,,,,,,,,,,,,,,,,,,,,,
REL606,"1,733,865",SNP,G→T,pykF,,pyruvate kinase,,,414908,A301S (GCC→TCC),,,,,,,1.00/0.00,1.00/0.00,1.00/0.00,1.00/0.00,1.00/0.00,1.00/0.00,1.00/0.00,1.00/0.00,1.00/0.00,1.00/0.00,1.00/0.00,1.00/0.00,1.00/0.00,1.00/0.00,1.00/0.00,1.00/0.00,,,,,,,,,,,,,,,,,,,,,,,,,,,,,,,,,,,,,,,,,,,,,,,,,,,,,,,,,,1.00/0.00,,,1.00/0.00,1.00/0.00,1.00/0.00,1.00/0.00,1.00/0.00,1.00/0.00,1.00/0.00,1.00/0.00,1.00/0.00,1.00/0.00,1.00/0.00,1.00/0.00,1.00/0.00,1.00/0.00,,,,,,,,,,
REL606,"3,251,604",SNP,T→G,nusA,,transcription elongation factor NusA,,,415254,Y386S (TAT→TCT),,,,,,,1.00/0.00,,,,,,,,,,,,,,,,,,,,,,,,,,,,,,,,,,,,,,,,,,,,,,,,,,,,,,,,,,,,,,,,,,,,,,,,,,,,,,,,,,,,,,,,,,,,,,,,,,,
REL606,"3,761,696",SNP,C→A,spoT,,"bifunctional (p)ppGpp synthetase II/ guanosine-3',5'-bis pyrophosphate 3'-pyrophosphohydrolase",,,415255,H314N (CAC→AAC),,,,,,,1.00/0.00,,,,,,,,,,,,,,,,,,,,,,,,,,,,,,,,,,,,,,,,,,,,,,,,,,,,,,,,,,,,,,,,,,,,,,,,,,,,,,,,,,,,,,,,,,,,,,,,,,,
REL606,"3,894,997",DEL,"Δ6,138 bp","rbsD, rbsA, rbsC, rbsB, rbsK, rbsR, [yieO]",,"rbsD, rbsA, rbsC, rbsB, rbsK, rbsR, [yieO]",,,414940,IS150‑mediated,,,,,,,1.00/0.00,1.00/0.00,1.00/0.00,1.00/0.00,1.00/0.00,1.00/0.00,1.00/0.00,1.00/0.00,1.00/0.00,1.00/0.00,1.00/0.00,1.00/0.00,1.00/0.00,1.00/0.00,1.00/0.00,1.00/0.00,,,,,,,,,,,,,,,,,,,,,,,,,,,,,,,,,,,,,,,,,,,,,,,,,,,,,,,,,,,,,,,,,,,,,,,,,,,,,,,,,,,,
REL606,"4,615,673",MOB,IS150 (+) +4 bp,nadR,,nicotinamide-nucleotide adenylyltransferase,,,414959,coding (145‑148/1233 nt),,,,,,,1.00/0.00,1.00/0.00,1.00/0.00,1.00/0.00,1.00/0.00,1.00/0.00,1.00/0.00,1.00/0.00,1.00/0.00,1.00/0.00,1.00/0.00,1.00/0.00,1.00/0.00,1.00/0.00,1.00/0.00,1.00/0.00,,,,,,,,,,,,,,,,,,,,,,,,,,,,,,,,,,,,,,,,,,,,,,,,,,,,,,,,,,,,,,,,,,,,,,,,,,,,,,,,,,,,
REL606,"590,472",AMP,"61,235 bp x 2","hokE, insL-3, entD, fepA, fes, ybdZ, entF, fepE, fepC, fepG, fepD, ybdA, fepB, entC, entE, entB, entA, ybdB, cstA, cstA, ybdD, ybdH, ybdL, ybdM, ybdN, insB-8, insA-8, dsbG, ahpC, ahpF, ybdQ, ybdR, rnk, rna, citT, citG, citX, citF, citE, citD, citC, insB-9, insA-9, citA, citB, dcuC, crcA, cspE, ccrB, ybeM, tatE, lipA, ybeF, lipB, ybeD, dacA, rlpA, mrdB, mrdA, ybeA, ybeB",,"<i><b>61 genes</b><BR>hokE, insL-3, entD, fepA, fes, ybdZ, entF, fepE, fepC, fepG, fepD, ybdA, fepB, entC, entE, entB, entA, ybdB, cstA, cstA, ybdD, ybdH, ybdL, ybdM, ybdN, insB-8, insA-8, dsbG, ahpC, ahpF, ybdQ, ybdR, rnk, rna, citT, citG, citX, citF, citE, citD, citC, insB-9, insA-9, citA, citB, dcuC, crcA, cspE, ccrB, ybeM, tatE, lipA, ybeF, lipB, ybeD, dacA, rlpA, mrdB, mrdA, ybeA, ybeB</i>",,,415057,duplication,,,,,,,,1.00/0.00,,,,1.00/0.00,,,,,,,,,,,,,,,,,,,,,,,,,,,,,,,,,,,,,,,,,,,,,,,,,,,,,,,,,,,,,,,,,,,,,,,,,,,,,,,,,,,,,,,,,,,,,,
REL606,"651,703",MOB,IS150 (+) +4 bp,"ybeB, phpB",,hypothetical protein/predicted alpha-ribazole-5'-P phosphatase,,,414891,intergenic (‑83/+174),,,,,,,,1.00/0.00,1.00/0.00,1.00/0.00,1.00/0.00,1.00/0.00,1.00/0.00,1.00/0.00,1.00/0.00,1.00/0.00,1.00/0.00,1.00/0.00,1.00/0.00,1.00/0.00,1.00/0.00,1.00/0.00,,,,,,,,,,,,,,,,,,,,,,,,,,,,,,,,,,,,,,,,,,,,,,,,,,,,,,,,,,,,,,,,,,,,,,,,,,,,,,,,,,,,
REL606,"664,689",DEL,"Δ1,446 bp","insJ-2, insK-2, [gltL]",,"insJ-2, insK-2, [gltL]",,,415058,between IS150,,,,,,,,1.00/0.00,,,,,,,,,,,,,,,,,,,,,,,,,,,,,,,,,,,,,,,,,,,,,,,,,,,,,,,,,,,,,,,,,,,,,,,,,,,,,,,,,,,,,,,,,,,,,,,,,,
REL606,"3,102,723",INS,(C)5→6,"ygiU, ygiV",,predicted cyanide hydratase/predicted transcriptional regulator,,,415059,intergenic (‑7/+198),,,,,,,,1.00/0.00,,,,,,,,,,,,,,,,,,,,,,,,,,,,,,,,,,,,,,,,,,,,,,,,,,,,,,,,,,,,,,,,,,,,,,,,,,,,,,,,,,,,,,,,,,,,,,,,,,
REL606,"3,440,702",SNP,C→A,yhfZ,,hypothetical protein,,,415060,A109S (GCC→TCC),,,,,,,,1.00/0.00,,,,,,,,,,,,,,,,,,,,,,,,,,,,,,,,,,,,,,,,,,,,,,,,,,,,,,,,,,,,,,,,,,,,,,,,,,,,,,,,,,,,,,,,,,,,,,,,,,
REL606,"471,785",MOB,IS150 (+) +3 bp,aes,,acetyl esterase,,,415446,coding (254‑256/960 nt),,,,,,,,,1.00/0.00,,,,,,,,,,,1.00/0.00,,,,,,,,,,,,,,,,,,,,,,,,,,,,,,,,,,,,,,,,,,,,,,,,,,,,,,,,,,,,,,,,,,,,,,,,,,,,,,,,,,,,,,
REL606,"666,133",INS,+T,gltL,,ATP-binding protein of glutamate/aspartate transport system; b0652_2,,,414892,pseudogene (355/387 nt),,,,,,,,,1.00/0.00,,1.00/0.00,1.00/0.00,1.00/0.00,1.00/0.00,1.00/0.00,1.00/0.00,1.00/0.00,1.00/0.00,1.00/0.00,1.00/0.00,1.00/0.00,1.00/0.00,,,,,,,,,,,,,,,,,,,,,,,,,,,,,,,,,,,,,,,,,,,,,,,,,,,,,,,,,,,,,,,,,,,,,,,,,,,,,,,,,,,,
REL606,"1,102,032",MOB,IS150 (–) +3 bp,phoH,,conserved protein with nucleoside triphosphate hydrolase domain,,,414897,coding (756‑758/1065 nt),,,,,,,,,1.00/0.00,,1.00/0.00,1.00/0.00,1.00/0.00,1.00/0.00,1.00/0.00,1.00/0.00,1.00/0.00,1.00/0.00,1.00/0.00,1.00/0.00,1.00/0.00,1.00/0.00,,,,,,,,,,,,,,,,,,,,,,,,,,,,,,,,,,,,,,,,,,,,,,,,,,,,,,,,,,,,,,,,,,,,,,,,,,,,,,,,,,,,
REL606,"1,166,129",SNP,T→C,"fabG, acpP",,3-oxoacyl-[acyl-carrier-protein] reductase/acyl carrier protein,,,414899,intergenic (+156/‑55),,,,,,,,,1.00/0.00,1.00/0.00,1.00/0.00,1.00/0.00,1.00/0.00,1.00/0.00,1.00/0.00,1.00/0.00,1.00/0.00,1.00/0.00,1.00/0.00,1.00/0.00,1.00/0.00,1.00/0.00,,,,,,,,,,,,,,,,,,,,,,,,,,,,,,,,,,,,,,,,,,,,,,,,,,,,,,,,,,,,,,,,,,,,,,,,,,,,,,,,,,,,
REL606,"1,270,660",MOB,IS150 (–) +4 bp,"ldrC, chaA",,"toxic polypeptide, small/calcium/sodium:proton antiporter",,,414902,intergenic (‑167/+235),,,,,,,,,1.00/0.00,1.00/0.00,1.00/0.00,1.00/0.00,1.00/0.00,1.00/0.00,1.00/0.00,1.00/0.00,1.00/0.00,1.00/0.00,1.00/0.00,1.00/0.00,1.00/0.00,1.00/0.00,,,,,,,,,,,,,,,,,,,,,,,,,,,,,,,,,,,,,,,,,,,,,1.00/0.00,,,,,,,,,,,,,,,,,,,,1.00/0.00,1.00/0.00,,,1.00/0.00,1.00/0.00,1.00/0.00,1.00/0.00,1.00/0.00,1.00/0.00,,,,,,,,,,
REL606,"1,354,440",MOB,IS150 (–) +3 bp,sapA,,predicted antimicrobial peptide transporter subunit,,,415499,coding (1038‑1040/1644 nt),,,,,,,,,1.00/0.00,,,,,,,,,,,,,,,,,,,,,,,,,,,,,,,,,,,,,,,,,,,,,,,,,,,,,,,,,,,,,,,,,,,,,,,,,,,,,,,,,,,,,,,,,,,,,,,,,
REL606,"1,619,834",MOB,IS150 (–) +3 bp,"hokD, ECB_01533",,small toxic polypeptide/conserved hypothetical protein,,,414907,intergenic (‑71/+139),,,,,,,,,1.00/0.00,,1.00/0.00,1.00/0.00,1.00/0.00,1.00/0.00,1.00/0.00,1.00/0.00,1.00/0.00,1.00/0.00,1.00/0.00,1.00/0.00,1.00/0.00,1.00/0.00,,,,,,,,,,,,,,,,,,,,,,,,,,,,,,,,,,,,,,,,,,,,,,,,,,,,,,,,,,,,,,,,,,,,,,,,,,,,,,,,,,,,
REL606,"2,093,027",MOB,+GA :: IS150 (–) +1 bp,yegO,,"multidrug efflux system, subunit C",,,415500,coding (1534/3078 nt),,,,,,,,,1.00/0.00,,,,,,,,,,,,,,,,,,,,,,,,,,,,,,,,,,,,,,,,,,,,,,,,,,,,,,,,,,,,,,,,,,,,,,,,,,,,,,,,,,,,,,,,,,,,,,,,,
REL606,"2,397,543",MOB,IS150 (–) +3 bp,yfcTU,,predicted outer membrane export usher protein,,,414920,coding (1121‑1123/2646 nt),,,,,,,,,1.00/0.00,,1.00/0.00,1.00/0.00,1.00/0.00,1.00/0.00,1.00/0.00,1.00/0.00,1.00/0.00,1.00/0.00,1.00/0.00,1.00/0.00,1.00/0.00,1.00/0.00,,,,,,,,,,,,,,,,,,,,,,,,,,,,,,,,,,,,,,,,,,,,,,,,,,,,,,,,,,,,,,,,,,,,,,,,,,,,,,,,,,,,
REL606,"2,487,779",DEL,Δ9 bp,eutH,,predicted inner membrane protein,,,415501,coding (1050‑1058/1227 nt),,,,,,,,,1.00/0.00,,,,,,,,,,,,,,,,,,,,,,,,,,,,,,,,,,,,,,,,,,,,,,,,,,,,,,,,,,,,,,,,,,,,,,,,,,,,,,,,,,,,,,,,,,,,,,,,,
REL606,"2,774,435",AMP,"1,444 bp x 2","insK-3, insJ-3",,"insK-3, insJ-3",,,415502,duplication,,,,,,,,,1.00/0.00,,,,,,,,,,,,,,,,,,,,,,,,,,,,,,,,,,,,,,,,,,,,,,,,,,,,,,,,,,,,,,,,,,,,,,,,,,,,,,,,,,,,,,,,,,,,,,,,,
REL606,"3,008,938",MOB,IS150 (–),yeeU,,antitoxin of the YeeV-YeeU toxin-antitoxin system,,,414929,coding (795/1062 nt),,,,,,,,,1.00/0.00,,1.00/0.00,1.00/0.00,1.00/0.00,1.00/0.00,1.00/0.00,1.00/0.00,1.00/0.00,1.00/0.00,1.00/0.00,1.00/0.00,1.00/0.00,1.00/0.00,,,,,,,,,,,,,,,,,,,,,,,,,,,,,,,,,,,,,,,,,,,,,,,,,,,,,,,,,,,,,,,,,,,,,,,,,,,,,,,,,,,,
REL606,"3,008,939",DEL,"Δ39,549 bp","[yeeU], yeeV, yeeW, ECB_02810, ECB_02811, ECB_02812, ECB_02813, ECB_02814, ECB_02815, ECB_02816, ECB_02817, ECB_02818, ECB_02819, ECB_02820, ECB_02821, ECB_02822, insB-22, insA-22, ECB_02825, ECB_02826, ECB_02827, ECB_02828, yghD, yghE, ECB_02831, ECB_02832, ECB_02833, ECB_02834, ECB_02835, ECB_02836, ECB_02837, ECB_02838, yghF, yghG, pppA, yghJ, yghK",,"<i><b>37 genes</b><BR>[yeeU], yeeV, yeeW, ECB_02810, ECB_02811, ECB_02812, ECB_02813, ECB_02814, ECB_02815, ECB_02816, ECB_02817, ECB_02818, ECB_02819, ECB_02820, ECB_02821, ECB_02822, insB-22, insA-22, ECB_02825, ECB_02826, ECB_02827, ECB_02828, yghD, yghE, ECB_02831, ECB_02832, ECB_02833, ECB_02834, ECB_02835, ECB_02836, ECB_02837, ECB_02838, yghF, yghG, pppA, yghJ, yghK</i>",,,414930,IS150‑mediated,,,,,,,,,1.00/0.00,,1.00/0.00,1.00/0.00,1.00/0.00,1.00/0.00,1.00/0.00,1.00/0.00,1.00/0.00,1.00/0.00,1.00/0.00,1.00/0.00,1.00/0.00,1.00/0.00,,,,,,,,,,,,,,,,,,,,,,,,,,,,,,,,,,,,,,,,,,,,,,,,,,,,,,,,,,,,,,,,,,,,,,,,,,,,,,,,,,,,
REL606,"3,482,398",DEL,Δ25 bp,malT,,transcriptional regulator MalT,,,414938,coding (714‑738/2706 nt),,,,,,,,,1.00/0.00,,1.00/0.00,1.00/0.00,1.00/0.00,1.00/0.00,1.00/0.00,1.00/0.00,1.00/0.00,1.00/0.00,1.00/0.00,1.00/0.00,1.00/0.00,1.00/0.00,,,,,,,,,,,,,,,,,,,,,,,,,,,,,,,,,,,,,,,,,,,,,,,,,,,,,,,,,,,,,,,,,,,,,,,,,,,,,,,,,,,,
REL606,"3,697,154",MOB,IS150 (–) +3 bp,rhsA,,rhsA element core protein RshA,,,414939,coding (278‑280/4134 nt),,,,,,,,,1.00/0.00,1.00/0.00,1.00/0.00,1.00/0.00,1.00/0.00,1.00/0.00,1.00/0.00,1.00/0.00,1.00/0.00,1.00/0.00,1.00/0.00,1.00/0.00,1.00/0.00,1.00/0.00,,,,,,,,,,,,,,,,,,,,,,,,,,,,,,,,,,,,,,,,,,,,,,,,,,,,,,,,,,,,,,,,,,,,,,,,,,,,,,,,,,,,
REL606,"4,057,062",SNP,T→C,"yiiD, yiiE",,putative acetyltransferase (EC 2.3.1.18); b3888_2/predicted transcriptional regulator,,,415503,intergenic (+477/‑376),,,,,,,,,1.00/0.00,,,,,,,,,,,,,,,,,,,,,,,,,,,,,,,,,,,,,,,,,,,,,,,,,,,,,,,,,,,,,,,,,,,,,,,,,,,,,,,,,,,,,,,,,,,,,,,,,
REL606,"4,101,091",SNP,T→C,hslU,,ATP-dependent protease ATP-binding subunit,,,414944,E47G (GAA→GGA),,,,,,,,,1.00/0.00,1.00/0.00,1.00/0.00,1.00/0.00,1.00/0.00,1.00/0.00,1.00/0.00,1.00/0.00,1.00/0.00,1.00/0.00,1.00/0.00,1.00/0.00,1.00/0.00,1.00/0.00,,,,,,,,,,,,,,,,,,,,,,,,,,,,,,,,,,,,,,,,,,,,,,,,,,,,,,,,,,,,,,,,,,,,,,,,,,,,,,,,,,,,
REL606,"4,288,527",MOB,IS150 (–) +5 bp,alsA,,fused D-allose transporter subunits of ABC superfamily: ATP-binding components,,,415504,coding (1272‑1276/1533 nt),,,,,,,,,1.00/0.00,,,,,,,,,,,,,,,,,,,,,,,,,,,,,,,,,,,,,,,,,,,,,,,,,,,,,,,,,,,,,,,,,,,,,,,,,,,,,,,,,,,,,,,,,,,,,,,,,
REL606,"241,641",MOB,IS150 (+) +3 bp,insB-2,,IS1 protein InsB,,,415315,coding (136‑138/504 nt),,,,,,,,,,1.00/0.00,,,,,,,,,,,,,,,,,,,,,,,,,,,,,,,,,,,,,,,,,,,,,,,,,,,,,,,,,,,,,,,,,,,,,,,,,,,,,,,,,,,,,,,,,,,,,,,,
REL606,"594,143",SNP,T→G,fepA,,iron-enterobactin outer membrane transporter,,,415316,E353D (GAA→GAC),,,,,,,,,,1.00/0.00,,,,,,,,,,,,,,,,,,,,,,,,,,,,,,,,,,,,,,,,,,,,,,,,,,,,,,,,,,,,,,,,,,,,,,,,,,,,,,,,,,,,,,,,,,,,,,,,
REL606,"664,682",DEL,(CAG)2→1,"gltL, insJ-2",,ATP-binding protein of glutamate/aspartate transport system; b0652_1/IS150 hypothetical protein,,,415317,intergenic (‑73/‑51),,,,,,,,,,1.00/0.00,,,,,,,,,,,,,,,,,,,,,,,,,,,,,,,,,,,,,,,,,,,,,,,,,,,,,,,,,,,,,,,,,,,,,,,,,,,,,,,,,,,,,,,,,,,,,,,,
REL606,"1,101,309",MOB,IS150 (+) +3 bp,phoH,,conserved protein with nucleoside triphosphate hydrolase domain,,,415318,coding (33‑35/1065 nt),,,,,,,,,,1.00/0.00,,,,,,,,,,,,,,,,,,,,,,,,,,,,,,,,,,,,,,,,,,,,,,,,,,,,,,,,,,,,,,,,,,,,,,,,,,,,,,,,,,,,,,,,,,,,,,,,
REL606,"1,745,960",SNP,A→C,"ydiJ, ydiK",,predicted FAD-linked oxidoreductase/predicted inner membrane protein,,,415063,intergenic (‑8/‑381),,,,,,,,,,1.00/0.00,,,,,,,,,,,,,,,,,,,,,,,,,,,,,,,,,,,,,,,,,,,,,,,,,,,,,,,,,,,,,,,,,,,,,,,,,,,1.00/0.00,1.00/0.00,,,1.00/0.00,1.00/0.00,,,,,,,,,,,,,,,1.00/0.00,1.00/0.00
REL606,"1,821,484",MOB,IS150 (+),ynjI,,predicted inner membrane protein,,,415319,coding (616/1041 nt),,,,,,,,,,1.00/0.00,,,,,,,,,,,,,,,,,,,,,,,,,,,,,,,,,,,,,,,,,,,,,,,,,,,,,,,,,,,,,,,,,,,,,,,,,,,,,,,,,,,,,,,,,,,,,,,,
REL606,"1,821,485",DEL,Δ386 bp,ynjI,,predicted inner membrane protein,,,415320,IS150‑mediated,,,,,,,,,,1.00/0.00,,,,,,,,,,,,,,,,,,,,,,,,,,,,,,,,,,,,,,,,,,,,,,,,,,,,,,,,,,,,,,,,,,,,,,,,,,,,,,,,,,,,,,,,,,,,,,,,
REL606,"2,087,494",MOB,IS150 (+) +3 bp,yegM,,"multidrug efflux system, subunit A",,,415321,coding (371‑373/1248 nt),,,,,,,,,,1.00/0.00,,,,,,,,,,,,,,,,,,,,,,,,,,,,,,,,,,,,,,,,,,,,,,,,,,,,,,,,,,,,,,,,,,,,,,,,,,,,,,,,,,,,,,,,,,,,,,,,
REL606,"2,598,792",SNP,A→C,yphE,,fused predicted sugar transporter subunits of ABC superfamily: ATP-binding components,,,415322,V90G (GTG→GGG),,,,,,,,,,1.00/0.00,,,,,,,,,,,,,,,,,,,,,,,,,,,,,,,,,,,,,,,,,,,,,,,,,,,,,,,,,,,,,,,,,,,,,,,,,,,,,,,,,,,,,,,,,,,,,,,,
REL606,"3,044,715",MOB,IS150 (–) +3 bp,yghJ,,predicted inner membrane lipoprotein,,,415323,coding (1287‑1289/4554 nt),,,,,,,,,,1.00/0.00,,,,,,,,,,,,,,,,,,,,,,,,,,,,,,,,,,,,,,,,,,,,,,,,,,,,,,,,,,,,,,,,,,,,,,,,,,,,,,,,,,,,,,,,,,,,,,,,
REL606,"3,482,096",SNP,A→T,malT,,transcriptional regulator MalT,,,415324,I138F (ATC→TTC),,,,,,,,,,1.00/0.00,,,,,,,,,,,,,,,,,,,,,,,,,,,,,,,,,,,,,,,,,,,,,,,,,,,,,,,,,,,,,,,,,,,,,,,,,,,,,,,,,,,,,,,,,,,,,,,,
REL606,"3,697,153",INS,+CC,rhsA,,rhsA element core protein RshA,,,415325,coding (277/4134 nt),,,,,,,,,,1.00/0.00,,,,,,,,,,,,,,,,,,,,,,,,,,,,,,,,,,,,,,,,,,,,,,,,,,,,,,,,,,,,,,,,,,,,,,,,,,,,,,,,,,,,,,,,,,,,,,,,
REL606,"16,973",MOB,IS150 (–) +2 bp,"mokC, nhaA",,"regulatory protein for HokC, overlaps CDS of hokC/pH-dependent sodium/proton antiporter",,,414875,intergenic (‑15/‑514),,,,,,,,,,,1.00/0.00,1.00/0.00,1.00/0.00,1.00/0.00,1.00/0.00,1.00/0.00,1.00/0.00,1.00/0.00,1.00/0.00,1.00/0.00,1.00/0.00,1.00/0.00,,,,,,,,,,,,,,,,,,,,,,,,,,,,,,,,,,,,,,,,,,,,,,,,,,,,,,,,,,,,,,,,,,,,,,,,,,,,,,,,,,,,
REL606,"433,668",SNP,C→T,hupB,,"HU, DNA-binding transcriptional regulator, beta subunit",,,414881,R55C (CGT→TGT),,,,,,,,,,,1.00/0.00,,1.00/0.00,1.00/0.00,1.00/0.00,1.00/0.00,1.00/0.00,1.00/0.00,1.00/0.00,1.00/0.00,1.00/0.00,1.00/0.00,,,,,,,,,,,,,,,,,,,,,,,,,,,,,,,,,,,,,,,,,,,,,,,,,,,,,,,,,,,,,,,,,,,,,,,,,,,,,,,,,,,,
REL606,"490,481",MOB,IS150 (+) +3 bp,"ybbN, ybbO",,predicted thioredoxin domain-containing protein/short chain dehydrogenase,,,414884,intergenic (‑34/+25),,,,,,,,,,,1.00/0.00,1.00/0.00,1.00/0.00,1.00/0.00,1.00/0.00,1.00/0.00,1.00/0.00,1.00/0.00,1.00/0.00,1.00/0.00,1.00/0.00,1.00/0.00,,,,,,,,,,,,,,,,,,,,,,,,,,,,,,,,,,,,,,,,,,,,,,,,,,,,,,,,,,,,,,,,,,,,,,,,,,,,,,,,,,,,
REL606,"589,936",MOB,IS150 (–) +4 bp,insB-7,,IS1 protein insB,,,414890,coding (135‑138/504 nt),,,,,,,,,,,1.00/0.00,,1.00/0.00,1.00/0.00,1.00/0.00,1.00/0.00,1.00/0.00,1.00/0.00,1.00/0.00,1.00/0.00,1.00/0.00,1.00/0.00,,,,,,,,,,,,,,,,,,,,,,,,,,,,,,,,,,,,,,,,,,,,,,,,,,,,,,,,,,,,,,,,,,,,,,,,,,1.00/0.00,,,,,,,,,,
REL606,"590,472",DEL,"Δ9,185 bp","hokE, insL-3, entD, fepA, fes, ybdZ, [entF]",,"hokE, insL-3, entD, fepA, fes, ybdZ, [entF]",,,414961,IS150‑mediated,,,,,,,,,,,1.00/0.00,,,,,,,,,,,,,,,,,,,,,,,,,,,,,,,,,,,,,,,,,,,,,,,,,,,,,,,,,,,,,,,,,,,,,,,,,,,,,,,,,,,,,,,,,,,,,,,
REL606,"796,336",DEL,(T)8→7,"ECB_00737, ECB_00738",,hypothetical protein/hypothetical protein,,,414893,intergenic (‑7/‑419),,,,,,,,,,,1.00/0.00,,1.00/0.00,1.00/0.00,1.00/0.00,1.00/0.00,1.00/0.00,1.00/0.00,1.00/0.00,1.00/0.00,1.00/0.00,1.00/0.00,,,,,,,,,,,,,,,,,,,,,,,,,,,,,,,,,,,,,,,,,,,,,,,,,,,,,,,,,,,,,,,,,,,,,,,,,,,,,,,,,,,,
REL606,"1,207,861",SNP,T→G,ycfC,,hypothetical protein,,,414900,N47T (AAC→ACC),,,,,,,,,,,1.00/0.00,1.00/0.00,1.00/0.00,1.00/0.00,1.00/0.00,1.00/0.00,1.00/0.00,1.00/0.00,1.00/0.00,1.00/0.00,1.00/0.00,1.00/0.00,,,,,,,,,,,,,,,,,,,,,,,,,,,,,,,,,,,,,,,,,,,,,,,,,,,,,,,,,,,,,,,,,,,,,,,,,,,,,,,,,,,,
REL606,"1,515,685",MOB,IS150 (+) +3 bp,narZ,,"nitrate reductase 2 (NRZ), alpha subunit",,,414962,coding (1055‑1057/3741 nt),,,,,,,,,,,1.00/0.00,,,,,,,,,,,,,,,,,,,,,,,,,,,,,,,,,,,,,,,,,,,,,,,,,,,,,,,,,,,,,,,,,,,,,,,,,,,,,,,,,,,,,,,,,,,,,,,
REL606,"1,746,189",SNP,G→A,"ydiJ, ydiK",,predicted FAD-linked oxidoreductase/predicted inner membrane protein,,,414909,intergenic (‑237/‑152),,,,,,,,,,,1.00/0.00,1.00/0.00,1.00/0.00,1.00/0.00,1.00/0.00,1.00/0.00,1.00/0.00,1.00/0.00,1.00/0.00,1.00/0.00,1.00/0.00,1.00/0.00,,,,,,,,,,,,,,,,,,,,,,,,,,,,,,,,,,,,,,,,,,,,,,,,,,,,,,,,,,,,,,,,,,,,,,,,,,,,,,,,,,,,
REL606,"1,902,276",INS,(T)7→8,yebY,,hypothetical protein,,,414912,coding (7/342 nt),,,,,,,,,,,1.00/0.00,,1.00/0.00,1.00/0.00,1.00/0.00,1.00/0.00,1.00/0.00,1.00/0.00,1.00/0.00,1.00/0.00,1.00/0.00,1.00/0.00,,,,,,,,,,,,,,,,,,,,,,,,,,,,,,,,,,,,,,,,,,,,,,,,,,,,,,,,,,,,,,,,,,,,,,,,,,,,,,,,,,,,
REL606,"1,930,575",SNP,C→A,yecE,,hypothetical protein,,,414913,F137L (TTC→TTA),,,,,,,,,,,1.00/0.00,1.00/0.00,1.00/0.00,1.00/0.00,1.00/0.00,1.00/0.00,1.00/0.00,1.00/0.00,1.00/0.00,1.00/0.00,1.00/0.00,1.00/0.00,,,,,,,,,,,,,,,,,,,,,,,,,,,,,,,,,,,,,,,,,,,,,,,,,,,,,,,,,,,,,,,,,,,,,,,,,,,,,,,,,,,,
REL606,"2,319,941",MOB,IS150 (+) +3 bp,pmrD,,polymyxin resistance protein B,,,414963,coding (109‑111/267 nt),,,,,,,,,,,1.00/0.00,,,,,,,,,,,,,,,,,,,,,,,,,,,,,,,,,,,,,,,,,,,,,,,,,,,,,,,,,,,,,,,,,,,,,,,,,,,,,,,,,,,,,,,,,,,,,,,
REL606,"2,397,529",DEL,Δ17 bp,yfcTU,,predicted outer membrane export usher protein,,,414919,coding (1121‑1137/2646 nt),,,,,,,,,,,1.00/0.00,1.00/0.00,1.00/0.00,1.00/0.00,1.00/0.00,1.00/0.00,1.00/0.00,1.00/0.00,1.00/0.00,1.00/0.00,1.00/0.00,1.00/0.00,,,,,,,,,,,,,,,,,,,,,,,,,,,,,,,,,,,,,,,,,,,,,,,,,,,,,,,,,,,,,,,,,,,,,,,,,,,,,,,,,,,,
REL606,"2,713,428",AMP,"60,769 bp x 2","[serV], csrA, alaS, recX, recA, ygaD, mltB, srlA, srlE, srlB, srlD, gutM, srlR, gutQ, ygaA, norV, ygbD, hypF, hydN, ascG, ascF, ascB, hycI, hycH, hycG, hycF, hycE, hycD, hycC, hycB, hycA, hypA, hypB, hypC, hypD, hypE, fhlA, ygbA, mutS, pphB, ygbI, ygbJ, ygbK, ygbL, ygbM, ygbN, rpoS, nlpD, pcm, surE, ygbO, ispF, ispD, ftsB, ygbE, cysC, cysN, cysD, iap, insL-5",,"<i><b>60 genes</b><BR>[serV], csrA, alaS, recX, recA, ygaD, mltB, srlA, srlE, srlB, srlD, gutM, srlR, gutQ, ygaA, norV, ygbD, hypF, hydN, ascG, ascF, ascB, hycI, hycH, hycG, hycF, hycE, hycD, hycC, hycB, hycA, hypA, hypB, hypC, hypD, hypE, fhlA, ygbA, mutS, pphB, ygbI, ygbJ, ygbK, ygbL, ygbM, ygbN, rpoS, nlpD, pcm, surE, ygbO, ispF, ispD, ftsB, ygbE, cysC, cysN, cysD, iap, insL-5</i>",,,414924,duplication,,,,,,,,,,,1.00/0.00,,1.00/0.00,1.00/0.00,1.00/0.00,1.00/0.00,1.00/0.00,1.00/0.00,1.00/0.00,1.00/0.00,1.00/0.00,1.00/0.00,,,,,,,,,1.00/0.00,1.00/0.00,1.00/0.00,1.00/0.00,1.00/0.00,1.00/0.00,1.00/0.00,1.00/0.00,1.00/0.00,1.00/0.00,1.00/0.00,1.00/0.00,1.00/0.00,1.00/0.00,,,,,,,,,,,,,,,,,,,,,,,,,,,,,,,,,,,,,,,,,1.00/0.00,1.00/0.00,,,1.00/0.00,1.00/0.00,,,,,,,,,,,,,,,,
REL606,"2,775,879",DEL,Δ1 bp,"insJ-3, cysH",,IS150 hypothetical protein/phosphoadenosine phosphosulfate reductase,,,414925,intergenic (‑49/+200),,,,,,,,,,,1.00/0.00,1.00/0.00,1.00/0.00,1.00/0.00,1.00/0.00,1.00/0.00,1.00/0.00,1.00/0.00,1.00/0.00,1.00/0.00,1.00/0.00,1.00/0.00,,,,,,,,,,,,,,,,,,,,,,,,,,,,,,,,,,,,,,,,,,,,,,,,,,,,,,,,,,,,,,,,,,,,,,,,,,,,,,,,,,,,
REL606,"2,842,087",DEL,Δ220 bp,"metW, metV",,"metW, metV",,,414926,,,,,,,,,,,,1.00/0.00,1.00/0.00,1.00/0.00,1.00/0.00,1.00/0.00,1.00/0.00,1.00/0.00,1.00/0.00,1.00/0.00,1.00/0.00,1.00/0.00,1.00/0.00,,,,,,,,,,,,,,,,,,,,,,,,,,,,,,,,,,,,,,,,,,,,,,,,,,,,,,,,,,,,,,,,,,,1.00/0.00,1.00/0.00,,,,,,,,,,,,1.00/0.00,,,,
REL606,"3,002,909",DEL,"Δ6,030 bp","[yeeR], ECB_02802, yafZ, ECB_02804, yeeS, yeeT, [yeeU]",,"[yeeR], ECB_02802, yafZ, ECB_02804, yeeS, yeeT, [yeeU]",,,414928,IS150‑mediated,,,,,,,,,,,1.00/0.00,1.00/0.00,1.00/0.00,1.00/0.00,1.00/0.00,1.00/0.00,1.00/0.00,1.00/0.00,1.00/0.00,1.00/0.00,1.00/0.00,1.00/0.00,,,,,,,,,,,,,,,,,,,,,,,,,,,,,,,,,,,,,,,,,,,,,,,,,,,,,,,,,,,,,,,,,,,,,,,,,,,,,,,,,,,,
REL606,"3,409,316",SNP,T→G,yheS,,fused predicted transporter subunits of ABC superfamily: ATP-binding components,,,414937,S41S (TCT→TCG),,,,,,,,,,,1.00/0.00,1.00/0.00,1.00/0.00,1.00/0.00,1.00/0.00,1.00/0.00,1.00/0.00,1.00/0.00,1.00/0.00,1.00/0.00,1.00/0.00,1.00/0.00,,,,,,,,,,,,,,,,,,,,,,,,,,,,,,,,,,,,,,,,,,,,,,,,,,,,,,,,,,,,,,,,,,,,,,,,,,,,,,,,,,,,
REL606,"4,202,523",SNP,G→A,iclR,,DNA-binding transcriptional repressor,,,414964,P13S (CCC→TCC),,,,,,,,,,,1.00/0.00,,,,,,,,,,,,,,,,,,,,,,,,,,,,,,,,,,,,,,,,,,,,,,,,,,,,,,,,,,,,,,,,,,,,,,,,,,,,,,,,,,,,,,,,,,,,,,,
REL606,"4,415,710",MOB,IS150 (–) +3 bp,cycA,,D-alanine/D-serine/glycine transporter,,,414955,coding (848‑850/1413 nt),,,,,,,,,,,1.00/0.00,1.00/0.00,1.00/0.00,1.00/0.00,1.00/0.00,1.00/0.00,1.00/0.00,1.00/0.00,1.00/0.00,1.00/0.00,1.00/0.00,1.00/0.00,,,,,,,,,,,,,,,,,,,,,,,,,,,,,,,,,,,,,,,,,,,,,,,,,,,,,,,,,,,,,,,,,,,,,,,,,,,,,,,,,,,,
REL606,"4,628,460",SNP,T→G,arcA,,DNA-binding response regulator in two-component regulatory system with ArcB or CpxA,,,414960,T3P (ACC→CCC),,,,,,,,,,,1.00/0.00,1.00/0.00,1.00/0.00,1.00/0.00,1.00/0.00,1.00/0.00,1.00/0.00,1.00/0.00,1.00/0.00,1.00/0.00,1.00/0.00,1.00/0.00,,,,,,,,,,,,,,,,,,,,,,,,,,,,,,,,,,,,,,,,,,,,,,,,,,,,,,,,,,,,,,,,,,,,,,,,,,,,,,,,,,,,
REL606,"16,973",DEL,Δ1 bp,"mokC, nhaA",,"regulatory protein for HokC, overlaps CDS of hokC/pH-dependent sodium/proton antiporter",,,415409,intergenic (‑15/‑515),,,,,,,,,,,,1.00/0.00,,,,,,,,,,,,,,,,,,,,,,,,,,,,,,,,,,,,,,,,,,,,,,,,,,,,,,,,,,,,,,,,,,,,,,,,,,,,,,,,,,,,,,,,,,,,,,
REL606,"433,808",MOB,IS150 (+) +3 bp,"hupB, ppiD",,"HU, DNA-binding transcriptional regulator, beta subunit/peptidyl-prolyl cis-trans isomerase (rotamase D)",,,415410,intergenic (+30/‑160),,,,,,,,,,,,1.00/0.00,,,,,,,,,,,,,,,,,,,,,,,,,,,,,,,,,,,,,,,,,,,,,,,,,,,,,,,,,,,,,,,,,,,,,,,,,,,,,,,,,,,,,,,,,,,,,,
REL606,"1,182,761",MOB,IS150 (–) +3 bp,"ycfJ, ycfQ",,hypothetical protein/predicted DNA-binding transcriptional regulator,,,415411,intergenic (+29/+31),,,,,,,,,,,,1.00/0.00,,,,,,,,,,,,,,,,,,,,,,,,,,,,,,,,,,,,,,,,,,,,,,,,,,,,,,,,,,,,,,,,,,,,,,,,,,,,,,,,,,,,,,,,,,,,,,
REL606,"1,651,953",MOB,IS150 (+) +3 bp,ydgG,,predicted inner membrane protein,,,415412,coding (846‑848/1035 nt),,,,,,,,,,,,1.00/0.00,,,,,,,,,,,,,,,,,,,,,,,,,,,,,,,,,,,,,,,,,,,,,,,,,,,,,,,,,,,,,,,,,,,,,,,,,,,,,,,,,,,,,,,,,,,,,,
REL606,"1,976,732",MOB,IS150 (+) +3 bp,yedW,,predicted DNA-binding response regulator in two-component system with YedV,,,415413,coding (89‑91/672 nt),,,,,,,,,,,,1.00/0.00,,,,,,,,,,,,,,,,,,,,,,,,,,,,,,,,,,,,,,,,,,,,,,,,,,,,,,,,,,,,,,,,,,,,,,,,,,,,,,,,,,,,,,,,,,,,,,
REL606,"4,524,522",MOB,IS186 (+) +6 bp,fimA,,major type 1 subunit fimbrin (pilin),,,415414,coding (494‑499/549 nt),,,,,,,,,,,,1.00/0.00,,,,,,,,,,,,,,,,,,,,,,,,,,,,,,,,,,,,,,,,,,,,,,,,,,,,,,,,,,,,,,,,,,,,,,,,,,,,,,,,,,,,,,,,,,,,,,
REL606,"16,973",DEL,Δ16 bp,"mokC, nhaA",,"regulatory protein for HokC, overlaps CDS of hokC/pH-dependent sodium/proton antiporter",,,414874,intergenic (‑15/‑500),,,,,,,,,,,,,1.00/0.00,1.00/0.00,1.00/0.00,1.00/0.00,1.00/0.00,1.00/0.00,1.00/0.00,1.00/0.00,1.00/0.00,1.00/0.00,,,,,,,,,,,,,,,,,,,,,,,,,,,,,,,,,,,,,,,,,,,,,,,,,,,,,,,,,,,,,,,,,,,,,,,,,,,,,,,,,,,,
REL606,"118,842",MOB,IS150 (+) +3 bp,hofB,,conserved protein with nucleoside triphosphate hydrolase domain,,,415306,coding (1060‑1062/1386 nt),,,,,,,,,,,,,1.00/0.00,1.00/0.00,,,,,,,,,,,,,,,,,,,,,,,,,,,,,,,,,,,,,,,,,,,,,,,,,,,,,,,,,,,,,,,,,,,,,,,,,,,,,,,,,,,,,,,,,,,,
REL606,"490,484",SNP,G→T,"ybbN, ybbO",,predicted thioredoxin domain-containing protein/short chain dehydrogenase,,,414886,intergenic (‑37/+24),,,,,,,,,,,,,1.00/0.00,1.00/0.00,1.00/0.00,1.00/0.00,1.00/0.00,1.00/0.00,1.00/0.00,1.00/0.00,1.00/0.00,1.00/0.00,,,,,,,,,,,,,,,,,,,,,,,,,,,,,,,,,,,,,,,,,,,,,,,,,,,,,,,,,,,,,,,,,,,,,,,,,,,,,,,,,,,,
REL606,"547,700",DEL,"Δ8,125 bp","[nmpC], ybcR, ybcS, ybcT, ybcU, ECB_00510, nohB, ECB_00512, [ECB_00513]",,"[nmpC], ybcR, ybcS, ybcT, ybcU, ECB_00510, nohB, ECB_00512, [ECB_00513]",,,414887,IS1‑mediated,,,,,,,,,,,,,1.00/0.00,1.00/0.00,1.00/0.00,1.00/0.00,1.00/0.00,1.00/0.00,1.00/0.00,1.00/0.00,1.00/0.00,1.00/0.00,,,,,,,,,,,,,,,,,,,,,,,,,,,,,,,,,,,,,,,,,,,,,,,,,,,,,,,,,,,,,,,,,,,,,,,,,,,,,,,,,,,,
REL606,"590,472",AMP,"75,659 bp x 2","hokE, insL-3, entD, fepA, fes, ybdZ, entF, fepE, fepC, fepG, fepD, ybdA, fepB, entC, entE, entB, entA, ybdB, cstA, cstA, ybdD, ybdH, ybdL, ybdM, ybdN, insB-8, insA-8, dsbG, ahpC, ahpF, ybdQ, ybdR, rnk, rna, citT, citG, citX, citF, citE, citD, citC, insB-9, insA-9, citA, citB, dcuC, crcA, cspE, ccrB, ybeM, tatE, lipA, ybeF, lipB, ybeD, dacA, rlpA, mrdB, mrdA, ybeA, ybeB, phpB, nadD, holA, rlpB, leuS, ybeL, ybeQ, ybeQ, ybeR, ybeV, hscC, rihA, gltL, insJ-2, insK-2, [gltL]",,"<i><b>77 genes</b><BR>hokE, insL-3, entD, fepA, fes, ybdZ, entF, fepE, fepC, fepG, fepD, ybdA, fepB, entC, entE, entB, entA, ybdB, cstA, cstA, ybdD, ybdH, ybdL, ybdM, ybdN, insB-8, insA-8, dsbG, ahpC, ahpF, ybdQ, ybdR, rnk, rna, citT, citG, citX, citF, citE, citD, citC, insB-9, insA-9, citA, citB, dcuC, crcA, cspE, ccrB, ybeM, tatE, lipA, ybeF, lipB, ybeD, dacA, rlpA, mrdB, mrdA, ybeA, ybeB, phpB, nadD, holA, rlpB, leuS, ybeL, ybeQ, ybeQ, ybeR, ybeV, hscC, rihA, gltL, insJ-2, insK-2, [gltL]</i>",,,415307,duplication,,,,,,,,,,,,,1.00/0.00,,,,,,,,,,,,,,,,,,,,,,,,,,,,,,,,,,,,,,,,,,,,,,,,,,,,,,,,,,,,,,,,,,,,,,,,,,,,,,,,,,,,,,,,,,,,,
REL606,"651,703",AMP,"12,987 bp x 2","phpB, nadD, holA, rlpB, leuS, ybeL, ybeQ, ybeQ, ybeR, ybeV, hscC, rihA, gltL",,"phpB, nadD, holA, rlpB, leuS, ybeL, ybeQ, ybeQ, ybeR, ybeV, hscC, rihA, gltL",,,415308,duplication,,,,,,,,,,,,,1.00/0.00,,,,,,,,,,,,,,,,,,,,,,,,,,,,,,,,,,,,,,,,,,,,,,,,,,,,,,,,,,,,,,,,,,,,,,,,,,,,,,,,,,,,,,,,,,,,,
REL606,"729,718",SNP,G→A,ybgO,,predicted fimbrial-like adhesin protein,,,415309,P17L (CCG→CTG),,,,,,,,,,,,,1.00/0.00,,,,,,,,,,,,,,,,,,,,,,,,,,,,,,,,,,,,,,,,,,,,,,,,,,,,,,,,,,,,,,,,,,,,,,,,,,,,,,,,,,,,,,,,,,,,,
REL606,"2,093,029",MOB,IS150 (+),yegO,,"multidrug efflux system, subunit C",,,415310,coding (1536/3078 nt),,,,,,,,,,,,,1.00/0.00,1.00/0.00,,,,,,,,,,,,,,,,,,,,,,,,,,,,,,,,,,,,,,,,,,,,,,,,,,,,,,,,,,,,,,,,,,,,,,,,,,,,,,,,,,,,,,,,,,,,
REL606,"2,093,030",DEL,"Δ5,335 bp","[yegO], yegB, baeS, baeR, [yegP]",,"[yegO], yegB, baeS, baeR, [yegP]",,,415311,IS150‑mediated,,,,,,,,,,,,,1.00/0.00,1.00/0.00,,,,,,,,,,,,,,,,,,,,,,,,,,,,,,,,,,,,,,,,,,,,,,,,,,,,,,,,,,,,,,,,,,,,,,,,,,,,,,,,,,,,,,,,,,,,
REL606,"2,393,569",DEL,"Δ3,960 bp","[yfcO], yfcP, yfcQ, yfcR, yfcS, [yfcTU]",,"[yfcO], yfcP, yfcQ, yfcR, yfcS, [yfcTU]",,,415312,IS150‑mediated,,,,,,,,,,,,,1.00/0.00,1.00/0.00,,,,,,,,,,,,,,,,,,,,,,,,,,,,,,,,,,,,,,,,,,,,,,,,,,,,,,,,,,,,,,,,,,,,,,,,,,,,,,,,,,,,,,,,,,,,
REL606,"2,702,361",SNP,G→A,proX,,glycine betaine transporter subunit,,,414923,G160S (GGC→AGC),,,,,,,,,,,,,1.00/0.00,1.00/0.00,1.00/0.00,1.00/0.00,1.00/0.00,1.00/0.00,1.00/0.00,1.00/0.00,1.00/0.00,1.00/0.00,,,,,,,,,,,,,,,,,,,,,,,,,,,,,,,,,,,,,,,,,,,,,,,,,,,,,,,,,,,,,,,,,,,,,,,,,,,,,,,,,,,,
REL606,"2,877,313",MOB,IS150 (+) +3 bp,kduD,,2-deoxy-D-gluconate 3-dehydrogenase,,,415270,coding (565‑567/762 nt),,,,,,,,,,,,,1.00/0.00,1.00/0.00,,,1.00/0.00,,1.00/0.00,,,,,,,,,,,,,,,,,,,,,,,,,,,,,,,,,,,,,,,,,,,,,,,,,,,,,,,,,,,,,,,,,,,,,,,,,,,,,,,,,,,,,,,
REL606,"2,899,615",MOB,IS150 (–) +3 bp,yqeB,,conserved protein with NAD(P)-binding Rossman fold,,,415020,coding (378‑380/1626 nt),,,,,,,,,,,,,1.00/0.00,,,,,,,,,,,,,,,,,,,,1.00/0.00,1.00/0.00,1.00/0.00,1.00/0.00,1.00/0.00,1.00/0.00,1.00/0.00,1.00/0.00,1.00/0.00,1.00/0.00,1.00/0.00,1.00/0.00,,,,,,,,,,,,,,,,,,,,,,,,,,,,,,,,,,,,,,,,,,,,,,,,,,,,,,,,,,,,,,
REL606,"3,093,020",SNP,T→G,yqhH,,predicted outer membrane lipoprotein,,,414932,F74L (TTT→TTG),,,,,,,,,,,,,1.00/0.00,1.00/0.00,1.00/0.00,1.00/0.00,1.00/0.00,1.00/0.00,1.00/0.00,1.00/0.00,1.00/0.00,1.00/0.00,,,,,,,,,,,,,,,,,,,,,,,,,,,,,,,,,,,,,,,,,,,,,,,,,,,,,,,,,,,,,,,,,,,,,,,,,,,,,,,,,,,,
REL606,"3,338,108",SNP,T→G,"prmA, yhdG",,ribosomal protein L11 methyltransferase/tRNA-dihydrouridine synthase B,,,414936,intergenic (+266/‑63),,,,,,,,,,,,,1.00/0.00,1.00/0.00,1.00/0.00,1.00/0.00,1.00/0.00,1.00/0.00,1.00/0.00,1.00/0.00,1.00/0.00,1.00/0.00,,,,,,,,,,,,,,,,,,,,,,,,,,,,,,,,,,,,,,,,,,,,,,,,,,,,,,,,,,,,,,,,,,,,,,,,,,,,,,,,,,,,
REL606,"4,097,580",SNP,T→A,"glpF, yiiU",,glycerol facilitator/hypothetical protein,,,415313,intergenic (‑8/‑418),,,,,,,,,,,,,1.00/0.00,1.00/0.00,,,,,,,,,,,,,,,,,,,,,,,,,,,,,,,,,,,,,,,,,,,,,,,,,,,,,,,,,,,,,,,,,,,,,,,,,,,,,,,,,,,,,,,,,,,,
REL606,"4,201,980",SNP,G→A,iclR,,DNA-binding transcriptional repressor,,,414948,P194S (CCT→TCT),,,,,,,,,,,,,1.00/0.00,1.00/0.00,1.00/0.00,1.00/0.00,1.00/0.00,1.00/0.00,1.00/0.00,1.00/0.00,1.00/0.00,1.00/0.00,,,,,,,,,,,,,,,,,,,,,,,,,,,,,,,,,,,,,,,,,,,,,,,,,,,,,,,,,,,,,,,,,,,,,,,,,,,,,,,,,,,,
REL606,"4,275,713",MOB,IS150 (–) +3 bp,yjcO,,hypothetical protein,,,414951,coding (233‑235/690 nt),,,,,,,,,,,,,1.00/0.00,1.00/0.00,1.00/0.00,1.00/0.00,1.00/0.00,1.00/0.00,1.00/0.00,1.00/0.00,1.00/0.00,1.00/0.00,,,,,,,,,,,,,,,,,,,,,,,,,,,,,,,,,,,,,,,,,,,,,,,,,,,,,,,,,,,,,,,,,,,,,,,,,,,,,,,,,,,,
REL606,"4,290,972",INS,(T)6→7,rpiR,,DNA-binding transcriptional repressor,,,414953,coding (842/891 nt),,,,,,,,,,,,,1.00/0.00,1.00/0.00,1.00/0.00,1.00/0.00,1.00/0.00,1.00/0.00,1.00/0.00,1.00/0.00,1.00/0.00,1.00/0.00,,,,,,,,,,,,,,,,,,,,,,,,,,,,,,,,,,,,,,,,,,,,,,,,,,,,,,,,,,,,,,,,,,,,,,,,,,,,,,,,,,,,
REL606,"590,472",AMP,"75,659 bp x 3","hokE, insL-3, entD, fepA, fes, ybdZ, entF, fepE, fepC, fepG, fepD, ybdA, fepB, entC, entE, entB, entA, ybdB, cstA, cstA, ybdD, ybdH, ybdL, ybdM, ybdN, insB-8, insA-8, dsbG, ahpC, ahpF, ybdQ, ybdR, rnk, rna, citT, citG, citX, citF, citE, citD, citC, insB-9, insA-9, citA, citB, dcuC, crcA, cspE, ccrB, ybeM, tatE, lipA, ybeF, lipB, ybeD, dacA, rlpA, mrdB, mrdA, ybeA, ybeB, phpB, nadD, holA, rlpB, leuS, ybeL, ybeQ, ybeQ, ybeR, ybeV, hscC, rihA, gltL, insJ-2, insK-2, [gltL]",,"<i><b>77 genes</b><BR>hokE, insL-3, entD, fepA, fes, ybdZ, entF, fepE, fepC, fepG, fepD, ybdA, fepB, entC, entE, entB, entA, ybdB, cstA, cstA, ybdD, ybdH, ybdL, ybdM, ybdN, insB-8, insA-8, dsbG, ahpC, ahpF, ybdQ, ybdR, rnk, rna, citT, citG, citX, citF, citE, citD, citC, insB-9, insA-9, citA, citB, dcuC, crcA, cspE, ccrB, ybeM, tatE, lipA, ybeF, lipB, ybeD, dacA, rlpA, mrdB, mrdA, ybeA, ybeB, phpB, nadD, holA, rlpB, leuS, ybeL, ybeQ, ybeQ, ybeR, ybeV, hscC, rihA, gltL, insJ-2, insK-2, [gltL]</i>",,,415388,amplification,,,,,,,,,,,,,,1.00/0.00,,,,,,,,,,,,,,,,,,,,,,,,,,,,,,,,,,,,,,,,,,,,,,,,,,,,,,,,,,,,,,,,,,,,,,,,,,,,,,,,,,,,,,,,,,,,
REL606,"651,706",INS,+A,"ybeB, phpB",,hypothetical protein/predicted alpha-ribazole-5'-P phosphatase,,,415389,intergenic (‑86/+174),,,,,,,,,,,,,,1.00/0.00,,,,,,,,,,,,,,,,,,,,,,,,,,,,,,,,,,,,,,,,,,,,,,,,,,,,,,,,,,,,,,,,,,,,,,,,,,,,,,,,,,,,,,,,,,,,
REL606,"1,982,354",SNP,G→A,yeeI,,hypothetical protein,,,415390,W235* (TGG→TGA),,,,,,,,,,,,,,1.00/0.00,,,,,,,,,,,,,,,,,,,,,,,,,,,,,,,,,,,,,,,,,,,,,,,,,,,,,,,,,,,,,,,,,,,,,,,,,,,,,,,,,,,,,,,,,,,,
REL606,"2,745,458",SNP,C→T,"hycA, hypA",,regulator of the transcriptional regulator FhlA/protein involved in nickel insertion into hydrogenases 3,,,415391,intergenic (‑163/‑49),,,,,,,,,,,,,,1.00/0.00,,,,,,,,,,,,,,,,,,,,,,,,,,,,,,,,,,,,,,,,,,,,,,,,,,,,,,,,,,,,,,,,,,,,,,,,,,,,,,,,,,,,,,,,,,,,
REL606,"16,990",DEL,Δ2 bp,"mokC, nhaA",,"regulatory protein for HokC, overlaps CDS of hokC/pH-dependent sodium/proton antiporter",,,415380,intergenic (‑32/‑497),,,,,,,,,,,,,,,1.00/0.00,,,,,,,,,,,,,,,,,,,,,,,,,,,,,,,,,,,,,,,,,,,,,,,,,,,,,,,,,,,,,,,,,,,,,,,,,,,,,,,,,,,,,,,,,,,
REL606,"226,159",SNP,C→A,gmhB,,hypothetical protein,,,414876,P163T (CCT→ACT),,,,,,,,,,,,,,,1.00/0.00,1.00/0.00,1.00/0.00,1.00/0.00,1.00/0.00,1.00/0.00,1.00/0.00,1.00/0.00,,,,,,,,,,,,,,,,,,,,,,,,,,,,,,,,,,,,,,,,,,,,,,,,,,,,,,,,,,,,,,,,,,,,,,,,,,,,,,,,,,,,
REL606,"336,055",MOB,IS150 (–) +3 bp,lacZ,,beta-D-galactosidase,,,414878,coding (2805‑2807/3075 nt),,,,,,,,,,,,,,,1.00/0.00,1.00/0.00,1.00/0.00,1.00/0.00,1.00/0.00,1.00/0.00,1.00/0.00,1.00/0.00,,,,,,,,,,,,,,,,,,,,,,,,,,,,,,,,,,,,,,,,,,,,,,,,,,,,,,,,,,,,,,,,,,,,,,,,,,,,,,,,,,,,
REL606,"490,481",AMP,"161,226 bp x 2","ybbO, tesA, ybbA, ybbP, rhsD, ybbC, ylbH, ybbD, ylbG, ybbB, ybbS, allA, allR, gcl, hyi, glxR, ybbV, allP, allB, ybbY, glxK, ylbA, allC, allD, fdrA, ylbE, ylbF, arcC, purK, purE, ybbF, ppiB, cysS, ybcI, ybcJ, folD, sfmA, sfmC, sfmD, sfmH, sfmF, fimZ, argU, intD, ECB_00487, ECB_00488, ECB_00489, ECB_00490, ybcD, renD, emrE, ybcK, ybcL, ybcM, ybcN, ninE, ybcO, rus, ylcG, ybcQ, nmpC, insB-6, insA-6, nmpC, ybcR, ybcS, ybcT, ybcU, ECB_00510, nohB, ECB_00512, ECB_00513, ECB_00514, ECB_00515, ECB_00516, ECB_00517, appY, ompT, envY, ybcH, nfrA, nfrB, nfrB, ECB_00524, yhhI, ECB_00526, ECB_00527, ECB_00528, ECB_00529, ECB_00530, cusS, cusR, cusC, ylcC, cusB, cusA, pheP, ybdG, nfnB, ybdF, ybdJ, ybdK, insJ-1, insK-1, insB-7, insA-7, insK-1, hokE, insL-3, entD, fepA, fes, ybdZ, entF, fepE, fepC, fepG, fepD, ybdA, fepB, entC, entE, entB, entA, ybdB, cstA, cstA, ybdD, ybdH, ybdL, ybdM, ybdN, insB-8, insA-8, dsbG, ahpC, ahpF, ybdQ, ybdR, rnk, rna, citT, citG, citX, citF, citE, citD, citC, insB-9, insA-9, citA, citB, dcuC, crcA, cspE, ccrB, ybeM, tatE, lipA, ybeF, lipB, ybeD, dacA, rlpA, mrdB, mrdA, ybeA, ybeB",,"<i><b>168 genes</b><BR>ybbO, tesA, ybbA, ybbP, rhsD, ybbC, ylbH, ybbD, ylbG, ybbB, ybbS, allA, allR, gcl, hyi, glxR, ybbV, allP, allB, ybbY, glxK, ylbA, allC, allD, fdrA, ylbE, ylbF, arcC, purK, purE, ybbF, ppiB, cysS, ybcI, ybcJ, folD, sfmA, sfmC, sfmD, sfmH, sfmF, fimZ, argU, intD, ECB_00487, ECB_00488, ECB_00489, ECB_00490, ybcD, renD, emrE, ybcK, ybcL, ybcM, ybcN, ninE, ybcO, rus, ylcG, ybcQ, nmpC, insB-6, insA-6, nmpC, ybcR, ybcS, ybcT, ybcU, ECB_00510, nohB, ECB_00512, ECB_00513, ECB_00514, ECB_00515, ECB_00516, ECB_00517, appY, ompT, envY, ybcH, nfrA, nfrB, nfrB, ECB_00524, yhhI, ECB_00526, ECB_00527, ECB_00528, ECB_00529, ECB_00530, cusS, cusR, cusC, ylcC, cusB, cusA, pheP, ybdG, nfnB, ybdF, ybdJ, ybdK, insJ-1, insK-1, insB-7, insA-7, insK-1, hokE, insL-3, entD, fepA, fes, ybdZ, entF, fepE, fepC, fepG, fepD, ybdA, fepB, entC, entE, entB, entA, ybdB, cstA, cstA, ybdD, ybdH, ybdL, ybdM, ybdN, insB-8, insA-8, dsbG, ahpC, ahpF, ybdQ, ybdR, rnk, rna, citT, citG, citX, citF, citE, citD, citC, insB-9, insA-9, citA, citB, dcuC, crcA, cspE, ccrB, ybeM, tatE, lipA, ybeF, lipB, ybeD, dacA, rlpA, mrdB, mrdA, ybeA, ybeB</i>",,,414885,duplication,,,,,,,,,,,,,,,1.00/0.00,1.00/0.00,1.00/0.00,1.00/0.00,1.00/0.00,1.00/0.00,1.00/0.00,1.00/0.00,,,,,,,,,,,,,,,,,,,,,,,,,,,,,,,,,,,,,,,,,,,,,,,,,,,,,,,,,,,,,,,,,,,,,,,,,,,,,,,,,,,,
REL606,"588,492",INS,+A,"ybdK, insJ-1",,gamma-glutamyl:cysteine ligase/IS150 hypothetical protein,,,414888,intergenic (‑219/‑50),,,,,,,,,,,,,,,1.00/0.00,1.00/0.00,1.00/0.00,1.00/0.00,1.00/0.00,1.00/0.00,1.00/0.00,1.00/0.00,,,,,,,,,,,,,,,,,,,,,,,,,,,,,,,,,,,,,,,,,,,,,,,,,,,,,,,,,,,,,,,,,,,,,,,,,,,,,,,,,,,,
REL606,"746,591",SNP,T→G,farR,,"DNA-binding transcriptional dual regulator, fatty-acyl-binding",,,415381,Q56P (CAG→CCG),,,,,,,,,,,,,,,1.00/0.00,,,,,,,,,,,,,,,,,,,,,,,,,,,,,,,,,,,,,,,,,,,,,,,,,,,,,,,,,,,,,,,,,,,,,,,,,,,,,,,,,,,,,,,,,,,
REL606,"1,102,036",DEL,Δ1 bp,phoH,,conserved protein with nucleoside triphosphate hydrolase domain,,,414898,coding (760/1065 nt),,,,,,,,,,,,,,,1.00/0.00,,,1.00/0.00,,,,,,,,,,,,,,,,,,,,,,,,,,,,,,,,,,,,,,,,,,,,,,,,,,,,,,,,,,,,,,,,,,,,,,,,,,,,,,,,,,,,,,,,
REL606,"1,270,661",DEL,Δ1 bp,"ldrC, chaA",,"toxic polypeptide, small/calcium/sodium:proton antiporter",,,415382,intergenic (‑168/+237),,,,,,,,,,,,,,,1.00/0.00,,,,,,,,,,,,,,,,,,,,,,,,,,,,,,,,,,,,,,,,,,,,,,,,,,,,,,,,,,,,,,,,,,,,,,,,,,,,,,,,,,,,,,,,,,,
REL606,"1,354,425",MOB,IS150 (–) +3 bp,sapA,,predicted antimicrobial peptide transporter subunit,,,414903,coding (1053‑1055/1644 nt),,,,,,,,,,,,,,,1.00/0.00,1.00/0.00,1.00/0.00,1.00/0.00,1.00/0.00,1.00/0.00,1.00/0.00,1.00/0.00,,,,,,,,,,,,,,,,,,,,,,,,,,,,,,,,,,,,,,,,,,,,,,,,,,,,,,,,,,,,,,,,,,,,,,,,,,,,,,,,,,,,
REL606,"2,034,358",DEL,"Δ19,491 bp","[insB-14], insA-14, wbbD, wbbC, wzy, wbbB, wbbA, vioB, vioA, wzx, rmlC, rfbA, rfbD, rfbB, galF, wcaM, wcaL, wcaK, wzxC, [wcaJ]",,"<i><b>20 genes</b><BR>[insB-14], insA-14, wbbD, wbbC, wzy, wbbB, wbbA, vioB, vioA, wzx, rmlC, rfbA, rfbD, rfbB, galF, wcaM, wcaL, wcaK, wzxC, [wcaJ]</i>",,,414914,IS1‑mediated,,,,,,,,,,,,,,,1.00/0.00,1.00/0.00,1.00/0.00,1.00/0.00,1.00/0.00,1.00/0.00,1.00/0.00,1.00/0.00,,,,,,,,,,,,,,,,,,,,,,,,,,,,,,,,,,,,,,,,,,,,,,,,,,,,,,,,,,,,,,,,,,,,,,,,,,,,,,,,,,,,
REL606,"2,055,832",CON,3 bp→REL606:2032539‑2032541,cpsG,,phosphomannomutase,,,415383,coding (263‑265/1371 nt),,,,,,,,,,,,,,,1.00/0.00,,,,,,,,,,,,,,,,,,,,,,,,,,,,,,,,,,,,,,,,,,,,,,,,,,,,,,,,,,,,,,,,,,,,,,,,,,,,,,,,,,,,,,,,,,,
REL606,"2,086,923",DEL,"Δ6,104 bp","yegM, yegN, [yegO]",,"yegM, yegN, [yegO]",,,414915,IS150‑mediated,,,,,,,,,,,,,,,1.00/0.00,1.00/0.00,1.00/0.00,1.00/0.00,1.00/0.00,1.00/0.00,1.00/0.00,1.00/0.00,,,,,,,,,,,,,,,,,,,,,,,,,,,,,,,,,,,,,,,,,,,,,,,,,,,,,,,,,,,,,,,,,,,,,,,,,,,,,,,,,,,,
REL606,"2,086,923",MOB,IS150 (+) +3 bp,"yegL, yegM",,"hypothetical protein/multidrug efflux system, subunit A",,,414916,intergenic (‑1344/‑199),,,,,,,,,,,,,,,1.00/0.00,1.00/0.00,1.00/0.00,1.00/0.00,1.00/0.00,1.00/0.00,1.00/0.00,1.00/0.00,,,,,,,,,,,,,,,,,,,,,,,,,,,,,,,,,,,,,,,,,,,,,,,,,,,,,,,,,,,,,,,,,,,,,,,,,,,,,,,,,,,,
REL606,"2,999,597",DEL,"Δ3,312 bp","[flu], [yeeR]",,"[flu], [yeeR]",,,414927,IS150‑mediated,,,,,,,,,,,,,,,1.00/0.00,1.00/0.00,1.00/0.00,1.00/0.00,1.00/0.00,1.00/0.00,1.00/0.00,1.00/0.00,,,,,,,,,,,,,,,,,,,,,,,,,,,,,,,,,,,,,,,,,,,,,,,,,,,,,,,,,,,,,,,,,,,,,,,,,,,,,,,,,,,,
REL606,"3,680,780",MOB,IS150 (+) +3 bp,sgbE,,L-ribulose-5-phosphate 4-epimerase,,,415384,coding (239‑241/696 nt),,,,,,,,,,,,,,,1.00/0.00,,,,,,,,,,,,,,,,,,,,,,,,,,,,,,,,,,,,,,,,,,,,,,,,,,,,,,,,,,,,,,,,,,,,,,,,,,,,,,,,,,,,,,,,,,,
REL606,"3,981,782",MOB,IS150 (–) +3 bp,ECB_03710,,putative permease,,,414942,coding (249‑251/1224 nt),,,,,,,,,,,,,,,1.00/0.00,1.00/0.00,1.00/0.00,1.00/0.00,1.00/0.00,1.00/0.00,1.00/0.00,1.00/0.00,,,,,,,,,,,,,,,,,,,,,,,,,,,,,,,,,,,,,,,,,,,,,,,,,,,,,,,,,,,,,,,,,,,,,,,,,,,,,,,,,,,,
REL606,"4,049,580",MOB,IS150 (+) +3 bp,yihS,,predicted glucosamine isomerase,,,414943,coding (322‑324/1242 nt),,,,,,,,,,,,,,,1.00/0.00,,,1.00/0.00,,1.00/0.00,1.00/0.00,1.00/0.00,,,,,,,,,,,,,,,,,,,,,,,,,,,,,,,,,,,,,,,,,,,,,,,,,,,,,,,,,,,,,,,,,,,,,,,,,,,,,,,,,,,,
REL606,"4,203,579",MOB,IS150 (–) +3 bp,metH,,B12-dependent methionine synthase,,,415385,coding (821‑823/3684 nt),,,,,,,,,,,,,,,1.00/0.00,,,,,,,,,,,,,,,,,,,,,,,,,,,,,,,,,,,,,,,,,,,,,,,,,,,,,,,,,,,,,,,,,,,,,,,,,,,,,,,,,,,,,,,,,,,
REL606,"4,333,227",MOB,IS150 (–) +4 bp,lysU,,"lysine tRNA synthetase, inducible",,,415386,coding (208‑211/1518 nt),,,,,,,,,,,,,,,1.00/0.00,,,,,,,,,,,,,,,,,,,,,,,,,,,,,,,,,,,,,,,,,,,,,,,,,,,,,,,,,,,,,,,,,,,,,,,,,,,,,,,,,,,,,,,,,,,
REL606,"4,384,430",SNP,C→A,yjeB,,predicted DNA-binding transcriptional regulator,,,414954,S29Y (TCT→TAT),,,,,,,,,,,,,,,1.00/0.00,1.00/0.00,1.00/0.00,1.00/0.00,1.00/0.00,1.00/0.00,1.00/0.00,1.00/0.00,,,,,,,,,,,,,,,,,,,,,,,,,,,,,,,,,,,,,,,,,,,,,,,,,,,,,,,,,,,,,,,,,,,,,,,,,,,,,,,,,,,,
REL606,"4,507,928",MOB,IS150 (–) +3 bp,sgcA,,predicted phosphotransferase enzyme IIA component,,,415387,coding (189‑191/432 nt),,,,,,,,,,,,,,,1.00/0.00,,,,,,,,,,,,,,,,,,,,,,,,,,,,,,,,,,,,,,,,,,,,,,,,,,,,,,,,,,,,,,,,,,,,,,,,,,,,,,,,,,,,,,,,,,,
REL606,"896,463",MOB,IS150 (+) +3 bp,ECB_00838,,putative phage tail protein,,,414895,coding (159‑161/432 nt),,,,,,,,,,,,,,,,1.00/0.00,1.00/0.00,1.00/0.00,1.00/0.00,1.00/0.00,1.00/0.00,1.00/0.00,,,,,,,,,,,,,,,,,,,,,,,,,,,,,,,,,,,,,,,,,,,,,,,,,,,,,,,,,,,,,,,,,,,,,,,,,,,,,,,,,,,,
REL606,"969,836",MOB,IS150 (+) +3 bp,pflB,,pyruvate formate lyase I,,,414896,coding (810‑812/2283 nt),,,,,,,,,,,,,,,,1.00/0.00,1.00/0.00,1.00/0.00,1.00/0.00,1.00/0.00,1.00/0.00,1.00/0.00,,,,,,,,,,,,,,,,,,,,,,,,,,,,,,,,,,,,,,,,,,,,,,,,,,,,,,,,,,,,,,,,,,,,,,,,,,,,,,,,,,,,
REL606,"1,609,130",DEL,"Δ7,554 bp","[insF-3], ybcW, gnsB, ynfN, ECB_01516, cspI, ydfP, ydfQ, ydfR, essQ, ECB_01522, ECB_01523, insE-4, [insF-4]",,"[insF-3], ybcW, gnsB, ynfN, ECB_01516, cspI, ydfP, ydfQ, ydfR, essQ, ECB_01522, ECB_01523, insE-4, [insF-4]",,,414906,between IS3,,,,,,,,,,,,,,,,1.00/0.00,1.00/0.00,1.00/0.00,1.00/0.00,1.00/0.00,1.00/0.00,1.00/0.00,,,,,,,,,,,,,,,,,,,,,,,,,,,,,,,,,,,,,,,,,,,,,,,1.00/0.00,,,,,,,,,,,,,,,,,,,,,,,,,,,,,,,,,,,,,
REL606,"1,749,019",SNP,G→A,ydiM,,putative transport protein (MFS family); b1690_2,,,414910,pseudogene (326/858 nt),,,,,,,,,,,,,,,,1.00/0.00,1.00/0.00,1.00/0.00,1.00/0.00,1.00/0.00,1.00/0.00,1.00/0.00,,,,,,,,,,,,,,,,,,,,,,,,,,,,,,,,,,,,,,,,,,,,,,,,,,,,,,,,,,,,,,,,,,,,,,,,,,,,,,,,,,,,
REL606,"1,879,026",SNP,T→A,yoaE,,fused predicted membrane protein/conserved protein,,,414911,D380V (GAT→GTT),,,,,,,,,,,,,,,,1.00/0.00,1.00/0.00,1.00/0.00,1.00/0.00,1.00/0.00,1.00/0.00,1.00/0.00,,,,,,,,,,,,,,,,,,,,,,,,,,,,,,,,,,,,,,,,,,,,,,,,,,,,,,,,,,,,,,,,,,,,,,,,,,,,,,,,,,,,
REL606,"3,308,106",SNP,G→A,yhcB,,hypothetical protein,,,414935,A6A (GCG→GCA),,,,,,,,,,,,,,,,1.00/0.00,1.00/0.00,1.00/0.00,1.00/0.00,1.00/0.00,1.00/0.00,1.00/0.00,,,,,,,,,,,,,,,,,,,,,,,,,,,,,,,,,,,,,,,,,,,,,,,,,,,,,,,,,,,,,,,,,,,,,,,,,,,,,,,,,,,,
REL606,"4,205,069",DEL,Δ5 bp,metH,,B12-dependent methionine synthase,,,414949,coding (2311‑2315/3684 nt),,,,,,,,,,,,,,,,1.00/0.00,1.00/0.00,1.00/0.00,1.00/0.00,1.00/0.00,1.00/0.00,1.00/0.00,,,,,,,,,,,,,,,,,,,,,,,,,,,,,,,,,,,,,,,,,,,,,,,,,,,,,,,,,,,,,,,,,,,,,,,,,,,,,,,,,,,,
REL606,"4,275,716",SUB,57511 bp→6 bp,"[yjcO], fdhF, yjcP, yjcQ, yjcR, yjcS, alsK, alsE, alsC, alsA, alsB, rpiR, rpiB, yjdP, phnP, phnO, phnN, phnM, phnL, phnK, phnJ, phnI, phnH, phnG, phnF, phnE, phnD, phnC, phnB, phnA, yjdA, yjcZ, proP, basS, basR, yjdB, yjdE, adiY, adiA, melR, melA, melB, yjdF, fumB, dcuB, dcuR, dcuS, dcuS, yjdI, yjdJ, yjdK, [lysU]",,"<i><b>52 genes</b><BR>[yjcO], fdhF, yjcP, yjcQ, yjcR, yjcS, alsK, alsE, alsC, alsA, alsB, rpiR, rpiB, yjdP, phnP, phnO, phnN, phnM, phnL, phnK, phnJ, phnI, phnH, phnG, phnF, phnE, phnD, phnC, phnB, phnA, yjdA, yjcZ, proP, basS, basR, yjdB, yjdE, adiY, adiA, melR, melA, melB, yjdF, fumB, dcuB, dcuR, dcuS, dcuS, yjdI, yjdJ, yjdK, [lysU]</i>",,,414952,,,,,,,,,,,,,,,,,1.00/0.00,1.00/0.00,1.00/0.00,1.00/0.00,1.00/0.00,1.00/0.00,1.00/0.00,,,,,,,,,,,,,,,,,,,,,,,,,,,,,,,,,,,,,,,,,,,,,,,,,,,,,,,,,,,,,,,,,,,,,,,,,,,,,,,,,,,,
REL606,"15,499",MOB,IS150 (–) +3 bp,insL-1,,IS186 hypothetical protein,,,415256,coding (57‑59/1113 nt),,,,,,,,,,,,,,,,,1.00/0.00,,1.00/0.00,,,,,,,,,,,,,,,,,,,,,,,,,,,,,,,,,,,,,,,,,,,,,,,,,,,,,,,,,,,,,,,,,,,,,,,,,,,,,,,,,,,,,,,
REL606,"88,134",SNP,C→T,"leuO, ilvI",,leucine transcriptional activator/acetolactate synthase III large subunit,,,415257,intergenic (+18/‑300),,,,,,,,,,,,,,,,,1.00/0.00,,1.00/0.00,,,,,,,,,,,,,,,,,,,,,,,,,,,,,,,,,,,,,,,,,,,,,,,,,,,,,,,,,,,,,,,,,,,,,,,,,,,,,,,,,,,,,,,
REL606,"146,104",MOB,IS150 (+) +3 bp,yadG,,predicted transporter subunit: ATP-binding component of ABC superfamily,,,415258,coding (523‑525/927 nt),,,,,,,,,,,,,,,,,1.00/0.00,,1.00/0.00,,,,,,,,,,,,,,,,,,,,,,,,,,,,,,,,,,,,,,,,,,,,,,,,,,,,,,,,,,,,,,,,,,,,,,,,,,,,,,,,,,,,,,,
REL606,"241,692",MOB,IS150 (–) +2 bp,insB-2,,IS1 protein InsB,,,415259,coding (187‑188/504 nt),,,,,,,,,,,,,,,,,1.00/0.00,,1.00/0.00,,,,,,,,,,,,,,,,,,,,,,,,,,,,,,,,,,,,,,,,,,,,,,,,,,,,,,,,,,,,,,,,,,,,,,,,,,,,,,,,,,,,,,,
REL606,"490,481",DEL,"Δ161,226 bp","ybbO, tesA, ybbA, ybbP, rhsD, ybbC, ylbH, ybbD, ylbG, ybbB, ybbS, allA, allR, gcl, hyi, glxR, ybbV, allP, allB, ybbY, glxK, ylbA, allC, allD, fdrA, ylbE, ylbF, arcC, purK, purE, ybbF, ppiB, cysS, ybcI, ybcJ, folD, sfmA, sfmC, sfmD, sfmH, sfmF, fimZ, argU, intD, ECB_00487, ECB_00488, ECB_00489, ECB_00490, ybcD, renD, emrE, ybcK, ybcL, ybcM, ybcN, ninE, ybcO, rus, ylcG, ybcQ, nmpC, insB-6, insA-6, nmpC, ybcR, ybcS, ybcT, ybcU, ECB_00510, nohB, ECB_00512, ECB_00513, ECB_00514, ECB_00515, ECB_00516, ECB_00517, appY, ompT, envY, ybcH, nfrA, nfrB, nfrB, ECB_00524, yhhI, ECB_00526, ECB_00527, ECB_00528, ECB_00529, ECB_00530, cusS, cusR, cusC, ylcC, cusB, cusA, pheP, ybdG, nfnB, ybdF, ybdJ, ybdK, insJ-1, insK-1, insB-7, insA-7, insK-1, hokE, insL-3, entD, fepA, fes, ybdZ, entF, fepE, fepC, fepG, fepD, ybdA, fepB, entC, entE, entB, entA, ybdB, cstA, cstA, ybdD, ybdH, ybdL, ybdM, ybdN, insB-8, insA-8, dsbG, ahpC, ahpF, ybdQ, ybdR, rnk, rna, citT, citG, citX, citF, citE, citD, citC, insB-9, insA-9, citA, citB, dcuC, crcA, cspE, ccrB, ybeM, tatE, lipA, ybeF, lipB, ybeD, dacA, rlpA, mrdB, mrdA, ybeA, ybeB",,"<i><b>168 genes</b><BR>ybbO, tesA, ybbA, ybbP, rhsD, ybbC, ylbH, ybbD, ylbG, ybbB, ybbS, allA, allR, gcl, hyi, glxR, ybbV, allP, allB, ybbY, glxK, ylbA, allC, allD, fdrA, ylbE, ylbF, arcC, purK, purE, ybbF, ppiB, cysS, ybcI, ybcJ, folD, sfmA, sfmC, sfmD, sfmH, sfmF, fimZ, argU, intD, ECB_00487, ECB_00488, ECB_00489, ECB_00490, ybcD, renD, emrE, ybcK, ybcL, ybcM, ybcN, ninE, ybcO, rus, ylcG, ybcQ, nmpC, insB-6, insA-6, nmpC, ybcR, ybcS, ybcT, ybcU, ECB_00510, nohB, ECB_00512, ECB_00513, ECB_00514, ECB_00515, ECB_00516, ECB_00517, appY, ompT, envY, ybcH, nfrA, nfrB, nfrB, ECB_00524, yhhI, ECB_00526, ECB_00527, ECB_00528, ECB_00529, ECB_00530, cusS, cusR, cusC, ylcC, cusB, cusA, pheP, ybdG, nfnB, ybdF, ybdJ, ybdK, insJ-1, insK-1, insB-7, insA-7, insK-1, hokE, insL-3, entD, fepA, fes, ybdZ, entF, fepE, fepC, fepG, fepD, ybdA, fepB, entC, entE, entB, entA, ybdB, cstA, cstA, ybdD, ybdH, ybdL, ybdM, ybdN, insB-8, insA-8, dsbG, ahpC, ahpF, ybdQ, ybdR, rnk, rna, citT, citG, citX, citF, citE, citD, citC, insB-9, insA-9, citA, citB, dcuC, crcA, cspE, ccrB, ybeM, tatE, lipA, ybeF, lipB, ybeD, dacA, rlpA, mrdB, mrdA, ybeA, ybeB</i>",,,414883,IS150‑mediated,,,,,,,,,,,,,,,,,1.00/0.00,1.00/0.00,1.00/0.00,1.00/0.00,1.00/0.00,1.00/0.00,,,,,,,,,,,,,,,,,,,,,,,,,,,,,,,,,,,,,,,,,,,,,,,,,,,,,,,,,,,,,,,,,,,,,,,,,,,,,,,,,,,,
REL606,"590,472",DEL,"Δ10,624 bp","hokE, insL-3, entD, fepA, fes, ybdZ, entF, [fepE]",,"hokE, insL-3, entD, fepA, fes, ybdZ, entF, [fepE]",,,415260,IS150‑mediated,,,,,,,,,,,,,,,,,1.00/0.00,,1.00/0.00,1.00/0.00,,,,,,,,,,,,,,,,,,,,,,,,,,,,,,,,,,,,,,,,,,,,,,,,,,,,,,,,,,,,,,,,,,,,,,,,,,,,,,,,,,,,,,
REL606,"630,016",SNP,T→G,citX,,2'-(5'-triphosphoribosyl)-3'-dephospho-CoA:apo- citrate lyase,,,415261,E24A (GAA→GCA),,,,,,,,,,,,,,,,,1.00/0.00,,,,,,,,,,,,,,,,,,,,,,,,,,,,,,,,,,,,,,,,,,,,,,,,,,,,,,,,,,,,,,,,,,,,,,,,,,,,,,,,,,,,,,,,,
REL606,"868,953",MOB,IS1 (+) +9 bp,yliF,,predicted diguanylate cyclase,,,415262,coding (1067‑1075/1329 nt),,,,,,,,,,,,,,,,,1.00/0.00,,,,,,,,,,,,,,,,,,,,,,,,,,,,,,,,,,,,,,,,,,,,,,,,,,,,,,,,,,,,,,,,,,,,,,,,,,,,,,,,,,,,,,,,,
REL606,"962,005",MOB,IS186 (–) +6 bp,"dmsC, ycaC",,"dimethyl sulfoxide reductase, anaerobic, subunit C/predicted hydrolase",,,415263,intergenic (+16/+14),,,,,,,,,,,,,,,,,1.00/0.00,,1.00/0.00,,,,,,,,,,,,,,,,,,,,,,,,,,,,,,,,,,,,,,,,,,,,,,,,,,,,,,,,,,,,,,,,,,,,,,,,,,,,,,,,,,,,,,,
REL606,"1,521,295",MOB,IS150 (+) +4 bp,"yddG, fdnG",,"predicted methyl viologen efflux pump/formate dehydrogenase-N, alpha subunit, nitrate-inducible",,,415264,intergenic (‑33/‑253),,,,,,,,,,,,,,,,,1.00/0.00,,,,,,,,,,,,,,,,,,,,,,,,,,,,,,,,,,,,,,,,,,,,,,,,,,,,,,,,,,,,,,,,,,,,,,,,,,,,,,,,,,,,,,,,,
REL606,"1,757,644",MOB,IS150 (–) +3 bp,ydiQ,,hypothetical protein,,,415265,coding (760‑762/765 nt),,,,,,,,,,,,,,,,,1.00/0.00,,,,,,,,,,,,,,,,,,,,,,,,,,,,,,,,,,,,,,,,,,,,,,,,,,,,,,,,,,,,,,,,,,,,,,,,,,,,,,,,,,,,,,,,,
REL606,"1,859,000",MOB,IS150 (–) +3 bp,yeaS,,neutral amino-acid efflux system,,,415266,coding (336‑338/639 nt),,,,,,,,,,,,,,,,,1.00/0.00,,1.00/0.00,,,,,,,,,,,,,,,,,,,,,,,,,,,,,,,,,,,,,,,,,,,,,,,,,,,,,,,,,,,,,,,,,,,,,,,,,,,,,,,,,,,,,,,
REL606,"2,283,472",MOB,IS150 (–) +3 bp,"yfaA, gyrA",,hypothetical protein/DNA gyrase subunit A,,,415267,intergenic (‑128/+19),,,,,,,,,,,,,,,,,1.00/0.00,,1.00/0.00,,,,,,,,,,,,,,,,,,,,,,,,,,,,,,,,,,,,,,,,,,,,,,,,,,,,,,,,,,,,,,,,,,,,,,,,,,,,,,,,,,,,,,,
REL606,"2,323,543",SNP,T→A,yfbB,,predicted peptidase,,,415268,Q188L (CAG→CTG),,,,,,,,,,,,,,,,,1.00/0.00,,1.00/0.00,,,,,,,,,,,,,,,,,,,,,,,,,,,,,,,,,,,,,,,,,,,,,,,,,,,,,,,,,,,,,,,,,,,,,,,,,,,,,,,,,,,,,,,
REL606,"2,591,648",MOB,IS150 (+) +3 bp,hcaC,,"3-phenylpropionate dioxygenase, predicted ferredoxin subunit",,,415269,coding (42‑44/321 nt),,,,,,,,,,,,,,,,,1.00/0.00,,1.00/0.00,,,,,,,,,,,,,,,,,,,,,,,,,,,,,,,,,,,,,,,,,,,,,,,,,,,,,,,,,,,,,,,,,,,,,,,,,,,,,,,,,,,,,,,
REL606,"2,655,781",MOB,IS150 (–) +3 bp,yfiH,,hypothetical protein,,,414922,coding (660‑662/732 nt),,,,,,,,,,,,,,,,,1.00/0.00,1.00/0.00,1.00/0.00,1.00/0.00,1.00/0.00,1.00/0.00,,,,,,,,,,,,,,,,,,,,,,,,,,,,,,,,,,,,,,,,,,,,,,,,,,,,,,,,,,,,,,,,,,,,,,,,,,,,,,,,,,,,
REL606,"3,048,491",DEL,Δ1 bp,"yghK, glcB",,glycolate transporter/malate synthase,,,414931,intergenic (‑320/+35),,,,,,,,,,,,,,,,,1.00/0.00,1.00/0.00,1.00/0.00,1.00/0.00,1.00/0.00,1.00/0.00,,,,,,,,,,,,,,,,,,,,,,,,,,,,,,,,,,,,,,,,,,,,,,,,,,,,,,,,,,,,,,,,,,,,,,,,,,,,,,,,,,,,
REL606,"3,048,491",INS,+C,"yghK, glcB",,glycolate transporter/malate synthase,,,415271,intergenic (‑320/+35),,,,,,,,,,,,,,,,,1.00/0.00,,,,,,,,,,,,,,,,,,,,,,,,,,,,,,,,,,,,,,,,,,,,,,,,,,,,,,,,,,,,,,,,,,,,,,,,,,,,,,,,,,,,,,,,,
REL606,"3,251,024",SNP,A→T,infB,,translation initiation factor IF-2,,,415272,G75G (GGT→GGA),,,,,,,,,,,,,,,,,1.00/0.00,,,,,,,,,,,,,,,,,,,,,,,,,,,,,,,,,,,,,,,,,,,,,,,,,,,,,,,,,,,,,,,,,,,,,,,,,,,,,,,,,,,,,,,,,
REL606,"3,271,926",SNP,T→C,yrbA,,predicted DNA-binding transcriptional regulator,,,414934,D38G (GAC→GGC),,,,,,,,,,,,,,,,,1.00/0.00,1.00/0.00,1.00/0.00,1.00/0.00,1.00/0.00,1.00/0.00,,,,,,,,,,,,,,,,,,,,,,,,,,,,,,,,,,,,,,,,,,,,,,,,,,,,,,,,,,,,,,,,,,,,,,,,,,,,,,,,,,,,
REL606,"4,097,093",INS,+C,glpF,,glycerol facilitator,,,415273,coding (480/846 nt),,,,,,,,,,,,,,,,,1.00/0.00,,1.00/0.00,,,,,,,,,,,,,,,,,,,,,,,,,,,,,,,,,,,,,,,,,,,,,,,,,,,,,,,,,,,,,,,,,,,,,,,,,,,,,,,,,,,,,,,
REL606,"4,133,104",SNP,G→A,ppc,,phosphoenolpyruvate carboxylase,,,414945,R34R (CGC→CGT),,,,,,,,,,,,,,,,,1.00/0.00,1.00/0.00,1.00/0.00,1.00/0.00,1.00/0.00,1.00/0.00,,,,,,,,,,,,,,,,,,,,,,,,,,,,,,,,,,,,,,,,,,,,,,,,,,,,,,,,,,,,,,,,,,,,,,,,,,,,,,,,,,,,
REL606,"4,224,464",SNP,A→C,malE,,maltose ABC transporter periplasmic protein,,,414950,S296R (AGT→AGG),,,,,,,,,,,,,,,,,1.00/0.00,1.00/0.00,1.00/0.00,,,,,,,,,,,,,,,,,,,,,,,,,,,,,,,,,,,,,,,,,,,,,,,,,,,,,,,,,,,,,,,,,,,,,,,,,,,,,,,,,,,,,,,
REL606,"4,262,916",SNP,T→G,actP,,acetate permease,,,415274,Y307S (TAC→TCC),,,,,,,,,,,,,,,,,1.00/0.00,,1.00/0.00,,,,,,,,,,,,,,,,,,,,,,,,,,,,,,,,,,,,,,,,,,,,,,,,,,,,,,,,,,,,,,,,,,,,,,,,,,,,,,,,,,,,,,,
REL606,"4,462,655",MOB,IS1 (+) +9 bp,"yjgM, yjgN",,predicted acetyltransferase/conserved inner membrane protein,,,414956,intergenic (‑85/‑100),,,,,,,,,,,,,,,,,1.00/0.00,1.00/0.00,1.00/0.00,1.00/0.00,1.00/0.00,1.00/0.00,,,,,,,,,,,,,,,,,,,,,,,,,,,,,,,,,,,,,,,,,,,,,,,,,,,,,,,,,,,,,,,,,,,,,,,,,,,,,,,,,,,,
REL606,"4,559,535",DEL,Δ21 bp,hsdM,,DNA methylase M,,,415275,coding (1469‑1489/1590 nt),,,,,,,,,,,,,,,,,1.00/0.00,,1.00/0.00,,,,,,,,,,,,,,,,,,,,,,,,,,,,,,,,,,,,,,,,,,,,,,,,,,,,,,,,,,,,,,,,,,,,,,,,,,,,,,,,,,,,,,,
REL606,"4,608,703",DEL,Δ9 bp,deoA,,thymidine phosphorylase,,,415276,coding (1241‑1249/1323 nt),,,,,,,,,,,,,,,,,1.00/0.00,,1.00/0.00,,,,,,,,,,,,,,,,,,,,,,,,,,,,,,,,,,,,,,,,,,,,,,,,,,,,,,,,,,,,,,,,,,,,,,,,,,,,,,,,,,,,,,,
REL606,"279,651",SNP,C→A,yagY,,hypothetical protein,,,414877,E186D (GAG→GAT),,,,,,,,,,,,,,,,,,1.00/0.00,,,,,,,,,,,,,,,,,,,,,,,,,,,,,,,,,,,,,,,,,,,,,,,,,,,,,,,,,,,,,,,,,,,,,,,,,,,,,,,,,,,,,,,,
REL606,"386,412",MOB,IS150 (–),phoR,,sensory histidine kinase in two-component regulatory system with PhoB,,,414879,coding (101/1296 nt),,,,,,,,,,,,,,,,,,1.00/0.00,,,,,,,,,,,,,,,,,,,,,,,,,,,,,,,,,,,,,,,,,,,,,,,,,,,,,,,,,,,,,,,,,,,,,,,,,,,,,,,,,,,,,,,,
REL606,"386,413",DEL,"Δ4,541 bp","[phoR], brnQ, proY, [malZ]",,"[phoR], brnQ, proY, [malZ]",,,414880,IS150‑mediated,,,,,,,,,,,,,,,,,,1.00/0.00,,,,,,,,,,,,,,,,,,,,,,,,,,,,,,,,,,,,,,,,,,,,,,,,,,,,,,,,,,,,,,,,,,,,,,,,,,,,,,,,,,,,,,,,
REL606,"452,115",SNP,C→T,"maa, hha",,"maltose O-acetyltransferase/modulator of gene expression, with H-NS",,,414882,intergenic (‑130/+42),,,,,,,,,,,,,,,,,,1.00/0.00,,,,,,,,,,,,,,,,,,,,,,,,,,,,,,,,,,,,,,,,,,,,,,,,,,,,,,,,,,,,,,,,,,,,,,,,,,,,,,,,,,,,,,,,
REL606,"588,711",DEL,Δ11 bp,insJ-1,,IS150 hypothetical protein,,,414889,coding (170‑180/522 nt),,,,,,,,,,,,,,,,,,1.00/0.00,,,,,,,,,,,,,,,,,,,,,,,,,,,,,,,,,,,,,,,,,,,,,,,,,,,,,,,,,,,,,,,,,,,,,,,,,,,,,,,,,,,,,,,,
REL606,"864,491",SNP,T→A,yliD,,predicted peptide transporter subunit: membrane component of ABC superfamily,,,414894,L17Q (CTG→CAG),,,,,,,,,,,,,,,,,,1.00/0.00,,,,,,,,,,,,,,,,,,,,,,,,,,,,,,,,,,,,,,,,,,,,,,,,,,,,,,,,,,,,,,,,,,,,,,,,,,,,,,,,,,,,,,,,
REL606,"1,221,930",SNP,T→G,ycgH,,predicted protein; b4491,,,414901,pseudogene (2169/2622 nt),,,,,,,,,,,,,,,,,,1.00/0.00,,,,,,,,,,,,,,,,,,,,,,,,,,,,,,,,,,,,,,,,,,,,,,,,,,,,,,,,,,,,,,,,,,,,,,,,,,,,,,,,,,,,,,,,
REL606,"1,507,416",DEL,"Δ2,710 bp","[ydcE], yddH, nhoA, yddE, yddE, [narV]",,"[ydcE], yddH, nhoA, yddE, yddE, [narV]",,,414905,,,,,,,,,,,,,,,,,,,1.00/0.00,,,,,,,,,,,,,,,,,,,,,,,,,,,,,,,,,,,,,,,,,,,,,,,,,,,,,,,,,,,,,,,,,,,,,,,,,,,,,,,,,,,,,,,,
REL606,"2,196,669",MOB,IS150 (+) +3 bp,cirA,,ferric iron-catecholate outer membrane transporter,,,414917,coding (1337‑1339/1992 nt),,,,,,,,,,,,,,,,,,1.00/0.00,,,,,,,,,,,,,,,,,,,,,,,,,,,,,,,,,,,,,,,,,,,,,,,,,,,,,,,,,,,,,,,,,,,,,,,,,,,,,,,,,,,,,,,,
REL606,"2,263,508",DEL,"Δ2,124 bp",[rcsC],,[rcsC],,,414918,IS1‑mediated,,,,,,,,,,,,,,,,,,1.00/0.00,,,,,,,,,,,,,,,,,,,,,,,,,,,,,,,,,,,,,,,,,,,,,,,,,,,,,,,,,,,,,,,,,,,,,,,,,,,,,,,,,,,,,,,,
REL606,"3,260,593",SNP,A→C,hflB,,"protease, ATP-dependent zinc-metallo",,,414933,F526C (TTC→TGC),,,,,,,,,,,,,,,,,,1.00/0.00,,,,,,,,,,,,,,,,,,,,,,,,,,,,,,,,,,,,,,,,,,,,,,,,,,,,,,,,,,,,,,,,,,,,,,,,,,,,,,,,,,,,,,,,
REL606,"3,911,972",INS,(T)7→8,"yifB, ilvL",,predicted bifunctional enzyme and transcriptional regulator/ilvG operon leader peptide,,,414941,intergenic (‑173/‑150),,,,,,,,,,,,,,,,,,1.00/0.00,,,,,,,,,,,,,,,,,,,,,,,,,,,,,,,,,,,,,,,,,,,,,,,,,,,,,,,,,,,,,,,,,,,,,,,,,,,,,,,,,,,,,,,,
REL606,"4,161,099",SNP,G→T,rpoB,,DNA-directed RNA polymerase subunit beta,,,414946,V82F (GTC→TTC),,,,,,,,,,,,,,,,,,1.00/0.00,,,,,,,,,,,,,,,,,,,,,,,,,,,,,,,,,,,,,,,,,,,,,,,,,,,,,,,,,,,,,,,,,,,,,,,,,,,,,,,,,,,,,,,,
REL606,"4,182,772",MOB,IS150 (–) +3 bp,zraS,,sensory histidine kinase in two-component regulatory system with ZraR,,,414947,coding (1241‑1243/1377 nt),,,,,,,,,,,,,,,,,,1.00/0.00,,,,,,,,,,,,,,,,,,,,,,,,,,,,,,,,,,,,,,,,,,,,,,,,,,,,,,,,,,,,,,,,,,,,,,,,,,,,,,,,,,,,,,,,
REL606,"4,538,542",MOB,IS150 (+),yjiE,,predicted DNA-binding transcriptional regulator,,,414957,coding (662/912 nt),,,,,,,,,,,,,,,,,,1.00/0.00,,,,,,,,,,,,,,,,,,,,,,,,,,,,,,,,,,,,,,,,,,,,,,,,,,,,,,,,,,,,,,,,,,,,,,,,,,,,,,,,,,,,,,,,
REL606,"4,538,543",DEL,"Δ28,543 bp","[yjiE], iadA, yjiG, yjiH, kptA, yjiJ, yjiK, yjiL, yjiM, yjiN, yjiO, yjiPQ, insA-28, insB-28, yjiV, mcrC, mcrB, yjiW, hsdS, hsdM, hsdR, mrr, yjiA, yjiX",,"<i><b>24 genes</b><BR>[yjiE], iadA, yjiG, yjiH, kptA, yjiJ, yjiK, yjiL, yjiM, yjiN, yjiO, yjiPQ, insA-28, insB-28, yjiV, mcrC, mcrB, yjiW, hsdS, hsdM, hsdR, mrr, yjiA, yjiX</i>",,,414958,IS150‑mediated,,,,,,,,,,,,,,,,,,1.00/0.00,,,,,,,,,,,,,,,,,,,,,,,,,,,,,,,,,,,,,,,,,,,,,,,,,,,,,,,,,,,,,,,,,,,,,,,,,,,,,,,,,,,,,,,,
REL606,"101,840",SNP,T→G,ftsW,,integral membrane protein involved in stabilizing FstZ ring during cell division,,,415279,L212V (TTG→GTG),,,,,,,,,,,,,,,,,,,1.00/0.00,,,,,,,,,,,,,,,,,,,,,,,,,,,,,,,,,,,,,,,,,,,,,,,,,,,,,,,,,,,,,,,,,,,,,,,,,,,,,,,,,,,,,,,
REL606,"132,062",SNP,C→T,lpdA,,dihydrolipoamide dehydrogenase,,,415280,H449H (CAC→CAT),,,,,,,,,,,,,,,,,,,1.00/0.00,,,,,,,,,,,,,,,,,,,,,,,,,,,,,,,,,,,,,,,,,,,,,,,,,,,,,,,,,,,,,,,,,,,,,,,,,,,,,,,,,,,,,,,
REL606,"146,104",INS,+A,yadG,,predicted transporter subunit: ATP-binding component of ABC superfamily,,,415281,coding (523/927 nt),,,,,,,,,,,,,,,,,,,1.00/0.00,,,,,,,,,,,,,,,,,,,,,,,,,,,,,,,,,,,,,,,,,,,,,,,,,,,,,,,,,,,,,,,,,,,,,,,,,,,,,,,,,,,,,,,
REL606,"901,512",SNP,T→A,ECB_00845,,hypothetical protein,,,415282,D354E (GAT→GAA),,,,,,,,,,,,,,,,,,,1.00/0.00,,,,,,,,,,,,,,,,,,,,,,,,,,,,,,,,,,,,,,,,,,,,,,,,,,,,,,,,,,,,,,,,,,,,,,,,,,,,,,,,,,,,,,,
REL606,"1,270,045",DEL,Δ619 bp,ldrC,,ldrC,,,415283,IS150‑mediated,,,,,,,,,,,,,,,,,,,1.00/0.00,,,,,,,,,,,,,,,,,,,,,,,,,,,,,,,,,,,,,,,,,,,,,,,,,,,,,,,,,,,,,,,,,,,,,,,,,,,,,,,,,,,,,,,
REL606,"1,353,846",MOB,IS150 (–),sapA,,predicted antimicrobial peptide transporter subunit,,,415284,coding (1634/1644 nt),,,,,,,,,,,,,,,,,,,1.00/0.00,,,,,,,,,,,,,,,,,,,,,,,,,,,,,,,,,,,,,,,,,,,,,,,,,,,,,,,,,,,,,,,,,,,,,,,,,,,,,,,,,,,,,,,
REL606,"1,353,847",DEL,Δ581 bp,sapA,,predicted antimicrobial peptide transporter subunit,,,415285,between IS150,,,,,,,,,,,,,,,,,,,1.00/0.00,,,,,,,,,,,,,,,,,,,,,,,,,,,,,,,,,,,,,,,,,,,,,,,,,,,,,,,,,,,,,,,,,,,,,,,,,,,,,,,,,,,,,,,
REL606,"1,376,383",MOB,IS150 (–) +3 bp,ycjT,,predicted hydrolase,,,415286,coding (132‑134/2268 nt),,,,,,,,,,,,,,,,,,,1.00/0.00,,,,,,,,,,,,,,,,,,,,,,,,,,,,,,,,,,,,,,,,,,,,,,,,,,,,,,,,,,,,,,,,,,,,,,,,,,,,,,,,,,,,,,,
REL606,"1,619,837",INS,+T,"hokD, ECB_01533",,small toxic polypeptide/conserved hypothetical protein,,,415287,intergenic (‑74/+138),,,,,,,,,,,,,,,,,,,1.00/0.00,,,,,,,,,,,,,,,,,,,,,,,,,,,,,,,,,,,,,,,,,,,,,,,,,,,,,,,,,,,,,,,,,,,,,,,,,,,,,,,,,,,,,,,
REL606,"1,915,406",MOB,IS1 (+) +9 bp,yebK,,predicted DNA-binding transcriptional regulator,,,415288,coding (179‑187/870 nt),,,,,,,,,,,,,,,,,,,1.00/0.00,,,,,,,,,,,,,,,,,,,,,,,,,,,,,,,,,,,,,,,,,,,,,,,,,,,,,,,,,,,,,,,,,,,,,,,,,,,,,,,,,,,,,,,
REL606,"2,002,475",SNP,C→A,"cobT, cobS",,nicotinate-nucleotide- dimethylbenzimidazolephosphoribosyltransferase/cobalamin synthase,,,415289,intergenic (‑8/+4),,,,,,,,,,,,,,,,,,,1.00/0.00,,,,,,,,,,,,,,,,,,,,,,,,,,,,,,,,,,,,,,,,,,,,,,,,,,,,,,,,,,,,,,,,,,,,,,,,,,,,,,,,,,,,,,,
REL606,"2,019,805",MOB,IS150 (–) +3 bp,"yeeZ, hisL",,"predicted epimerase, with NAD(P)-binding Rossmann-fold domain/his operon leader peptide",,,415290,intergenic (‑234/‑191),,,,,,,,,,,,,,,,,,,1.00/0.00,,,,,,,,,,,,,,,,,,,,,,,,,,,,,,,,,,,,,,,,,,,,,,,,,,,,,,,,,,,,,,,,,,,,,,,,,,,,,,,,,,,,,,,
REL606,"2,086,865",INS,+G,"yegL, yegM",,"hypothetical protein/multidrug efflux system, subunit A",,,415291,intergenic (‑1286/‑259),,,,,,,,,,,,,,,,,,,1.00/0.00,,,,,,,,,,,,,,,,,,,,,,,,,,,,,,,,,,,,,,,,,,,,,,,,,,,,,,,,,,,,,,,,,,,,,,,,,,,,,,,,,,,,,,,
REL606,"2,086,868",DEL,Δ58 bp,"yegL, yegM",,"hypothetical protein/multidrug efflux system, subunit A",,,415292,IS150‑mediated,,,,,,,,,,,,,,,,,,,1.00/0.00,,,,,,,,,,,,,,,,,,,,,,,,,,,,,,,,,,,,,,,,,,,,,,,,,,,,,,,,,,,,,,,,,,,,,,,,,,,,,,,,,,,,,,,
REL606,"2,219,638",SNP,T→G,yeiR,,predicted enzyme,,,415293,S208A (TCT→GCT),,,,,,,,,,,,,,,,,,,1.00/0.00,,,,,,,,,,,,,,,,,,,,,,,,,,,,,,,,,,,,,,,,,,,,,,,,,,,,,,,,,,,,,,,,,,,,,,,,,,,,,,,,,,,,,,,
REL606,"2,591,650",INS,+G,hcaC,,"3-phenylpropionate dioxygenase, predicted ferredoxin subunit",,,415294,coding (44/321 nt),,,,,,,,,,,,,,,,,,,1.00/0.00,,,,,,,,,,,,,,,,,,,,,,,,,,,,,,,,,,,,,,,,,,,,,,,,,,,,,,,,,,,,,,,,,,,,,,,,,,,,,,,,,,,,,,,
REL606,"2,614,425",SNP,C→A,purL,,phosphoribosylformylglycinamidine synthase,,,415295,M612I (ATG→ATT),,,,,,,,,,,,,,,,,,,1.00/0.00,,,,,,,,,,,,,,,,,,,,,,,,,,,,,,,,,,,,,,,,,,,,,,,,,,,,,,,,,,,,,,,,,,,,,,,,,,,,,,,,,,,,,,,
REL606,"3,124,208",SNP,G→A,yqiI,,hypothetical protein,,,415296,V247V (GTG→GTA),,,,,,,,,,,,,,,,,,,1.00/0.00,,,,,,,,,,,,,,,,,,,,,,,,,,,,,,,,,,,,,,,,,,,,,,,,,,,,,,,,,,,,,,,,,,,,,,,,,,,,,,,,,,,,,,,
REL606,"3,414,095",SNP,A→C,crp,,DNA-binding transcriptional dual regulator,,,415297,Y24S (TAC→TCC),,,,,,,,,,,,,,,,,,,1.00/0.00,,,,,,,,,,,,,,,,,,,,,,,,,,,,,,,,,,,,,,,,,,,,,,,,,,,,,,,,,,,,,,,,,,,,,,,,,,,,,,,,,,,,,,,
REL606,"3,493,824",MOB,IS150 (+) +3 bp,ECB_03279,,hypothetical protein,,,415298,coding (104‑106/993 nt),,,,,,,,,,,,,,,,,,,1.00/0.00,,,,,,,,,,,,,,,,,,,,,,,,,,,,,,,,,,,,,,,,,,,,,,,,,,,,,,,,,,,,,,,,,,,,,,,,,,,,,,,,,,,,,,,
REL606,"94,760",SNP,A→G,ftsI,,transpeptidase involved in septal peptidoglycan synthesis (penicillin-binding protein 3),,,415445,T182A (ACT→GCT),,,,,,,,,,,,,,,,,,,,1.00/0.00,,,,,,,,,,,,,,,,,,,,,,,,,,,,,,,,,,,,,,,,,,,,,,,,,,,,,,,,,,,,,,,,,,,,,,,,,,,,,,,,,,,,,,
REL606,"183,262",MOB,IS150 (+) +3 bp,dgt,,deoxyguanosinetriphosphate triphosphohydrolase,,,415329,coding (1184‑1186/1518 nt),,,,,,,,,,,,,,,,,,,,1.00/0.00,1.00/0.00,1.00/0.00,,,,,,,,,,,,,,,,,,,,,,,,,,,,,,,,,,,,,,,,,,,,,,,,,,,,,,,,,,,,,,,,,,,,,,,,,,,,,,,,,,,,
REL606,"239,002",SNP,A→C,dnaQ,,DNA polymerase III subunit epsilon,,,415330,A4A (GCA→GCC),,,,,,,,,,,,,,,,,,,,1.00/0.00,1.00/0.00,1.00/0.00,,,,,,,,,,,,,,,,,,,,,,,,,,,,,,,,,,,,,,,,,,,,,,,,,,,,,,,,,,,,,,,,,,,,,,,,,,,,,,,,,,,,
REL606,"555,825",DEL,Δ709 bp,ECB_00513,,conserved hypothetical protein,,,415447,IS1‑mediated,,,,,,,,,,,,,,,,,,,,1.00/0.00,,,,,,,,,,,,,,,,,,,,,,,,,,,,,,,,,,,,,,,,,,,,,,,,,,,,,,,,,,,,,,,,,,,,,,,,,,,,,,,,,,,,,,
REL606,"651,703",AMP,"18,404 bp x 4","phpB, nadD, holA, rlpB, leuS, ybeL, ybeQ, ybeQ, ybeR, ybeV, hscC, rihA, gltL, insJ-2, insK-2, gltL, gltK, gltJ, gltI, [ECB_00624]",,"<i><b>20 genes</b><BR>phpB, nadD, holA, rlpB, leuS, ybeL, ybeQ, ybeQ, ybeR, ybeV, hscC, rihA, gltL, insJ-2, insK-2, gltL, gltK, gltJ, gltI, [ECB_00624]</i>",,,415448,amplification,,,,,,,,,,,,,,,,,,,,1.00/0.00,,,,,,,,,,,,,,,,,,,,,,,,,,,,,,,,,,,,,,,,,,,,,,,,,,,,,,,,,,,,,,,,,,,,,,,,,,,,,,,,,,,,,,
REL606,"666,133",DEL,Δ1 bp,gltL,,ATP-binding protein of glutamate/aspartate transport system; b0652_2,,,415449,pseudogene (355/387 nt),,,,,,,,,,,,,,,,,,,,1.00/0.00,,,,,,,,,,,,,,,,,,,,,,,,,,,,,,,,,,,,,,,,,,,,,,,,,,,,,,,,,,,,,,,,,,,,,,,,,,,,,,,,,,,,,,
REL606,"670,103",MOB,IS150 (+) +4 bp,ECB_00624,,conserved hypothetical protein,,,415450,coding (670‑673/1878 nt),,,,,,,,,,,,,,,,,,,,1.00/0.00,,,,,,,,,,,,,,,,,,,,,,,,,,,,,,,,,,,,,,,,,,,,,,,,,,,,,,,,,,,,,,,,,,,,,,,,,,,,,,,,,,,,,,
REL606,"875,094",SNP,G→C,deoR,,DNA-binding transcriptional repressor,,,415337,H65D (CAT→GAT),,,,,,,,,,,,,,,,,,,,1.00/0.00,1.00/0.00,1.00/0.00,,,,,,,,,,,,,,,,,,,,,,,,,,,,,,,,,,,,,,,,,,,,,,,,,,,,,,,,,,,,,,,,,,,,,,,,,,,,,,,,,,,,
REL606,"1,037,783",MOB,+TCC :: IS150 (+) +2 bp,sulA,,SOS cell division inhibitor,,,415451,coding (227‑228/510 nt),,,,,,,,,,,,,,,,,,,,1.00/0.00,,,,,,,,,,,,,,,,,,,,,,,,,,,,,,,,,,,,,,,,,,,,,,,,,,,,,,,,,,,,,,,,,,,,,,,,,,,,,,,,,,,,,,
REL606,"1,218,697",MOB,IS150 (+) +3 bp,ycgG,,conserved inner membrane protein,,,415342,coding (1209‑1211/1524 nt),,,,,,,,,,,,,,,,,,,,1.00/0.00,1.00/0.00,1.00/0.00,,,,,,,,,,,,,,,,,,,,,,,,,,,,,,,,,,,,,,,,,,,,,,,,,,,,,,,,,,,,,,,,,,,,,,,,,,,,,,,,,,,,
REL606,"1,305,418",MOB,IS150 (+) +3 bp,cls,,cardiolipin synthetase,,,415452,coding (820‑822/1461 nt),,,,,,,,,,,,,,,,,,,,1.00/0.00,,,,,,,,,,,,,,,,,,,,,,,,,,,,,,,,,,,,,,,,,,,,,,,,,,,,,,,,,,,,,,,,,,,,,,,,,,,,,,,,,,,,,,
REL606,"1,460,542",DEL,"Δ1,727 bp","[insB-12], cybB, ydcA, hokB, mokB",,"[insB-12], cybB, ydcA, hokB, mokB",,,415453,IS1‑mediated,,,,,,,,,,,,,,,,,,,,1.00/0.00,,,,,,,,,,,,,,,,,,,,,,,,,,,,,,,,,,,,,,,,,,,,,,,,,,,,,,,,,,,,,,,,,,,,,,,,,,,,,,,,,,,,,,
REL606,"1,462,266",SUB,3 bp→TAT,"mokB, trg",,"regulatory peptide/methyl-accepting chemotaxis protein III, ribose and galactose sensor receptor",,,415454,intergenic (‑28/‑311),,,,,,,,,,,,,,,,,,,,1.00/0.00,,,,,,,,,,,,,,,,,,,,,,,,,,,,,,,,,,,,,,,,,,,,,,,,,,,,,,,,,,,,,,,,,,,,,,,,,,,,,,,,,,,,,,
REL606,"1,564,814",MOB,IS1 (+) +9 bp,ECB_01464,,putative fimbrial usher protein,,,415455,coding (205‑213/1011 nt),,,,,,,,,,,,,,,,,,,,1.00/0.00,,,,,,,,,,,,,,,,,,,,,,,,,,,,,,,,,,,,,,,,,,,,,,,,,,,,,,,,,,,,,,,,,,,,,,,,,,,,,,,,,,,,,,
REL606,"1,915,108",DEL,(A)8→7,"zwf, yebK",,glucose-6-phosphate 1-dehydrogenase/predicted DNA-binding transcriptional regulator,,,415344,intergenic (‑218/‑120),,,,,,,,,,,,,,,,,,,,1.00/0.00,1.00/0.00,1.00/0.00,,,,,,,,,,,,,,,,,,,,,,,,,,,,,,,,,,,,,,,,,,,,,,,,,,,,,,,,,,,,,,,,,,,,,,,,,,,,,,,,,,,,
REL606,"1,974,040",DEL,"Δ8,273 bp","[yedU], yedV, yedW, yedX, yedY, yedZ, yodA, yodB, serU, [yeeI]",,"[yedU], yedV, yedW, yedX, yedY, yedZ, yodA, yodB, serU, [yeeI]",,,415347,IS1‑mediated,,,,,,,,,,,,,,,,,,,,1.00/0.00,1.00/0.00,1.00/0.00,,,,,,,,,,,,,,,,,,,,,,,,,,,,,,,,,,,,,,,,,,,,,,,,,,,,,,,,,,,,,,,,,,,,,,,,,,,,,,,,,,,,
REL606,"1,988,203",MOB,IS1 (–) +9 bp,yeeJ,,adhesin,,,415456,coding (5342‑5350/7152 nt),,,,,,,,,,,,,,,,,,,,1.00/0.00,,,,,,,,,,,,,,,,,,,,,,,,,,,,,,,,,,,,,,,,,,,,,,,,,,,,,,,,,,,,,,,,,,,,,,,,,,,,,,,,,,,,,,
REL606,"2,014,868",DEL,Δ1 bp,yeeD,,hypothetical protein,,,415457,coding (29/228 nt),,,,,,,,,,,,,,,,,,,,1.00/0.00,,,,,,,,,,,,,,,,,,,,,,,,,,,,,,,,,,,,,,,,,,,,,,,,,,,,,,,,,,,,,,,,,,,,,,,,,,,,,,,,,,,,,,
REL606,"2,196,656",MOB,IS150 (–) +3 bp,cirA,,ferric iron-catecholate outer membrane transporter,,,415349,coding (1350‑1352/1992 nt),,,,,,,,,,,,,,,,,,,,1.00/0.00,1.00/0.00,1.00/0.00,,,,,,,,,,,,,,,,,,,,,,,,,,,,,,,,,,,,,,,,,,,,,,,,,,,,,,,,,,,,,,,,,,,,,,,,,,,,,,,,,,,,
REL606,"2,249,381",MOB,IS1 (+) +9 bp,napH,,quinol dehydrogenase membrane component,,,415458,coding (179‑187/864 nt),,,,,,,,,,,,,,,,,,,,1.00/0.00,,,,,,,,,,,,,,,,,,,,,,,,,,,,,,,,,,,,,,,,,,,,,,,,,,,,,,,,,,,,,,,,,,,,,,,,,,,,,,,,,,,,,,
REL606,"2,655,784",INV,"1,443 bp inversion",None,,,,,415353,coding (194/981 nt),,,,,,,,,,,,,,,,,,,,1.00/0.00,1.00/0.00,1.00/0.00,,,,,,,,,,,,,,,,,,,,,,,,,,,,,,,,,,,,,,,,,,,,,,,,,,,,,,,,,,,,,,,,,,,,,,,,,,,,,,,,,,,,
REL606,"2,775,881",INS,+T,"insJ-3, cysH",,IS150 hypothetical protein/phosphoadenosine phosphosulfate reductase,,,415459,intergenic (‑51/+198),,,,,,,,,,,,,,,,,,,,1.00/0.00,,,,,,,,,,,,,,,,,,,,,,,,,,,,,,,,,,,,,,,,,,,,,,,,,,,,,,,,,,,,,,,,,,,,,,,,,,,,,,,,,,,,,,
REL606,"3,067,926",SNP,G→A,yghS,,predicted protein with nucleoside triphosphate hydrolase domain,,,415356,A40V (GCA→GTA),,,,,,,,,,,,,,,,,,,,1.00/0.00,1.00/0.00,1.00/0.00,,,,,,,,,,,,,,,,,,,,,,,,,,,,,,,,,,,,,,,,,,,,,,,,,,,,,,,,,,,,,,,,,,,,,,,,,,,,,,,,,,,,
REL606,"3,270,443",MOB,IS150 (–) +4 bp,"nlp, murA",,DNA-binding transcriptional activator of maltose metabolism/UDP-N-acetylglucosamine 1-carboxyvinyltransferase,,,415359,intergenic (+21/+24),,,,,,,,,,,,,,,,,,,,1.00/0.00,1.00/0.00,1.00/0.00,,,,,,,,,,,,,,,,,,,,,,,,,,,,,,,,,,,,,,,,,,,,,,,,,,,,,,,,,,,,,,,,,,,,,,,,,,,,,,,,,,,,
REL606,"3,527,027",SNP,C→A,livH,,leucine/isoleucine/valine transporter subunit,,,415460,T17T (ACG→ACT),,,,,,,,,,,,,,,,,,,,1.00/0.00,,,,,,,,,,,,,,,,,,,,,,,,,,,,,,,,,,,,,,,,,,,,,,,,,,,,,,,,,,,,,,,,,,,,,,,,,,,,,,,,,,,,,,
REL606,"3,536,881",SNP,A→G,yhhN,,conserved inner membrane protein,,,415364,E148G (GAA→GGA),,,,,,,,,,,,,,,,,,,,1.00/0.00,1.00/0.00,1.00/0.00,,,,,,,,,,,,,,,,,,,,,,,,,,,,,,,,,,,,,,,,,,,,,,,,,,,,,,,,,,,,,,,,,,,,,,,,,,,,,,,,,,,,
REL606,"3,537,175",MOB,+TGTACTGACCCCAAAA :: IS150 (–) +3 bp,zntA,,"zinc, cobalt and lead efflux system",,,415365,coding (37‑39/2199 nt),,,,,,,,,,,,,,,,,,,,1.00/0.00,1.00/0.00,1.00/0.00,,,,,,,,,,,,,,,,,,,,,,,,,,,,,,,,,,,,,,,,,,,,,,,,,,,,,,,,,,,,,,,,,,,,,,,,,,,,,,,,,,,,
REL606,"3,630,643",DEL,Δ1 bp,"ldrD, yhjV",,"toxic polypeptide, small/predicted transporter",,,415461,intergenic (‑98/‑378),,,,,,,,,,,,,,,,,,,,1.00/0.00,,,,,,,,,,,,,,,,,,,,,,,,,,,,,,,,,,,,,,,,,,,,,,,,,,,,,,,,,,,,,,,,,,,,,,,,,,,,,,,,,,,,,,
REL606,"3,774,754",SNP,C→A,yicJ,,predicted transporter,,,415462,R73L (CGC→CTC),,,,,,,,,,,,,,,,,,,,1.00/0.00,,,,,,,,,,,,,,,,,,,,,,,,,,,,,,,,,,,,,,,,,,,,,,,,,,,,,,,,,,,,,,,,,,,,,,,,,,,,,,,,,,,,,,
REL606,"3,841,192",MOB,IS150 (+) +3 bp,recF,,recombination protein F,,,415370,coding (389‑391/1074 nt),,,,,,,,,,,,,,,,,,,,1.00/0.00,1.00/0.00,1.00/0.00,,,,,,,,,,,,,,,,,,,,,,,,,,,,,,,,,,,,,,,,,,,,,,,,,,,,,,,,,,,,,,,,,,,,,,,,,,,,,,,,,,,,
REL606,"3,893,551",INS,+G,"kup, insJ-5",,potassium transporter/IS150 hypothetical protein,,,415082,intergenic (+6/‑50),,,,,,,,,,,,,,,,,,,,1.00/0.00,,,,,,,,,,,,,,,,,,1.00/0.00,,,,,,,,,,,,,,,,,,,,,,,,,,,,,,,,,,,1.00/0.00,1.00/0.00,,,,,,,,,,,,,,,,,,,,,,,,,,,,,,,,
REL606,"3,910,606",SNP,T→G,yifB,,predicted bifunctional enzyme and transcriptional regulator,,,415463,P398P (CCA→CCC),,,,,,,,,,,,,,,,,,,,1.00/0.00,,,,,,,,,,,,,,,,,,,,,,,,,,,,,,,,,,,,,,,,,,,,,,,,,,,,,,,,,,,,,,,,,,,,,,,,,,,,,,,,,,,,,,
REL606,"4,034,656",AMP,337 bp x 2,[glnA],,[glnA],,,415373,duplication,,,,,,,,,,,,,,,,,,,,1.00/0.00,1.00/0.00,1.00/0.00,,,,,,,,,,,,,,,,,,,,,,,,,,,,,,,,,,,,,,,,,,,,,,,,,,,,,,,,,,,,,,,,,,,,,,,,,,,,,,,,,,,,
REL606,"4,047,676",DEL,"Δ1,907 bp","[yihR], [yihS]",,"[yihR], [yihS]",,,415374,IS150‑mediated,,,,,,,,,,,,,,,,,,,,1.00/0.00,1.00/0.00,1.00/0.00,,,,,,,,,,,,,,,,,,,,,,,,,,,,,,,,,,,,,,,,,,,,,,,,,,,,,,,,,,,,,,,,,,,,,,,,,,,,,,,,,,,,
REL606,"4,096,877",SNP,G→T,glpF,,glycerol facilitator,,,415376,Y232* (TAC→TAA),,,,,,,,,,,,,,,,,,,,1.00/0.00,1.00/0.00,1.00/0.00,,,,,,,,,,,,,,,,,,,,,,,,,,,,,,,,,,,,,,,,,,,,,,,,,,,,,,,,,,,,,,,,,,,,,,,,,,,,,,,,,,,,
REL606,"4,209,822",SNP,A→C,yjbC,,23S rRNA pseudouridine synthase,,,415464,T180P (ACC→CCC),,,,,,,,,,,,,,,,,,,,1.00/0.00,,,,,,,,,,,,,,,,,,,,,,,,,,,,,,,,,,,,,,,,,,,,,,,,,,,,,,,,,,,,,,,,,,,,,,,,,,,,,,,,,,,,,,
REL606,"4,558,686",DEL,(CATAA)2→1,hsdS,,specificity determinant for hsdM and hsdR,,,415188,coding (748‑752/1425 nt),,,,,,,,,,,,,,,,,,,,1.00/0.00,,,,,,,,,,,,,,,,,,,,,,,,,,,,,,,,,,,,,,,,,,,,,,,,,,,,,,,,,,,,,,,,,,,1.00/0.00,,,,1.00/0.00,1.00/0.00,1.00/0.00,1.00/0.00,1.00/0.00,1.00/0.00,,,,,,,,,,
REL606,"2,450",SNP,G→T,thrA,,bifunctional aspartokinase I/homeserine dehydrogenase I,,,415326,L705L (CTG→CTT),,,,,,,,,,,,,,,,,,,,,1.00/0.00,1.00/0.00,,,,,,,,,,,,,,,,,,,,,,,,,,,,,,,,,,,,,,,,,,,,,,,,,,,,,,,,,,,,,,,,,,,,,,,,,,,,,,,,,,,,
REL606,"16,989",DEL,"Δ1,013 bp",[nhaA],,[nhaA],,,415327,IS150‑mediated,,,,,,,,,,,,,,,,,,,,,1.00/0.00,1.00/0.00,,,,,,,,,,,,,,,,,,,,,,,,,,,,,,,,,,,,,,,,,,,,,,,,,,,,,,,,,,,,,,,,,,,,,,,,,,,,,,,,,,,,
REL606,"45,662",SNP,C→T,caiT,,L-carnitine/gamma-butyrobetaine antiporter,,,415328,V155I (GTC→ATC),,,,,,,,,,,,,,,,,,,,,1.00/0.00,1.00/0.00,,,,,,,,,,,,,,,,,,,,,,,,,,,,,,,,,,,,,,,,,,,,,,,,,,,,,,,,,,,,,,,,,,,,,,,,,,,,,,,,,,,,
REL606,"393,720",SNP,G→A,queA,,S-adenosylmethionine:tRNA ribosyltransferase-isomerase,,,415331,R96H (CGC→CAC),,,,,,,,,,,,,,,,,,,,,1.00/0.00,1.00/0.00,,,,,,,,,,,,,,,,,,,,,,,,,,,,,,,,,,,,,,,,,,,,,,,,,,,,,,,,,,,,,,,,,,,,,,,,,,,,,,,,,,,,
REL606,"430,835",SNP,C→T,"insL-2, lon",,putative transposase insL for insertion sequence IS186/DNA-binding ATP-dependent protease La,,,415332,intergenic (‑48/‑108),,,,,,,,,,,,,,,,,,,,,1.00/0.00,1.00/0.00,,,,,,,,,,,,,,,,,,,,,,,,,,,,,,,,,,,,,,,,,,,,,,,,,,,,,,,,,,,,,,,,,,,,,,,,,,,,,,,,,,,,
REL606,"502,543",MOB,IS150 (–) +3 bp,ybbB,,"tRNA 2-selenouridine synthase, selenophosphate-dependent",,,415333,coding (848‑850/1095 nt),,,,,,,,,,,,,,,,,,,,,1.00/0.00,1.00/0.00,,,,,,,,,,,,,,,,,,,,,,,,,,,,,,,,,,,,,,,,,,,,,,,,,,,,,,,,,,,,,,,,,,,,,,,,,,,,,,,,,,,,
REL606,"651,704",INS,+G,"ybeB, phpB",,hypothetical protein/predicted alpha-ribazole-5'-P phosphatase,,,415334,intergenic (‑84/+176),,,,,,,,,,,,,,,,,,,,,1.00/0.00,1.00/0.00,,,,,,,,,,,,,,,,,,,,,,,,,,,,,,,,,,,,,,,,,,,,,,,,,,,,,,,,,,,,,,,,,,,,,,,,,,,,,,,,,,,,
REL606,"735,660",SNP,T→A,"gltA, sdhC",,citrate synthase/succinate dehydrogenase cytochrome b556 large membrane subunit,,,415335,intergenic (‑401/‑308),,,,,,,,,,,,,,,,,,,,,1.00/0.00,1.00/0.00,,,,,,,,,,,,,,,,,,,,,,,,,,,,,,,,,,,,,,,,,,,,,,,,,,,,,,,,,,,,,,,,,,,,,,,,,,,,,,,,,,,,
REL606,"761,693",SNP,T→G,valT,,tRNA-Val,,,415336,noncoding (47/76 nt),,,,,,,,,,,,,,,,,,,,,1.00/0.00,1.00/0.00,,,,,,,,,,,,,,,,,,,,,,,,,,,,,,,,,,,,,,,,,,,,,,,,,,,,,,,,,,,,,,,,,,,,,,,,,,,,,,,,,,,,
REL606,"762,231",DEL,Δ208 bp,lysQ,,lysQ,,,414970,,,,,,,,,,,,,,,,,,,,,,1.00/0.00,1.00/0.00,,,,,,,,,,,,,,,,,,,,,,,,,,,,,,,,,,,,,,,,,,,1.00/0.00,1.00/0.00,1.00/0.00,1.00/0.00,1.00/0.00,1.00/0.00,1.00/0.00,1.00/0.00,1.00/0.00,1.00/0.00,,,,,,,,,,,,,,,,,,,,,,,,,,,,,,,,
REL606,"929,574",MOB,IS150 (+) +3 bp,hcp,,hydroxylamine reductase,,,415338,coding (946‑948/1653 nt),,,,,,,,,,,,,,,,,,,,,1.00/0.00,1.00/0.00,,,,,,,,,,,,,,,,,,,,,,,,,,,,,,,,,,,,,,,,,,,,,,,,,,,,,,,,,,,,,,,,,,,,,,,,,,,,,,,,,,,,
REL606,"943,554",SNP,A→C,"infA, aat",,translation initiation factor IF-1/leucyl/phenylalanyl-tRNA-protein transferase,,,415339,intergenic (‑53/+232),,,,,,,,,,,,,,,,,,,,,1.00/0.00,1.00/0.00,,,,,,,,,,,,,,,,,,,,,,,,,,,,,,,,,,,,,,,,,,,,,,,,,,,,,,,,,,,,,,,,,,,,,,,,,,,,,,,,,,,,
REL606,"950,280",SNP,T→G,"lrp, ftsK",,"DNA-binding transcriptional dual regulator, leucine-binding/DNA-binding membrane protein required for chromosome resolution and partitioning",,,415340,intergenic (+133/‑2),,,,,,,,,,,,,,,,,,,,,1.00/0.00,,,,,,,,,,,,,,,,,,,,,,,,,,,,,,,,,,,,,,,,,,,,,,,,,,,,,,,,,,,,,,,,,,,,,,,,,,,,,,,,,,,,,
REL606,"962,002",SNP,G→A,"dmsC, ycaC",,"dimethyl sulfoxide reductase, anaerobic, subunit C/predicted hydrolase",,,415341,intergenic (+13/+22),,,,,,,,,,,,,,,,,,,,,1.00/0.00,1.00/0.00,,,,,,,,,,,,,,,,,,,,,,,,,,,,,,,,,,,,,,,,,,,,,,,,,,,,,,,,,,,,,,,,,,,,,,,,,,,,,,,,,,,,
REL606,"1,343,489",SNP,G→A,yciR,,modulator of Rnase II stability,,,415343,L542L (CTG→TTG),,,,,,,,,,,,,,,,,,,,,1.00/0.00,1.00/0.00,,,,,,,,,,,,,,,,,,,,,,,,,,,,,,,,,,,,,,,,,,,,,,,,,,,,,,,,,,,,,,,,,,,,,,,,,,,,,,,,,,,,
REL606,"1,916,109",SNP,A→G,"yebK, pykA",,predicted DNA-binding transcriptional regulator/pyruvate kinase,,,415345,intergenic (+12/‑116),,,,,,,,,,,,,,,,,,,,,1.00/0.00,1.00/0.00,,,,,,,,,,,,,,,,,,,,,,,,,,,,,,,,,,,,,,,,,,,,,,,,,,,,,,,,,,,,,,,,,,,,,,,,,,,,,,,,,,,,
REL606,"1,948,728",SNP,T→C,tap,,methyl-accepting protein IV,,,415346,M343V (ATG→GTG),,,,,,,,,,,,,,,,,,,,,1.00/0.00,1.00/0.00,,,,,,,,,,,,,,,,,,,,,,,,,,,,,,,,,,,,,,,,,,,,,,,,,,,,,,,,,,,,,,,,,,,,,,,,,,,,,,,,,,,,
REL606,"2,103,918",INS,(CCAG)7→15,ECB_01992,,hypothetical protein,,,415348,coding (185/216 nt),,,,,,,,,,,,,,,,,,,,,1.00/0.00,,,,,,,,,,,,,,,,,,,,,,,,,,,,,,,,,,,,,,,,,,1.00/0.00,,,,,,,,,,,,,,,,,,,,,,,,,,,,,,,,,,,,,,,,,,,
REL606,"2,268,951",SNP,T→G,atoC,,"fused response regulator of ato operon, in two-component system with AtoS: response regulator/sigma54 interaction protein",,,414982,I129S (ATC→AGC),,,,,,,,,,,,,,,,,,,,,1.00/0.00,1.00/0.00,,,,,,,,,,,,,,,,,,,,,,,,,,,,,,,,,,,,,,,,,,,,,,,1.00/0.00,,,,,,,,,,,,,,,,,,,,,,,,,,,,,,,,,,,,,
REL606,"2,405,131",MOB,IS1 (–) +9 bp,fadL,,long-chain fatty acid outer membrane transporter,,,415350,coding (168‑176/1347 nt),,,,,,,,,,,,,,,,,,,,,1.00/0.00,1.00/0.00,,,,,,,,,,,,,,,,,,,,,,,,,,,,,,,,,,,,,,,,,,,,,,,,,,,,,,,,,,,,,,,,,,,,,,,,,,,,,,,,,,,,
REL606,"2,522,900",MOB,IS150 (–) +3 bp,hyfB,,NADH dehydrogenase subunit N,,,415351,coding (255‑257/2019 nt),,,,,,,,,,,,,,,,,,,,,1.00/0.00,1.00/0.00,,,,,,,,,,,,,,,,,,,,,,,,,,,,,,,,,,,,,,,,,,,,,,,,,,,,,,,,,,,,,,,,,,,,,,,,,,,,,,,,,,,,
REL606,"2,655,705",DEL,Δ79 bp,[yfiH],,[yfiH],,,415352,IS150‑mediated,,,,,,,,,,,,,,,,,,,,,1.00/0.00,1.00/0.00,,,,,,,,,,,,,,,,,,,,,,,,,,,,,,,,,,,,,,,,,,,,,,,,,,,,,,,,,,,,,,,,,,,,,,,,,,,,,,,,,,,,
REL606,"2,713,428",DEL,"Δ60,769 bp","[serV], csrA, alaS, recX, recA, ygaD, mltB, srlA, srlE, srlB, srlD, gutM, srlR, gutQ, ygaA, norV, ygbD, hypF, hydN, ascG, ascF, ascB, hycI, hycH, hycG, hycF, hycE, hycD, hycC, hycB, hycA, hypA, hypB, hypC, hypD, hypE, fhlA, ygbA, mutS, pphB, ygbI, ygbJ, ygbK, ygbL, ygbM, ygbN, rpoS, nlpD, pcm, surE, ygbO, ispF, ispD, ftsB, ygbE, cysC, cysN, cysD, iap, insL-5",,"<i><b>60 genes</b><BR>[serV], csrA, alaS, recX, recA, ygaD, mltB, srlA, srlE, srlB, srlD, gutM, srlR, gutQ, ygaA, norV, ygbD, hypF, hydN, ascG, ascF, ascB, hycI, hycH, hycG, hycF, hycE, hycD, hycC, hycB, hycA, hypA, hypB, hypC, hypD, hypE, fhlA, ygbA, mutS, pphB, ygbI, ygbJ, ygbK, ygbL, ygbM, ygbN, rpoS, nlpD, pcm, surE, ygbO, ispF, ispD, ftsB, ygbE, cysC, cysN, cysD, iap, insL-5</i>",,,415354,,,,,,,,,,,,,,,,,,,,,,1.00/0.00,,,,,,,,,,,,,1.00/0.00,,,,,,,,,,,,,,,,,,,,,,,,,,,,,,,,,,,,,,,,,,,,,,,,,,,,,,,,,,,,,,,,,,,,,,,,
REL606,"2,758,314",SNP,A→C,ygbK,,hypothetical protein,,,415355,K374Q (AAA→CAA),,,,,,,,,,,,,,,,,,,,,1.00/0.00,1.00/0.00,,,,,,,,,,,,,,,,,,,,,,,,,,,,,,,,,,,,,,,,,,,,,,,,,,,,,,,,,,,,,,,,,,,,,,,,,,,,,,,,,,,,
REL606,"3,095,121",SNP,G→T,ygiQ,,hypothetical protein,,,415357,C66* (TGC→TGA),,,,,,,,,,,,,,,,,,,,,1.00/0.00,,,,,,,,,,,,,,,,,,,,,,,,,,,,,,,,,,,,,,,,,,,,,,,,,,,,,,,,,,,,,,,,,,,,,,,,,,,,,,,,,,,,,
REL606,"3,176,730",SNP,T→C,uxaC,,glucuronate isomerase,,,415358,Y349C (TAC→TGC),,,,,,,,,,,,,,,,,,,,,1.00/0.00,,,,,,,,,,,,,,,,,,,,,,,,,,,,,,,,,,,,,,,,,,,,,,,,,,,,,,,,,,,,,,,,,,,,,,,,,,,,,,,,,,,,,
REL606,"3,287,483",SNP,T→C,arcB,,hybrid sensory histidine kinase in two-component regulatory system with ArcA,,,415360,M260V (ATG→GTG),,,,,,,,,,,,,,,,,,,,,1.00/0.00,1.00/0.00,,,,,,,,,,,,,,,,,,,,,,,,,,,,,,,,,,,,,,,,,,,,,,,,,,,,,,,,,,,,,,,,,,,,,,,,,,,,,,,,,,,,
REL606,"3,312,775",SNP,G→A,argR,,arginine repressor,,,415361,R59H (CGC→CAC),,,,,,,,,,,,,,,,,,,,,1.00/0.00,1.00/0.00,,,,,,,,,,,,,,,,,,,,,,,,,,,,,,,,,,,,,,,,,,,,,,,,,,,,,,,,,,,,,,,,,,,,,,,,,,,,,,,,,,,,
REL606,"3,328,272",SNP,A→G,mreB,,"cell wall structural complex MreBCD, actin-like component MreB",,,415362,V236A (GTT→GCT),,,,,,,,,,,,,,,,,,,,,1.00/0.00,1.00/0.00,,,,,,,,,,,,,,,,,,,,,,,,,,,,,,,,,,,,,,,,,,,,,,,,,,,,,,,,,,,,,,,,,,,,,,,,,,,,,,,,,,,,
REL606,"3,407,065",SNP,T→C,kefB,,glutathione-regulated potassium-efflux system protein,,,415363,E483G (GAA→GGA),,,,,,,,,,,,,,,,,,,,,1.00/0.00,,,,,,,,,,,,,,,,,,,,,,,,,,,,,,,,,,,,,,,,,,,,,,,,,,,,,,,,,,,,,,,,,,,,,,,,,,,,,,,,,,,,,
REL606,"3,537,180",DEL,Δ1 bp,zntA,,"zinc, cobalt and lead efflux system",,,415366,coding (42/2199 nt),,,,,,,,,,,,,,,,,,,,,1.00/0.00,1.00/0.00,,,,,,,,,,,,,,,,,,,,,,,,,,,,,,,,,,,,,,,,,,,,,,,,,,,,,,,,,,,,,,,,,,,,,,,,,,,,,,,,,,,,
REL606,"3,684,366",SNP,C→A,ECB_03438,,conserved hypothetical protein,,,415367,R216S (CGT→AGT),,,,,,,,,,,,,,,,,,,,,1.00/0.00,1.00/0.00,,,,,,,,,,,,,,,,,,,,,,,,,,,,,,,,,,,,,,,,,,,,,,,,,,,,,,,,,,,,,,,,,,,,,,,,,,,,,,,,,,,,
REL606,"3,724,534",SNP,C→T,secB,,export protein SecB,,,415368,G121S (GGT→AGT),,,,,,,,,,,,,,,,,,,,,1.00/0.00,,,,,,,,,,,,,,,,,,,,,,,,,,,,,,,,,,,,,,,,,,,,,,,,,,,,,,,,,,,,,,,,,,,,,,,,,,,,,,,,,,,,,
REL606,"3,766,595",MOB,IS150 (+) +3 bp,gltS,,glutamate transporter,,,415369,coding (1111‑1113/1206 nt),,,,,,,,,,,,,,,,,,,,,1.00/0.00,1.00/0.00,,,,,,,,,,,,,,,,,,,,,,,,,,,,,,,,,,,,,,,,,,,,,,,,,,,,,,,,,,,,,,,,,,,,,,,,,,,,,,,,,,,,
REL606,"3,947,872",INS,(TAATTGA)2→3,"aslA, hemY",,acrylsulfatase-like enzyme/predicted protoheme IX synthesis protein,,,415371,intergenic (‑66/+620),,,,,,,,,,,,,,,,,,,,,1.00/0.00,1.00/0.00,,,,,,,,,,,,,,,,,,,,,,,,,,,,,,,,,,,,,,,,,,,,,,,,,,,,,,,,,,,,,,,,,,,,,,,,,,,,,,,,,,,,
REL606,"3,990,387",MOB,IS150 (+) +3 bp,ECB_03719,,conserved hypothetical protein,,,415372,coding (1250‑1252/1491 nt),,,,,,,,,,,,,,,,,,,,,1.00/0.00,1.00/0.00,,,,,,,,,,,,,,,,,,,,,,,,,,,,,,,,,,,,,,,,,,,,,,,,,,,,,,,,,,,,,,,,,,,,,,,,,,,,,,,,,,,,
REL606,"4,092,861",MOB,IS150 (+) +3 bp,yiiT,,stress-induced protein,,,415375,coding (87‑89/429 nt),,,,,,,,,,,,,,,,,,,,,1.00/0.00,1.00/0.00,,,,,,,,,,,,,,,,,,,,,,,,,,,,,,,,,,,,,,,,,,,,,,,,,,,,,,,,,,,,,,,,,,,,,,,,,,,,,,,,,,,,
REL606,"4,459,658",SNP,A→G,yjgL,,hypothetical protein,,,415377,P315P (CCA→CCG),,,,,,,,,,,,,,,,,,,,,1.00/0.00,1.00/0.00,,,,,,,,,,,,,,,,,,,,,,,,,,,,,,,,,,,,,,,,,,,,,,,,,,,,,,,,,,,,,,,,,,,,,,,,,,,,,,,,,,,,
REL606,"4,558,781",DEL,(T)7→6,hsdS,,specificity determinant for hsdM and hsdR,,,415378,coding (657/1425 nt),,,,,,,,,,,,,,,,,,,,,1.00/0.00,1.00/0.00,,,,,,,,,,,,,,,,,,,,,,,,,,,,,,,,,,,,,,,,,,,,,,,,,,,,,,,,,,,,,,,,,,,,,,,,,,,,,,,,,,,,
REL606,"23,673",MOB,IS150 (+) +7 bp,insB-1,,IS1 protein InsB,,,415415,coding (134‑140/504 nt),,,,,,,,,,,,,,,,,,,,,,1.00/0.00,,,,,,,,,,,,,,,,,,,,,,,,,,,,,,,,,,,,,,,,,,,,,,,,,,,,,,,,,,,,,,,,,,,,,,,,,,,,,,,,,,,,
REL606,"474,391",INS,(GTCGCCAGC)1→2,ybaL,,predicted transporter with NAD(P)-binding Rossmann-fold domain,,,415416,coding (915/1677 nt),,,,,,,,,,,,,,,,,,,,,,1.00/0.00,,,,,,,,,,,,,,,,,,,,,,,,,,,,,,,,,,,,,,,,,,,,,,,,,,,,,,,,,,,,,,,,,,,,,,,,,,,,,,,,,,,,
REL606,"1,162,594",SNP,A→G,plsX,,fatty acid/phospholipid synthesis protein,,,415417,P135P (CCA→CCG),,,,,,,,,,,,,,,,,,,,,,1.00/0.00,,,,,,,,,,,,,,,,,,,,,,,,,,,,,,,,,,,,,,,,,,,,,,,,,,,,,,,,,,,,,,,,,,,,,,,,,,,,,,,,,,,,
REL606,"1,448,695",MOB,IS1 (+) +9 bp,ynbC,,predicted hydrolase,,,415418,coding (224‑232/1758 nt),,,,,,,,,,,,,,,,,,,,,,1.00/0.00,,,,,,,,,,,,,,,,,,,,,,,,,,,,,,,,,,,,,,,,,,,,,,,,,,,,,,,,,,,,,,,,,,,,,,,,,,,,,,,,,,,,
REL606,"1,916,224",MOB,IS1 (–) +9 bp,[pykA],,[pykA],,,415419,,,,,,,,,,,,,,,,,,,,,,,1.00/0.00,,,,,,,,,,,,,,,,,,,,,,,,,,,,,,,,,,,,,,,,,,,,,,,,,,,,,,,,,,,,,,,,,,,,,,,,,,,,,,,,,,,,
REL606,"2,263,508",DEL,"Δ3,531 bp","rcsC, [atoS]",,"rcsC, [atoS]",,,415420,IS1‑mediated,,,,,,,,,,,,,,,,,,,,,,1.00/0.00,,,,,,,,,,,,,,,,,,,,,,,,,,,,,,,,,,,,,,,,,,,,,,,,,,,,,,,,,,,,,,,,,,,,,,,,,,,,,,,,,,,,
REL606,"2,322,340",MOB,IS186 (+) +6 bp,menC,,O-succinylbenzoate synthase,,,415225,coding (131‑136/963 nt),,,,,,,,,,,,,,,,,,,,,,1.00/0.00,,,,,,,,,,,,,,,,,1.00/0.00,,1.00/0.00,1.00/0.00,1.00/0.00,1.00/0.00,,,,,,,,,,,,,,,,,,,,,,,,,,,,,,,,,,,,,,,,,,,,,,,,,,,,,,,,,,,,,,
REL606,"3,396,621",SNP,T→G,chiA,,periplasmic endochitinase,,,415421,N380H (AAC→CAC),,,,,,,,,,,,,,,,,,,,,,1.00/0.00,,,,,,,,,,,,,,,,,,,,,,,,,,,,,,,,,,,,,,,,,,,,,,,,,,,,,,,,,,,,,,,,,,,,,,,,,,,,,,,,,,,,
REL606,"3,533,061",SNP,T→G,ftsE,,predicted transporter subunit: ATP-binding component of ABC superfamily,,,415422,K124N (AAA→AAC),,,,,,,,,,,,,,,,,,,,,,1.00/0.00,,,,,,,,,,,,,,,,,,,,,,,,,,,,,,,,,,,,,,,,,,,,,,,,,,,,,,,,,,,,,,,,,,,,,,,,,,,,,,,,,,,,
REL606,"3,550,157",MOB,IS150 (–) +3 bp,rhsB,,rhsB element core protein RshB,,,415423,coding (278‑280/4236 nt),,,,,,,,,,,,,,,,,,,,,,1.00/0.00,,,,,,,,,,,,,,,,,,,,,,,,,,,,,,,,,,,,,,,,,,,,,,,,,,,,,,,,,,,,,,,,,,,,,,,,,,,,,,,,,,,,
REL606,"1,734,106",SNP,G→C,pykF,,pyruvate kinase,,,414863,G381A (GGT→GCT),,,,,,,,,,,,,,,,,,,,,,,1.00/0.00,1.00/0.00,1.00/0.00,1.00/0.00,1.00/0.00,1.00/0.00,1.00/0.00,1.00/0.00,1.00/0.00,1.00/0.00,1.00/0.00,1.00/0.00,1.00/0.00,1.00/0.00,1.00/0.00,1.00/0.00,1.00/0.00,1.00/0.00,1.00/0.00,1.00/0.00,1.00/0.00,1.00/0.00,,,,,,,,,,,,,,,,,,,,,,,,,,,,,,,,,,,,,,,,,,,,,,,,,,,,,,,,,,,,,,
REL606,"3,762,480",SNP,G→T,spoT,,"bifunctional (p)ppGpp synthetase II/ guanosine-3',5'-bis pyrophosphate 3'-pyrophosphohydrolase",,,414866,R575L (CGC→CTC),,,,,,,,,,,,,,,,,,,,,,,1.00/0.00,1.00/0.00,1.00/0.00,1.00/0.00,1.00/0.00,1.00/0.00,1.00/0.00,1.00/0.00,1.00/0.00,1.00/0.00,1.00/0.00,1.00/0.00,1.00/0.00,1.00/0.00,1.00/0.00,1.00/0.00,1.00/0.00,1.00/0.00,1.00/0.00,1.00/0.00,1.00/0.00,1.00/0.00,,,,,,,,,,,,,,,,,,,,,,,,,,,,,,,,,,,,,,,,,,,,,,,,,,,,,,,,,,,,,,
REL606,"2,048,103",MOB,IS1 (+) +9 bp,wcaM,,predicted colanic acid biosynthesis protein,,,414864,coding (1017‑1025/1395 nt),,,,,,,,,,,,,,,,,,,,,,,,,1.00/0.00,1.00/0.00,1.00/0.00,1.00/0.00,1.00/0.00,1.00/0.00,1.00/0.00,1.00/0.00,1.00/0.00,1.00/0.00,1.00/0.00,1.00/0.00,1.00/0.00,1.00/0.00,1.00/0.00,1.00/0.00,1.00/0.00,1.00/0.00,1.00/0.00,1.00/0.00,,,,,,,,,,,,,,,,,,,,,,,,,,,,,,,,,,,,,,,,,,,,,,,,,,,,,,,,,,,,,,
REL606,"3,250,993",SNP,G→A,infB,,translation initiation factor IF-2,,,414865,R86C (CGC→TGC),,,,,,,,,,,,,,,,,,,,,,,,,1.00/0.00,,1.00/0.00,,1.00/0.00,1.00/0.00,,,,,,,,,,,,,,,,,,,,,,,,,,,,,,,,,,,,,,,,,,,,,,,,,,,,,,,,,,,,,,,,,,,,,,,,,,,,
REL606,"3,328,619",SNP,C→A,mreB,,"cell wall structural complex MreBCD, actin-like component MreB",,,415023,Q120H (CAG→CAT),,,,,,,,,,,,,,,,,,,,,,,,,,1.00/0.00,,1.00/0.00,,,1.00/0.00,1.00/0.00,1.00/0.00,1.00/0.00,1.00/0.00,1.00/0.00,1.00/0.00,1.00/0.00,1.00/0.00,1.00/0.00,1.00/0.00,1.00/0.00,1.00/0.00,1.00/0.00,,,,,,,,,,,,,,,,,,,,,,,,,,,,,,,,,,,,,,,,,,,,,,,,,,,,,,,,,,,,,,
REL606,"3,894,997",DEL,"Δ6,414 bp","rbsD, rbsA, rbsC, rbsB, rbsK, rbsR, [yieO]",,"rbsD, rbsA, rbsC, rbsB, rbsK, rbsR, [yieO]",,,414867,IS150‑mediated,,,,,,,,,,,,,,,,,,,,,,,,,,,1.00/0.00,,,,,,,,,,,,,,,,,,,,,,,,,1.00/0.00,,,,,,,,,,,,,,,,,,,,,,,,,,,,,,,,,,,,,,,,,,,,,,,,,,,,,,
REL606,"369,196",SNP,G→T,yaiB,,hypothetical protein,,,415144,A55A (GCG→GCT),,,,,,,,,,,,,,,,,,,,,,,,,,,,1.00/0.00,,,,,,,,,,,,,,,,,,,,,,,,,,,,,,,,,,,,,,,,,,,,,,,,,,,,,,,,,,,,,,,,,,,,,,,,,,,,,,
REL606,"4,266,390",SNP,C→A,"acs, nrfA",,"acetyl-coenzyme A synthetase/nitrite reductase, formate-dependent, cytochrome",,,415145,intergenic (‑86/‑307),,,,,,,,,,,,,,,,,,,,,,,,,,,,1.00/0.00,,,,,,,,,,,,,,,,,,,,,,,,,,,,,,,,,,,,,,,,,,,,,,,,,,,,,,,,,,,,,,,,,,,,,,,,,,,,,,
REL606,"3,568,944",SNP,A→C,pitA,,"phosphate transporter, low-affinity",,,415512,K205T (AAG→ACG),,,,,,,,,,,,,,,,,,,,,,,,,,,,,1.00/0.00,1.00/0.00,,,,,,,,,,,,,,,,,,,,,,,,,,,,,,,,,,,,,,,,,,,,,,,,,,,,,,,,,,,,,,,,,,,,,,,,,,,,
REL606,"3,894,997",DEL,"Δ3,537 bp","rbsD, rbsA, rbsC, [rbsB]",,"rbsD, rbsA, rbsC, [rbsB]",,,415513,IS150‑mediated,,,,,,,,,,,,,,,,,,,,,,,,,,,,,1.00/0.00,1.00/0.00,,,,,,,,,,,,,,,,,,,,,,,,,,,,,,,,,,,,,,,,,,,,,,,,,,,,,,,,,,,,,,,,,,,,,,,,,,,,
REL606,"3,982,009",SNP,C→T,ECB_03710,,putative permease,,,415514,L8L (CTG→CTA),,,,,,,,,,,,,,,,,,,,,,,,,,,,,1.00/0.00,1.00/0.00,,,,,,,,,,,,,,,,,,,,,,,,,,,,,,,,,,,,,,,,,,,,,,,,,,,,,,,,,,,,,,,,,,,,,,,,,,,,
REL606,"2,122,426",MOB,IS150 (–) +3 bp,ECB_02013,,conserved hypothetical protein; putative exported protein,,,415516,coding (198‑200/216 nt),,,,,,,,,,,,,,,,,,,,,,,,,,,,,,1.00/0.00,,,,,,,,,,,,,,,,,,,,,,,,,,,,,,,,,,,,,,,,,,,,,,,,,,,,,,,,,,,,,,,,,,,,,,,,,,,,
REL606,"979,486",SNP,T→G,rpsA,,30S ribosomal protein S1,,,415011,S134A (TCT→GCT),,,,,,,,,,,,,,,,,,,,,,,,,,,,,,,1.00/0.00,1.00/0.00,1.00/0.00,1.00/0.00,1.00/0.00,1.00/0.00,1.00/0.00,1.00/0.00,1.00/0.00,1.00/0.00,1.00/0.00,1.00/0.00,1.00/0.00,1.00/0.00,,,,,,,,,,,,,,,,,,,,,,,,,,,,,,,,,,,,,,,,,,,,,,,,,,,,,,,,,,,,,,
REL606,"1,055,633",INS,(TGCACC)2→3,appC,,"cytochrome bd-II oxidase, subunit I",,,415012,coding (803/1545 nt),,,,,,,,,,,,,,,,,,,,,,,,,,,,,,,1.00/0.00,1.00/0.00,1.00/0.00,1.00/0.00,1.00/0.00,1.00/0.00,1.00/0.00,1.00/0.00,1.00/0.00,1.00/0.00,1.00/0.00,1.00/0.00,1.00/0.00,1.00/0.00,,,,,,,,,,,,,,,,,,,,,,,,,,,,,,,,,,,,,,,,,,,,,,,,,,,,,,,,,,,,,,
REL606,"1,145,691",DEL,Δ1 bp,flgB,,flagellar basal-body rod protein B,,,415013,coding (102/417 nt),,,,,,,,,,,,,,,,,,,,,,,,,,,,,,,1.00/0.00,1.00/0.00,1.00/0.00,1.00/0.00,1.00/0.00,1.00/0.00,1.00/0.00,1.00/0.00,1.00/0.00,1.00/0.00,1.00/0.00,1.00/0.00,1.00/0.00,1.00/0.00,,,,,,,,,,,,,,,,,,,,,,,,,,,,,,,,,,,,,,,,,,,,,,,,,,,,,,,,,,,,,,
REL606,"1,391,825",MOB,IS186 (–) +7 bp,mppA,,murein tripeptide (L-ala-gamma-D-glutamyl-meso-DAP) transporter subunit,,,415015,coding (230‑236/1614 nt),,,,,,,,,,,,,,,,,,,,,,,,,,,,,,,1.00/0.00,1.00/0.00,,,,,1.00/0.00,,,,,,,,,,,,,,,,,,,,,,,,,,,,,,,,,,,,,,,,,,,,,,,,,,,,,,,,,,,,,,,,,,,,,
REL606,"1,720,630",MOB,IS1 (+) +9 bp,"ribC, norM",,riboflavin synthase subunit alpha/multidrug efflux protein NorM,,,415486,intergenic (‑121/‑86),,,,,,,,,,,,,,,,,,,,,,,,,,,,,,,1.00/0.00,,,,,,,,,,,,,,,,,,,,,,,,,,,,,,,,,,,,,,,,,,,,,,,,,,,,,,,,,,,,,,,,,,,,,,,,,,,
REL606,"4,101,091",SNP,T→G,hslU,,ATP-dependent protease ATP-binding subunit,,,415031,E47A (GAA→GCA),,,,,,,,,,,,,,,,,,,,,,,,,,,,,,,1.00/0.00,1.00/0.00,1.00/0.00,1.00/0.00,1.00/0.00,1.00/0.00,1.00/0.00,1.00/0.00,1.00/0.00,1.00/0.00,1.00/0.00,1.00/0.00,1.00/0.00,1.00/0.00,,,,,,,,,,,,,,,,,,,,,,,,,,,,,,,,,,,,,,,,,,,,,,,,,,,,,,,,,,,,,,
REL606,"474,965",SNP,A→C,ybaL,,predicted transporter with NAD(P)-binding Rossmann-fold domain,,,415008,L114* (TTA→TGA),,,,,,,,,,,,,,,,,,,,,,,,,,,,,,,,,1.00/0.00,1.00/0.00,1.00/0.00,1.00/0.00,1.00/0.00,1.00/0.00,1.00/0.00,1.00/0.00,1.00/0.00,1.00/0.00,1.00/0.00,1.00/0.00,,,,,,,,,,,,,,,,,,,,,,,,,,,,,,,,,,,,,,,,,,,,,,,,,,,,,,,,,,,,,,
REL606,"547,700",DEL,"Δ42,623 bp","[nmpC], ybcR, ybcS, ybcT, ybcU, ECB_00510, nohB, ECB_00512, ECB_00513, ECB_00514, ECB_00515, ECB_00516, ECB_00517, appY, ompT, envY, ybcH, nfrA, nfrB, nfrB, ECB_00524, yhhI, ECB_00526, ECB_00527, ECB_00528, ECB_00529, ECB_00530, cusS, cusR, cusC, ylcC, cusB, cusA, pheP, ybdG, nfnB, ybdF, ybdJ, ybdK, insJ-1, insK-1, insB-7, insA-7, [insK-1]",,"<i><b>44 genes</b><BR>[nmpC], ybcR, ybcS, ybcT, ybcU, ECB_00510, nohB, ECB_00512, ECB_00513, ECB_00514, ECB_00515, ECB_00516, ECB_00517, appY, ompT, envY, ybcH, nfrA, nfrB, nfrB, ECB_00524, yhhI, ECB_00526, ECB_00527, ECB_00528, ECB_00529, ECB_00530, cusS, cusR, cusC, ylcC, cusB, cusA, pheP, ybdG, nfnB, ybdF, ybdJ, ybdK, insJ-1, insK-1, insB-7, insA-7, [insK-1]</i>",,,415009,between IS1,,,,,,,,,,,,,,,,,,,,,,,,,,,,,,,,,1.00/0.00,1.00/0.00,1.00/0.00,1.00/0.00,1.00/0.00,1.00/0.00,1.00/0.00,1.00/0.00,1.00/0.00,1.00/0.00,1.00/0.00,1.00/0.00,,,,,,,,,,,,,,,,,,,,,,,,,,,,,,,,,,,,,,,,,,,,,,,,,,,,,,,,,,,,,,
REL606,"1,633,388",DEL,Δ6 bp,speG,,spermidine N1-acetyltransferase,,,415016,coding (10‑15/561 nt),,,,,,,,,,,,,,,,,,,,,,,,,,,,,,,,,1.00/0.00,1.00/0.00,1.00/0.00,1.00/0.00,1.00/0.00,1.00/0.00,1.00/0.00,1.00/0.00,1.00/0.00,1.00/0.00,1.00/0.00,1.00/0.00,,,,,,,,,,,,,,,,,,,,,,,,,,,,,,,,,,,,,,,,,,,,,,,,,,,,,,,,,,,,,,
REL606,"1,734,709",AMP,"13,712 bp x 3","[lpp], ynhG, sufE, sufS, sufD, sufC, sufB, sufA, ydiH, ydiI, ydiJ, ydiK, ydiL, [ydiM]",,"[lpp], ynhG, sufE, sufS, sufD, sufC, sufB, sufA, ydiH, ydiI, ydiJ, ydiK, ydiL, [ydiM]",,,415017,amplification,,,,,,,,,,,,,,,,,,,,,,,,,,,,,,,,,1.00/0.00,1.00/0.00,1.00/0.00,1.00/0.00,1.00/0.00,1.00/0.00,1.00/0.00,1.00/0.00,1.00/0.00,1.00/0.00,1.00/0.00,1.00/0.00,,,,,,,,,,,,,,,,,,,,,,,,,,,,,,,,,,,,,,,,,,,,,,,,,,,,,,,,,,,,,,
REL606,"2,037,725",DEL,"Δ10,387 bp","[wzy], wbbB, wbbA, vioB, vioA, wzx, rmlC, rfbA, rfbD, rfbB, galF, [wcaM]",,"[wzy], wbbB, wbbA, vioB, vioA, wzx, rmlC, rfbA, rfbD, rfbB, galF, [wcaM]",,,415018,IS1‑mediated,,,,,,,,,,,,,,,,,,,,,,,,,,,,,,,,,1.00/0.00,1.00/0.00,1.00/0.00,1.00/0.00,1.00/0.00,1.00/0.00,1.00/0.00,1.00/0.00,1.00/0.00,1.00/0.00,1.00/0.00,1.00/0.00,,,,,,,,,,,,,,,,,,,,,,,,,,,,,,,,,,,,,,,,,,,,,,,,,,,,,,,,,,,,,,
REL606,"2,448,493",MOB,IS186 (+) +6 bp,"nupC, yfeA",,nucleoside (except guanosine) transporter/predicted diguanylate cyclase,,,415019,intergenic (+24/+21),,,,,,,,,,,,,,,,,,,,,,,,,,,,,,,,,1.00/0.00,1.00/0.00,1.00/0.00,1.00/0.00,1.00/0.00,1.00/0.00,1.00/0.00,1.00/0.00,1.00/0.00,1.00/0.00,1.00/0.00,1.00/0.00,,,,,,,,,,,,,,,,,,,,,,,,,,,,,,,,,,,,,,,,,,,,,,,,,1.00/0.00,1.00/0.00,1.00/0.00,1.00/0.00,,,,,,,,,,
REL606,"3,339,490",SNP,C→A,"fis, yhdJ",,DNA-binding protein Fis/predicted methyltransferase,,,415024,intergenic (+32/‑54),,,,,,,,,,,,,,,,,,,,,,,,,,,,,,,,,1.00/0.00,1.00/0.00,1.00/0.00,1.00/0.00,1.00/0.00,1.00/0.00,1.00/0.00,1.00/0.00,1.00/0.00,1.00/0.00,1.00/0.00,1.00/0.00,,,,,,,,,,,,,,,,,,,,,,,,,,,,,,,,,,,,,,,,,,,,,,,,,,,,,,,,,,,,,,
REL606,"3,894,997",DEL,Δ836 bp,"rbsD, [rbsA]",,"rbsD, [rbsA]",,,415028,IS150‑mediated,,,,,,,,,,,,,,,,,,,,,,,,,,,,,,,,,1.00/0.00,1.00/0.00,1.00/0.00,1.00/0.00,1.00/0.00,1.00/0.00,1.00/0.00,1.00/0.00,1.00/0.00,1.00/0.00,1.00/0.00,1.00/0.00,,,,,,,,,,,,,,,,,,,,,,,,,,,,,,,,,,,,,,,,,,,,,,,,,,,,,,,,,,,,,,
REL606,"4,044,245",SNP,C→A,yihP,,predicted transporter,,,415030,G409C (GGC→TGC),,,,,,,,,,,,,,,,,,,,,,,,,,,,,,,,,1.00/0.00,1.00/0.00,1.00/0.00,1.00/0.00,1.00/0.00,1.00/0.00,1.00/0.00,1.00/0.00,1.00/0.00,1.00/0.00,1.00/0.00,1.00/0.00,,,,,,,,,,,,,,,,,,,,,,,,,,,,,,,,,,,,,,,,,,,,,,,,,,,,,,,,,,,,,,
REL606,"4,202,388",SNP,A→C,iclR,,DNA-binding transcriptional repressor,,,415033,S58A (TCC→GCC),,,,,,,,,,,,,,,,,,,,,,,,,,,,,,,,,1.00/0.00,1.00/0.00,1.00/0.00,1.00/0.00,1.00/0.00,1.00/0.00,1.00/0.00,1.00/0.00,1.00/0.00,1.00/0.00,1.00/0.00,1.00/0.00,,,,,,,,,,,,,,,,,,,,,,,,,,,,,,,,,,,,,,,,,,,,,,,,,,,,,,,,,,,,,,
REL606,"4,204,025",SNP,G→T,metH,,B12-dependent methionine synthase,,,415034,E423* (GAA→TAA),,,,,,,,,,,,,,,,,,,,,,,,,,,,,,,,,1.00/0.00,1.00/0.00,1.00/0.00,1.00/0.00,1.00/0.00,1.00/0.00,1.00/0.00,1.00/0.00,1.00/0.00,1.00/0.00,1.00/0.00,1.00/0.00,,,,,,,,,,,,,,,,,,,,,,,,,,,,,,,,,,,,,,,,,,,,,,,,,,,,,,,,,,,,,,
REL606,"4,616,409",SNP,A→G,nadR,,nicotinamide-nucleotide adenylyltransferase,,,415003,Y294C (TAC→TGC),,,,,,,,,,,,,,,,,,,,,,,,,,,,,,,,,1.00/0.00,1.00/0.00,1.00/0.00,1.00/0.00,1.00/0.00,1.00/0.00,1.00/0.00,1.00/0.00,1.00/0.00,1.00/0.00,1.00/0.00,1.00/0.00,,,,,,,,,,,,,,,,,,,1.00/0.00,1.00/0.00,1.00/0.00,1.00/0.00,1.00/0.00,1.00/0.00,1.00/0.00,1.00/0.00,1.00/0.00,1.00/0.00,1.00/0.00,1.00/0.00,,,,,,,,,,,,,1.00/0.00,1.00/0.00,,,1.00/0.00,1.00/0.00,1.00/0.00,1.00/0.00,1.00/0.00,1.00/0.00,,,,,,,,,,
REL606,"4,627,793",SNP,A→G,arcA,,DNA-binding response regulator in two-component regulatory system with ArcB or CpxA,,,415036,I225T (ATC→ACC),,,,,,,,,,,,,,,,,,,,,,,,,,,,,,,,,1.00/0.00,1.00/0.00,1.00/0.00,1.00/0.00,1.00/0.00,1.00/0.00,1.00/0.00,1.00/0.00,1.00/0.00,1.00/0.00,1.00/0.00,1.00/0.00,,,,,,,,,,,,,,,,,,,,,,,,,,,,,,,,,,,,,,,,,,,,,,,,,,,,,,,,,,,,,,
REL606,"3,022,660",DEL,(TA)6→4,ECB_02821,,hypothetical protein,,,415472,coding (22‑25/1140 nt),,,,,,,,,,,,,,,,,,,,,,,,,,,,,,,,,,1.00/0.00,,,,,,,,,,,,,,,,,,,,,,,,,,,,,,,,,,,,,,,,,,,,,,,,,,,,,,,,,,,,,,,,,,,,,,,,
REL606,"430,917",SNP,C→T,"insL-2, lon",,putative transposase insL for insertion sequence IS186/DNA-binding ATP-dependent protease La,,,415007,intergenic (‑130/‑26),,,,,,,,,,,,,,,,,,,,,,,,,,,,,,,,,,,1.00/0.00,1.00/0.00,1.00/0.00,1.00/0.00,1.00/0.00,1.00/0.00,1.00/0.00,1.00/0.00,1.00/0.00,1.00/0.00,,,,,,,,,,,,,,,,,,,,,,,,,,,,,,,,,,,,,,,,,,,,,,,,,,,,,,,,,,,,,,
REL606,"949,821",SNP,T→G,lrp,,"DNA-binding transcriptional dual regulator, leucine-binding",,,415010,F57V (TTT→GTT),,,,,,,,,,,,,,,,,,,,,,,,,,,,,,,,,,,1.00/0.00,1.00/0.00,1.00/0.00,1.00/0.00,1.00/0.00,1.00/0.00,1.00/0.00,1.00/0.00,1.00/0.00,1.00/0.00,,,,,,,,,,,,,,,,,,,,,,,,,,,,,,,,,,,,,,,,,,,,,,,,,,,,,,,,,,,,,,
REL606,"1,345,580",INS,(ATCGACAAT)1→2,rnb,,exoribonuclease II,,,415014,coding (1702/1935 nt),,,,,,,,,,,,,,,,,,,,,,,,,,,,,,,,,,,1.00/0.00,1.00/0.00,1.00/0.00,1.00/0.00,1.00/0.00,1.00/0.00,1.00/0.00,1.00/0.00,1.00/0.00,1.00/0.00,,,,,,,,,,,,,,,,,,,,,,,,,,,,,,,,,,,,,,,,,,,,,,,,,,,,,,,,,,,,,,
REL606,"1,734,709",AMP,"14,480 bp x 3","[lpp], ynhG, sufE, sufS, sufD, sufC, sufB, sufA, ydiH, ydiI, ydiJ, ydiK, ydiL, ydiM, [ydiM]",,"[lpp], ynhG, sufE, sufS, sufD, sufC, sufB, sufA, ydiH, ydiI, ydiJ, ydiK, ydiL, ydiM, [ydiM]",,,415395,amplification,,,,,,,,,,,,,,,,,,,,,,,,,,,,,,,,,,,1.00/0.00,,,,,,,,,,,,,,,,,,,,,,,,,,,,,,,,,,,,,,,,,,,,,,,,,,,,,,,,,,,,,,,,,,,,,,,
REL606,"2,613,450",SNP,T→G,purL,,phosphoribosylformylglycinamidine synthase,,,415396,E937D (GAA→GAC),,,,,,,,,,,,,,,,,,,,,,,,,,,,,,,,,,,1.00/0.00,,,,,,,,,,,,,,,,,,,,,,,,,,,,,,,,,,,,,,,,,,,,,,,,,,,,,,,,,,,,,,,,,,,,,,,
REL606,"2,996,589",DEL,"Δ27,356 bp","[ECB_02797], ECB_02798, yeeP, flu, yeeR, ECB_02802, yafZ, ECB_02804, yeeS, yeeT, yeeU, yeeV, yeeW, ECB_02810, ECB_02811, ECB_02812, ECB_02813, ECB_02814, ECB_02815, ECB_02816, ECB_02817, ECB_02818, ECB_02819, ECB_02820, ECB_02821, ECB_02822",,"<i><b>26 genes</b><BR>[ECB_02797], ECB_02798, yeeP, flu, yeeR, ECB_02802, yafZ, ECB_02804, yeeS, yeeT, yeeU, yeeV, yeeW, ECB_02810, ECB_02811, ECB_02812, ECB_02813, ECB_02814, ECB_02815, ECB_02816, ECB_02817, ECB_02818, ECB_02819, ECB_02820, ECB_02821, ECB_02822</i>",,,415022,IS1‑mediated,,,,,,,,,,,,,,,,,,,,,,,,,,,,,,,,,,,1.00/0.00,1.00/0.00,1.00/0.00,1.00/0.00,1.00/0.00,1.00/0.00,1.00/0.00,1.00/0.00,1.00/0.00,1.00/0.00,,,,,,,,,,,,,,,,,,,,,,,,,,,,,,,,,,,,,,,,,,,,,,,,,,,,,,,,,,,,,,
REL606,"3,912,149",DEL,Δ15 bp,ilvL,,ilvG operon leader peptide,,,415029,coding (28‑42/99 nt),,,,,,,,,,,,,,,,,,,,,,,,,,,,,,,,,,,1.00/0.00,,1.00/0.00,1.00/0.00,1.00/0.00,1.00/0.00,1.00/0.00,1.00/0.00,1.00/0.00,1.00/0.00,,,,,,,,,,,,,,,,,,,,,,,,,,,,,,,,,,,,,,,,,,,,,,,,,,,,,,,,,,,,,,
REL606,"4,506,110",DEL,"Δ16,229 bp","sgcR, sgcE, sgcA, sgcQ, sgcC, sgcB, sgcX, yjhP, yjhQ, ECB_04174, yjhR, yjhR, yjhS, yjhT, yjhA, fimB, insB-27, insA-27",,"<i><b>18 genes</b><BR>sgcR, sgcE, sgcA, sgcQ, sgcC, sgcB, sgcX, yjhP, yjhQ, ECB_04174, yjhR, yjhR, yjhS, yjhT, yjhA, fimB, insB-27, insA-27</i>",,,415035,between IS1,,,,,,,,,,,,,,,,,,,,,,,,,,,,,,,,,,,1.00/0.00,1.00/0.00,1.00/0.00,1.00/0.00,1.00/0.00,1.00/0.00,1.00/0.00,1.00/0.00,1.00/0.00,1.00/0.00,,,,,,,,,,,,,,,,,,,,,,,1.00/0.00,,,,,,,,,,,,,,,,,,,,,,,,,,,,,,,,,,,,,,,
REL606,"656,048",SNP,A→G,leuS,,leucyl-tRNA synthetase,,,415131,G440G (GGT→GGC),,,,,,,,,,,,,,,,,,,,,,,,,,,,,,,,,,,,1.00/0.00,,,,,,,,,,,,,,,,,,,,,,,,,,,,,,,,,,,,,,,,,,,,,,,,,,,,,,,,,,,,,,,,,,,,,,
REL606,"1,546,117",SNP,A→G,"gadB, pqqL",,"glutamate decarboxylase B, PLP-dependent/predicted peptidase",,,415132,intergenic (‑121/+241),,,,,,,,,,,,,,,,,,,,,,,,,,,,,,,,,,,,1.00/0.00,,,,,,,,,,,,,,,,,,,,,,,,,,,,,,,,,,,,,,,,,,,,,,,,,,,,,,,,,,,,,,,,,,,,,,
REL606,"1,734,709",DEL,"Δ28,960 bp","[lpp], ynhG, sufE, sufS, sufD, sufC, sufB, sufA, ydiH, ydiI, ydiJ, ydiK, ydiL, ydiM, ydiM, ydiN, ydiB, aroD, ydiF, ydiO, ydiP, ydiQ, ydiR, ydiS, ydiT, ydiD, [ppsA]",,"<i><b>27 genes</b><BR>[lpp], ynhG, sufE, sufS, sufD, sufC, sufB, sufA, ydiH, ydiI, ydiJ, ydiK, ydiL, ydiM, ydiM, ydiN, ydiB, aroD, ydiF, ydiO, ydiP, ydiQ, ydiR, ydiS, ydiT, ydiD, [ppsA]</i>",,,415133,IS1‑mediated,,,,,,,,,,,,,,,,,,,,,,,,,,,,,,,,,,,,1.00/0.00,,,,,,,,,,,,,,,,,,,,,,,,,,,,,,,,,,,,,,,,,,,,,,,,,,,,,,,,,,,,,,,,,,,,,,
REL606,"4,084,966",SNP,A→C,cpxR,,DNA-binding response regulator in two-component regulatory system with CpxA,,,415134,L63V (TTA→GTA),,,,,,,,,,,,,,,,,,,,,,,,,,,,,,,,,,,,1.00/0.00,,,,,,,,,,,,,,,,,,,,,,,,,,,,,,,,,,,,,,,,,,,,,,,,,,,,,,,,,,,,,,,,,,,,,,
REL606,"4,441,135",DEL,(A)8→7,"yjgA, pmbA",,hypothetical protein/predicted peptidase required for the maturation and secretion of the antibiotic peptide MccB17,,,415135,intergenic (‑20/‑75),,,,,,,,,,,,,,,,,,,,,,,,,,,,,,,,,,,,1.00/0.00,,,,,,,,,,,,,,,,,,,,,,,,,,,,,,,,,,,,,,,,,,,,,,,,,,,,,,,,,,,,,,,,,,,,,,
REL606,"125,674",SNP,A→G,"pdhR, aceE",,transcriptional regulator of pyruvate dehydrogenase complex/pyruvate dehydrogenase subunit E1,,,415005,intergenic (+14/‑147),,,,,,,,,,,,,,,,,,,,,,,,,,,,,,,,,,,,,1.00/0.00,,,,,,,,,,,,,,,,,,,,,,,,,,,,,,,,,,,,,,,,,,,,,,,,,,,,,,,,,,,,,,,,,,,,,
REL606,"126,022",SNP,G→A,aceE,,pyruvate dehydrogenase subunit E1,,,415006,E68K (GAA→AAA),,,,,,,,,,,,,,,,,,,,,,,,,,,,,,,,,,,,,1.00/0.00,,,,,,,,,,,,,,,,,,,,,,,,,,,,,,,,,,,,,,,,,,,,,,,,,,,,,,,,,,,,,,,,,,,,,
REL606,"2,100,308",DEL,"Δ22,146 bp","ogrK, yegZ, ECB_01989, ECB_01990, ECB_01991, ECB_01992, ECB_01993, ECB_01994, ECB_01995, ECB_01996, ECB_01997, ECB_01998, ECB_01999, ECB_02000, ECB_02001, ECB_02002, ECB_02003, ECB_02004, ECB_02005, ECB_02006, ECB_02007, ECB_02008, ECB_02009, ECB_02010, ECB_02011, ECB_02012, [ECB_02013]",,"<i><b>27 genes</b><BR>ogrK, yegZ, ECB_01989, ECB_01990, ECB_01991, ECB_01992, ECB_01993, ECB_01994, ECB_01995, ECB_01996, ECB_01997, ECB_01998, ECB_01999, ECB_02000, ECB_02001, ECB_02002, ECB_02003, ECB_02004, ECB_02005, ECB_02006, ECB_02007, ECB_02008, ECB_02009, ECB_02010, ECB_02011, ECB_02012, [ECB_02013]</i>",,,414980,,,,,,,,,,,,,,,,,,,,,,,,,,,,,,,,,,,,,,1.00/0.00,1.00/0.00,1.00/0.00,1.00/0.00,1.00/0.00,1.00/0.00,1.00/0.00,1.00/0.00,,,,,,,,,,,,,,,,,,,,,,,1.00/0.00,1.00/0.00,1.00/0.00,1.00/0.00,1.00/0.00,1.00/0.00,1.00/0.00,1.00/0.00,,,,,,,,,,,,,,,,,1.00/0.00,1.00/0.00,1.00/0.00,1.00/0.00,1.00/0.00,1.00/0.00,,,,,,,,,,
REL606,"2,899,617",INS,+T,yqeB,,conserved protein with NAD(P)-binding Rossman fold,,,415021,coding (378/1626 nt),,,,,,,,,,,,,,,,,,,,,,,,,,,,,,,,,,,,,1.00/0.00,1.00/0.00,1.00/0.00,1.00/0.00,1.00/0.00,1.00/0.00,1.00/0.00,1.00/0.00,,,,,,,,,,,,,,,,,,,,,,,,,,,,,,,,,,,,,,,,,,,,,,,,,,,,,,,,,,,,,,
REL606,"3,483,360",DEL,Δ4 bp,malT,,transcriptional regulator MalT,,,415026,coding (1676‑1679/2706 nt),,,,,,,,,,,,,,,,,,,,,,,,,,,,,,,,,,,,,1.00/0.00,1.00/0.00,1.00/0.00,1.00/0.00,1.00/0.00,1.00/0.00,1.00/0.00,1.00/0.00,,,,,,,,,,,,,,,,,,,,,,,,,,,,,,,,,,,,,,,,,,,,,,,,,,,,,,,,,,,,,,
REL606,"3,696,569",MOB,IS1 (+) +9 bp,yibF,,predicted glutathione S-transferase,,,415027,coding (72‑80/609 nt),,,,,,,,,,,,,,,,,,,,,,,,,,,,,,,,,,,,,1.00/0.00,,,,,,,,,,,,,,,,,,,,,,,,,,,,,,,,,,,,,,,,,,,,,,,,,,,,,,,,,,,,,,,,,,,,,
REL606,"4,132,098",SNP,T→G,ppc,,phosphoenolpyruvate carboxylase,,,415032,I370L (ATT→CTT),,,,,,,,,,,,,,,,,,,,,,,,,,,,,,,,,,,,,1.00/0.00,,,,,,,,,,,,,,,,,,,,,,,,,,,,,,,,,,,,,,,,,,,,,,,,,,,,,,,,,,,,,,,,,,,,,
REL606,"1,038,052",SNP,A→G,"sulA, yccR",,SOS cell division inhibitor/hypothetical protein,,,415393,intergenic (‑42/‑177),,,,,,,,,,,,,,,,,,,,,,,,,,,,,,,,,,,,,,1.00/0.00,,,,,,,,,,,,,,,,,,,,,,,,,,,,,,,,,,,,,,,,,,,,,,,,,,,,,,,,,,,,,,,,,,,,
REL606,"4,084,816",SNP,C→T,cpxR,,DNA-binding response regulator in two-component regulatory system with CpxA,,,415238,A113T (GCG→ACG),,,,,,,,,,,,,,,,,,,,,,,,,,,,,,,,,,,,,,1.00/0.00,1.00/0.00,1.00/0.00,1.00/0.00,1.00/0.00,1.00/0.00,1.00/0.00,,,,,,,,,,,,,,,,,,,,,,,,,,,,,,,,,,,,,,,,,,,,,,,,,,,,,,,,,,,,,,
REL606,"5,365",MOB,IS1 (+) +9 bp,yaaX,,hypothetical protein,,,415206,coding (134‑142/297 nt),,,,,,,,,,,,,,,,,,,,,,,,,,,,,,,,,,,,,,,1.00/0.00,,1.00/0.00,1.00/0.00,1.00/0.00,1.00/0.00,,,,,,,,,,,,,,,,,,,,,,,,,,,,,,,,,,,,,,,,,,,,,,,,,,,,,,,,,,,,,,
REL606,"145,547",SNP,G→A,"yadF, yadG",,carbonic anhydrase/predicted transporter subunit: ATP-binding component of ABC superfamily,,,415208,intergenic (‑74/‑35),,,,,,,,,,,,,,,,,,,,,,,,,,,,,,,,,,,,,,,1.00/0.00,,1.00/0.00,1.00/0.00,1.00/0.00,1.00/0.00,,,,,,,,,,,,,,,,,,,,,,,,,,,,,,,,,,,,,,,,,,,,,,,,,,,,,,,,,,,,,,
REL606,"352,305",DEL,(C)6→5,"frmR, yaiO",,regulator protein that represses frmRAB operon/hypothetical protein,,,415210,intergenic (‑67/+119),,,,,,,,,,,,,,,,,,,,,,,,,,,,,,,,,,,,,,,1.00/0.00,1.00/0.00,1.00/0.00,1.00/0.00,1.00/0.00,1.00/0.00,,,,,,,,,,,,,,,,,,,,,,,,,,,,,,,,,,,,,,,,,,,,,,,,,,,,,,,,,,,,,,
REL606,"998,325",MOB,IS186 (+) +6 bp,ycbB,,predicted carboxypeptidase,,,415215,coding (187‑192/1848 nt),,,,,,,,,,,,,,,,,,,,,,,,,,,,,,,,,,,,,,,1.00/0.00,1.00/0.00,1.00/0.00,1.00/0.00,1.00/0.00,1.00/0.00,,,,,,,,,,,,,,,,,,,,,,,,,,,,,,,,,,,,,,,,,,,,,,,,,,,,,,,,,,,,,,
REL606,"1,756,846",SNP,C→T,"ydiP, ydiQ",,predicted DNA-binding transcriptional regulator/hypothetical protein,,,415221,intergenic (‑277/‑39),,,,,,,,,,,,,,,,,,,,,,,,,,,,,,,,,,,,,,,1.00/0.00,1.00/0.00,1.00/0.00,1.00/0.00,1.00/0.00,1.00/0.00,,,,,,,,,,,,,,,,,,,,,,,,,,,,,,,,,,,,,,,,,,,,,,,,,,,,,,,,,,,,,,
REL606,"1,875,544",MOB,IS186 (+) +6 bp,sdaA,,L-serine deaminase I,,,415401,coding (34‑39/1365 nt),,,,,,,,,,,,,,,,,,,,,,,,,,,,,,,,,,,,,,,1.00/0.00,,,,,,,,,,,,,,,,,,,,,,,,,,,,,,,,,,,,,,,,,,,,,,,,,,,,,,,,,,,,,,,,,,,
REL606,"2,017,351",SNP,G→A,yeeF,,predicted amino-acid transporter,,,415223,P52L (CCG→CTG),,,,,,,,,,,,,,,,,,,,,,,,,,,,,,,,,,,,,,,1.00/0.00,,1.00/0.00,1.00/0.00,1.00/0.00,1.00/0.00,,,,,,,,,,,,,,,,,,,,,,,,,,,,,,,,,,,,,,,,,,,,,,,,,,,,,,,,,,,,,,
REL606,"2,585,234",SNP,C→A,yfhR,,predicted peptidase,,,415229,A58E (GCG→GAG),,,,,,,,,,,,,,,,,,,,,,,,,,,,,,,,,,,,,,,1.00/0.00,,1.00/0.00,1.00/0.00,1.00/0.00,1.00/0.00,,,,,,,,,,,,,,,,,,,,,,,,,,,,,,,,,,,,,,,,,,,,,,,,,,,,,,,,,,,,,,
REL606,"3,439,190",SNP,C→T,yhfX,,predicted amino acid racemase,,,415235,D157N (GAT→AAT),,,,,,,,,,,,,,,,,,,,,,,,,,,,,,,,,,,,,,,1.00/0.00,,1.00/0.00,1.00/0.00,1.00/0.00,1.00/0.00,,,,,,,,,,,,,,,,,,,,,,,,,,,,,,,,,,,,,,,,,,,,,,,,,,,,,,,,,,,,,,
REL606,"3,469,030",SNP,T→C,feoA,,ferrous iron transport protein A,,,415236,L68S (TTA→TCA),,,,,,,,,,,,,,,,,,,,,,,,,,,,,,,,,,,,,,,1.00/0.00,,1.00/0.00,1.00/0.00,1.00/0.00,1.00/0.00,,,,,,,,,,,,,,,,,,,,,,,,,,,,,,,,,,,,,,,,,,,,,,,,,,,,,,,,,,,,,,
REL606,"3,490,093",SNP,A→C,"glpG, glpE",,predicted intramembrane serine protease/thiosulfate sulfurtransferase,,,415237,intergenic (‑40/+5),,,,,,,,,,,,,,,,,,,,,,,,,,,,,,,,,,,,,,,1.00/0.00,,1.00/0.00,1.00/0.00,1.00/0.00,1.00/0.00,,,,,,,,,,,,,,,,,,,,,,,,,,,,,,,,,,,,,,,,,,,,,,,,,,,,,,,,,,,,,,
REL606,"4,329,517",DEL,(CGCGG)3→2,dcuS,,sensor of fumarate two-component regulatory system; b4125_2,,,415239,pseudogene (862‑866/912 nt),,,,,,,,,,,,,,,,,,,,,,,,,,,,,,,,,,,,,,,1.00/0.00,1.00/0.00,1.00/0.00,1.00/0.00,1.00/0.00,1.00/0.00,,,,,,,,,,,,,,,,,,,,,,,,,,,,,,,,,,,,,,,,,,,,,,,,,,,,,,,,,,,,,,
REL606,"4,414,607",SNP,A→C,"fklB, cycA",,FKBP-type peptidyl-prolyl cis-trans isomerase (rotamase)/D-alanine/D-serine/glycine transporter,,,415240,intergenic (+53/‑256),,,,,,,,,,,,,,,,,,,,,,,,,,,,,,,,,,,,,,,1.00/0.00,,1.00/0.00,1.00/0.00,1.00/0.00,1.00/0.00,,,,,,,,,,,,,,,,,,,,,,,,,,,,,,,,,,,,,,,,,,,,,,,,,,,,,,,,,,,,,,
REL606,"4,462,693",MOB,IS1 (–) +9 bp,"yjgM, yjgN",,predicted acetyltransferase/conserved inner membrane protein,,,415241,intergenic (‑123/‑62),,,,,,,,,,,,,,,,,,,,,,,,,,,,,,,,,,,,,,,1.00/0.00,1.00/0.00,1.00/0.00,1.00/0.00,1.00/0.00,1.00/0.00,,,,,,,,,,,,,,,,,,,,,,,,,,,,,,,,,,,,,,,,,,,,,,,,,,,,,,,,,,,,,,
REL606,"330,605",MOB,IS186 (–) +6 bp,cynR,,DNA-binding transcriptional dual regulator,,,415520,coding (637‑642/900 nt),,,,,,,,,,,,,,,,,,,,,,,,,,,,,,,,,,,,,,,,1.00/0.00,,,,,,,,,,,,,,,,,,,,,,,,,,,,,,,,,,,,,,,,,,,,,,,,,,,,,,,,,,,,,,,,,,
REL606,"545,561",MOB,IS3 (–) +4 bp :: +TC,rus,,endonuclease RUS,,,415521,coding (301‑304/363 nt),,,,,,,,,,,,,,,,,,,,,,,,,,,,,,,,,,,,,,,,1.00/0.00,,,,,,,,,,,,,,,,,,,,,,,,,,,,,,,,,,,,,,,,,,,,,,,,,,,,,,,,,,,,,,,,,,
REL606,"762,007",DEL,Δ430 bp,"lysZ, [lysQ]",,"lysZ, [lysQ]",,,415107,,,,,,,,,,,,,,,,,,,,,,,,,,,,,,,,,,,,,,,,,1.00/0.00,,,,,,,,,,,,,,,,,,,,,,,,,,,,,,,,,,,,,,,,,,,,,,,,,1.00/0.00,1.00/0.00,,,,,,,,,,,,,,,,
REL606,"1,272,573",SNP,A→C,"chaB, chaC",,cation transport regulator/regulatory protein for cation transport,,,415522,intergenic (+75/‑62),,,,,,,,,,,,,,,,,,,,,,,,,,,,,,,,,,,,,,,,1.00/0.00,,,,,,,,,,,,,,,,,,,,,,,,,,,,,,,,,,,,,,,,,,,,,,,,,,,,,,,,,,,,,,,,,,
REL606,"1,734,709",AMP,"14,480 bp x 2","[lpp], ynhG, sufE, sufS, sufD, sufC, sufB, sufA, ydiH, ydiI, ydiJ, ydiK, ydiL, ydiM, [ydiM]",,"[lpp], ynhG, sufE, sufS, sufD, sufC, sufB, sufA, ydiH, ydiI, ydiJ, ydiK, ydiL, ydiM, [ydiM]",,,415523,duplication,,,,,,,,,,,,,,,,,,,,,,,,,,,,,,,,,,,,,,,,1.00/0.00,,,,,,,,,,,,,,,,,,,,,,,,,,,,,,,,,,,,,,,,,,,,,,,,,,,,,,,,,,,,,,,,,,
REL606,"1,786,209",SNP,A→G,yniB,,predicted inner membrane protein,,,415524,V97A (GTC→GCC),,,,,,,,,,,,,,,,,,,,,,,,,,,,,,,,,,,,,,,,1.00/0.00,,,,,,,,,,,,,,,,,,,,,,,,,,,,,,,,,,,,,,,,,,,,,,,,,,,,,,,,,,,,,,,,,,
REL606,"2,017,730",DEL,(G)7→6,"yeeF, yeeY",,predicted amino-acid transporter/predicted DNA-binding transcriptional regulator,,,415525,intergenic (‑225/+42),,,,,,,,,,,,,,,,,,,,,,,,,,,,,,,,,,,,,,,,1.00/0.00,,,,,,,,,,,,,,,,,,,,,,,,,,,,,,,,,,,,,,,,,,,,,,,,,,,,,,,,,,,,,,,,,,
REL606,"2,504,929",SNP,G→T,aegA,,fused predicted oxidoreductase: FeS binding subunit/NAD/FAD-binding subunit,,,415526,G475G (GGC→GGA),,,,,,,,,,,,,,,,,,,,,,,,,,,,,,,,,,,,,,,,1.00/0.00,,,,,,,,,,,,,,,,,,,,,,,,,,,,,,,,,,,,,,,,,,,,,,,,,,,,,,,,,,,,,,,,,,
REL606,"4,195,526",SNP,C→T,aceB,,malate synthase,,,415527,L202L (CTG→TTG),,,,,,,,,,,,,,,,,,,,,,,,,,,,,,,,,,,,,,,,1.00/0.00,,,,,,,,,,,,,,,,,,,,,,,,,,,,,,,,,,,,,,,,,,,,,,,,,,,,,,,,,,,,,,,,,,
REL606,"4,330,334",SNP,A→C,dcuS,,sensor of fumarate two-component regulatory system; b4125_2,,,415528,pseudogene (49/912 nt),,,,,,,,,,,,,,,,,,,,,,,,,,,,,,,,,,,,,,,,1.00/0.00,,,,,,,,,,,,,,,,,,,,,,,,,,,,,,,,,,,,,,,,,,,,,,,,,,,,,,,,,,,,,,,,,,
REL606,"4,523,592",SNP,A→G,"fimE, fimA",,tyrosine recombinase/inversion of on/off regulator of fimA/major type 1 subunit fimbrin (pilin),,,415529,intergenic (+45/‑437),,,,,,,,,,,,,,,,,,,,,,,,,,,,,,,,,,,,,,,,1.00/0.00,,,,,,,,,,,,,,,,,,,,,,,,,,,,,,,,,,,,,,,,,,,,,,,,,,,,,,,,,,,,,,,,,,
REL606,"1,075,821",INS,(TGCCGGAT)2→3,torA,,"trimethylamine N-oxide (TMAO) reductase I, catalytic subunit",,,415216,coding (276/2547 nt),,,,,,,,,,,,,,,,,,,,,,,,,,,,,,,,,,,,,,,,,1.00/0.00,1.00/0.00,1.00/0.00,1.00/0.00,,,,,,,,,,,,,,,,,,,,,,,,,,,,,,,,,,,,,,,,,,,,,,,,,,,,,,,,,,,,,,
REL606,"1,083,668",SNP,C→T,wrbA,,TrpR binding protein WrbA,,,415404,A108A (GCG→GCA),,,,,,,,,,,,,,,,,,,,,,,,,,,,,,,,,,,,,,,,,1.00/0.00,,,,,,,,,,,,,,,,,,,,,,,,,,,,,,,,,,,,,,,,,,,,,,,,,,,,,,,,,,,,,,,,,
REL606,"1,094,669",SNP,C→T,putA,,fused DNA-binding transcriptional regulator/proline dehydrogenase/pyrroline-5-carboxylate dehydrogenase,,,415405,M166I (ATG→ATA),,,,,,,,,,,,,,,,,,,,,,,,,,,,,,,,,,,,,,,,,1.00/0.00,,,,,,,,,,,,,,,,,,,,,,,,,,,,,,,,,,,,,,,,,,,,,,,,,,,,,,,,,,,,,,,,,
REL606,"1,574,912",SNP,T→G,yneE,,conserved inner membrane protein,,,415406,Y219S (TAT→TCT),,,,,,,,,,,,,,,,,,,,,,,,,,,,,,,,,,,,,,,,,1.00/0.00,,,,,,,,,,,,,,,,,,,,,,,,,,,,,,,,,,,,,,,,,,,,,,,,,,,,,,,,,,,,,,,,,
REL606,"1,624,013",INS,(A)6→7,"ECB_01539, ECB_01540",,"protein similar to DicA, regulator of DicB encoded by prophage CP-933O/conserved hypothetical protein",,,415218,intergenic (+59/‑56),,,,,,,,,,,,,,,,,,,,,,,,,,,,,,,,,,,,,,,,,1.00/0.00,1.00/0.00,1.00/0.00,1.00/0.00,,,,,,,,,,,,,,,,,,,,,,,,,,,,,,,,,,,,,,,,,,,,,,,,,,,,,,,,,,,,,,
REL606,"2,016,830",SNP,C→A,yeeF,,predicted amino-acid transporter,,,415222,E226* (GAA→TAA),,,,,,,,,,,,,,,,,,,,,,,,,,,,,,,,,,,,,,,,,1.00/0.00,1.00/0.00,1.00/0.00,1.00/0.00,,,,,,,,,,,,,,,,,,,,,,,,,,,,,,,,,,,,,,,,,,,,,,,,,,,,,,,,,,,,,,
REL606,"2,348,815",SNP,A→C,"nuoA, lrhA",,"NADH dehydrogenase subunit A/DNA-binding transcriptional repressor of flagellar, motility and chemotaxis genes",,,415226,intergenic (‑152/+479),,,,,,,,,,,,,,,,,,,,,,,,,,,,,,,,,,,,,,,,,1.00/0.00,1.00/0.00,1.00/0.00,1.00/0.00,,,,,,,,,,,,,,,,,,,,,,,,,,,,,,,,,,,,,,,,,,,,,,,,,,,,,,,,,,,,,,
REL606,"2,409,891",SNP,A→C,yfdC,,predicted inner membrane protein,,,415407,K50T (AAA→ACA),,,,,,,,,,,,,,,,,,,,,,,,,,,,,,,,,,,,,,,,,1.00/0.00,,,,,,,,,,,,,,,,,,,,,,,,,,,,,,,,,,,,,,,,,,,,,,,,,,,,,,,,,,,,,,,,,
REL606,"3,028,796",MOB,IS1 (+) +9 bp,"ECB_02828, yghD",,"Polysialic acid transport protein kpsM/predicted secretion pathway M-type protein, membrane anchored",,,415408,intergenic (‑335/+718),,,,,,,,,,,,,,,,,,,,,,,,,,,,,,,,,,,,,,,,,1.00/0.00,,,,,,,,,,,,,,,,,,,,,,,,,,,,,,,,,,,,,,,,,,,,,,,,,,,,,,,,,,,,,,,,,
REL606,"3,035,123",MOB,IS150 (–) +3 bp,ECB_02836,,hypothetical type II secretion protein GspF,,,415231,coding (317‑319/1224 nt),,,,,,,,,,,,,,,,,,,,,,,,,,,,,,,,,,,,,,,,,1.00/0.00,1.00/0.00,1.00/0.00,1.00/0.00,,,,,,,,,,,,,,,,,,,,,,,,,,,,,,,,,,,,,,,,,,,,,,,,,,,,,,,,,,,,,,
REL606,"3,279,827",SNP,G→A,yhbG,,predicted transporter subunit: ATP-binding component of ABC superfamily,,,415232,A217T (GCC→ACC),,,,,,,,,,,,,,,,,,,,,,,,,,,,,,,,,,,,,,,,,1.00/0.00,1.00/0.00,1.00/0.00,1.00/0.00,,,,,,,,,,,,,,,,,,,,,,,,,,,,,,,,,,,,,,,,,,,,,,,,,,,,,,,,,,,,,,
REL606,"3,369,432",SNP,T→C,rpsD,,30S ribosomal protein S4,,,415234,D50G (GAC→GGC),,,,,,,,,,,,,,,,,,,,,,,,,,,,,,,,,,,,,,,,,1.00/0.00,1.00/0.00,1.00/0.00,1.00/0.00,,,,,,,,,,,,,,,,,,,,,,,,,,,,,,,,,,,,,,,,,,,,,,,,,,,,,,,,,,,,,,
REL606,"4,266,339",SNP,T→C,"acs, nrfA",,"acetyl-coenzyme A synthetase/nitrite reductase, formate-dependent, cytochrome",,,415002,intergenic (‑35/‑358),,,,,,,,,,,,,,,,,,,,,,,,,,,,,,,,,,,,,,,,,1.00/0.00,1.00/0.00,1.00/0.00,1.00/0.00,,,,,,,,,,,,,,,,,,,,,,,1.00/0.00,1.00/0.00,1.00/0.00,1.00/0.00,1.00/0.00,1.00/0.00,1.00/0.00,1.00/0.00,,,,,,,,,,,,,,,,,,,,,,,,,,,,,,,,
REL606,"4,478,106",MOB,IS1 (–) +9 bp,idnK,,"D-gluconate kinase, thermosensitive",,,415485,coding (256‑264/564 nt),,,,,,,,,,,,,,,,,,,,,,,,,,,,,,,,,,,,,,,,,,1.00/0.00,,,,,,,,,,,,,,,,,,,,,,,,,,,,,,,,,,,,,,,,,,,,,,,,,,,,,,,,,,,,,,,,
REL606,"106,948",SNP,G→A,ftsA,,cell division protein,,,415207,E55K (GAA→AAA),,,,,,,,,,,,,,,,,,,,,,,,,,,,,,,,,,,,,,,,,,,1.00/0.00,1.00/0.00,,,,,,,,,,,,,,,,,,,,,,,,,,,,,,,,,,,,,,,,,,,,,,,,,,,,,,,,,,,,,,
REL606,"247,897",SNP,G→T,"fadE, lpcA",,acyl-CoA dehydrogenase/phosphoheptose isomerase,,,415209,intergenic (‑23/‑217),,,,,,,,,,,,,,,,,,,,,,,,,,,,,,,,,,,,,,,,,,,1.00/0.00,1.00/0.00,,,,,,,,,,,,,,,,,,,,,,,,,,,,,,,,,,,,,,,,,,,,,,,,,,,,,,,,,,,,,,
REL606,"719,007",SNP,A→G,ybfD,,hypothetical protein,,,415211,E8G (GAA→GGA),,,,,,,,,,,,,,,,,,,,,,,,,,,,,,,,,,,,,,,,,,,1.00/0.00,1.00/0.00,,,,,,,,,,,,,,,,,,,,,,,,,,,,,,,,,,,,,,,,,,,,,,,,,,,,,,,,,,,,,,
REL606,"743,469",SNP,G→A,sucB,,dihydrolipoamide acetyltransferase,,,415212,G386D (GGC→GAC),,,,,,,,,,,,,,,,,,,,,,,,,,,,,,,,,,,,,,,,,,,1.00/0.00,1.00/0.00,,,,,,,,,,,,,,,,,,,,,,,,,,,,,,,,,,,,,,,,,,,,,,,,,,,,,,,,,,,,,,
REL606,"930,552",SNP,A→G,"hcp, ybjE",,hydroxylamine reductase/predicted transporter,,,415213,intergenic (‑31/+113),,,,,,,,,,,,,,,,,,,,,,,,,,,,,,,,,,,,,,,,,,,1.00/0.00,1.00/0.00,,,,,,,,,,,,,,,,,,,,,,,,,,,,,,,,,,,,,,,,,,,,,,,,,,,,,,,,,,,,,,
REL606,"934,361",SNP,G→A,ybjD,,conserved protein with nucleoside triphosphate hydrolase domain,,,415214,E395K (GAA→AAA),,,,,,,,,,,,,,,,,,,,,,,,,,,,,,,,,,,,,,,,,,,1.00/0.00,1.00/0.00,,,,,,,,,,,,,,,,,,,,,,,,,,,,,,,,,,,,,,,,,,,,,,,,,,,,,,,,,,,,,,
REL606,"1,462,251",MOB,IS150 (–) +3 bp,"mokB, trg",,"regulatory peptide/methyl-accepting chemotaxis protein III, ribose and galactose sensor receptor",,,415217,intergenic (‑13/‑326),,,,,,,,,,,,,,,,,,,,,,,,,,,,,,,,,,,,,,,,,,,1.00/0.00,1.00/0.00,,,,,,,,,,,,,,,,,,,,,,,,,,,,,,,,,,,,,,,,,,,,,,,,,,,,,,,,,,,,,,
REL606,"1,734,709",DEL,"Δ13,712 bp","[lpp], ynhG, sufE, sufS, sufD, sufC, sufB, sufA, ydiH, ydiI, ydiJ, ydiK, ydiL, [ydiM]",,"[lpp], ynhG, sufE, sufS, sufD, sufC, sufB, sufA, ydiH, ydiI, ydiJ, ydiK, ydiL, [ydiM]",,,415219,IS1‑mediated,,,,,,,,,,,,,,,,,,,,,,,,,,,,,,,,,,,,,,,,,,,1.00/0.00,1.00/0.00,,,,,,,,,,,,,,,,,,,,,,,,,,,,,,,,,,,,,,,,,,,,,,,,,,,,,,,,,,,,,,
REL606,"1,734,709",DEL,"Δ13,712 bp","[lpp], ynhG, sufE, sufS, sufD, sufC, sufB, sufA, ydiH, ydiI, ydiJ, ydiK, ydiL, [ydiM]",,"[lpp], ynhG, sufE, sufS, sufD, sufC, sufB, sufA, ydiH, ydiI, ydiJ, ydiK, ydiL, [ydiM]",,,415220,between IS1,,,,,,,,,,,,,,,,,,,,,,,,,,,,,,,,,,,,,,,,,,,1.00/0.00,,,,,,,,,,,,,,,,,,,,,,,,,,,,,,,,,,,,,,,,,,,,,,,,,,,,,,,,,,,,,,,
REL606,"2,229,015",SNP,T→C,yejF,,fused predicted oligopeptide transporter subunits of ABC superfamilly: ATP-binding components,,,415224,C510R (TGC→CGC),,,,,,,,,,,,,,,,,,,,,,,,,,,,,,,,,,,,,,,,,,,1.00/0.00,1.00/0.00,,,,,,,,,,,,,,,,,,,,,,,,,,,,,,,,,,,,,,,,,,,,,,,,,,,,,,,,,,,,,,
REL606,"2,446,984",SNP,A→C,"mntH, nupC",,manganese transport protein MntH/nucleoside (except guanosine) transporter,,,415227,intergenic (‑53/‑283),,,,,,,,,,,,,,,,,,,,,,,,,,,,,,,,,,,,,,,,,,,1.00/0.00,1.00/0.00,,,,,,,,,,,,,,,,,,,,,,,,,,,,,,,,,,,,,,,,,,,,,,,,,,,,,,,,,,,,,,
REL606,"2,501,543",DEL,Δ1 bp,tktB,,"transketolase 2, thiamin-binding",,,415228,coding (1080/2004 nt),,,,,,,,,,,,,,,,,,,,,,,,,,,,,,,,,,,,,,,,,,,1.00/0.00,1.00/0.00,,,,,,,,,,,,,,,,,,,,,,,,,,,,,,,,,,,,,,,,,,,,,,,,,,,,,,,,,,,,,,
REL606,"2,810,545",SNP,G→T,gudP,,predicted D-glucarate transporter,,,415230,A162E (GCA→GAA),,,,,,,,,,,,,,,,,,,,,,,,,,,,,,,,,,,,,,,,,,,1.00/0.00,1.00/0.00,,,,,,,,,,,,,,,,,,,,,,,,,,,,,,,,,,,,,,,,,,,,,,,,,,,,,,,,,,,,,,
REL606,"3,312,687",SNP,G→A,argR,,arginine repressor,,,415233,V30I (GTC→ATC),,,,,,,,,,,,,,,,,,,,,,,,,,,,,,,,,,,,,,,,,,,1.00/0.00,1.00/0.00,,,,,,,,,,,,,,,,,,,,,,,,,,,,,,,,,,,,,,,,,,,,,,,,,,,,,,,,,,,,,,
REL606,"4,558,694",MOB,IS1 (+) +8 bp,hsdS,,specificity determinant for hsdM and hsdR,,,415242,coding (737‑744/1425 nt),,,,,,,,,,,,,,,,,,,,,,,,,,,,,,,,,,,,,,,,,,,1.00/0.00,1.00/0.00,,,,,,,,,,,,,,,,,,,,,,,,,,,,,,,,,,,,,,,,,,,,,,,,,,,,,,,,,,,,,,
REL606,"1,489,121",SNP,A→G,"yncA, yncB",,"predicted acyltransferase with acyl-CoA N-acyltransferase domain/predicted oxidoreductase, Zn-dependent and NAD(P)-binding",,,415403,intergenic (‑165/‑16),,,,,,,,,,,,,,,,,,,,,,,,,,,,,,,,,,,,,,,,,,,,1.00/0.00,,,,,,,,,,,,,,,,,,,,,,,,,,,,,,,,,,,,,,,,,,,,,,,,,,,,,,,,,,,,,,
REL606,"433,677",INS,+C,hupB,,"HU, DNA-binding transcriptional regulator, beta subunit",,,415427,coding (172/273 nt),,,,,,,,,,,,,,,,,,,,,,,,,,,,,,,,,,,,,,,,,,,,,1.00/0.00,,,,,,,,,,,,,,,,,,,,,,,,,,,,,,,,,,,,,,,,,,,,,,,,,,,,,,,,,,,,,
REL606,"650,645",SNP,G→T,mrdA,,transpeptidase involved in peptidoglycan synthesis (penicillin-binding protein 2),,,415428,R53S (CGC→AGC),,,,,,,,,,,,,,,,,,,,,,,,,,,,,,,,,,,,,,,,,,,,,1.00/0.00,,,,,,,,,,,,,,,,,,,,,,,,,,,,,,,,,,,,,,,,,,,,,,,,,,,,,,,,,,,,,
REL606,"1,781,240",MOB,IS150 (+) +3 bp,arpB,,hypothetical protein; ankyrin-repeat protein B; b1721(b4494),,,415424,pseudogene (398‑400/1416 nt),,,,,,,,,,,,,,,,,,,,,,,,,,,,,,,,,,,,,,,,,,,,,,1.00/0.00,,,,,,,,,,,,,,,,,,,,,,,,,,,,,,,,,,,,,,,,,,,,,,,,,,,,,,,,,,,,
REL606,"2,823,771",DEL,Δ1 bp,ECB_02648,,L-fuculose phosphate aldolase,,,415425,coding (701/945 nt),,,,,,,,,,,,,,,,,,,,,,,,,,,,,,,,,,,,,,,,,,,,,,1.00/0.00,,,,,,,,,,,,,,,,,,,,,,,,,,,,,,,,,,,,,,,,,,,,,,,,,,,,,,,,,,,,
REL606,"4,615,647",SNP,T→C,nadR,,nicotinamide-nucleotide adenylyltransferase,,,415426,I40T (ATC→ACC),,,,,,,,,,,,,,,,,,,,,,,,,,,,,,,,,,,,,,,,,,,,,,1.00/0.00,,,,,,,,,,,,,,,,,,,,,,,,,,,,,,,,,,,,,,,,,,,,,,,,,,,,,,,,,,,,
REL606,"474,383",DEL,Δ9 bp,ybaL,,predicted transporter with NAD(P)-binding Rossmann-fold domain,,,414859,coding (915‑923/1677 nt),,,,,,,,,,,,,,,,,,,,,,,,,,,,,,,,,,,,,,,,,,,,,,,1.00/0.00,1.00/0.00,1.00/0.00,1.00/0.00,1.00/0.00,1.00/0.00,,,,,,,,,,,,,,,,,,,,,,,,,,,,,,,,,,,,,,,,,,,,,,,,,,,,,,
REL606,"1,733,173",SNP,C→A,pykF,,pyruvate kinase,,,414860,P70Q (CCG→CAG),,,,,,,,,,,,,,,,,,,,,,,,,,,,,,,,,,,,,,,,,,,,,,,1.00/0.00,1.00/0.00,1.00/0.00,1.00/0.00,1.00/0.00,1.00/0.00,,,,,,,,,,,,,,,,,,,,,,,,,,,,,,,,,,,,,,,,,,,,,,,,,,,,,,
REL606,"3,327,572",SNP,C→T,mreC,,cell wall structural complex MreBCD transmembrane component MreC,,,414861,E100K (GAG→AAG),,,,,,,,,,,,,,,,,,,,,,,,,,,,,,,,,,,,,,,,,,,,,,,1.00/0.00,1.00/0.00,1.00/0.00,1.00/0.00,1.00/0.00,1.00/0.00,,,,,,,,,,,,,,,,,,,,,,,,,,,,,,,,,,,,,,,,,,,,,,,,,,,,,,
REL606,"3,894,997",DEL,"Δ5,691 bp","rbsD, rbsA, rbsC, rbsB, rbsK, [rbsR]",,"rbsD, rbsA, rbsC, rbsB, rbsK, [rbsR]",,,415093,IS150‑mediated,,,,,,,,,,,,,,,,,,,,,,,,,,,,,,,,,,,,,,,,,,,,,,,1.00/0.00,,1.00/0.00,,1.00/0.00,,,,,,,,,,,,,,,,,,,,,,,,,,,,,,,,,,,,,,,,,,,,,,,,,,,,,,,
REL606,"3,894,997",DEL,"Δ4,561 bp","rbsD, rbsA, rbsC, rbsB, [rbsK]",,"rbsD, rbsA, rbsC, rbsB, [rbsK]",,,414862,IS150‑mediated,,,,,,,,,,,,,,,,,,,,,,,,,,,,,,,,,,,,,,,,,,,,,,,,1.00/0.00,,,,,,,,,,,,,,,,,,,,,,,,,,,,,,,,,,,,,,,,,,,,,,,,,,,,,,,,,,
REL606,"726,430",SNP,G→T,ybgL,,hypothetical protein,,,415394,A161S (GCC→TCC),,,,,,,,,,,,,,,,,,,,,,,,,,,,,,,,,,,,,,,,,,,,,,,,,1.00/0.00,,,,,,,,,,,,,,,,,,,,,,,,,,,,,,,,,,,,,,,,,,,,,,,,,,,,,,,,,
REL606,"2,693,060",MOB,IS4 (–) +13 bp,stpA,,"DNA binding protein, nucleoid-associated",,,415092,coding (177‑189/405 nt),,,,,,,,,,,,,,,,,,,,,,,,,,,,,,,,,,,,,,,,,,,,,,,,,1.00/0.00,,1.00/0.00,,,,,,,,,,,,,,,,,,,,,,,,,,,,,,,,,,,,,,,,,,,,,,,,,,,,,,,
REL606,"1,143,956",SNP,C→A,"mviN, flgN",,predicted inner membrane protein/export chaperone for FlgK and FlgL,,,415136,intergenic (+10/+30),,,,,,,,,,,,,,,,,,,,,,,,,,,,,,,,,,,,,,,,,,,,,,,,,,1.00/0.00,,,,,,,,,,,,,,,,,,,,,,,,,,,,,,,,,,,,,,,,,,,,,,,,,,,,,,,,
REL606,"3,762,080",SNP,A→G,spoT,,"bifunctional (p)ppGpp synthetase II/ guanosine-3',5'-bis pyrophosphate 3'-pyrophosphohydrolase",,,415137,T442A (ACC→GCC),,,,,,,,,,,,,,,,,,,,,,,,,,,,,,,,,,,,,,,,,,,,,,,,,,1.00/0.00,,,,,,,,,,,,,,,,,,,,,,,,,,,,,,,,,,,,,,,,,,,,,,,,,,,,,,,,
REL606,"3,895,402",MOB,IS150 (–) +3 bp,rbsD,,predicted cytoplasmic sugar-binding protein,,,415138,coding (245‑247/420 nt),,,,,,,,,,,,,,,,,,,,,,,,,,,,,,,,,,,,,,,,,,,,,,,,,,1.00/0.00,,,,,,,,,,,,,,,,,,,,,,,,,,,,,,,,,,,,,,,,,,,,,,,,,,,,,,,,
REL606,"13,813",SNP,A→C,dnaK,,molecular chaperone DnaK,,,415090,E551D (GAA→GAC),,,,,,,,,,,,,,,,,,,,,,,,,,,,,,,,,,,,,,,,,,,,,,,,,,,1.00/0.00,,,,,,,,,,,,,,,,,,,,,,,,,,,,,,,,,,,,,,,,,,,,,,,,,,,,,,,
REL606,"94,824",SNP,A→C,ftsI,,transpeptidase involved in septal peptidoglycan synthesis (penicillin-binding protein 3),,,415091,Q203P (CAG→CCG),,,,,,,,,,,,,,,,,,,,,,,,,,,,,,,,,,,,,,,,,,,,,,,,,,,1.00/0.00,,,,,,,,,,,,,,,,,,,,,,,,,,,,,,,,,,,,,,,,,,,,,,,,,,,,,,,
REL606,"4,517,778",MOB,IS150 (+) +4 bp,"yjhS, yjhT",,hypothetical protein/hypothetical protein,,,415094,intergenic (‑46/+16),,,,,,,,,,,,,,,,,,,,,,,,,,,,,,,,,,,,,,,,,,,,,,,,,,,1.00/0.00,,,,,,,,,,,,,,,,,,,,,,,,,,,,,,,,,,,,,,,,,,,,,,,,,,,,,,,
REL606,"88,115",SNP,A→C,leuO,,leucine transcriptional activator,,,415139,*315S (TAA→TCA),,,,,,,,,,,,,,,,,,,,,,,,,,,,,,,,,,,,,,,,,,,,,,,,,,,,1.00/0.00,,,,,,,,,,,,,,,,,,,,,,,,,,,,,,,,,,,,,,,,,,,,,,,,,,,,,,
REL606,"241,691",MOB,IS150 (–) +3 bp,insB-2,,IS1 protein InsB,,,415140,coding (186‑188/504 nt),,,,,,,,,,,,,,,,,,,,,,,,,,,,,,,,,,,,,,,,,,,,,,,,,,,,1.00/0.00,,,,,,,,,,,,,,,,,,,,,,,,,,,,,,,,,,,,,,,,,,,,,,,,,,,,,,
REL606,"787,879",DEL,"Δ12,090 bp","ECB_00726, ECB_00727, ECB_00728, ECB_00729, ECB_00730, ECB_00731, ECB_00732, ECB_00733, ECB_00734, ECB_00735, ECB_00736, ECB_00737, ECB_00738, ECB_00739",,"ECB_00726, ECB_00727, ECB_00728, ECB_00729, ECB_00730, ECB_00731, ECB_00732, ECB_00733, ECB_00734, ECB_00735, ECB_00736, ECB_00737, ECB_00738, ECB_00739",,,414972,,,,,,,,,,,,,,,,,,,,,,,,,,,,,,,,,,,,,,,,,,,,,,,,,,,,,1.00/0.00,,,,,,,,,,,1.00/0.00,1.00/0.00,1.00/0.00,1.00/0.00,1.00/0.00,1.00/0.00,1.00/0.00,1.00/0.00,1.00/0.00,1.00/0.00,1.00/0.00,1.00/0.00,,,,,,,,,,,,,,,,,,,,,,,,,,,,,,,,
REL606,"2,020,131",MOB,IS150 (+) +3 bp,"hisL, hisG",,his operon leader peptide/ATP phosphoribosyltransferase,,,415141,intergenic (+83/‑61),,,,,,,,,,,,,,,,,,,,,,,,,,,,,,,,,,,,,,,,,,,,,,,,,,,,1.00/0.00,,,,,,,,,,,,,,,,,,,,,,,,,,,,,,,,,,,,,,,,,,,,,,,,,,,,,,
REL606,"3,652,534",DEL,Δ15 bp,"insK-4, glyS",,IS150 putative transposase/glycyl-tRNA synthetase subunit beta,,,415142,intergenic (+27/+238),,,,,,,,,,,,,,,,,,,,,,,,,,,,,,,,,,,,,,,,,,,,,,,,,,,,1.00/0.00,,,,,,,,,,,,,,,,,,,,,,,,,,,,,,,,,,,,,,,,,,,,,,,,,,,,,,
REL606,"3,762,713",SNP,A→C,spoT,,"bifunctional (p)ppGpp synthetase II/ guanosine-3',5'-bis pyrophosphate 3'-pyrophosphohydrolase",,,415143,N653H (AAT→CAT),,,,,,,,,,,,,,,,,,,,,,,,,,,,,,,,,,,,,,,,,,,,,,,,,,,,1.00/0.00,,,,,,,,,,,,,,,,,,,,,,,,,,,,,,,,,,,,,,,,,,,,,,,,,,,,,,
REL606,"3,761,382",SNP,G→A,spoT,,"bifunctional (p)ppGpp synthetase II/ guanosine-3',5'-bis pyrophosphate 3'-pyrophosphohydrolase",,,414871,R209H (CGT→CAT),,,,,,,,,,,,,,,,,,,,,,,,,,,,,,,,,,,,,,,,,,,,,,,,,,,,,1.00/0.00,1.00/0.00,1.00/0.00,1.00/0.00,1.00/0.00,1.00/0.00,1.00/0.00,,1.00/0.00,1.00/0.00,1.00/0.00,1.00/0.00,1.00/0.00,1.00/0.00,1.00/0.00,1.00/0.00,1.00/0.00,1.00/0.00,1.00/0.00,1.00/0.00,1.00/0.00,1.00/0.00,,,,,,,,,,,,,,,,,,,,,,,,,,,,,,,,
REL606,"4,018,808",AMP,"132,528 bp x 2","rrfA, mobB, mobA, yihD, yihE, dsbA, yihF, yihG, polA, yihA, yihI, hemN, glnG, glnL, glnA, bipA, yihL, yihM, yihN, yshA, yihO, yihP, yihQ, yihR, yihS, yihT, yihU, yihV, yihW, yihX, rbn, dtd, yiiD, yiiD, yiiE, yiiF, fdhE, fdoI, fdoH, fdoG, fdhD, yiiG, frvR, frvX, frvB, frvA, ECB_03786, yiiL, rhaD, rhaA, rhaB, rhaS, rhaR, rhaT, sodA, kdgT, yiiM, cpxA, cpxR, cpxP, fieF, pfkA, sbp, cdh, tpiA, yiiQ, yiiR, yiiS, yiiT, fpr, glpX, glpK, glpF, yiiU, menG, menA, hslU, hslV, ftsN, cytR, priA, rpmE, ECB_03822, yiiX, metJ, metB, metL, metF, katG, yijE, yijF, gldA, talC, ptsA, frwC, frwB, pflD, pflC, frwD, yijO, yijP, ppc, argE, argC, argB, argH, oxyR, udhA, yijC, yijD, trmA, btuB, murI, rrsB, gltT, rrlB",,"<i><b>116 genes</b><BR>rrfA, mobB, mobA, yihD, yihE, dsbA, yihF, yihG, polA, yihA, yihI, hemN, glnG, glnL, glnA, bipA, yihL, yihM, yihN, yshA, yihO, yihP, yihQ, yihR, yihS, yihT, yihU, yihV, yihW, yihX, rbn, dtd, yiiD, yiiD, yiiE, yiiF, fdhE, fdoI, fdoH, fdoG, fdhD, yiiG, frvR, frvX, frvB, frvA, ECB_03786, yiiL, rhaD, rhaA, rhaB, rhaS, rhaR, rhaT, sodA, kdgT, yiiM, cpxA, cpxR, cpxP, fieF, pfkA, sbp, cdh, tpiA, yiiQ, yiiR, yiiS, yiiT, fpr, glpX, glpK, glpF, yiiU, menG, menA, hslU, hslV, ftsN, cytR, priA, rpmE, ECB_03822, yiiX, metJ, metB, metL, metF, katG, yijE, yijF, gldA, talC, ptsA, frwC, frwB, pflD, pflC, frwD, yijO, yijP, ppc, argE, argC, argB, argH, oxyR, udhA, yijC, yijD, trmA, btuB, murI, rrsB, gltT, rrlB</i>",,,415509,duplication,,,,,,,,,,,,,,,,,,,,,,,,,,,,,,,,,,,,,,,,,,,,,,,,,,,,,1.00/0.00,,,,,,,,,,,,,,,,,,,,,,,,,,,,,,,,,,,,,,,,,,,,,,,,,,,,,
REL606,"1,733,447",DEL,Δ1 bp,pykF,,pyruvate kinase,,,414870,coding (483/1413 nt),,,,,,,,,,,,,,,,,,,,,,,,,,,,,,,,,,,,,,,,,,,,,,,,,,,,,,1.00/0.00,1.00/0.00,1.00/0.00,1.00/0.00,1.00/0.00,1.00/0.00,,1.00/0.00,1.00/0.00,1.00/0.00,1.00/0.00,1.00/0.00,1.00/0.00,1.00/0.00,1.00/0.00,1.00/0.00,1.00/0.00,1.00/0.00,1.00/0.00,1.00/0.00,1.00/0.00,,,,,,,,,,,,,,,,,,,,,,,,,,,,,,,,
REL606,"3,932,267",SNP,C→A,wecB,,UDP-N-acetyl glucosamine-2-epimerase,,,415510,P112H (CCT→CAT),,,,,,,,,,,,,,,,,,,,,,,,,,,,,,,,,,,,,,,,,,,,,,,,,,,,,,1.00/0.00,,,,,,,,,,,,,,,,,,,,,,,,,,,,,,,,,,,,,,,,,,,,,,,,,,,,
REL606,"3,306,623",SNP,A→G,"rplM, yhcM",,50S ribosomal protein L13/conserved protein with nucleoside triphosphate hydrolase domain,,,415517,intergenic (‑74/+145),,,,,,,,,,,,,,,,,,,,,,,,,,,,,,,,,,,,,,,,,,,,,,,,,,,,,,,,1.00/0.00,,,,,,,,,,,,,,,,,,,,,,,,,,,,,,,,,,,,,,,,,,,,,,,,,,
REL606,"3,894,997",DEL,"Δ3,947 bp","rbsD, rbsA, rbsC, [rbsB]",,"rbsD, rbsA, rbsC, [rbsB]",,,414872,IS150‑mediated,,,,,,,,,,,,,,,,,,,,,,,,,,,,,,,,,,,,,,,,,,,,,,,,,,,,,,,,1.00/0.00,1.00/0.00,,1.00/0.00,,1.00/0.00,1.00/0.00,1.00/0.00,1.00/0.00,1.00/0.00,1.00/0.00,1.00/0.00,1.00/0.00,1.00/0.00,1.00/0.00,1.00/0.00,1.00/0.00,1.00/0.00,1.00/0.00,,,,,,,,,,,,,,,,,,,,,,,,,,,,,,,,
REL606,"650,038",SNP,T→A,mrdA,,transpeptidase involved in peptidoglycan synthesis (penicillin-binding protein 2),,,414868,D255V (GAT→GTT),,,,,,,,,,,,,,,,,,,,,,,,,,,,,,,,,,,,,,,,,,,,,,,,,,,,,,,,,1.00/0.00,,1.00/0.00,,,,,,,,,,,,,,,,,,,,,,,,,,,,,,,,,,,,,,,,,,,,,,,
REL606,"1,499,580",SNP,C→T,ECB_01413,,conserved hypothetical protein,,,414869,V499V (GTC→GTT),,,,,,,,,,,,,,,,,,,,,,,,,,,,,,,,,,,,,,,,,,,,,,,,,,,,,,,,,1.00/0.00,,1.00/0.00,,,,,,,,,,,,,,,,,,,,,,,,,,,,,,,,,,,,,,,,,,,,,,,
REL606,"1,861,032",SNP,C→T,yeaU,,predicted dehydrogenase,,,415277,R181R (CGC→CGT),,,,,,,,,,,,,,,,,,,,,,,,,,,,,,,,,,,,,,,,,,,,,,,,,,,,,,,,,1.00/0.00,,,,,,,,,,,,,,,,,,,,,,,,,,,,,,,,,,,,,,,,,,,,,,,,,
REL606,"2,381,318",SNP,C→T,pdxB,,erythronate-4-phosphate dehydrogenase,,,415278,M42I (ATG→ATA),,,,,,,,,,,,,,,,,,,,,,,,,,,,,,,,,,,,,,,,,,,,,,,,,,,,,,,,,1.00/0.00,,,,,,,,,,,,,,,,,,,,,,,,,,,,,,,,,,,,,,,,,,,,,,,,,
REL606,"182,536",SNP,A→C,dgt,,deoxyguanosinetriphosphate triphosphohydrolase,,,415037,D153A (GAT→GCT),,,,,,,,,,,,,,,,,,,,,,,,,,,,,,,,,,,,,,,,,,,,,,,,,,,,,,,,,,1.00/0.00,,,,,,,,,,,,,,,,,,,,,,,,,,,,,,,,,,,,,,,,,,,,,,,,
REL606,"1,053,530",SNP,A→G,hyaE,,protein involved in processing of HyaA and HyaB proteins,,,415038,D29G (GAC→GGC),,,,,,,,,,,,,,,,,,,,,,,,,,,,,,,,,,,,,,,,,,,,,,,,,,,,,,,,,,1.00/0.00,,,,,,,,,,,,,,,,,,,,,,,,,,,,,,,,,,,,,,,,,,,,,,,,
REL606,"1,813,172",SNP,G→T,ynjA,,hypothetical protein,,,415039,A144S (GCT→TCT),,,,,,,,,,,,,,,,,,,,,,,,,,,,,,,,,,,,,,,,,,,,,,,,,,,,,,,,,,1.00/0.00,,,,,,,,,,,,,,,,,,,,,,,,,,,,,,,,,,,,,,,,,,,,,,,,
REL606,"2,371,904",SNP,G→T,ubiX,,3-octaprenyl-4-hydroxybenzoate carboxy-lyase,,,415040,T105T (ACC→ACA),,,,,,,,,,,,,,,,,,,,,,,,,,,,,,,,,,,,,,,,,,,,,,,,,,,,,,,,,,1.00/0.00,,,,,,,,,,,,,,,,,,,,,,,,,,,,,,,,,,,,,,,,,,,,,,,,
REL606,"3,155,363",SNP,T→C,"ebgR, ebgA",,"DNA-binding transcriptional repressor/cryptic beta-D-galactosidase, alpha subunit",,,415041,intergenic (+97/‑87),,,,,,,,,,,,,,,,,,,,,,,,,,,,,,,,,,,,,,,,,,,,,,,,,,,,,,,,,,1.00/0.00,,,,,,,,,,,,,,,,,,,,,,,,,,,,,,,,,,,,,,,,,,,,,,,,
REL606,"4,521,400",SNP,T→G,fimB,,recombinase involved in phase variation; regulator for fimA; b4312_1,,,415042,pseudogene (306/498 nt),,,,,,,,,,,,,,,,,,,,,,,,,,,,,,,,,,,,,,,,,,,,,,,,,,,,,,,,,,1.00/0.00,,,,,,,,,,,,,,,,,,,,,,,,,,,,,,,,,,,,,,,,,,,,,,,,
REL606,"4,202,408",SNP,T→G,iclR,,DNA-binding transcriptional repressor,,,414873,Q51P (CAA→CCA),,,,,,,,,,,,,,,,,,,,,,,,,,,,,,,,,,,,,,,,,,,,,,,,,,,,,,,,,,,1.00/0.00,,,,,,,,,,,,,,,,,,,,,,,,,,,,,,,,,,,,,,,,,,,,,,,
REL606,"1,734,162",SNP,A→G,pykF,,pyruvate kinase,,,415299,T400A (ACC→GCC),,,,,,,,,,,,,,,,,,,,,,,,,,,,,,,,,,,,,,,,,,,,,,,,,,,,,,,,,,,,1.00/0.00,,,,,,,,,,,,,,,,,,,,,,,,,,,,,,,,,,,,,,,,,,,,,,
REL606,"2,103,918",INS,(CCAG)7→9,ECB_01992,,hypothetical protein,,,415300,coding (185/216 nt),,,,,,,,,,,,,,,,,,,,,,,,,,,,,,,,,,,,,,,,,,,,,,,,,,,,,,,,,,,,1.00/0.00,,,,,,,,,,,,,,,,,,,,,,,,,,,,,,,,,,,,,,,,,,,,,,
REL606,"2,266,812",INS,(CAATCCTGATGG)1→2,atoS,,sensory histidine kinase in two-component regulatory system with AtoC,,,415301,coding (70/1827 nt),,,,,,,,,,,,,,,,,,,,,,,,,,,,,,,,,,,,,,,,,,,,,,,,,,,,,,,,,,,,1.00/0.00,,,,,,,,,,,,,,,,,,,,,,,,,,,,,,,,,,,,,,,,,,,,,,
REL606,"2,801,721",SNP,G→A,relA,,(p)ppGpp synthetase I/GTP pyrophosphokinase,,,415302,Q287* (CAG→TAG),,,,,,,,,,,,,,,,,,,,,,,,,,,,,,,,,,,,,,,,,,,,,,,,,,,,,,,,,,,,1.00/0.00,,,,,,,,,,,,,,,,,,,,,,,,,,,,,,,,,,,,,,,,,,,,,,
REL606,"3,297,814",SNP,G→A,nanK,,N-acetylmannosamine kinase,,,415303,T145T (ACC→ACT),,,,,,,,,,,,,,,,,,,,,,,,,,,,,,,,,,,,,,,,,,,,,,,,,,,,,,,,,,,,1.00/0.00,,,,,,,,,,,,,,,,,,,,,,,,,,,,,,,,,,,,,,,,,,,,,,
REL606,"3,894,997",DEL,"Δ6,109 bp","rbsD, rbsA, rbsC, rbsB, rbsK, rbsR, [yieO]",,"rbsD, rbsA, rbsC, rbsB, rbsK, rbsR, [yieO]",,,415304,IS150‑mediated,,,,,,,,,,,,,,,,,,,,,,,,,,,,,,,,,,,,,,,,,,,,,,,,,,,,,,,,,,,,1.00/0.00,,,,,,,,,,,,,,,,,,,,,,,,,,,,,,,,,,,,,,,,,,,,,,
REL606,"4,615,675",MOB,IS150 (+) +3 bp,nadR,,nicotinamide-nucleotide adenylyltransferase,,,415305,coding (147‑149/1233 nt),,,,,,,,,,,,,,,,,,,,,,,,,,,,,,,,,,,,,,,,,,,,,,,,,,,,,,,,,,,,1.00/0.00,,,,,,,,,,,,,,,,,,,,,,,,,,,,,,,,,,,,,,,,,,,,,,
REL606,"1,777,404",SNP,G→A,infC,,translation initiation factor IF-3,,,414978,R132C (CGC→TGC),,,,,,,,,,,,,,,,,,,,,,,,,,,,,,,,,,,,,,,,,,,,,,,,,,,,,,,,,,,,,1.00/0.00,1.00/0.00,1.00/0.00,1.00/0.00,1.00/0.00,1.00/0.00,1.00/0.00,1.00/0.00,1.00/0.00,1.00/0.00,1.00/0.00,1.00/0.00,1.00/0.00,1.00/0.00,,,,,,,,,,,,,,,,,,,,,,,,,,,,,,,,
REL606,"2,011,713",SNP,C→T,"sbmC, dacD",,DNA gyrase inhibitor/D-alanyl-D-alanine carboxypeptidase (penicillin-binding protein 6b),,,415149,intergenic (‑8/+111),,,,,,,,,,,,,,,,,,,,,,,,,,,,,,,,,,,,,,,,,,,,,,,,,,,,,,,,,,,,,1.00/0.00,,,,,,,,,,,,,,,,,,,,,,,,,,,,,,,,,,,,,,,,,,,,,
REL606,"2,103,918",INS,(CCAG)7→8,ECB_01992,,hypothetical protein,,,415150,coding (185/216 nt),,,,,,,,,,,,,,,,,,,,,,,,,,,,,,,,,,,,,,,,,,,,,,,,,,,,,,,,,,,,,1.00/0.00,,,,,,,,,,,,,,,,,,,,,,,,,,,,,,,,,,,,,,,,,,,,,
REL606,"2,593,669",DEL,Δ2 bp,hcaD,,"phenylpropionate dioxygenase, ferredoxin reductase subunit",,,415151,coding (924‑925/1203 nt),,,,,,,,,,,,,,,,,,,,,,,,,,,,,,,,,,,,,,,,,,,,,,,,,,,,,,,,,,,,,1.00/0.00,,,,,,,,,,,,,,,,,,,,,,,,,,,,,,,,,,,,,,,,,,,,,
REL606,"3,205,480",MOB,IS1 (–) +8 bp,garR,,tartronate semialdehyde reductase,,,415152,coding (200‑207/891 nt),,,,,,,,,,,,,,,,,,,,,,,,,,,,,,,,,,,,,,,,,,,,,,,,,,,,,,,,,,,,,1.00/0.00,,,,,,,,,,,,,,,,,,,,,,,,,,,,,,,,,,,,,,,,,,,,,
REL606,"3,328,582",SNP,C→A,mreB,,"cell wall structural complex MreBCD, actin-like component MreB",,,414992,A133S (GCT→TCT),,,,,,,,,,,,,,,,,,,,,,,,,,,,,,,,,,,,,,,,,,,,,,,,,,,,,,,,,,,,,1.00/0.00,1.00/0.00,1.00/0.00,1.00/0.00,1.00/0.00,1.00/0.00,1.00/0.00,1.00/0.00,1.00/0.00,1.00/0.00,1.00/0.00,1.00/0.00,1.00/0.00,1.00/0.00,,,,,,,,,,,,,,,,,,,,,,,,,,,,,,,,
REL606,"4,011,993",SNP,A→G,trkH,,potassium transporter,,,415153,Q159R (CAG→CGG),,,,,,,,,,,,,,,,,,,,,,,,,,,,,,,,,,,,,,,,,,,,,,,,,,,,,,,,,,,,,1.00/0.00,1.00/0.00,,,,,,,,,,,,,,,,,,,,,,,,,,,,,,,,,,,,,,,,,,,,
REL606,"4,100,051",SNP,G→A,hslU,,ATP-dependent protease ATP-binding subunit,,,415154,R394C (CGT→TGT),,,,,,,,,,,,,,,,,,,,,,,,,,,,,,,,,,,,,,,,,,,,,,,,,,,,,,,,,,,,,1.00/0.00,1.00/0.00,,,,,,,,,,,,,,,,,,,,,,,,,,,,,,,,,,,,,,,,,,,,
REL606,"2,103,918",INS,(CCAG)7→12,ECB_01992,,hypothetical protein,,,415429,coding (185/216 nt),,,,,,,,,,,,,,,,,,,,,,,,,,,,,,,,,,,,,,,,,,,,,,,,,,,,,,,,,,,,,,1.00/0.00,,,,,,,,,,,,,,,,,,,,,,,,,,,,,,,,,,,,,,,,,,,,
REL606,"1,335",SNP,C→T,thrA,,bifunctional aspartokinase I/homeserine dehydrogenase I,,,414965,R334C (CGC→TGC),,,,,,,,,,,,,,,,,,,,,,,,,,,,,,,,,,,,,,,,,,,,,,,,,,,,,,,,,,,,,,,1.00/0.00,1.00/0.00,1.00/0.00,1.00/0.00,1.00/0.00,1.00/0.00,1.00/0.00,1.00/0.00,1.00/0.00,1.00/0.00,1.00/0.00,1.00/0.00,,,,,,,,,,,,,,,,,,,,,,,,,,,,,,,,
REL606,"410,967",SNP,A→T,thiI,,thiamine biosynthesis protein ThiI,,,414967,T333S (ACT→TCT),,,,,,,,,,,,,,,,,,,,,,,,,,,,,,,,,,,,,,,,,,,,,,,,,,,,,,,,,,,,,,,1.00/0.00,1.00/0.00,1.00/0.00,1.00/0.00,1.00/0.00,1.00/0.00,1.00/0.00,1.00/0.00,1.00/0.00,1.00/0.00,1.00/0.00,1.00/0.00,,,,,,,,,,,,,,,,,,,,,,,,,,,,,,,,
REL606,"437,918",SNP,C→T,ybaE,,predicted transporter subunit: periplasmic-binding component of ABC superfamily,,,414968,A488T (GCT→ACT),,,,,,,,,,,,,,,,,,,,,,,,,,,,,,,,,,,,,,,,,,,,,,,,,,,,,,,,,,,,,,,1.00/0.00,1.00/0.00,1.00/0.00,1.00/0.00,1.00/0.00,1.00/0.00,1.00/0.00,1.00/0.00,1.00/0.00,1.00/0.00,1.00/0.00,1.00/0.00,,,,,,,,,,,,,,,,,,,,,,,,,,,,,,,,
REL606,"817,217",INS,+A,"ybhP, ybhQ",,predicted DNase/predicted inner membrane protein,,,414973,intergenic (‑95/‑38),,,,,,,,,,,,,,,,,,,,,,,,,,,,,,,,,,,,,,,,,,,,,,,,,,,,,,,,,,,,,,,1.00/0.00,1.00/0.00,1.00/0.00,1.00/0.00,1.00/0.00,1.00/0.00,1.00/0.00,1.00/0.00,1.00/0.00,1.00/0.00,1.00/0.00,1.00/0.00,,,,,,,,,,,,,,,,,,,,,,,,,,,,,,,,
REL606,"1,128,109",MOB,IS4 (+) +13 bp,"mdoH, yceK",,glucosyltransferase MdoH/predicted lipoprotein,,,414974,intergenic (+134/‑27),,,,,,,,,,,,,,,,,,,,,,,,,,,,,,,,,,,,,,,,,,,,,,,,,,,,,,,,,,,,,,,1.00/0.00,1.00/0.00,1.00/0.00,1.00/0.00,1.00/0.00,1.00/0.00,1.00/0.00,1.00/0.00,1.00/0.00,1.00/0.00,1.00/0.00,1.00/0.00,,,,,,,,,,,,,,,,,,,,,,,,,,,,,,,,
REL606,"1,349,557",SNP,C→T,"fabI, ycjD",,enoyl-(acyl carrier protein) reductase/hypothetical protein,,,414975,intergenic (‑149/+219),,,,,,,,,,,,,,,,,,,,,,,,,,,,,,,,,,,,,,,,,,,,,,,,,,,,,,,,,,,,,,,1.00/0.00,1.00/0.00,1.00/0.00,1.00/0.00,1.00/0.00,1.00/0.00,1.00/0.00,1.00/0.00,1.00/0.00,1.00/0.00,1.00/0.00,1.00/0.00,,,,,,,,,,,,,,,,,,,,,,,,,,,,,,,,
REL606,"1,350,714",SNP,G→A,sapF,,predicted antimicrobial peptide transporter subunit,,,414976,P97L (CCT→CTT),,,,,,,,,,,,,,,,,,,,,,,,,,,,,,,,,,,,,,,,,,,,,,,,,,,,,,,,,,,,,,,1.00/0.00,1.00/0.00,1.00/0.00,1.00/0.00,1.00/0.00,1.00/0.00,1.00/0.00,1.00/0.00,1.00/0.00,1.00/0.00,1.00/0.00,1.00/0.00,,,,,,,,,,,,,,,,,,,,,,,,,,,,,,,,
REL606,"2,760,571",AMP,"11,075 bp x 2","[ygbN], rpoS, nlpD, pcm, surE, ygbO, ispF, ispD, ftsB, ygbE, cysC, cysN, cysD, [iap]",,"[ygbN], rpoS, nlpD, pcm, surE, ygbO, ispF, ispD, ftsB, ygbE, cysC, cysN, cysD, [iap]",,,414985,duplication,,,,,,,,,,,,,,,,,,,,,,,,,,,,,,,,,,,,,,,,,,,,,,,,,,,,,,,,,,,,,,,1.00/0.00,1.00/0.00,1.00/0.00,1.00/0.00,1.00/0.00,1.00/0.00,1.00/0.00,1.00/0.00,1.00/0.00,1.00/0.00,1.00/0.00,1.00/0.00,,,,,,,,,,,,,,,,,,,,,,,,,,,,,,,,
REL606,"3,251,047",SNP,T→G,infB,,translation initiation factor IF-2,,,414990,T68P (ACC→CCC),,,,,,,,,,,,,,,,,,,,,,,,,,,,,,,,,,,,,,,,,,,,,,,,,,,,,,,,,,,,,,,1.00/0.00,1.00/0.00,1.00/0.00,1.00/0.00,1.00/0.00,1.00/0.00,1.00/0.00,1.00/0.00,1.00/0.00,1.00/0.00,1.00/0.00,1.00/0.00,,,,,,,,,,,,,,,,,,,,,,,,,,,,,,,,
REL606,"3,339,114",INS,(GTTGGAGGC)1→2,yhdG,,tRNA-dihydrouridine synthase B,,,414993,coding (944/966 nt),,,,,,,,,,,,,,,,,,,,,,,,,,,,,,,,,,,,,,,,,,,,,,,,,,,,,,,,,,,,,,,1.00/0.00,1.00/0.00,1.00/0.00,1.00/0.00,1.00/0.00,1.00/0.00,1.00/0.00,1.00/0.00,1.00/0.00,1.00/0.00,1.00/0.00,1.00/0.00,,,,,,,,,,,,,,,,,,,,,,,,,,,,,,,,
REL606,"3,993,186",SNP,A→G,ECB_03722,,putative conserved protein,,,414997,L206S (TTA→TCA),,,,,,,,,,,,,,,,,,,,,,,,,,,,,,,,,,,,,,,,,,,,,,,,,,,,,,,,,,,,,,,1.00/0.00,1.00/0.00,1.00/0.00,1.00/0.00,1.00/0.00,1.00/0.00,1.00/0.00,1.00/0.00,1.00/0.00,1.00/0.00,1.00/0.00,1.00/0.00,,,,,,,,,,,,,,,,,,,,,,,,,,,,,,,,
REL606,"4,100,093",SNP,C→T,hslU,,ATP-dependent protease ATP-binding subunit,,,414998,A380T (GCA→ACA),,,,,,,,,,,,,,,,,,,,,,,,,,,,,,,,,,,,,,,,,,,,,,,,,,,,,,,,,,,,,,,1.00/0.00,1.00/0.00,1.00/0.00,1.00/0.00,1.00/0.00,1.00/0.00,1.00/0.00,1.00/0.00,1.00/0.00,1.00/0.00,1.00/0.00,1.00/0.00,,,,,,,,,,,,,,,,,,,,,,,,,,,,,,,,
REL606,"4,202,108",INS,(TTACCGC)1→2,iclR,,DNA-binding transcriptional repressor,,,415000,coding (452/825 nt),,,,,,,,,,,,,,,,,,,,,,,,,,,,,,,,,,,,,,,,,,,,,,,,,,,,,,,,,,,,,,,1.00/0.00,1.00/0.00,1.00/0.00,1.00/0.00,1.00/0.00,1.00/0.00,1.00/0.00,1.00/0.00,1.00/0.00,1.00/0.00,1.00/0.00,1.00/0.00,,,,,,,,,,,,,,,,,,,,,,,,,,,,,,,,
REL606,"4,628,564",DEL,Δ1 bp,yjjY,,hypothetical protein,,,415004,coding (3/141 nt),,,,,,,,,,,,,,,,,,,,,,,,,,,,,,,,,,,,,,,,,,,,,,,,,,,,,,,,,,,,,,,1.00/0.00,1.00/0.00,1.00/0.00,1.00/0.00,1.00/0.00,1.00/0.00,1.00/0.00,1.00/0.00,1.00/0.00,1.00/0.00,1.00/0.00,1.00/0.00,,,,,,,,,,,,,,,,,,,,,,,,,,,,,,,,
REL606,"2,103,918",INS,(CCAG)7→17,ECB_01992,,hypothetical protein,,,415205,coding (185/216 nt),,,,,,,,,,,,,,,,,,,,,,,,,,,,,,,,,,,,,,,,,,,,,,,,,,,,,,,,,,,,,,,,1.00/0.00,,,,,,,,,,,,,,,,,,,,,,,,,,,,,,,,,,,,,,,,,,
REL606,"2,031,703",DEL,"Δ23,293 bp","[manB], manC, insB-14, insA-14, wbbD, wbbC, wzy, wbbB, wbbA, vioB, vioA, wzx, rmlC, rfbA, rfbD, rfbB, galF, wcaM, wcaL, wcaK, wzxC, wcaJ, [cpsG]",,"<i><b>23 genes</b><BR>[manB], manC, insB-14, insA-14, wbbD, wbbC, wzy, wbbB, wbbA, vioB, vioA, wzx, rmlC, rfbA, rfbD, rfbB, galF, wcaM, wcaL, wcaK, wzxC, wcaJ, [cpsG]</i>",,,414979,,,,,,,,,,,,,,,,,,,,,,,,,,,,,,,,,,,,,,,,,,,,,,,,,,,,,,,,,,,,,,,,,,1.00/0.00,,1.00/0.00,1.00/0.00,1.00/0.00,1.00/0.00,1.00/0.00,1.00/0.00,1.00/0.00,1.00/0.00,,,,,,,,,,,,,,,,,,,,,,,,,,,,,,,,
REL606,"2,446,991",SNP,A→G,"mntH, nupC",,manganese transport protein MntH/nucleoside (except guanosine) transporter,,,414983,intergenic (‑60/‑276),,,,,,,,,,,,,,,,,,,,,,,,,,,,,,,,,,,,,,,,,,,,,,,,,,,,,,,,,,,,,,,,,1.00/0.00,1.00/0.00,1.00/0.00,1.00/0.00,1.00/0.00,1.00/0.00,1.00/0.00,1.00/0.00,1.00/0.00,1.00/0.00,,,,,,,,,,,,,,,,,,,,,,,,,,,,,,,,
REL606,"3,015,771",MOB,IS150 (–) +3 bp,ECB_02816,,KpsD protein,,,414988,coding (1192‑1194/1677 nt),,,,,,,,,,,,,,,,,,,,,,,,,,,,,,,,,,,,,,,,,,,,,,,,,,,,,,,,,,,,,,,,,1.00/0.00,1.00/0.00,1.00/0.00,1.00/0.00,1.00/0.00,1.00/0.00,1.00/0.00,1.00/0.00,1.00/0.00,1.00/0.00,,,,,,,,,,,,,,,,,,,,,,,,,,,,,,,,
REL606,"4,176,565",DEL,Δ6 bp,nudC,,NADH pyrophosphatase,,,414999,coding (51‑56/774 nt),,,,,,,,,,,,,,,,,,,,,,,,,,,,,,,,,,,,,,,,,,,,,,,,,,,,,,,,,,,,,,,,,1.00/0.00,1.00/0.00,1.00/0.00,1.00/0.00,1.00/0.00,1.00/0.00,1.00/0.00,1.00/0.00,1.00/0.00,1.00/0.00,,,,,,,,,,,,,,,,,,,,,,,,,,,,,,,,
REL606,"4,259,111",SNP,T→G,yjcE,,predicted cation/proton antiporter,,,415001,F67V (TTC→GTC),,,,,,,,,,,,,,,,,,,,,,,,,,,,,,,,,,,,,,,,,,,,,,,,,,,,,,,,,,,,,,,,,1.00/0.00,1.00/0.00,1.00/0.00,1.00/0.00,1.00/0.00,1.00/0.00,1.00/0.00,1.00/0.00,1.00/0.00,1.00/0.00,,,,,,,,,,,,,,,,,,,,,,,,,,,,,,,,
REL606,"2,103,918",INS,(CCAG)7→18,ECB_01992,,hypothetical protein,,,415518,coding (185/216 nt),,,,,,,,,,,,,,,,,,,,,,,,,,,,,,,,,,,,,,,,,,,,,,,,,,,,,,,,,,,,,,,,,,1.00/0.00,,,,,,,,,,,,,,,,,,,,,,,,,,,,,,,,,,,,,,,,
REL606,"3,152,253",SNP,G→A,"aer, ygjG",,"fused signal transducer for aerotaxis sensory component/methyl accepting chemotaxis component/putrescine:2-oxoglutaric acid aminotransferase, PLP-dependent",,,415519,intergenic (‑360/‑31),,,,,,,,,,,,,,,,,,,,,,,,,,,,,,,,,,,,,,,,,,,,,,,,,,,,,,,,,,,,,,,,,,1.00/0.00,,,,,,,,,,,,,,,,,,,,,,,,,,,,,,,,,,,,,,,,
REL606,"387,282",SNP,A→G,phoR,,sensory histidine kinase in two-component regulatory system with PhoB,,,414966,N324S (AAC→AGC),,,,,,,,,,,,,,,,,,,,,,,,,,,,,,,,,,,,,,,,,,,,,,,,,,,,,,,,,,,,,,,,,,,1.00/0.00,1.00/0.00,1.00/0.00,1.00/0.00,1.00/0.00,1.00/0.00,1.00/0.00,1.00/0.00,,,,,,,,,,,,,,,,,,,,,,,,,,,,,,,,
REL606,"547,700",DEL,"Δ11,807 bp","[nmpC], ybcR, ybcS, ybcT, ybcU, ECB_00510, nohB, ECB_00512, ECB_00513, ECB_00514, ECB_00515, ECB_00516, ECB_00517, [appY]",,"[nmpC], ybcR, ybcS, ybcT, ybcU, ECB_00510, nohB, ECB_00512, ECB_00513, ECB_00514, ECB_00515, ECB_00516, ECB_00517, [appY]",,,414969,IS1‑mediated,,,,,,,,,,,,,,,,,,,,,,,,,,,,,,,,,,,,,,,,,,,,,,,,,,,,,,,,,,,,,,,,,,,1.00/0.00,1.00/0.00,1.00/0.00,1.00/0.00,1.00/0.00,1.00/0.00,1.00/0.00,1.00/0.00,,,,,,,,,,,,,,,,,,,,,,,,,,,,,,,,
REL606,"841,386",MOB,IS1 (+) +9 bp,dps,,DNA protection during starvation conditions,,,415478,coding (143‑151/504 nt),,,,,,,,,,,,,,,,,,,,,,,,,,,,,,,,,,,,,,,,,,,,,,,,,,,,,,,,,,,,,,,,,,,1.00/0.00,,,,,,,,,,,,,,,,,,,,,,,,,,,,,,,,,,,,,,,
REL606,"2,567,220",SNP,T→A,pbpC,,fused transglycosylase/transpeptidase,,,414984,T309S (ACC→TCC),,,,,,,,,,,,,,,,,,,,,,,,,,,,,,,,,,,,,,,,,,,,,,,,,,,,,,,,,,,,,,,,,,,1.00/0.00,1.00/0.00,1.00/0.00,1.00/0.00,1.00/0.00,1.00/0.00,1.00/0.00,1.00/0.00,,,,,,,,,,,,,,,,,,,,,,,,,,,,,,,,
REL606,"2,772,320",SNP,A→C,iap,,aminopeptidase in alkaline phosphatase isozyme conversion,,,414987,A293A (GCA→GCC),,,,,,,,,,,,,,,,,,,,,,,,,,,,,,,,,,,,,,,,,,,,,,,,,,,,,,,,,,,,,,,,,,,1.00/0.00,1.00/0.00,1.00/0.00,1.00/0.00,1.00/0.00,1.00/0.00,1.00/0.00,1.00/0.00,,,,,,,,,,,,,,,,,,,,,,,,,,,,,,,,
REL606,"3,026,571",MOB,IS1 (+) +9 bp,ECB_02826,,hypothetical protein,,,415479,coding (224‑232/1377 nt),,,,,,,,,,,,,,,,,,,,,,,,,,,,,,,,,,,,,,,,,,,,,,,,,,,,,,,,,,,,,,,,,,,1.00/0.00,,,,,,,,,,,,,,,,,,,,,,,,,,,,,,,,,,,,,,,
REL606,"3,152,218",SNP,T→C,"aer, ygjG",,"fused signal transducer for aerotaxis sensory component/methyl accepting chemotaxis component/putrescine:2-oxoglutaric acid aminotransferase, PLP-dependent",,,414989,intergenic (‑325/‑66),,,,,,,,,,,,,,,,,,,,,,,,,,,,,,,,,,,,,,,,,,,,,,,,,,,,,,,,,,,,,,,,,,,1.00/0.00,1.00/0.00,1.00/0.00,1.00/0.00,1.00/0.00,1.00/0.00,1.00/0.00,1.00/0.00,,,,,,,,,,,,,,,,,,,,,,,,,,,,,,,,
REL606,"4,355,388",SNP,C→A,ecnB,,entericidin B membrane lipoprotein,,,415480,A42E (GCA→GAA),,,,,,,,,,,,,,,,,,,,,,,,,,,,,,,,,,,,,,,,,,,,,,,,,,,,,,,,,,,,,,,,,,,1.00/0.00,,,,,,,,,,,,,,,,,,,,,,,,,,,,,,,,,,,,,,,
REL606,"4,532,674",SNP,T→G,uxuA,,mannonate dehydratase,,,415481,V42G (GTT→GGT),,,,,,,,,,,,,,,,,,,,,,,,,,,,,,,,,,,,,,,,,,,,,,,,,,,,,,,,,,,,,,,,,,,1.00/0.00,,,,,,,,,,,,,,,,,,,,,,,,,,,,,,,,,,,,,,,
REL606,"887,916",AMP,"27,239 bp x 2","[ECB_00825], ECB_00826, ECB_00827, ECB_00828, ECB_00829, ECB_00830, ECB_00831, ECB_00832, ECB_00833, ECB_00834, ECB_00835, ECB_00836, ECB_00837, ECB_00838, ECB_00839, ECB_00840, ECB_00841, ECB_00842, ECB_00843, ECB_00844, ECB_00845, ECB_00846, tfaE, ECB_00848, ECB_00849, ECB_00850, ECB_00851, ybjL, ybjM, grxA, ybjC, nfsA, rimK, ybjN, potF, potG, potH, potI, [ybjO]",,"<i><b>39 genes</b><BR>[ECB_00825], ECB_00826, ECB_00827, ECB_00828, ECB_00829, ECB_00830, ECB_00831, ECB_00832, ECB_00833, ECB_00834, ECB_00835, ECB_00836, ECB_00837, ECB_00838, ECB_00839, ECB_00840, ECB_00841, ECB_00842, ECB_00843, ECB_00844, ECB_00845, ECB_00846, tfaE, ECB_00848, ECB_00849, ECB_00850, ECB_00851, ybjL, ybjM, grxA, ybjC, nfsA, rimK, ybjN, potF, potG, potH, potI, [ybjO]</i>",,,415495,duplication,,,,,,,,,,,,,,,,,,,,,,,,,,,,,,,,,,,,,,,,,,,,,,,,,,,,,,,,,,,,,,,,,,,,1.00/0.00,,,,,,,,,,,,,,,,,,,,,,,,,,,,,,,,,,,,,,
REL606,"4,466,985",SNP,A→C,holC,,DNA polymerase III subunit chi,,,415496,F110C (TTC→TGC),,,,,,,,,,,,,,,,,,,,,,,,,,,,,,,,,,,,,,,,,,,,,,,,,,,,,,,,,,,,,,,,,,,,1.00/0.00,,,,,,,,,,,,,,,,,,,,,,,,,,,,,,,,,,,,,,
REL606,"4,531,366",SNP,G→A,gntP,,fructuronate transporter,,,415497,T282I (ACC→ATC),,,,,,,,,,,,,,,,,,,,,,,,,,,,,,,,,,,,,,,,,,,,,,,,,,,,,,,,,,,,,,,,,,,,1.00/0.00,,,,,,,,,,,,,,,,,,,,,,,,,,,,,,,,,,,,,,
REL606,"766,774",MOB,IS150 (–) +3 bp,aroG,,"3-deoxy-D-arabino-heptulosonate-7-phosphate synthase, phenylalanine repressible",,,414971,coding (513‑515/1053 nt),,,,,,,,,,,,,,,,,,,,,,,,,,,,,,,,,,,,,,,,,,,,,,,,,,,,,,,,,,,,,,,,,,,,,1.00/0.00,1.00/0.00,1.00/0.00,1.00/0.00,1.00/0.00,1.00/0.00,,,,,,,,,,,,,,,,,1.00/0.00,1.00/0.00,1.00/0.00,1.00/0.00,1.00/0.00,1.00/0.00,,,,,,,,,,
REL606,"1,572,877",AMP,"3,548 bp x 2","[yneB], yneC, tam, yneE, [uxaB]",,"[yneB], yneC, tam, yneE, [uxaB]",,,414977,duplication,,,,,,,,,,,,,,,,,,,,,,,,,,,,,,,,,,,,,,,,,,,,,,,,,,,,,,,,,,,,,,,,,,,,,1.00/0.00,,,,,,,,,,,,,,,,,,,,,,,,,,,,,,,,,,,,,
REL606,"2,256,953",SNP,T→C,"mqo, yojI",,malate:quinone oxidoreductase/fused predicted multidrug transport subunits of ABC superfamily: membrane component/ATP-binding component,,,414981,intergenic (‑95/+123),,,,,,,,,,,,,,,,,,,,,,,,,,,,,,,,,,,,,,,,,,,,,,,,,,,,,,,,,,,,,,,,,,,,,1.00/0.00,1.00/0.00,1.00/0.00,1.00/0.00,1.00/0.00,1.00/0.00,,,,,,,,,,,,,,,,,,,,,,,,,,,,,,,,
REL606,"2,760,571",AMP,"11,843 bp x 2","[ygbN], rpoS, nlpD, pcm, surE, ygbO, ispF, ispD, ftsB, ygbE, cysC, cysN, cysD, [iap]",,"[ygbN], rpoS, nlpD, pcm, surE, ygbO, ispF, ispD, ftsB, ygbE, cysC, cysN, cysD, [iap]",,,414986,duplication,,,,,,,,,,,,,,,,,,,,,,,,,,,,,,,,,,,,,,,,,,,,,,,,,,,,,,,,,,,,,,,,,,,,,1.00/0.00,,,,,,,,,,,,,,,,,,,,,,,,,,,,,,,,,,,,,
REL606,"3,311,056",SNP,A→C,degS,,"serine endoprotease, periplasmic",,,414991,D320A (GAT→GCT),,,,,,,,,,,,,,,,,,,,,,,,,,,,,,,,,,,,,,,,,,,,,,,,,,,,,,,,,,,,,,,,,,,,,1.00/0.00,1.00/0.00,1.00/0.00,1.00/0.00,1.00/0.00,1.00/0.00,,,,,,,,,,,,,,,,,,,,,,,,,,,,,,,,
REL606,"3,463,228",DEL,Δ1 bp,envZ,,osmolarity sensor protein,,,414994,coding (1325/1353 nt),,,,,,,,,,,,,,,,,,,,,,,,,,,,,,,,,,,,,,,,,,,,,,,,,,,,,,,,,,,,,,,,,,,,,1.00/0.00,1.00/0.00,1.00/0.00,1.00/0.00,1.00/0.00,1.00/0.00,,,,,,,,,,,,,,,,,,,,,,,,,,,,,,,,
REL606,"3,489,213",SNP,A→C,"glpR, glpG",,DNA-binding transcriptional repressor/predicted intramembrane serine protease,,,414995,intergenic (‑7/+10),,,,,,,,,,,,,,,,,,,,,,,,,,,,,,,,,,,,,,,,,,,,,,,,,,,,,,,,,,,,,,,,,,,,,1.00/0.00,1.00/0.00,1.00/0.00,1.00/0.00,1.00/0.00,1.00/0.00,,,,,,,,,,,,,,,,,,,,,,,,,,,,,,,,
REL606,"3,977,062",SNP,T→C,metR,,"DNA-binding transcriptional activator, homocysteine-binding",,,414996,Q61R (CAG→CGG),,,,,,,,,,,,,,,,,,,,,,,,,,,,,,,,,,,,,,,,,,,,,,,,,,,,,,,,,,,,,,,,,,,,,1.00/0.00,1.00/0.00,1.00/0.00,1.00/0.00,1.00/0.00,1.00/0.00,,,,,,,,,,,,,,,,,,,,,,,,,,,,,,,,
REL606,"1,741,776",SNP,C→T,"sufA, ydiH",,iron-sulfur cluster assembly scaffold protein/hypothetical protein,,,415049,intergenic (‑123/+425),,,,,,,,,,,,,,,,,,,,,,,,,,,,,,,,,,,,,,,,,,,,,,,,,,,,,,,,,,,,,,,,,,,,,,1.00/0.00,1.00/0.00,1.00/0.00,1.00/0.00,1.00/0.00,,,,,,,,,,,,,,,,,,,,,,,,,,,,,,,,
REL606,"4,313,663",SNP,C→T,yjdB,,predicted metal dependent hydrolase,,,415095,L214L (CTG→CTA),,,,,,,,,,,,,,,,,,,,,,,,,,,,,,,,,,,,,,,,,,,,,,,,,,,,,,,,,,,,,,,,,,,,,,1.00/0.00,,,,,,,,,,,,,,,,,,,,,,,,,,,,,,,,,,,,
REL606,"340,312",SNP,C→T,mhpR,,"DNA-binding transcriptional activator, 3HPP-binding",,,415043,R260Q (CGG→CAG),,,,,,,,,,,,,,,,,,,,,,,,,,,,,,,,,,,,,,,,,,,,,,,,,,,,,,,,,,,,,,,,,,,,,,,1.00/0.00,1.00/0.00,1.00/0.00,1.00/0.00,,,,,,,,,,,,,,,,,,,,,,,,,,,,,,,,
REL606,"420,328",SNP,A→C,cyoB,,cytochrome o ubiquinol oxidase subunit I,,,415044,G339G (GGT→GGG),,,,,,,,,,,,,,,,,,,,,,,,,,,,,,,,,,,,,,,,,,,,,,,,,,,,,,,,,,,,,,,,,,,,,,,1.00/0.00,1.00/0.00,1.00/0.00,1.00/0.00,,,,,,,,,,,,,,,,,,,,,,,,,,,,,,,,
REL606,"422,575",SNP,A→G,"cyoA, ampG",,cytochrome o ubiquinol oxidase subunit II/muropeptide transporter,,,415045,intergenic (‑262/+200),,,,,,,,,,,,,,,,,,,,,,,,,,,,,,,,,,,,,,,,,,,,,,,,,,,,,,,,,,,,,,,,,,,,,,,1.00/0.00,1.00/0.00,1.00/0.00,1.00/0.00,,,,,,,,,,,,,,,,,,,,,,,,,,,,,,,,
REL606,"970,655",MOB,IS4 (+) +13 bp,"pflB, focA",,pyruvate formate lyase I/formate transporter,,,415047,intergenic (‑8/+35),,,,,,,,,,,,,,,,,,,,,,,,,,,,,,,,,,,,,,,,,,,,,,,,,,,,,,,,,,,,,,,,,,,,,,,1.00/0.00,1.00/0.00,1.00/0.00,1.00/0.00,,,,,,,,,,,,,,,,,,,,,,,,,,,,,,,,
REL606,"2,129,538",DEL,"Δ13,526 bp","[gatZ], gatY, fbaB, yegT, yegU, yegV, yegW, yegX, thiD, thiM, ECB_02033, ECB_02034, ECB_02035, ECB_02036, ECB_02037, ECB_02038, ECB_02039",,"<i><b>17 genes</b><BR>[gatZ], gatY, fbaB, yegT, yegU, yegV, yegW, yegX, thiD, thiM, ECB_02033, ECB_02034, ECB_02035, ECB_02036, ECB_02037, ECB_02038, ECB_02039</i>",,,415050,IS1‑mediated,,,,,,,,,,,,,,,,,,,,,,,,,,,,,,,,,,,,,,,,,,,,,,,,,,,,,,,,,,,,,,,,,,,,,,,1.00/0.00,1.00/0.00,1.00/0.00,1.00/0.00,,,,,,,,,,,,,,,,,,,,,,,,,,,,,,,,
REL606,"2,465,092",MOB,IS4 (–) +12 bp,"crr, pdxK",,glucose-specific PTS system enzyme IIA component/pyridoxine kinase,,,415465,intergenic (+23/+9),,,,,,,,,,,,,,,,,,,,,,,,,,,,,,,,,,,,,,,,,,,,,,,,,,,,,,,,,,,,,,,,,,,,,,,1.00/0.00,,,,,,,,,,,,,,,,,,,,,,,,,,,,,,,,,,,
REL606,"3,061,109",SNP,G→A,ECB_02854,,conserved hypothetical protein,,,415466,S248S (TCG→TCA),,,,,,,,,,,,,,,,,,,,,,,,,,,,,,,,,,,,,,,,,,,,,,,,,,,,,,,,,,,,,,,,,,,,,,,1.00/0.00,,,,,,,,,,,,,,,,,,,,,,,,,,,,,,,,,,,
REL606,"3,289,948",SNP,G→T,gltB,,"glutamate synthase, large subunit",,,415052,E28* (GAG→TAG),,,,,,,,,,,,,,,,,,,,,,,,,,,,,,,,,,,,,,,,,,,,,,,,,,,,,,,,,,,,,,,,,,,,,,,1.00/0.00,1.00/0.00,1.00/0.00,1.00/0.00,,,,,,,,,,,,,,,,,,,,,,,,,,,,,,,,
REL606,"3,505,194",SNP,G→A,"glgB, asd",,glycogen branching enzyme/aspartate-semialdehyde dehydrogenase,,,415080,intergenic (‑238/+35),,,,,,,,,,,,,,,,,,,,,,,,,,,,,,,,,,,,,,,,,,,,,,,,,,,,,,,,,,,,,,,,,,,,,,,1.00/0.00,,1.00/0.00,1.00/0.00,,,,,,,,,,,,,,,,,,,,,,,,,,,,,,,,
REL606,"4,266,483",DEL,Δ1 bp,"acs, nrfA",,"acetyl-coenzyme A synthetase/nitrite reductase, formate-dependent, cytochrome",,,415053,intergenic (‑179/‑214),,,,,,,,,,,,,,,,,,,,,,,,,,,,,,,,,,,,,,,,,,,,,,,,,,,,,,,,,,,,,,,,,,,,,,,1.00/0.00,1.00/0.00,1.00/0.00,1.00/0.00,,,,,,,,,,,,,,,,,,,,,,,,,,,,,,,,
REL606,"4,462,642",MOB,IS1 (+) +9 bp,"yjgM, yjgN",,predicted acetyltransferase/conserved inner membrane protein,,,415054,intergenic (‑72/‑113),,,,,,,,,,,,,,,,,,,,,,,,,,,,,,,,,,,,,,,,,,,,,,,,,,,,,,,,,,,,,,,,,,,,,,,1.00/0.00,1.00/0.00,1.00/0.00,1.00/0.00,,,,,,,,,,,,,,,,,,,,,,,,,,,,,,,,
REL606,"4,558,995",SNP,A→C,hsdS,,specificity determinant for hsdM and hsdR,,,415055,L148R (CTT→CGT),,,,,,,,,,,,,,,,,,,,,,,,,,,,,,,,,,,,,,,,,,,,,,,,,,,,,,,,,,,,,,,,,,,,,,,1.00/0.00,1.00/0.00,1.00/0.00,1.00/0.00,,,,,,,,,,,,,,,,,,,,,,,,,,,,,,,,
REL606,"4,628,343",SNP,T→A,arcA,,DNA-binding response regulator in two-component regulatory system with ArcB or CpxA,,,415056,I42F (ATC→TTC),,,,,,,,,,,,,,,,,,,,,,,,,,,,,,,,,,,,,,,,,,,,,,,,,,,,,,,,,,,,,,,,,,,,,,,1.00/0.00,1.00/0.00,1.00/0.00,1.00/0.00,,,,,,,,,,,,,,,,,,,,,,,,,,,,,,,,
REL606,"751,671",MOB,IS1 (–) +9 bp,"ybgG, cydA",,"alpha-mannosidase/cytochrome d terminal oxidase, subunit I",,,415046,intergenic (+178/‑661),,,,,,,,,,,,,,,,,,,,,,,,,,,,,,,,,,,,,,,,,,,,,,,,,,,,,,,,,,,,,,,,,,,,,,,,1.00/0.00,,,,,,,,,,,,,,,,,,,,,,,,,,,,,,,,,,
REL606,"1,293,466",MOB,IS1 (+) +9 bp,tdk,,thymidine kinase,,,415048,coding (147‑155/618 nt),,,,,,,,,,,,,,,,,,,,,,,,,,,,,,,,,,,,,,,,,,,,,,,,,,,,,,,,,,,,,,,,,,,,,,,,1.00/0.00,,,,,,,,,,,,,,,,,,,,,,,,,,,,,,,,,,
REL606,"3,250,353",SNP,A→C,infB,,translation initiation factor IF-2,,,415051,F299C (TTC→TGC),,,,,,,,,,,,,,,,,,,,,,,,,,,,,,,,,,,,,,,,,,,,,,,,,,,,,,,,,,,,,,,,,,,,,,,,1.00/0.00,,,,,,,,,,,,,,,,,,,,,,,,,,,,,,,,,,
REL606,"66,163",DEL,Δ1 bp,"hepA, polB",,ATP-dependent helicase HepA/DNA polymerase II,,,415070,intergenic (‑95/+70),,,,,,,,,,,,,,,,,,,,,,,,,,,,,,,,,,,,,,,,,,,,,,,,,,,,,,,,,,,,,,,,,,,,,,,,,1.00/0.00,1.00/0.00,,,,,,,,,,,,,,,,,,,,,,,,,,,,,,,,
REL606,"92,759",SNP,G→T,yabB,,hypothetical protein,,,415071,V108L (GTG→TTG),,,,,,,,,,,,,,,,,,,,,,,,,,,,,,,,,,,,,,,,,,,,,,,,,,,,,,,,,,,,,,,,,,,,,,,,,1.00/0.00,1.00/0.00,,,,,,,,,,,,,,,,,,,,,,,,,,,,,,,,
REL606,"145,483",SNP,C→T,"yadF, yadG",,carbonic anhydrase/predicted transporter subunit: ATP-binding component of ABC superfamily,,,415072,intergenic (‑10/‑99),,,,,,,,,,,,,,,,,,,,,,,,,,,,,,,,,,,,,,,,,,,,,,,,,,,,,,,,,,,,,,,,,,,,,,,,,1.00/0.00,1.00/0.00,,,,,,,,,,,,,,,,,,,,,,,,,,,,,,,,
REL606,"145,956",SNP,T→A,yadG,,predicted transporter subunit: ATP-binding component of ABC superfamily,,,415073,D125E (GAT→GAA),,,,,,,,,,,,,,,,,,,,,,,,,,,,,,,,,,,,,,,,,,,,,,,,,,,,,,,,,,,,,,,,,,,,,,,,,1.00/0.00,1.00/0.00,,,,,,,,,,,,,,,,,,,,,,,,,,,,,,,,
REL606,"146,766",INS,+AGT,yadH,,predicted transporter subunit: membrane component of ABC superfamily,,,415074,coding (262/771 nt),,,,,,,,,,,,,,,,,,,,,,,,,,,,,,,,,,,,,,,,,,,,,,,,,,,,,,,,,,,,,,,,,,,,,,,,,1.00/0.00,1.00/0.00,,,,,,,,,,,,,,,,,,,,,,,,,,,,,,,,
REL606,"746,820",SNP,A→G,"farR, hrsA",,"DNA-binding transcriptional dual regulator, fatty-acyl-binding/fused 2-O-a-mannosyl-D-glycerate specific PTS enzymes: IIA component/IIB component/IIC component",,,415075,intergenic (‑63/‑46),,,,,,,,,,,,,,,,,,,,,,,,,,,,,,,,,,,,,,,,,,,,,,,,,,,,,,,,,,,,,,,,,,,,,,,,,1.00/0.00,1.00/0.00,,,,,,,,,,,,,,,,,,,,,,,,,,,,,,,,
REL606,"1,004,506",SNP,G→A,"ompF, asnS",,outer membrane porin 1a (Ia;b;F)/asparaginyl-tRNA synthetase,,,415076,intergenic (‑432/+170),,,,,,,,,,,,,,,,,,,,,,,,,,,,,,,,,,,,,,,,,,,,,,,,,,,,,,,,,,,,,,,,,,,,,,,,,1.00/0.00,1.00/0.00,,,,,,,,,,,,,,,,,,,,,,,,,,,,,,,,
REL606,"1,428,837",DEL,(T)9→8,"ompN, ydbK",,"outer membrane pore protein N, non-specific/fused predicted pyruvate-flavodoxin oxidoreductase: conserved protein/conserved protein/FeS binding protein",,,415087,intergenic (‑338/+29),,,,,,,,,,,,,,,,,,,,,,,,,,,,,,,,,,,,,,,,,,,,,,,,,,,,,,,,,,,,,,,,,,,,,,,,,1.00/0.00,,,,,,,,,,,,,,,,,,,,,,,,,,,,,,,,,
REL606,"1,695,703",MOB,IS186 (+) +7 bp,ydhH,,anhydro-N-acetylmuramic acid kinase,,,415088,coding (1088‑1094/1110 nt),,,,,,,,,,,,,,,,,,,,,,,,,,,,,,,,,,,,,,,,,,,,,,,,,,,,,,,,,,,,,,,,,,,,,,,,,1.00/0.00,,,,,,,,,,,,,,,,,,,,,,,,,,,,,,,,,
REL606,"2,714,168",SNP,T→A,"csrA, alaS",,carbon storage regulator/alanyl-tRNA synthetase,,,415077,intergenic (‑163/+72),,,,,,,,,,,,,,,,,,,,,,,,,,,,,,,,,,,,,,,,,,,,,,,,,,,,,,,,,,,,,,,,,,,,,,,,,1.00/0.00,1.00/0.00,,,,,,,,,,,,,,,,,,,,,,,,,,,,,,,,
REL606,"3,262,006",SNP,T→G,hflB,,"protease, ATP-dependent zinc-metallo",,,415079,E55A (GAA→GCA),,,,,,,,,,,,,,,,,,,,,,,,,,,,,,,,,,,,,,,,,,,,,,,,,,,,,,,,,,,,,,,,,,,,,,,,,1.00/0.00,1.00/0.00,,,,,,,,,,,,,,,,,,,,,,,,,,,,,,,,
REL606,"3,704,551",SNP,A→G,"yibG, yibH",,hypothetical protein/hypothetical protein,,,415081,intergenic (+1219/+385),,,,,,,,,,,,,,,,,,,,,,,,,,,,,,,,,,,,,,,,,,,,,,,,,,,,,,,,,,,,,,,,,,,,,,,,,1.00/0.00,1.00/0.00,,,,,,,,,,,,,,,,,,,,,,,,,,,,,,,,
REL606,"3,775,352",DEL,"Δ20,893 bp","[selC], ECB_03516, ECB_03517, ECB_03518, ECB_03519, ECB_03520, ECB_03521, ECB_03522, ECB_03523, ECB_03524, ECB_03525, ECB_03526, ECB_03527, ECB_03528, ECB_03529, ECB_03530, ECB_03531, ECB_03532, ECB_03533, ECB_03534, ykgN, insI, yeeV, ECB_03538, ECB_03539, ECB_03540",,"<i><b>26 genes</b><BR>[selC], ECB_03516, ECB_03517, ECB_03518, ECB_03519, ECB_03520, ECB_03521, ECB_03522, ECB_03523, ECB_03524, ECB_03525, ECB_03526, ECB_03527, ECB_03528, ECB_03529, ECB_03530, ECB_03531, ECB_03532, ECB_03533, ECB_03534, ykgN, insI, yeeV, ECB_03538, ECB_03539, ECB_03540</i>",,,415089,,,,,,,,,,,,,,,,,,,,,,,,,,,,,,,,,,,,,,,,,,,,,,,,,,,,,,,,,,,,,,,,,,,,,,,,,,1.00/0.00,,,,,,,,,,,,,,,,,,,,,,,,,,,,,,,,,
REL606,"4,381,903",SNP,A→C,hflC,,modulator for HflB protease specific for phage lambda cII repressor,,,415084,E150A (GAA→GCA),,,,,,,,,,,,,,,,,,,,,,,,,,,,,,,,,,,,,,,,,,,,,,,,,,,,,,,,,,,,,,,,,,,,,,,,,1.00/0.00,1.00/0.00,,,,,,,,,,,,,,,,,,,,,,,,,,,,,,,,
REL606,"4,522,339",DEL,Δ569 bp,[fimB],,[fimB],,,415086,IS1‑mediated,,,,,,,,,,,,,,,,,,,,,,,,,,,,,,,,,,,,,,,,,,,,,,,,,,,,,,,,,,,,,,,,,,,,,,,,,1.00/0.00,1.00/0.00,,,,,,,,,,,,,,,,,,,,,,,,,,,,,,,,
REL606,"2,794,428",MOB,IS1 (+) +9 bp,"ygcF, ygcG",,hypothetical protein/hypothetical protein,,,415078,intergenic (‑82/‑203),,,,,,,,,,,,,,,,,,,,,,,,,,,,,,,,,,,,,,,,,,,,,,,,,,,,,,,,,,,,,,,,,,,,,,,,,,1.00/0.00,,,,,,,,,,,,,,,,,,,,,,,,,,,,,,,,
REL606,"3,949,764",DEL,(GCAGGT)6→5,hemX,,predicted uroporphyrinogen III methylase,,,415083,coding (1128‑1133/1206 nt),,,,,,,,,,,,,,,,,,,,,,,,,,,,,,,,,,,,,,,,,,,,,,,,,,,,,,,,,,,,,,,,,,,,,,,,,,1.00/0.00,,,,,,,,,,,,,,,,,,,,,,,,,,,,,,,,
REL606,"4,462,642",AMP,"191,229 bp x 2","yjgN, valS, holC, pepA, yjgP, yjgQ, yjgR, idnR, idnT, idnO, idnD, idnK, yjgB, leuX, intB, yjgW, yjgX, yjgX, yjgX, yjgZ, insG, yjhB, yjhC, yjhD, yjhE, insN, yis1, ECB_04147, ECB_04148, yis2, yis1, ECB_04151, ECB_04152, fecE, fecD, fecC, fecB, fecA, fecR, fecI, insA-25, insB-25, insB-25, ECB_04162, insB-26, insA-26, sgcR, sgcE, sgcA, sgcQ, sgcC, sgcB, sgcX, yjhP, yjhQ, ECB_04174, yjhR, yjhR, yjhS, yjhT, yjhA, fimB, insB-27, insA-27, fimB, fimE, fimA, fimI, fimC, fimD, fimF, fimG, fimH, gntP, uxuA, uxuB, uxuR, yjiC, yjiD, yjiE, iadA, yjiG, yjiH, kptA, yjiJ, yjiK, yjiL, yjiM, yjiN, yjiO, yjiPQ, insA-28, insB-28, yjiV, mcrC, mcrB, yjiW, hsdS, hsdM, hsdR, mrr, yjiA, yjiX, yjiY, hpaC, hpaB, hpaA, hpaX, hpaI, hpaH, hpaF, hpaD, hpaE, hpaG, hpaR, tsr, yjiZ, yjjM, yjjM, yjjN, mdoB, yjjA, dnaC, dnaT, yjjB, yjjP, yjjQ, bglJ, fhuF, yjjZ, leuV, leuP, leuQ, rsmC, holD, rimI, yjjG, prfC, osmY, ytjA, yjjU, yjjV, yjjW, yjjI, deoC, deoA, deoB, deoD, ECB_04261, lplA, smp, serB, sms, nadR, yjjK, slt, trpR, yjjX, gpmB, rob, creA, creB, creC, creD, creD, arcA, yjjY, lasT",,"<i><b>168 genes</b><BR>yjgN, valS, holC, pepA, yjgP, yjgQ, yjgR, idnR, idnT, idnO, idnD, idnK, yjgB, leuX, intB, yjgW, yjgX, yjgX, yjgX, yjgZ, insG, yjhB, yjhC, yjhD, yjhE, insN, yis1, ECB_04147, ECB_04148, yis2, yis1, ECB_04151, ECB_04152, fecE, fecD, fecC, fecB, fecA, fecR, fecI, insA-25, insB-25, insB-25, ECB_04162, insB-26, insA-26, sgcR, sgcE, sgcA, sgcQ, sgcC, sgcB, sgcX, yjhP, yjhQ, ECB_04174, yjhR, yjhR, yjhS, yjhT, yjhA, fimB, insB-27, insA-27, fimB, fimE, fimA, fimI, fimC, fimD, fimF, fimG, fimH, gntP, uxuA, uxuB, uxuR, yjiC, yjiD, yjiE, iadA, yjiG, yjiH, kptA, yjiJ, yjiK, yjiL, yjiM, yjiN, yjiO, yjiPQ, insA-28, insB-28, yjiV, mcrC, mcrB, yjiW, hsdS, hsdM, hsdR, mrr, yjiA, yjiX, yjiY, hpaC, hpaB, hpaA, hpaX, hpaI, hpaH, hpaF, hpaD, hpaE, hpaG, hpaR, tsr, yjiZ, yjjM, yjjM, yjjN, mdoB, yjjA, dnaC, dnaT, yjjB, yjjP, yjjQ, bglJ, fhuF, yjjZ, leuV, leuP, leuQ, rsmC, holD, rimI, yjjG, prfC, osmY, ytjA, yjjU, yjjV, yjjW, yjjI, deoC, deoA, deoB, deoD, ECB_04261, lplA, smp, serB, sms, nadR, yjjK, slt, trpR, yjjX, gpmB, rob, creA, creB, creC, creD, creD, arcA, yjjY, lasT</i>",,,415085,duplication,,,,,,,,,,,,,,,,,,,,,,,,,,,,,,,,,,,,,,,,,,,,,,,,,,,,,,,,,,,,,,,,,,,,,,,,,,1.00/0.00,,,,,,,,,,,,,,,,,,,,,,,,,,,,,,,,
REL606,"3,328,402",SNP,G→A,mreB,,"cell wall structural complex MreBCD, actin-like component MreB",,,415117,R193C (CGT→TGT),,,,,,,,,,,,,,,,,,,,,,,,,,,,,,,,,,,,,,,,,,,,,,,,,,,,,,,,,,,,,,,,,,,,,,,,,,,1.00/0.00,1.00/0.00,,1.00/0.00,1.00/0.00,,1.00/0.00,1.00/0.00,1.00/0.00,1.00/0.00,1.00/0.00,1.00/0.00,1.00/0.00,1.00/0.00,1.00/0.00,1.00/0.00,1.00/0.00,1.00/0.00,1.00/0.00,1.00/0.00,1.00/0.00,1.00/0.00,,,,,,,,,,
REL606,"3,466,896",MOB,IS150 (–) +3 bp,yhgF,,predicted transcriptional accessory protein,,,415314,coding (825‑827/2319 nt),,,,,,,,,,,,,,,,,,,,,,,,,,,,,,,,,,,,,,,,,,,,,,,,,,,,,,,,,,,,,,,,,,,,,,,,,,,1.00/0.00,,,,,,,,,,,,,,,,,,,,,,,,,,,,,,,
REL606,"4,012,725",SNP,C→T,trkH,,potassium transporter,,,415123,A403V (GCC→GTC),,,,,,,,,,,,,,,,,,,,,,,,,,,,,,,,,,,,,,,,,,,,,,,,,,,,,,,,,,,,,,,,,,,,,,,,,,,,1.00/0.00,,,1.00/0.00,,1.00/0.00,1.00/0.00,1.00/0.00,1.00/0.00,1.00/0.00,1.00/0.00,1.00/0.00,1.00/0.00,1.00/0.00,1.00/0.00,1.00/0.00,1.00/0.00,1.00/0.00,1.00/0.00,1.00/0.00,1.00/0.00,,,,,,,,,,
REL606,"1,733,543",INS,+T,pykF,,pyruvate kinase,,,415473,coding (579/1413 nt),,,,,,,,,,,,,,,,,,,,,,,,,,,,,,,,,,,,,,,,,,,,,,,,,,,,,,,,,,,,,,,,,,,,,,,,,,,,,1.00/0.00,,,,,,,,,,,,,,,,,,,,,,,,,,,,,
REL606,"3,894,997",DEL,Δ613 bp,"rbsD, [rbsA]",,"rbsD, [rbsA]",,,415474,IS150‑mediated,,,,,,,,,,,,,,,,,,,,,,,,,,,,,,,,,,,,,,,,,,,,,,,,,,,,,,,,,,,,,,,,,,,,,,,,,,,,,1.00/0.00,,,,,,,,,,,,,,,,,,,,,,,,,,,,,
REL606,"4,141,099",SNP,C→T,yijC,,DNA-binding transcriptional repressor,,,415475,R58C (CGT→TGT),,,,,,,,,,,,,,,,,,,,,,,,,,,,,,,,,,,,,,,,,,,,,,,,,,,,,,,,,,,,,,,,,,,,,,,,,,,,,1.00/0.00,,,1.00/0.00,,,,,,,,,,,,,,,,,,,,,,,,,,
REL606,"4,181,329",SNP,T→A,"zraP, zraS",,Zn-binding periplasmic protein/sensory histidine kinase in two-component regulatory system with ZraR,,,415476,intergenic (‑35/‑203),,,,,,,,,,,,,,,,,,,,,,,,,,,,,,,,,,,,,,,,,,,,,,,,,,,,,,,,,,,,,,,,,,,,,,,,,,,,,1.00/0.00,,,,,,,,,,,,,,,,,,,,,,,,,,,,,
REL606,"4,616,296",SNP,T→G,nadR,,nicotinamide-nucleotide adenylyltransferase,,,415477,N256K (AAT→AAG),,,,,,,,,,,,,,,,,,,,,,,,,,,,,,,,,,,,,,,,,,,,,,,,,,,,,,,,,,,,,,,,,,,,,,,,,,,,,1.00/0.00,,,,,,,,,,,,,,,,,,,,,,,,,,,,,
REL606,"3,894,997",DEL,"Δ1,799 bp","rbsD, [rbsA]",,"rbsD, [rbsA]",,,415442,IS150‑mediated,,,,,,,,,,,,,,,,,,,,,,,,,,,,,,,,,,,,,,,,,,,,,,,,,,,,,,,,,,,,,,,,,,,,,,,,,,,,,,1.00/0.00,,,,,,,,,,,,,,,,,,,,,,,,,,,,
REL606,"4,011,948",SNP,T→A,trkH,,potassium transporter,,,415443,V144E (GTG→GAG),,,,,,,,,,,,,,,,,,,,,,,,,,,,,,,,,,,,,,,,,,,,,,,,,,,,,,,,,,,,,,,,,,,,,,,,,,,,,,1.00/0.00,,,,,,,,,,,,,,,,,,,,,,,,,,,,
REL606,"499,183",MOB,IS1 (–) +9 bp,rhsD,,rhsD element protein,,,415245,coding (3756‑3764/4281 nt),,,,,,,,,,,,,,,,,,,,,,,,,,,,,,,,,,,,,,,,,,,,,,,,,,,,,,,,,,,,,,,,,,,,,,,,,,,,,,,1.00/0.00,,1.00/0.00,1.00/0.00,,,,,,,,,,,,,,,,,,,,,,,,
REL606,"1,734,102",SNP,G→A,pykF,,pyruvate kinase,,,415248,G380S (GGC→AGC),,,,,,,,,,,,,,,,,,,,,,,,,,,,,,,,,,,,,,,,,,,,,,,,,,,,,,,,,,,,,,,,,,,,,,,,,,,,,,,1.00/0.00,,1.00/0.00,1.00/0.00,,,,,,,,,,,,,,,,,,,,,,,,
REL606,"3,894,997",DEL,"Δ5,111 bp","rbsD, rbsA, rbsC, rbsB, rbsK, [rbsR]",,"rbsD, rbsA, rbsC, rbsB, rbsK, [rbsR]",,,415249,IS150‑mediated,,,,,,,,,,,,,,,,,,,,,,,,,,,,,,,,,,,,,,,,,,,,,,,,,,,,,,,,,,,,,,,,,,,,,,,,,,,,,,,1.00/0.00,,1.00/0.00,1.00/0.00,,,,,,,,,,,,,,,,,,,,,,,,
REL606,"92,424",MOB,IS150 (+) +4 bp,"fruR, yabB",,DNA-binding transcriptional dual regulator/hypothetical protein,,,415507,intergenic (+588/‑11),,,,,,,,,,,,,,,,,,,,,,,,,,,,,,,,,,,,,,,,,,,,,,,,,,,,,,,,,,,,,,,,,,,,,,,,,,,,,,,,1.00/0.00,,,,,,,,,,,,,,,,,,,,,,,,,,
REL606,"4,520,216",SNP,T→A,"yjhA, fimB",,N-acetylnuraminic acid outer membrane channel protein/recombinase involved in phase variation; regulator for fimA; b4312_1,,,415508,intergenic (‑577/‑879),,,,,,,,,,,,,,,,,,,,,,,,,,,,,,,,,,,,,,,,,,,,,,,,,,,,,,,,,,,,,,,,,,,,,,,,,,,,,,,,1.00/0.00,,,,,,,,,,,,,,,,,,,,,,,,,,
REL606,"877,462",INS,(A)7→8,"cmr, ybjH",,multidrug efflux system protein/hypothetical protein,,,415444,intergenic (+5/+36),,,,,,,,,,,,,,,,,,,,,,,,,,,,,,,,,,,,,,,,,,,,,,,,,,,,,,,,,,,,,,,,,,,,,,,,,,,,,,,,,1.00/0.00,,,,,,,,,,,,,,,,,,,,,,,,,
REL606,"1,351,696",SNP,C→T,sapD,,predicted antimicrobial peptide transporter subunit,,,415247,C101Y (TGT→TAT),,,,,,,,,,,,,,,,,,,,,,,,,,,,,,,,,,,,,,,,,,,,,,,,,,,,,,,,,,,,,,,,,,,,,,,,,,,,,,,,,1.00/0.00,1.00/0.00,,,,,,,,,,,,,,,,,,,,,,,,
REL606,"558,211",SNP,A→C,ECB_00516,,conserved hypothetical protein,,,415246,I50L (ATC→CTC),,,,,,,,,,,,,,,,,,,,,,,,,,,,,,,,,,,,,,,,,,,,,,,,,,,,,,,,,,,,,,,,,,,,,,,,,,,,,,,,,,1.00/0.00,,,,,,,,,,,,,,,,,,,,,,,,
REL606,"1,085,247",MOB,IS150 (–) +3 bp,ycdG,,predicted transporter,,,415530,coding (875‑877/1329 nt),,,,,,,,,,,,,,,,,,,,,,,,,,,,,,,,,,,,,,,,,,,,,,,,,,,,,,,,,,,,,,,,,,,,,,,,,,,,,,,,,,,1.00/0.00,,,,,,,,,,,,,,,,,,,,,,,
REL606,"1,167,343",SNP,G→A,fabF,,3-oxoacyl-(acyl carrier protein) synthase,,,415110,G279D (GGC→GAC),,,,,,,,,,,,,,,,,,,,,,,,,,,,,,,,,,,,,,,,,,,,,,,,,,,,,,,,,,,,,,,,,,,,,,,,,,,,,,,,,,,1.00/0.00,1.00/0.00,1.00/0.00,1.00/0.00,1.00/0.00,1.00/0.00,1.00/0.00,1.00/0.00,1.00/0.00,1.00/0.00,1.00/0.00,1.00/0.00,1.00/0.00,1.00/0.00,,,,,,,,,,
REL606,"2,684,593",MOB,IS150 (+) +3 bp,csiD,,hypothetical protein,,,415531,coding (928‑930/978 nt),,,,,,,,,,,,,,,,,,,,,,,,,,,,,,,,,,,,,,,,,,,,,,,,,,,,,,,,,,,,,,,,,,,,,,,,,,,,,,,,,,,1.00/0.00,,,,,,,,,,,,,,,,,,,,,,,
REL606,"3,080,114",MOB,IS150 (+) +3 bp,hybO,,"hydrogenase-2, small chain; b2997_1",,,415115,pseudogene (119‑121/1005 nt),,,,,,,,,,,,,,,,,,,,,,,,,,,,,,,,,,,,,,,,,,,,,,,,,,,,,,,,,,,,,,,,,,,,,,,,,,,,,,,,,,,1.00/0.00,1.00/0.00,1.00/0.00,1.00/0.00,1.00/0.00,1.00/0.00,1.00/0.00,1.00/0.00,1.00/0.00,1.00/0.00,1.00/0.00,1.00/0.00,1.00/0.00,1.00/0.00,,,,,,,,,,
REL606,"3,270,320",DEL,Δ127 bp,[nlp],,[nlp],,,415532,IS150‑mediated,,,,,,,,,,,,,,,,,,,,,,,,,,,,,,,,,,,,,,,,,,,,,,,,,,,,,,,,,,,,,,,,,,,,,,,,,,,,,,,,,,,1.00/0.00,,,,,,,,,,,,,,,,,,,,,,,
REL606,"3,270,443",MOB,IS150 (+) +4 bp,"nlp, murA",,DNA-binding transcriptional activator of maltose metabolism/UDP-N-acetylglucosamine 1-carboxyvinyltransferase,,,415116,intergenic (+21/+24),,,,,,,,,,,,,,,,,,,,,,,,,,,,,,,,,,,,,,,,,,,,,,,,,,,,,,,,,,,,,,,,,,,,,,,,,,,,,,,,,,,1.00/0.00,1.00/0.00,1.00/0.00,1.00/0.00,1.00/0.00,1.00/0.00,1.00/0.00,1.00/0.00,1.00/0.00,1.00/0.00,1.00/0.00,1.00/0.00,1.00/0.00,1.00/0.00,,,,,,,,,,
REL606,"3,339,113",SNP,G→A,yhdG,,tRNA-dihydrouridine synthase B,,,415118,A315T (GCA→ACA),,,,,,,,,,,,,,,,,,,,,,,,,,,,,,,,,,,,,,,,,,,,,,,,,,,,,,,,,,,,,,,,,,,,,,,,,,,,,,,,,,,1.00/0.00,1.00/0.00,1.00/0.00,1.00/0.00,1.00/0.00,1.00/0.00,1.00/0.00,1.00/0.00,1.00/0.00,1.00/0.00,1.00/0.00,1.00/0.00,1.00/0.00,1.00/0.00,,,,,,,,,,
REL606,"3,373,799",SNP,A→G,rplF,,50S ribosomal protein L6,,,415119,F83L (TTC→CTC),,,,,,,,,,,,,,,,,,,,,,,,,,,,,,,,,,,,,,,,,,,,,,,,,,,,,,,,,,,,,,,,,,,,,,,,,,,,,,,,,,,1.00/0.00,1.00/0.00,1.00/0.00,1.00/0.00,1.00/0.00,1.00/0.00,1.00/0.00,1.00/0.00,1.00/0.00,1.00/0.00,1.00/0.00,1.00/0.00,1.00/0.00,1.00/0.00,,,,,,,,,,
REL606,"3,377,549",SNP,T→G,rpsC,,30S ribosomal protein S3,,,415120,K80N (AAA→AAC),,,,,,,,,,,,,,,,,,,,,,,,,,,,,,,,,,,,,,,,,,,,,,,,,,,,,,,,,,,,,,,,,,,,,,,,,,,,,,,,,,,1.00/0.00,,1.00/0.00,1.00/0.00,1.00/0.00,1.00/0.00,1.00/0.00,1.00/0.00,1.00/0.00,1.00/0.00,1.00/0.00,1.00/0.00,1.00/0.00,1.00/0.00,,,,,,,,,,
REL606,"3,894,997",DEL,Δ283 bp,[rbsD],,[rbsD],,,415122,IS150‑mediated,,,,,,,,,,,,,,,,,,,,,,,,,,,,,,,,,,,,,,,,,,,,,,,,,,,,,,,,,,,,,,,,,,,,,,,,,,,,,,,,,,,1.00/0.00,1.00/0.00,1.00/0.00,1.00/0.00,1.00/0.00,1.00/0.00,1.00/0.00,1.00/0.00,1.00/0.00,1.00/0.00,1.00/0.00,1.00/0.00,1.00/0.00,1.00/0.00,,,,,,,,,,
REL606,"4,100,048",SNP,A→C,hslU,,ATP-dependent protease ATP-binding subunit,,,415125,L395V (TTA→GTA),,,,,,,,,,,,,,,,,,,,,,,,,,,,,,,,,,,,,,,,,,,,,,,,,,,,,,,,,,,,,,,,,,,,,,,,,,,,,,,,,,,1.00/0.00,1.00/0.00,1.00/0.00,1.00/0.00,1.00/0.00,1.00/0.00,1.00/0.00,1.00/0.00,1.00/0.00,1.00/0.00,1.00/0.00,1.00/0.00,1.00/0.00,1.00/0.00,,,,,,,,,,
REL606,"4,202,427",SNP,C→T,iclR,,DNA-binding transcriptional repressor,,,415126,A45T (GCA→ACA),,,,,,,,,,,,,,,,,,,,,,,,,,,,,,,,,,,,,,,,,,,,,,,,,,,,,,,,,,,,,,,,,,,,,,,,,,,,,,,,,,,1.00/0.00,1.00/0.00,1.00/0.00,1.00/0.00,1.00/0.00,1.00/0.00,1.00/0.00,1.00/0.00,1.00/0.00,1.00/0.00,1.00/0.00,1.00/0.00,1.00/0.00,1.00/0.00,,,,,,,,,,
REL606,"590,323",DEL,"Δ10,620 bp","[insK-1], hokE, insL-3, entD, fepA, fes, ybdZ, entF",,"[insK-1], hokE, insL-3, entD, fepA, fes, ybdZ, entF",,,415250,IS150‑mediated,,,,,,,,,,,,,,,,,,,,,,,,,,,,,,,,,,,,,,,,,,,,,,,,,,,,,,,,,,,,,,,,,,,,,,,,,,,,,,,,,,,,,1.00/0.00,1.00/0.00,,,,,,,,,,,,,,,,,,,,
REL606,"1,916,742",SNP,C→A,pykA,,pyruvate kinase,,,415467,A173E (GCG→GAG),,,,,,,,,,,,,,,,,,,,,,,,,,,,,,,,,,,,,,,,,,,,,,,,,,,,,,,,,,,,,,,,,,,,,,,,,,,,,,,,,,,,,1.00/0.00,,,,,,,,,,,,,,,,,,,,,
REL606,"2,722,372",SNP,C→T,srlB,,glucitol/sorbitol-specific enzyme IIA component of PTS,,,415468,A51V (GCA→GTA),,,,,,,,,,,,,,,,,,,,,,,,,,,,,,,,,,,,,,,,,,,,,,,,,,,,,,,,,,,,,,,,,,,,,,,,,,,,,,,,,,,,,1.00/0.00,,,,,,,,,,,,,,,,,,,,,
REL606,"3,465,338",SNP,A→T,"ompR, greB",,osmolarity response regulator/transcription elongation factor GreB,,,415469,intergenic (‑70/‑158),,,,,,,,,,,,,,,,,,,,,,,,,,,,,,,,,,,,,,,,,,,,,,,,,,,,,,,,,,,,,,,,,,,,,,,,,,,,,,,,,,,,,1.00/0.00,,,,,,,,,,,,,,,,,,,,,
REL606,"3,482,835",SNP,T→A,malT,,transcriptional regulator MalT,,,415470,L384Q (CTG→CAG),,,,,,,,,,,,,,,,,,,,,,,,,,,,,,,,,,,,,,,,,,,,,,,,,,,,,,,,,,,,,,,,,,,,,,,,,,,,,,,,,,,,,1.00/0.00,,,,,,,,,,,,,,,,,,,,,
REL606,"4,022,380",SNP,G→T,"dsbA, yihF",,periplasmic protein disulfide isomerase I/hypothetical protein,,,415471,intergenic (+39/‑116),,,,,,,,,,,,,,,,,,,,,,,,,,,,,,,,,,,,,,,,,,,,,,,,,,,,,,,,,,,,,,,,,,,,,,,,,,,,,,,,,,,,,1.00/0.00,,,,,,,,,,,,,,,,,,,,,
REL606,"3,482,979",SNP,T→G,malT,,transcriptional regulator MalT,,,415251,L432R (CTA→CGA),,,,,,,,,,,,,,,,,,,,,,,,,,,,,,,,,,,,,,,,,,,,,,,,,,,,,,,,,,,,,,,,,,,,,,,,,,,,,,,,,,,,,,1.00/0.00,,,,,,,,,,,,,,,,,,,,
REL606,"17,045",MOB,IS150 (–) +3 bp,"mokC, nhaA",,"regulatory protein for HokC, overlaps CDS of hokC/pH-dependent sodium/proton antiporter",,,415156,intergenic (‑87/‑441),,,,,,,,,,,,,,,,,,,,,,,,,,,,,,,,,,,,,,,,,,,,,,,,,,,,,,,,,,,,,,,,,,,,,,,,,,,,,,,,,,,,,,,1.00/0.00,1.00/0.00,,,1.00/0.00,1.00/0.00,1.00/0.00,1.00/0.00,1.00/0.00,1.00/0.00,,,,,,,,,,
REL606,"212,865",SNP,T→C,ldcC,,"lysine decarboxylase 2, constitutive",,,415157,I115I (ATT→ATC),,,,,,,,,,,,,,,,,,,,,,,,,,,,,,,,,,,,,,,,,,,,,,,,,,,,,,,,,,,,,,,,,,,,,,,,,,,,,,,,,,,,,,,1.00/0.00,1.00/0.00,,,1.00/0.00,1.00/0.00,1.00/0.00,1.00/0.00,1.00/0.00,1.00/0.00,,,,,,,,,,
REL606,"1,733,433",SNP,G→T,pykF,,pyruvate kinase,,,415163,G157C (GGT→TGT),,,,,,,,,,,,,,,,,,,,,,,,,,,,,,,,,,,,,,,,,,,,,,,,,,,,,,,,,,,,,,,,,,,,,,,,,,,,,,,,,,,,,,,1.00/0.00,1.00/0.00,,,1.00/0.00,1.00/0.00,1.00/0.00,1.00/0.00,1.00/0.00,1.00/0.00,,,,,,,,,,
REL606,"2,009,188",SNP,G→T,"yoeD, yeeX",,conserved hypothetical protein/hypothetical protein,,,415165,intergenic (‑38/+287),,,,,,,,,,,,,,,,,,,,,,,,,,,,,,,,,,,,,,,,,,,,,,,,,,,,,,,,,,,,,,,,,,,,,,,,,,,,,,,,,,,,,,,1.00/0.00,1.00/0.00,,,1.00/0.00,1.00/0.00,1.00/0.00,1.00/0.00,1.00/0.00,1.00/0.00,,,,,,,,,,
REL606,"2,047,545",MOB,IS1 (+) +9 bp,galF,,predicted subunit with GalU,,,415166,coding (6‑14/894 nt),,,,,,,,,,,,,,,,,,,,,,,,,,,,,,,,,,,,,,,,,,,,,,,,,,,,,,,,,,,,,,,,,,,,,,,,,,,,,,,,,,,,,,,1.00/0.00,1.00/0.00,,,1.00/0.00,1.00/0.00,1.00/0.00,1.00/0.00,1.00/0.00,1.00/0.00,,,,,,,,,,
REL606,"2,251,393",SNP,G→A,napA,,"nitrate reductase, periplasmic, large subunit",,,415169,S450S (AGC→AGT),,,,,,,,,,,,,,,,,,,,,,,,,,,,,,,,,,,,,,,,,,,,,,,,,,,,,,,,,,,,,,,,,,,,,,,,,,,,,,,,,,,,,,,1.00/0.00,1.00/0.00,,,1.00/0.00,1.00/0.00,1.00/0.00,1.00/0.00,1.00/0.00,1.00/0.00,,,,,,,,,,
REL606,"2,375,267",SNP,T→G,dedD,,hypothetical protein,,,415171,K4Q (AAG→CAG),,,,,,,,,,,,,,,,,,,,,,,,,,,,,,,,,,,,,,,,,,,,,,,,,,,,,,,,,,,,,,,,,,,,,,,,,,,,,,,,,,,,,,,1.00/0.00,,,,1.00/0.00,1.00/0.00,1.00/0.00,1.00/0.00,1.00/0.00,1.00/0.00,,,,,,,,,,
REL606,"2,734,828",MOB,IS150 (–) +2 bp,ascF,,fused cellobiose/arbutin/salicin-specific PTS enzymes: IIB component/IC component,,,415172,coding (445‑446/1458 nt),,,,,,,,,,,,,,,,,,,,,,,,,,,,,,,,,,,,,,,,,,,,,,,,,,,,,,,,,,,,,,,,,,,,,,,,,,,,,,,,,,,,,,,1.00/0.00,1.00/0.00,,,1.00/0.00,1.00/0.00,1.00/0.00,1.00/0.00,1.00/0.00,1.00/0.00,,,,,,,,,,
REL606,"2,734,828",AMP,"41,050 bp x 2","[ascF], ascB, hycI, hycH, hycG, hycF, hycE, hycD, hycC, hycB, hycA, hypA, hypB, hypC, hypD, hypE, fhlA, ygbA, mutS, pphB, ygbI, ygbJ, ygbK, ygbL, ygbM, ygbN, rpoS, nlpD, pcm, surE, ygbO, ispF, ispD, ftsB, ygbE, cysC, cysN, cysD, iap, insL-5, insK-3, insJ-3",,"<i><b>42 genes</b><BR>[ascF], ascB, hycI, hycH, hycG, hycF, hycE, hycD, hycC, hycB, hycA, hypA, hypB, hypC, hypD, hypE, fhlA, ygbA, mutS, pphB, ygbI, ygbJ, ygbK, ygbL, ygbM, ygbN, rpoS, nlpD, pcm, surE, ygbO, ispF, ispD, ftsB, ygbE, cysC, cysN, cysD, iap, insL-5, insK-3, insJ-3</i>",,,415173,duplication,,,,,,,,,,,,,,,,,,,,,,,,,,,,,,,,,,,,,,,,,,,,,,,,,,,,,,,,,,,,,,,,,,,,,,,,,,,,,,,,,,,,,,,1.00/0.00,1.00/0.00,,,1.00/0.00,1.00/0.00,1.00/0.00,1.00/0.00,1.00/0.00,1.00/0.00,,,,,,,,,,
REL606,"3,024,346",DEL,"Δ55,771 bp","[insB-22], insA-22, ECB_02825, ECB_02826, ECB_02827, ECB_02828, yghD, yghE, ECB_02831, ECB_02832, ECB_02833, ECB_02834, ECB_02835, ECB_02836, ECB_02837, ECB_02838, yghF, yghG, pppA, yghJ, yghK, glcB, glcG, glcF, glcE, glcD, glcC, yghO, ECB_02851, ECB_02852, ECB_02853, ECB_02854, ECB_02855, ECB_02856, ECB_02857, ECB_02858, yghQ, yghR, yghS, yghT, pitB, gss, yghU, hybG, hybF, hybE, hybD, hybC, hybB, hybA, [hybO]",,"<i><b>51 genes</b><BR>[insB-22], insA-22, ECB_02825, ECB_02826, ECB_02827, ECB_02828, yghD, yghE, ECB_02831, ECB_02832, ECB_02833, ECB_02834, ECB_02835, ECB_02836, ECB_02837, ECB_02838, yghF, yghG, pppA, yghJ, yghK, glcB, glcG, glcF, glcE, glcD, glcC, yghO, ECB_02851, ECB_02852, ECB_02853, ECB_02854, ECB_02855, ECB_02856, ECB_02857, ECB_02858, yghQ, yghR, yghS, yghT, pitB, gss, yghU, hybG, hybF, hybE, hybD, hybC, hybB, hybA, [hybO]</i>",,,415174,IS1‑mediated,,,,,,,,,,,,,,,,,,,,,,,,,,,,,,,,,,,,,,,,,,,,,,,,,,,,,,,,,,,,,,,,,,,,,,,,,,,,,,,,,,,,,,,1.00/0.00,1.00/0.00,,,1.00/0.00,1.00/0.00,1.00/0.00,1.00/0.00,1.00/0.00,1.00/0.00,,,,,,,,,,
REL606,"3,484,254",SNP,C→T,malT,,transcriptional regulator MalT,,,415178,A857V (GCC→GTC),,,,,,,,,,,,,,,,,,,,,,,,,,,,,,,,,,,,,,,,,,,,,,,,,,,,,,,,,,,,,,,,,,,,,,,,,,,,,,,,,,,,,,,1.00/0.00,1.00/0.00,,,1.00/0.00,1.00/0.00,1.00/0.00,1.00/0.00,1.00/0.00,1.00/0.00,,,,,,,,,,
REL606,"3,542,568",MOB,IS150 (–) +2 bp,yhhT,,predicted inner membrane protein,,,415179,coding (16‑17/1050 nt),,,,,,,,,,,,,,,,,,,,,,,,,,,,,,,,,,,,,,,,,,,,,,,,,,,,,,,,,,,,,,,,,,,,,,,,,,,,,,,,,,,,,,,1.00/0.00,1.00/0.00,,,1.00/0.00,1.00/0.00,1.00/0.00,1.00/0.00,1.00/0.00,1.00/0.00,,,,,,,,,,
REL606,"4,254,662",AMP,"36,044 bp x 3","[yjcC], yjcC, soxS, soxR, yjcD, yjcE, yjcF, actP, yjcH, acs, nrfA, nrfB, nrfC, nrfD, nrfE, nrfF, nrfG, gltP, yjcO, fdhF, yjcP, yjcQ, yjcR, yjcS, alsK, alsE, alsC, alsA, [alsB]",,"<i><b>29 genes</b><BR>[yjcC], yjcC, soxS, soxR, yjcD, yjcE, yjcF, actP, yjcH, acs, nrfA, nrfB, nrfC, nrfD, nrfE, nrfF, nrfG, gltP, yjcO, fdhF, yjcP, yjcQ, yjcR, yjcS, alsK, alsE, alsC, alsA, [alsB]</i>",,,415184,amplification,,,,,,,,,,,,,,,,,,,,,,,,,,,,,,,,,,,,,,,,,,,,,,,,,,,,,,,,,,,,,,,,,,,,,,,,,,,,,,,,,,,,,,,1.00/0.00,1.00/0.00,,,1.00/0.00,1.00/0.00,1.00/0.00,1.00/0.00,1.00/0.00,1.00/0.00,,,,,,,,,,
REL606,"4,263,826",SNP,C→T,actP,,acetate permease,,,415186,V4I (GTT→ATT),,,,,,,,,,,,,,,,,,,,,,,,,,,,,,,,,,,,,,,,,,,,,,,,,,,,,,,,,,,,,,,,,,,,,,,,,,,,,,,,,,,,,,,1.00/0.00,,,,1.00/0.00,1.00/0.00,1.00/0.00,1.00/0.00,1.00/0.00,1.00/0.00,,,,,,,,,,
REL606,"4,627,769",SNP,C→A,arcA,,DNA-binding response regulator in two-component regulatory system with ArcB or CpxA,,,415189,C233F (TGT→TTT),,,,,,,,,,,,,,,,,,,,,,,,,,,,,,,,,,,,,,,,,,,,,,,,,,,,,,,,,,,,,,,,,,,,,,,,,,,,,,,,,,,,,,,1.00/0.00,1.00/0.00,,,1.00/0.00,1.00/0.00,1.00/0.00,1.00/0.00,1.00/0.00,1.00/0.00,,,,,,,,,,
REL606,"1,609,175",DEL,"Δ7,554 bp","ybcW, gnsB, ynfN, ECB_01516, cspI, ydfP, ydfQ, ydfR, essQ, ECB_01522, ECB_01523, insE-4, insF-4, [ECB_01526]",,"ybcW, gnsB, ynfN, ECB_01516, cspI, ydfP, ydfQ, ydfR, essQ, ECB_01522, ECB_01523, insE-4, insF-4, [ECB_01526]",,,415397,between IS3,,,,,,,,,,,,,,,,,,,,,,,,,,,,,,,,,,,,,,,,,,,,,,,,,,,,,,,,,,,,,,,,,,,,,,,,,,,,,,,,,,,,,,,,1.00/0.00,,,,,,,,,,,,,,,,,,
REL606,"3,727,797",SNP,T→C,yibP,,protease with a role in cell division,,,415398,L65P (CTC→CCC),,,,,,,,,,,,,,,,,,,,,,,,,,,,,,,,,,,,,,,,,,,,,,,,,,,,,,,,,,,,,,,,,,,,,,,,,,,,,,,,,,,,,,,,1.00/0.00,,,,,,,,,,,,,,,,,,
REL606,"3,911,972",DEL,(T)7→6,"yifB, ilvL",,predicted bifunctional enzyme and transcriptional regulator/ilvG operon leader peptide,,,415399,intergenic (‑173/‑150),,,,,,,,,,,,,,,,,,,,,,,,,,,,,,,,,,,,,,,,,,,,,,,,,,,,,,,,,,,,,,,,,,,,,,,,,,,,,,,,,,,,,,,,1.00/0.00,,,,,,,1.00/0.00,1.00/0.00,,,,,,,,,,
REL606,"4,395,835",SNP,A→C,yjfP,,predicted hydrolase,,,415400,T243T (ACA→ACC),,,,,,,,,,,,,,,,,,,,,,,,,,,,,,,,,,,,,,,,,,,,,,,,,,,,,,,,,,,,,,,,,,,,,,,,,,,,,,,,,,,,,,,,1.00/0.00,,,,,,,,,,,,,,,,,,
REL606,"118,857",MOB,IS150 (+) +3 bp,hofB,,conserved protein with nucleoside triphosphate hydrolase domain,,,415103,coding (1045‑1047/1386 nt),,,,,,,,,,,,,,,,,,,,,,,,,,,,,,,,,,,,,,,,,,,,,,,,,,,,,,,,,,,,,,,,,,,,,,,,,,,,,,,,,,,,,,,,,1.00/0.00,1.00/0.00,,,,,,,,,,,,,,,,
REL606,"320,993",SNP,T→G,prpR,,DNA-binding transcriptional activator,,,415104,D34A (GAT→GCT),,,,,,,,,,,,,,,,,,,,,,,,,,,,,,,,,,,,,,,,,,,,,,,,,,,,,,,,,,,,,,,,,,,,,,,,,,,,,,,,,,,,,,,,,1.00/0.00,1.00/0.00,,,,,,,,,,,,,,,,
REL606,"547,700",DEL,"Δ9,914 bp","[nmpC], ybcR, ybcS, ybcT, ybcU, ECB_00510, nohB, ECB_00512, ECB_00513, ECB_00514, [ECB_00515]",,"[nmpC], ybcR, ybcS, ybcT, ybcU, ECB_00510, nohB, ECB_00512, ECB_00513, ECB_00514, [ECB_00515]",,,415105,IS1‑mediated,,,,,,,,,,,,,,,,,,,,,,,,,,,,,,,,,,,,,,,,,,,,,,,,,,,,,,,,,,,,,,,,,,,,,,,,,,,,,,,,,,,,,,,,,1.00/0.00,1.00/0.00,,,,,,,,,,,,,,,,
REL606,"579,212",SNP,C→T,cusB,,"copper/silver efflux system, membrane fusion protein",,,415106,T277T (ACC→ACT),,,,,,,,,,,,,,,,,,,,,,,,,,,,,,,,,,,,,,,,,,,,,,,,,,,,,,,,,,,,,,,,,,,,,,,,,,,,,,,,,,,,,,,,,1.00/0.00,1.00/0.00,,,,,,,,,,,,,,,,
REL606,"831,855",MOB,IS186 (+) +6 bp,"ybiX, ybiL",,putative hydroxylase/predicted iron outer membrane transporter,,,415108,intergenic (‑23/+14),,,,,,,,,,,,,,,,,,,,,,,,,,,,,,,,,,,,,,,,,,,,,,,,,,,,,,,,,,,,,,,,,,,,,,,,,,,,,,,,,,,,,,,,,1.00/0.00,1.00/0.00,,,,,,,,,,,,,,,,
REL606,"1,075,331",SNP,T→G,torC,,"trimethylamine N-oxide (TMAO) reductase I, cytochrome c-type subunit",,,415109,Y320D (TAT→GAT),,,,,,,,,,,,,,,,,,,,,,,,,,,,,,,,,,,,,,,,,,,,,,,,,,,,,,,,,,,,,,,,,,,,,,,,,,,,,,,,,,,,,,,,,1.00/0.00,1.00/0.00,,,,,,,,,,,,,,,,
REL606,"2,032,369",DEL,"Δ23,293 bp","[manB], manC, insB-14, insA-14, wbbD, wbbC, wzy, wbbB, wbbA, vioB, vioA, wzx, rmlC, rfbA, rfbD, rfbB, galF, wcaM, wcaL, wcaK, wzxC, wcaJ, [cpsG]",,"<i><b>23 genes</b><BR>[manB], manC, insB-14, insA-14, wbbD, wbbC, wzy, wbbB, wbbA, vioB, vioA, wzx, rmlC, rfbA, rfbD, rfbB, galF, wcaM, wcaL, wcaK, wzxC, wcaJ, [cpsG]</i>",,,415111,,,,,,,,,,,,,,,,,,,,,,,,,,,,,,,,,,,,,,,,,,,,,,,,,,,,,,,,,,,,,,,,,,,,,,,,,,,,,,,,,,,,,,,,,,1.00/0.00,1.00/0.00,,,,,,,,,,,,,,,,
REL606,"2,385,257",SNP,T→C,"fabB, yfcK",,3-oxoacyl-(acyl carrier protein) synthase/hypothetical protein,,,415112,intergenic (‑60/‑99),,,,,,,,,,,,,,,,,,,,,,,,,,,,,,,,,,,,,,,,,,,,,,,,,,,,,,,,,,,,,,,,,,,,,,,,,,,,,,,,,,,,,,,,,1.00/0.00,1.00/0.00,,,,,,,,,,,,,,,,
REL606,"3,015,772",MOB,IS150 (–) +2 bp :: +CT,ECB_02816,,KpsD protein,,,415113,coding (1193‑1194/1677 nt),,,,,,,,,,,,,,,,,,,,,,,,,,,,,,,,,,,,,,,,,,,,,,,,,,,,,,,,,,,,,,,,,,,,,,,,,,,,,,,,,,,,,,,,,1.00/0.00,1.00/0.00,,,,,,,,,,,,,,,,
REL606,"3,021,983",INS,(A)9→10,ECB_02821,,hypothetical protein,,,415114,coding (702/1140 nt),,,,,,,,,,,,,,,,,,,,,,,,,,,,,,,,,,,,,,,,,,,,,,,,,,,,,,,,,,,,,,,,,,,,,,,,,,,,,,,,,,,,,,,,,1.00/0.00,1.00/0.00,,,,,,,,,,,,,,,,
REL606,"3,727,546",SNP,T→G,yibO,,phosphoglyceromutase,,,415121,G507G (GGT→GGG),,,,,,,,,,,,,,,,,,,,,,,,,,,,,,,,,,,,,,,,,,,,,,,,,,,,,,,,,,,,,,,,,,,,,,,,,,,,,,,,,,,,,,,,,1.00/0.00,1.00/0.00,,,,,,,,,,,,,,,,
REL606,"4,063,468",SNP,C→T,fdoG,,"formate dehydrogenase-O, major subunit",,,415124,A168T (GCG→ACG),,,,,,,,,,,,,,,,,,,,,,,,,,,,,,,,,,,,,,,,,,,,,,,,,,,,,,,,,,,,,,,,,,,,,,,,,,,,,,,,,,,,,,,,,1.00/0.00,1.00/0.00,,,,,,,,,,,,,,,,
REL606,"4,212,236",SNP,G→A,"lysC, pgi",,aspartate kinase III/glucose-6-phosphate isomerase,,,415127,intergenic (‑72/‑453),,,,,,,,,,,,,,,,,,,,,,,,,,,,,,,,,,,,,,,,,,,,,,,,,,,,,,,,,,,,,,,,,,,,,,,,,,,,,,,,,,,,,,,,,1.00/0.00,1.00/0.00,,,,,,,,,,,,,,,,
REL606,"4,233,294",SNP,C→T,plsB,,glycerol-3-phosphate acyltransferase,,,415128,G702D (GGC→GAC),,,,,,,,,,,,,,,,,,,,,,,,,,,,,,,,,,,,,,,,,,,,,,,,,,,,,,,,,,,,,,,,,,,,,,,,,,,,,,,,,,,,,,,,,1.00/0.00,1.00/0.00,,,,,,,,,,,,,,,,
REL606,"4,560,484",DEL,Δ1 bp,hsdM,,DNA methylase M,,,415379,coding (540/1590 nt),,,,,,,,,,,,,,,,,,,,,,,,,,,,,,,,,,,,,,,,,,,,,,,,,,,,,,,,,,,,,,,,,,,,,,,,,,,,,,,,,,,,,,,,,1.00/0.00,,,,,,,,,,,,,,,,,
REL606,"4,603,065",SNP,C→T,yjjV,,predicted DNase,,,415129,D117D (GAC→GAT),,,,,,,,,,,,,,,,,,,,,,,,,,,,,,,,,,,,,,,,,,,,,,,,,,,,,,,,,,,,,,,,,,,,,,,,,,,,,,,,,,,,,,,,,1.00/0.00,1.00/0.00,,,,,,,,,,,,,,,,
REL606,"4,616,420",SNP,G→A,nadR,,nicotinamide-nucleotide adenylyltransferase,,,415130,A298T (GCA→ACA),,,,,,,,,,,,,,,,,,,,,,,,,,,,,,,,,,,,,,,,,,,,,,,,,,,,,,,,,,,,,,,,,,,,,,,,,,,,,,,,,,,,,,,,,1.00/0.00,1.00/0.00,,,,,,,,,,,,,,,,
REL606,"1,266",SNP,A→G,thrA,,bifunctional aspartokinase I/homeserine dehydrogenase I,,,415155,N311D (AAT→GAT),,,,,,,,,,,,,,,,,,,,,,,,,,,,,,,,,,,,,,,,,,,,,,,,,,,,,,,,,,,,,,,,,,,,,,,,,,,,,,,,,,,,,,,,,,,1.00/0.00,1.00/0.00,1.00/0.00,1.00/0.00,1.00/0.00,1.00/0.00,,,,,,,,,,
REL606,"431,022",SNP,T→C,lon,,DNA-binding ATP-dependent protease La,,,415158,I27T (ATC→ACC),,,,,,,,,,,,,,,,,,,,,,,,,,,,,,,,,,,,,,,,,,,,,,,,,,,,,,,,,,,,,,,,,,,,,,,,,,,,,,,,,,,,,,,,,,,1.00/0.00,1.00/0.00,1.00/0.00,1.00/0.00,1.00/0.00,1.00/0.00,,,,,,,,,,
REL606,"931,548",SNP,A→C,ybjE,,predicted transporter,,,415159,L6* (TTA→TGA),,,,,,,,,,,,,,,,,,,,,,,,,,,,,,,,,,,,,,,,,,,,,,,,,,,,,,,,,,,,,,,,,,,,,,,,,,,,,,,,,,,,,,,,,,,1.00/0.00,1.00/0.00,1.00/0.00,1.00/0.00,1.00/0.00,1.00/0.00,,,,,,,,,,
REL606,"1,135,103",DEL,Δ14 bp,solA,,"N-methyltryptophan oxidase, FAD-binding",,,415160,coding (40‑53/1119 nt),,,,,,,,,,,,,,,,,,,,,,,,,,,,,,,,,,,,,,,,,,,,,,,,,,,,,,,,,,,,,,,,,,,,,,,,,,,,,,,,,,,,,,,,,,,1.00/0.00,1.00/0.00,1.00/0.00,1.00/0.00,1.00/0.00,1.00/0.00,,,,,,,,,,
REL606,"1,158,528",SNP,C→T,rne,,fused ribonucleaseE: endoribonuclease/RNA-binding protein/RNA degradosome binding protein,,,415161,G137S (GGT→AGT),,,,,,,,,,,,,,,,,,,,,,,,,,,,,,,,,,,,,,,,,,,,,,,,,,,,,,,,,,,,,,,,,,,,,,,,,,,,,,,,,,,,,,,,,,,1.00/0.00,1.00/0.00,1.00/0.00,1.00/0.00,1.00/0.00,1.00/0.00,,,,,,,,,,
REL606,"1,391,477",SNP,A→T,"ycjZ, mppA",,predicted DNA-binding transcriptional regulator/murein tripeptide (L-ala-gamma-D-glutamyl-meso-DAP) transporter subunit,,,415162,intergenic (+218/‑119),,,,,,,,,,,,,,,,,,,,,,,,,,,,,,,,,,,,,,,,,,,,,,,,,,,,,,,,,,,,,,,,,,,,,,,,,,,,,,,,,,,,,,,,,,,1.00/0.00,1.00/0.00,1.00/0.00,1.00/0.00,1.00/0.00,1.00/0.00,,,,,,,,,,
REL606,"2,196,654",MOB,IS150 (+) +3 bp,cirA,,ferric iron-catecholate outer membrane transporter,,,415167,coding (1352‑1354/1992 nt),,,,,,,,,,,,,,,,,,,,,,,,,,,,,,,,,,,,,,,,,,,,,,,,,,,,,,,,,,,,,,,,,,,,,,,,,,,,,,,,,,,,,,,,,,,1.00/0.00,1.00/0.00,1.00/0.00,1.00/0.00,1.00/0.00,1.00/0.00,,,,,,,,,,
REL606,"2,247,369",MOB,IS186 (+) +7 bp :: Δ1 bp,ccmA,,heme exporter subunit,,,415168,coding (259‑265/624 nt),,,,,,,,,,,,,,,,,,,,,,,,,,,,,,,,,,,,,,,,,,,,,,,,,,,,,,,,,,,,,,,,,,,,,,,,,,,,,,,,,,,,,,,,,,,1.00/0.00,1.00/0.00,1.00/0.00,1.00/0.00,1.00/0.00,1.00/0.00,,,,,,,,,,
REL606,"2,375,218",SNP,A→C,dedD,,hypothetical protein,,,415170,V20G (GTG→GGG),,,,,,,,,,,,,,,,,,,,,,,,,,,,,,,,,,,,,,,,,,,,,,,,,,,,,,,,,,,,,,,,,,,,,,,,,,,,,,,,,,,,,,,,,,,1.00/0.00,1.00/0.00,1.00/0.00,1.00/0.00,1.00/0.00,1.00/0.00,,,,,,,,,,
REL606,"3,244,197",DEL,Δ26 bp,"nlpI, pnp",,hypothetical protein/polynucleotide phosphorylase/polyadenylase,,,415175,intergenic (‑39/+45),,,,,,,,,,,,,,,,,,,,,,,,,,,,,,,,,,,,,,,,,,,,,,,,,,,,,,,,,,,,,,,,,,,,,,,,,,,,,,,,,,,,,,,,,,,1.00/0.00,1.00/0.00,1.00/0.00,1.00/0.00,1.00/0.00,1.00/0.00,,,,,,,,,,
REL606,"3,270,282",DEL,Δ165 bp,[nlp],,[nlp],,,415176,IS150‑mediated,,,,,,,,,,,,,,,,,,,,,,,,,,,,,,,,,,,,,,,,,,,,,,,,,,,,,,,,,,,,,,,,,,,,,,,,,,,,,,,,,,,,,,,,,,,1.00/0.00,1.00/0.00,1.00/0.00,1.00/0.00,1.00/0.00,1.00/0.00,,,,,,,,,,
REL606,"3,344,571",SNP,G→A,acrF,,multidrug efflux system protein,,,415177,G550R (GGA→AGA),,,,,,,,,,,,,,,,,,,,,,,,,,,,,,,,,,,,,,,,,,,,,,,,,,,,,,,,,,,,,,,,,,,,,,,,,,,,,,,,,,,,,,,,,,,1.00/0.00,1.00/0.00,1.00/0.00,1.00/0.00,1.00/0.00,1.00/0.00,,,,,,,,,,
REL606,"3,895,282",INS,+T,rbsD,,predicted cytoplasmic sugar-binding protein,,,415180,coding (125/420 nt),,,,,,,,,,,,,,,,,,,,,,,,,,,,,,,,,,,,,,,,,,,,,,,,,,,,,,,,,,,,,,,,,,,,,,,,,,,,,,,,,,,,,,,,,,,1.00/0.00,1.00/0.00,1.00/0.00,1.00/0.00,1.00/0.00,1.00/0.00,,,,,,,,,,
REL606,"4,205,902",DEL,Δ11 bp,metH,,B12-dependent methionine synthase,,,415181,coding (3144‑3154/3684 nt),,,,,,,,,,,,,,,,,,,,,,,,,,,,,,,,,,,,,,,,,,,,,,,,,,,,,,,,,,,,,,,,,,,,,,,,,,,,,,,,,,,,,,,,,,,1.00/0.00,1.00/0.00,1.00/0.00,1.00/0.00,1.00/0.00,1.00/0.00,,,,,,,,,,
REL606,"4,225,078",SNP,G→A,malE,,maltose ABC transporter periplasmic protein,,,415182,R92C (CGC→TGC),,,,,,,,,,,,,,,,,,,,,,,,,,,,,,,,,,,,,,,,,,,,,,,,,,,,,,,,,,,,,,,,,,,,,,,,,,,,,,,,,,,,,,,,,,,1.00/0.00,1.00/0.00,1.00/0.00,1.00/0.00,1.00/0.00,1.00/0.00,,,,,,,,,,
REL606,"4,254,662",DEL,"Δ36,044 bp","[yjcC], yjcC, soxS, soxR, yjcD, yjcE, yjcF, actP, yjcH, acs, nrfA, nrfB, nrfC, nrfD, nrfE, nrfF, nrfG, gltP, yjcO, fdhF, yjcP, yjcQ, yjcR, yjcS, alsK, alsE, alsC, alsA, [alsB]",,"<i><b>29 genes</b><BR>[yjcC], yjcC, soxS, soxR, yjcD, yjcE, yjcF, actP, yjcH, acs, nrfA, nrfB, nrfC, nrfD, nrfE, nrfF, nrfG, gltP, yjcO, fdhF, yjcP, yjcQ, yjcR, yjcS, alsK, alsE, alsC, alsA, [alsB]</i>",,,415183,IS1‑mediated,,,,,,,,,,,,,,,,,,,,,,,,,,,,,,,,,,,,,,,,,,,,,,,,,,,,,,,,,,,,,,,,,,,,,,,,,,,,,,,,,,,,,,,,,,,1.00/0.00,1.00/0.00,1.00/0.00,1.00/0.00,1.00/0.00,1.00/0.00,,,,,,,,,,
REL606,"4,261,613",AMP,"29,093 bp x 2","[yjcF], actP, yjcH, acs, nrfA, nrfB, nrfC, nrfD, nrfE, nrfF, nrfG, gltP, yjcO, fdhF, yjcP, yjcQ, yjcR, yjcS, alsK, alsE, alsC, alsA, [alsB]",,"<i><b>23 genes</b><BR>[yjcF], actP, yjcH, acs, nrfA, nrfB, nrfC, nrfD, nrfE, nrfF, nrfG, gltP, yjcO, fdhF, yjcP, yjcQ, yjcR, yjcS, alsK, alsE, alsC, alsA, [alsB]</i>",,,415185,duplication,,,,,,,,,,,,,,,,,,,,,,,,,,,,,,,,,,,,,,,,,,,,,,,,,,,,,,,,,,,,,,,,,,,,,,,,,,,,,,,,,,,,,,,,,,,1.00/0.00,1.00/0.00,1.00/0.00,1.00/0.00,1.00/0.00,1.00/0.00,,,,,,,,,,
REL606,"4,378,459",SNP,C→T,hfq,,RNA-binding protein Hfq,,,415187,S6F (TCT→TTT),,,,,,,,,,,,,,,,,,,,,,,,,,,,,,,,,,,,,,,,,,,,,,,,,,,,,,,,,,,,,,,,,,,,,,,,,,,,,,,,,,,,,,,,,,,1.00/0.00,1.00/0.00,1.00/0.00,1.00/0.00,1.00/0.00,1.00/0.00,,,,,,,,,,
REL606,"1,812,463",SNP,G→T,ydjZ,,conserved inner membrane protein,,,415164,R143L (CGC→CTC),,,,,,,,,,,,,,,,,,,,,,,,,,,,,,,,,,,,,,,,,,,,,,,,,,,,,,,,,,,,,,,,,,,,,,,,,,,,,,,,,,,,,,,,,,,,1.00/0.00,,,,,,,,,,,,,,
REL606,"122,591",SNP,T→A,ampE,,predicted inner membrane protein,,,415190,R169R (CGT→CGA),,,,,,,,,,,,,,,,,,,,,,,,,,,,,,,,,,,,,,,,,,,,,,,,,,,,,,,,,,,,,,,,,,,,,,,,,,,,,,,,,,,,,,,,,,,,,1.00/0.00,1.00/0.00,1.00/0.00,1.00/0.00,,,,,,,,,,
REL606,"145,609",SNP,C→T,yadG,,predicted transporter subunit: ATP-binding component of ABC superfamily,,,415191,L10F (CTT→TTT),,,,,,,,,,,,,,,,,,,,,,,,,,,,,,,,,,,,,,,,,,,,,,,,,,,,,,,,,,,,,,,,,,,,,,,,,,,,,,,,,,,,,,,,,,,,,1.00/0.00,1.00/0.00,1.00/0.00,1.00/0.00,,,,,,,,,,
REL606,"190,922",SNP,C→T,glnD,,PII uridylyl-transferase,,,415192,D191N (GAC→AAC),,,,,,,,,,,,,,,,,,,,,,,,,,,,,,,,,,,,,,,,,,,,,,,,,,,,,,,,,,,,,,,,,,,,,,,,,,,,,,,,,,,,,,,,,,,,,1.00/0.00,1.00/0.00,1.00/0.00,1.00/0.00,,,,,,,,,,
REL606,"209,958",SNP,C→T,dnaE,,DNA polymerase III subunit alpha,,,415193,P664L (CCG→CTG),,,,,,,,,,,,,,,,,,,,,,,,,,,,,,,,,,,,,,,,,,,,,,,,,,,,,,,,,,,,,,,,,,,,,,,,,,,,,,,,,,,,,,,,,,,,,1.00/0.00,1.00/0.00,1.00/0.00,1.00/0.00,,,,,,,,,,
REL606,"433,833",DEL,Δ1 bp,"hupB, ppiD",,"HU, DNA-binding transcriptional regulator, beta subunit/peptidyl-prolyl cis-trans isomerase (rotamase D)",,,415194,intergenic (+55/‑137),,,,,,,,,,,,,,,,,,,,,,,,,,,,,,,,,,,,,,,,,,,,,,,,,,,,,,,,,,,,,,,,,,,,,,,,,,,,,,,,,,,,,,,,,,,,,1.00/0.00,1.00/0.00,1.00/0.00,1.00/0.00,,,,,,,,,,
REL606,"887,917",AMP,"27,056 bp x 2","[ECB_00825], ECB_00826, ECB_00827, ECB_00828, ECB_00829, ECB_00830, ECB_00831, ECB_00832, ECB_00833, ECB_00834, ECB_00835, ECB_00836, ECB_00837, ECB_00838, ECB_00839, ECB_00840, ECB_00841, ECB_00842, ECB_00843, ECB_00844, ECB_00845, ECB_00846, tfaE, ECB_00848, ECB_00849, ECB_00850, ECB_00851, ybjL, ybjM, grxA, ybjC, nfsA, rimK, ybjN, potF, potG, potH, potI, [ybjO]",,"<i><b>39 genes</b><BR>[ECB_00825], ECB_00826, ECB_00827, ECB_00828, ECB_00829, ECB_00830, ECB_00831, ECB_00832, ECB_00833, ECB_00834, ECB_00835, ECB_00836, ECB_00837, ECB_00838, ECB_00839, ECB_00840, ECB_00841, ECB_00842, ECB_00843, ECB_00844, ECB_00845, ECB_00846, tfaE, ECB_00848, ECB_00849, ECB_00850, ECB_00851, ybjL, ybjM, grxA, ybjC, nfsA, rimK, ybjN, potF, potG, potH, potI, [ybjO]</i>",,,415195,duplication,,,,,,,,,,,,,,,,,,,,,,,,,,,,,,,,,,,,,,,,,,,,,,,,,,,,,,,,,,,,,,,,,,,,,,,,,,,,,,,,,,,,,,,,,,,,,1.00/0.00,1.00/0.00,1.00/0.00,1.00/0.00,,,,,,,,,,
REL606,"962,005",MOB,IS186 (+) +6 bp,"dmsC, ycaC",,"dimethyl sulfoxide reductase, anaerobic, subunit C/predicted hydrolase",,,415196,intergenic (+16/+14),,,,,,,,,,,,,,,,,,,,,,,,,,,,,,,,,,,,,,,,,,,,,,,,,,,,,,,,,,,,,,,,,,,,,,,,,,,,,,,,,,,,,,,,,,,,,1.00/0.00,1.00/0.00,1.00/0.00,1.00/0.00,,,,,,,,,,
REL606,"1,317,194",SNP,G→A,trpC,,bifunctional indole-3-glycerol phosphate synthase/phosphoribosylanthranilate isomerase,,,415197,G62G (GGC→GGT),,,,,,,,,,,,,,,,,,,,,,,,,,,,,,,,,,,,,,,,,,,,,,,,,,,,,,,,,,,,,,,,,,,,,,,,,,,,,,,,,,,,,,,,,,,,,1.00/0.00,1.00/0.00,1.00/0.00,1.00/0.00,,,,,,,,,,
REL606,"1,746,206",DEL,(T)7→6,"ydiJ, ydiK",,predicted FAD-linked oxidoreductase/predicted inner membrane protein,,,415198,intergenic (‑254/‑135),,,,,,,,,,,,,,,,,,,,,,,,,,,,,,,,,,,,,,,,,,,,,,,,,,,,,,,,,,,,,,,,,,,,,,,,,,,,,,,,,,,,,,,,,,,,,1.00/0.00,1.00/0.00,1.00/0.00,1.00/0.00,,,,,,,,,,
REL606,"1,975,011",MOB,IS1 (–) +9 bp,yedV,,predicted sensory kinase in two-component regulatory system with YedW,,,415199,coding (1133‑1141/1359 nt),,,,,,,,,,,,,,,,,,,,,,,,,,,,,,,,,,,,,,,,,,,,,,,,,,,,,,,,,,,,,,,,,,,,,,,,,,,,,,,,,,,,,,,,,,,,,1.00/0.00,1.00/0.00,1.00/0.00,1.00/0.00,,,,,,,,,,
REL606,"2,171,132",SNP,C→G,bglX,,"beta-D-glucoside glucohydrolase, periplasmic",,,415200,S699T (AGT→ACT),,,,,,,,,,,,,,,,,,,,,,,,,,,,,,,,,,,,,,,,,,,,,,,,,,,,,,,,,,,,,,,,,,,,,,,,,,,,,,,,,,,,,,,,,,,,,1.00/0.00,,,,,,,,,,,,,
REL606,"2,296,626",SNP,G→T,"yfaH, glpQ",,hypothetical protein/periplasmic glycerophosphodiester phosphodiesterase,,,415201,intergenic (+25/+17),,,,,,,,,,,,,,,,,,,,,,,,,,,,,,,,,,,,,,,,,,,,,,,,,,,,,,,,,,,,,,,,,,,,,,,,,,,,,,,,,,,,,,,,,,,,,1.00/0.00,1.00/0.00,1.00/0.00,1.00/0.00,,,,,,,,,,
REL606,"2,513,745",SNP,G→A,ECB_02364,,hypothetical protein,,,415202,W52* (TGG→TGA),,,,,,,,,,,,,,,,,,,,,,,,,,,,,,,,,,,,,,,,,,,,,,,,,,,,,,,,,,,,,,,,,,,,,,,,,,,,,,,,,,,,,,,,,,,,,1.00/0.00,1.00/0.00,1.00/0.00,1.00/0.00,,,,,,,,,,
REL606,"3,872,959",SNP,C→A,glmS,,D-fructose-6-phosphate amidotransferase,,,415203,G359V (GGC→GTC),,,,,,,,,,,,,,,,,,,,,,,,,,,,,,,,,,,,,,,,,,,,,,,,,,,,,,,,,,,,,,,,,,,,,,,,,,,,,,,,,,,,,,,,,,,,,1.00/0.00,1.00/0.00,1.00/0.00,1.00/0.00,,,,,,,,,,
REL606,"4,462,769",MOB,IS1 (+) +9 bp,yjgN,,conserved inner membrane protein,,,415204,coding (7‑15/1197 nt),,,,,,,,,,,,,,,,,,,,,,,,,,,,,,,,,,,,,,,,,,,,,,,,,,,,,,,,,,,,,,,,,,,,,,,,,,,,,,,,,,,,,,,,,,,,,1.00/0.00,1.00/0.00,1.00/0.00,1.00/0.00,,,,,,,,,,
REL606,"23,674",MOB,IS150 (+) +4 bp,insB-1,,IS1 protein InsB,,,415430,coding (135‑138/504 nt),,,,,,,,,,,,,,,,,,,,,,,,,,,,,,,,,,,,,,,,,,,,,,,,,,,,,,,,,,,,,,,,,,,,,,,,,,,,,,,,,,,,,,,,,,,,,,1.00/0.00,1.00/0.00,1.00/0.00,,,,,,,,,,
REL606,"2,775,881",DEL,Δ1 bp,"insJ-3, cysH",,IS150 hypothetical protein/phosphoadenosine phosphosulfate reductase,,,415498,intergenic (‑51/+198),,,,,,,,,,,,,,,,,,,,,,,,,,,,,,,,,,,,,,,,,,,,,,,,,,,,,,,,,,,,,,,,,,,,,,,,,,,,,,,,,,,,,,,,,,,,,,1.00/0.00,,,,,,,,,,,,
REL606,"4,261,613",DEL,"Δ29,861 bp","[yjcF], actP, yjcH, acs, nrfA, nrfB, nrfC, nrfD, nrfE, nrfF, nrfG, gltP, yjcO, fdhF, yjcP, yjcQ, yjcR, yjcS, alsK, alsE, alsC, alsA, alsB, [rpiR]",,"<i><b>24 genes</b><BR>[yjcF], actP, yjcH, acs, nrfA, nrfB, nrfC, nrfD, nrfE, nrfF, nrfG, gltP, yjcO, fdhF, yjcP, yjcQ, yjcR, yjcS, alsK, alsE, alsC, alsA, alsB, [rpiR]</i>",,,415494,IS1‑mediated,,,,,,,,,,,,,,,,,,,,,,,,,,,,,,,,,,,,,,,,,,,,,,,,,,,,,,,,,,,,,,,,,,,,,,,,,,,,,,,,,,,,,,,,,,,,,,1.00/0.00,,1.00/0.00,,,,,,,,,,
REL606,"428,531",SNP,G→T,clpX,,ATP-dependent protease ATP-binding subunit,,,415431,R134L (CGC→CTC),,,,,,,,,,,,,,,,,,,,,,,,,,,,,,,,,,,,,,,,,,,,,,,,,,,,,,,,,,,,,,,,,,,,,,,,,,,,,,,,,,,,,,,,,,,,,,,1.00/0.00,1.00/0.00,,,,,,,,,,
REL606,"2,039,520",SNP,C→A,wbbA,,putative glycosyltransferase WbbA,,,415432,A59S (GCT→TCT),,,,,,,,,,,,,,,,,,,,,,,,,,,,,,,,,,,,,,,,,,,,,,,,,,,,,,,,,,,,,,,,,,,,,,,,,,,,,,,,,,,,,,,,,,,,,,,1.00/0.00,,,,,,,,,,,
REL606,"2,207,132",SNP,C→T,yeiL,,DNA-binding transcriptional activator of stationary phase nitrogen survival,,,415433,N197N (AAC→AAT),,,,,,,,,,,,,,,,,,,,,,,,,,,,,,,,,,,,,,,,,,,,,,,,,,,,,,,,,,,,,,,,,,,,,,,,,,,,,,,,,,,,,,,,,,,,,,,1.00/0.00,,,,,,,,,,,
REL606,"2,545,946",SNP,G→T,ppx,,exopolyphosphatase,,,415434,D5Y (GAT→TAT),,,,,,,,,,,,,,,,,,,,,,,,,,,,,,,,,,,,,,,,,,,,,,,,,,,,,,,,,,,,,,,,,,,,,,,,,,,,,,,,,,,,,,,,,,,,,,,1.00/0.00,,,,,,,,,,,
REL606,"3,260,653",SNP,T→A,hflB,,"protease, ATP-dependent zinc-metallo",,,415435,Q506L (CAG→CTG),,,,,,,,,,,,,,,,,,,,,,,,,,,,,,,,,,,,,,,,,,,,,,,,,,,,,,,,,,,,,,,,,,,,,,,,,,,,,,,,,,,,,,,,,,,,,,,1.00/0.00,1.00/0.00,,,,,,,,,,
REL606,"3,312,946",SNP,G→A,argR,,arginine repressor,,,415436,G116D (GGC→GAC),,,,,,,,,,,,,,,,,,,,,,,,,,,,,,,,,,,,,,,,,,,,,,,,,,,,,,,,,,,,,,,,,,,,,,,,,,,,,,,,,,,,,,,,,,,,,,,1.00/0.00,1.00/0.00,,,,,,,,,,
REL606,"3,490,064",SNP,G→A,"glpG, glpE",,predicted intramembrane serine protease/thiosulfate sulfurtransferase,,,415437,intergenic (‑11/+34),,,,,,,,,,,,,,,,,,,,,,,,,,,,,,,,,,,,,,,,,,,,,,,,,,,,,,,,,,,,,,,,,,,,,,,,,,,,,,,,,,,,,,,,,,,,,,,1.00/0.00,1.00/0.00,,,,,,,,,,
REL606,"4,022,420",SNP,A→G,"dsbA, yihF",,periplasmic protein disulfide isomerase I/hypothetical protein,,,415438,intergenic (+79/‑76),,,,,,,,,,,,,,,,,,,,,,,,,,,,,,,,,,,,,,,,,,,,,,,,,,,,,,,,,,,,,,,,,,,,,,,,,,,,,,,,,,,,,,,,,,,,,,,1.00/0.00,1.00/0.00,,,,,,,,,,
REL606,"4,110,237",MOB,IS150 (–) +3 bp,metL,,bifunctional aspartate kinase II/homoserine dehydrogenase II,,,415439,coding (296‑298/2433 nt),,,,,,,,,,,,,,,,,,,,,,,,,,,,,,,,,,,,,,,,,,,,,,,,,,,,,,,,,,,,,,,,,,,,,,,,,,,,,,,,,,,,,,,,,,,,,,,1.00/0.00,,,,,,,,,,,
REL606,"4,262,863",SNP,C→T,actP,,acetate permease,,,415440,A325T (GCG→ACG),,,,,,,,,,,,,,,,,,,,,,,,,,,,,,,,,,,,,,,,,,,,,,,,,,,,,,,,,,,,,,,,,,,,,,,,,,,,,,,,,,,,,,,,,,,,,,,1.00/0.00,1.00/0.00,,,,,,,,,,
REL606,"4,439,732",DEL,Δ1 bp,mpl,,UDP-N-acetylmuramate:L-alanyl-gamma-D-glutamyl- meso-diaminopimelate ligase,,,415441,coding (698/1374 nt),,,,,,,,,,,,,,,,,,,,,,,,,,,,,,,,,,,,,,,,,,,,,,,,,,,,,,,,,,,,,,,,,,,,,,,,,,,,,,,,,,,,,,,,,,,,,,,1.00/0.00,1.00/0.00,,,,,,,,,,
REL606,"887,915",AMP,"27,056 bp x 2","[ECB_00825], ECB_00826, ECB_00827, ECB_00828, ECB_00829, ECB_00830, ECB_00831, ECB_00832, ECB_00833, ECB_00834, ECB_00835, ECB_00836, ECB_00837, ECB_00838, ECB_00839, ECB_00840, ECB_00841, ECB_00842, ECB_00843, ECB_00844, ECB_00845, ECB_00846, tfaE, ECB_00848, ECB_00849, ECB_00850, ECB_00851, ybjL, ybjM, grxA, ybjC, nfsA, rimK, ybjN, potF, potG, potH, potI, [ybjO]",,"<i><b>39 genes</b><BR>[ECB_00825], ECB_00826, ECB_00827, ECB_00828, ECB_00829, ECB_00830, ECB_00831, ECB_00832, ECB_00833, ECB_00834, ECB_00835, ECB_00836, ECB_00837, ECB_00838, ECB_00839, ECB_00840, ECB_00841, ECB_00842, ECB_00843, ECB_00844, ECB_00845, ECB_00846, tfaE, ECB_00848, ECB_00849, ECB_00850, ECB_00851, ybjL, ybjM, grxA, ybjC, nfsA, rimK, ybjN, potF, potG, potH, potI, [ybjO]</i>",,,415490,duplication,,,,,,,,,,,,,,,,,,,,,,,,,,,,,,,,,,,,,,,,,,,,,,,,,,,,,,,,,,,,,,,,,,,,,,,,,,,,,,,,,,,,,,,,,,,,,,,,1.00/0.00,,,,,,,,,,
REL606,"1,110,574",SNP,T→G,insF-1,,putative transposase for IS3,,,415491,K268Q (AAG→CAG),,,,,,,,,,,,,,,,,,,,,,,,,,,,,,,,,,,,,,,,,,,,,,,,,,,,,,,,,,,,,,,,,,,,,,,,,,,,,,,,,,,,,,,,,,,,,,,,1.00/0.00,,,,,,,,,,
REL606,"1,609,130",SNP,A→C,insF-3,,putative transposase for IS3,,,415492,K285Q (AAG→CAG),,,,,,,,,,,,,,,,,,,,,,,,,,,,,,,,,,,,,,,,,,,,,,,,,,,,,,,,,,,,,,,,,,,,,,,,,,,,,,,,,,,,,,,,,,,,,,,,1.00/0.00,,,,,,,,,,
REL606,"3,883,431",INS,+T,gidB,,glucose-inhibited division protein; b3740_1,,,415493,pseudogene (178/186 nt),,,,,,,,,,,,,,,,,,,,,,,,,,,,,,,,,,,,,,,,,,,,,,,,,,,,,,,,,,,,,,,,,,,,,,,,,,,,,,,,,,,,,,,,,,,,,,,,1.00/0.00,,,,,,,,,,
REL606,"1,733,172",SNP,C→A,pykF,,pyruvate kinase,,,414855,P70T (CCG→ACG),,,,,,,,,,,,,,,,,,,,,,,,,,,,,,,,,,,,,,,,,,,,,,,,,,,,,,,,,,,,,,,,,,,,,,,,,,,,,,,,,,,,,,,,,,,,,,,,,1.00/0.00,,1.00/0.00,1.00/0.00,1.00/0.00,1.00/0.00,1.00/0.00,1.00/0.00,1.00/0.00,1.00/0.00
REL606,"3,762,117",SNP,A→T,spoT,,"bifunctional (p)ppGpp synthetase II/ guanosine-3',5'-bis pyrophosphate 3'-pyrophosphohydrolase",,,414857,N454I (AAT→ATT),,,,,,,,,,,,,,,,,,,,,,,,,,,,,,,,,,,,,,,,,,,,,,,,,,,,,,,,,,,,,,,,,,,,,,,,,,,,,,,,,,,,,,,,,,,,,,,,,1.00/0.00,1.00/0.00,1.00/0.00,1.00/0.00,1.00/0.00,1.00/0.00,1.00/0.00,1.00/0.00,1.00/0.00,1.00/0.00
REL606,"3,894,997",DEL,"Δ1,225 bp","rbsD, [rbsA]",,"rbsD, [rbsA]",,,415515,IS150‑mediated,,,,,,,,,,,,,,,,,,,,,,,,,,,,,,,,,,,,,,,,,,,,,,,,,,,,,,,,,,,,,,,,,,,,,,,,,,,,,,,,,,,,,,,,,,,,,,,,,,1.00/0.00,,,,,,,,
REL606,"650,542",SNP,T→G,mrdA,,transpeptidase involved in peptidoglycan synthesis (penicillin-binding protein 2),,,414854,Q87P (CAG→CCG),,,,,,,,,,,,,,,,,,,,,,,,,,,,,,,,,,,,,,,,,,,,,,,,,,,,,,,,,,,,,,,,,,,,,,,,,,,,,,,,,,,,,,,,,,,,,,,,,,,1.00/0.00,,,,1.00/0.00,1.00/0.00,,
REL606,"3,894,997",DEL,"Δ3,182 bp","rbsD, rbsA, rbsC, [rbsB]",,"rbsD, rbsA, rbsC, [rbsB]",,,415402,IS150‑mediated,,,,,,,,,,,,,,,,,,,,,,,,,,,,,,,,,,,,,,,,,,,,,,,,,,,,,,,,,,,,,,,,,,,,,,,,,,,,,,,,,,,,,,,,,,,,,,,,,,,1.00/0.00,,,,,,,
REL606,"650,281",SNP,T→A,mrdA,,transpeptidase involved in peptidoglycan synthesis (penicillin-binding protein 2),,,415392,H174L (CAC→CTC),,,,,,,,,,,,,,,,,,,,,,,,,,,,,,,,,,,,,,,,,,,,,,,,,,,,,,,,,,,,,,,,,,,,,,,,,,,,,,,,,,,,,,,,,,,,,,,,,,,,1.00/0.00,,,,,,
REL606,"3,327,682",SNP,A→C,mreC,,cell wall structural complex MreBCD transmembrane component MreC,,,415243,V63G (GTA→GGA),,,,,,,,,,,,,,,,,,,,,,,,,,,,,,,,,,,,,,,,,,,,,,,,,,,,,,,,,,,,,,,,,,,,,,,,,,,,,,,,,,,,,,,,,,,,,,,,,,,,,1.00/0.00,,,,,
REL606,"4,201,923",SNP,C→A,iclR,,DNA-binding transcriptional repressor,,,415244,D213Y (GAT→TAT),,,,,,,,,,,,,,,,,,,,,,,,,,,,,,,,,,,,,,,,,,,,,,,,,,,,,,,,,,,,,,,,,,,,,,,,,,,,,,,,,,,,,,,,,,,,,,,,,,,,,1.00/0.00,,,,,
REL606,"651,631",SNP,T→A,"ybeB, phpB",,hypothetical protein/predicted alpha-ribazole-5'-P phosphatase,,,415482,intergenic (‑11/+249),,,,,,,,,,,,,,,,,,,,,,,,,,,,,,,,,,,,,,,,,,,,,,,,,,,,,,,,,,,,,,,,,,,,,,,,,,,,,,,,,,,,,,,,,,,,,,,,,,,,,,1.00/0.00,,,,
REL606,"3,183,267",SNP,G→T,yqjK,,hypothetical protein,,,415483,A53S (GCG→TCG),,,,,,,,,,,,,,,,,,,,,,,,,,,,,,,,,,,,,,,,,,,,,,,,,,,,,,,,,,,,,,,,,,,,,,,,,,,,,,,,,,,,,,,,,,,,,,,,,,,,,,1.00/0.00,,,,
REL606,"3,894,997",DEL,"Δ6,462 bp","rbsD, rbsA, rbsC, rbsB, rbsK, rbsR, [yieO]",,"rbsD, rbsA, rbsC, rbsB, rbsK, rbsR, [yieO]",,,415484,IS150‑mediated,,,,,,,,,,,,,,,,,,,,,,,,,,,,,,,,,,,,,,,,,,,,,,,,,,,,,,,,,,,,,,,,,,,,,,,,,,,,,,,,,,,,,,,,,,,,,,,,,,,,,,1.00/0.00,,,,
REL606,"2,771,293",SNP,T→A,"cysD, iap",,sulfate adenylyltransferase subunit 2/aminopeptidase in alkaline phosphatase isozyme conversion,,,414856,intergenic (‑103/‑149),,,,,,,,,,,,,,,,,,,,,,,,,,,,,,,,,,,,,,,,,,,,,,,,,,,,,,,,,,,,,,,,,,,,,,,,,,,,,,,,,,,,,,,,,,,,,,,,,,,,,,,1.00/0.00,1.00/0.00,,
REL606,"3,894,997",DEL,"Δ6,417 bp","rbsD, rbsA, rbsC, rbsB, rbsK, rbsR, [yieO]",,"rbsD, rbsA, rbsC, rbsB, rbsK, rbsR, [yieO]",,,414858,IS150‑mediated,,,,,,,,,,,,,,,,,,,,,,,,,,,,,,,,,,,,,,,,,,,,,,,,,,,,,,,,,,,,,,,,,,,,,,,,,,,,,,,,,,,,,,,,,,,,,,,,,,,,,,,1.00/0.00,1.00/0.00,,
REL606,"648,665",INS,+AGA,mrdB,,cell wall shape-determining protein,,,415061,coding (233/1113 nt),,,,,,,,,,,,,,,,,,,,,,,,,,,,,,,,,,,,,,,,,,,,,,,,,,,,,,,,,,,,,,,,,,,,,,,,,,,,,,,,,,,,,,,,,,,,,,,,,,,,,,,,,1.00/0.00,1.00/0.00
REL606,"3,866,286",SNP,G→A,bglG,,transcriptional antiterminator of the bgl operon,,,415064,L217F (CTT→TTT),,,,,,,,,,,,,,,,,,,,,,,,,,,,,,,,,,,,,,,,,,,,,,,,,,,,,,,,,,,,,,,,,,,,,,,,,,,,,,,,,,,,,,,,,,,,,,,,,,,,,,,,,1.00/0.00,1.00/0.00
REL606,"3,894,997",DEL,"Δ5,160 bp","rbsD, rbsA, rbsC, rbsB, rbsK, [rbsR]",,"rbsD, rbsA, rbsC, rbsB, rbsK, [rbsR]",,,415066,IS150‑mediated,,,,,,,,,,,,,,,,,,,,,,,,,,,,,,,,,,,,,,,,,,,,,,,,,,,,,,,,,,,,,,,,,,,,,,,,,,,,,,,,,,,,,,,,,,,,,,,,,,,,,,,,,1.00/0.00,1.00/0.00
REL606,"4,202,524",SNP,T→G,iclR,,DNA-binding transcriptional repressor,,,415067,K12N (AAA→AAC),,,,,,,,,,,,,,,,,,,,,,,,,,,,,,,,,,,,,,,,,,,,,,,,,,,,,,,,,,,,,,,,,,,,,,,,,,,,,,,,,,,,,,,,,,,,,,,,,,,,,,,,,1.00/0.00,1.00/0.00
REL606,"4,266,333",SNP,A→T,"acs, nrfA",,"acetyl-coenzyme A synthetase/nitrite reductase, formate-dependent, cytochrome",,,415068,intergenic (‑29/‑364),,,,,,,,,,,,,,,,,,,,,,,,,,,,,,,,,,,,,,,,,,,,,,,,,,,,,,,,,,,,,,,,,,,,,,,,,,,,,,,,,,,,,,,,,,,,,,,,,,,,,,,,,1.00/0.00,1.00/0.00
REL606,"1,537,299",DEL,"Δ3,108 bp","[dos], [yddV]",,"[dos], [yddV]",,,415062,,,,,,,,,,,,,,,,,,,,,,,,,,,,,,,,,,,,,,,,,,,,,,,,,,,,,,,,,,,,,,,,,,,,,,,,,,,,,,,,,,,,,,,,,,,,,,,,,,,,,,,,,,,1.00/0.00
REL606,"3,893,549",DEL,Δ2 bp,"kup, insJ-5",,potassium transporter/IS150 hypothetical protein,,,415065,intergenic (+4/‑51),,,,,,,,,,,,,,,,,,,,,,,,,,,,,,,,,,,,,,,,,,,,,,,,,,,,,,,,,,,,,,,,,,,,,,,,,,,,,,,,,,,,,,,,,,,,,,,,,,,,,,,,,,1.00/0.00
