bnum,gene,fitval,Categ
b0114,aceE,-2.6365,Essen
b4214,cysQ,-3.7775,Essen
b0049,apaH,-3.6135,Essen
b2818,argA,-3.267,Essen
b3959,argB,-3.96,Essen
b3958,argC,-3.6825,Essen
b3172,argG,-4.2695,Essen
b0908,aroA,-4.827500000000001,Essen
b3389,aroB,-5.343,Essen
b2329,aroC,-4.739,Essen
b1693,aroD,-5.4575,Essen
b3281,aroE,-5.3475,Essen
b3390,aroK,-3.654,Essen
b0032,carA,-3.751,Essen
b0033,carB,-4.3465,Essen
b2422,cysA,-2.181,Essen
b2750,cysC,-3.694,Essen
b2752,cysD,-2.5725,Essen
b3368,cysG,-2.9400000000000004,Essen
b2762,cysH,-4.147,Essen
b2763,cysI,-2.947,Essen
b2764,cysJ,-3.1654999999999998,Essen
b2414,cysK,-4.454,Essen
b2751,cysN,-2.6235,Essen
b0145,dksA,-4.2945,Essen
b0759,galE,-2.503,Essen
b0757,galK,-2.4484999999999997,Essen
b0758,galT,-3.045,Essen
b3741,mnmG,-2.606,Essen
b3870,glnA,-2.7615,Essen
b0720,gltA,-3.6630000000000003,Essen
b2024,hisA,-4.328,Essen
b2022,hisB,-5.013,Essen
b2021,hisC,-4.439,Essen
b2020,hisD,-4.4535,Essen
b2025,hisF,-4.7735,Essen
b2019,hisG,-4.1625,Essen
b2023,hisH,-4.989000000000001,Essen
b2026,hisI,-3.1885000000000003,Essen
b3772,ilvA,-4.404,Essen
b3671,ilvB,-2.8945,Essen
b3774,ilvC,-5.125500000000001,Essen
b3771,ilvD,-5.236000000000001,Essen
b3770,ilvE,-5.2885,Essen
b0439,lon,-2.2465,Essen
b0889,lrp,-2.5745,Essen
b2838,lysA,-5.1850000000000005,Essen
b2839,lysR,-3.213,Essen
b3236,mdh,-2.2835,Essen
b4013,metA,-2.6595,Essen
b3939,metB,-2.971,Essen
b3008,metC,-3.1574999999999998,Essen
b3829,metE,-4.066000000000001,Essen
b3941,metF,-4.411,Essen
b3828,metR,-4.3805,Essen
b4171,miaA,-3.0250000000000004,Essen
b3405,ompR,-2.7065,Essen
b0052,pdxA,-3.607,Essen
b2564,pdxJ,-2.7725,Essen
b3916,pfkA,-2.112,Essen
b2599,pheA,-3.3064999999999998,Essen
b1130,phoP,-4.037,Essen
b1129,phoQ,-3.979,Essen
b3728,pstS,-3.145,Essen
b3956,ppc,-4.1525,Essen
b0243,proA,-4.306,Essen
b0242,proB,-4.3275,Essen
b0386,proC,-4.598,Essen
b3725,pstB,-2.105,Essen
b4177,purA,-2.59,Essen
b2476,purC,-4.755000000000001,Essen
b4005,purD,-4.636,Essen
b0523,purE,-5.1935,Essen
b2312,purF,-4.173,Essen
b4006,purH,-4.9635,Essen
b0522,purK,-4.612,Essen
b2557,purL,-4.2995,Essen
b2499,purM,-4.7005,Essen
b2500,purN,-2.368,Essen
b4245,pyrB,-3.122,Essen
b1062,pyrC,-3.149,Essen
b0945,pyrD,-3.048,Essen
b3642,pyrE,-3.9130000000000003,Essen
b1281,pyrF,-3.2089999999999996,Essen
b2913,serA,-4.9725,Essen
b4388,serB,-4.6690000000000005,Essen
b0907,serC,-5.4155,Essen
b3650,spoT,-2.089,Essen
b0726,sucA,-3.0140000000000002,Essen
b0002,thrA,-3.9835000000000003,Essen
b0003,thrB,-3.7279999999999998,Essen
b0004,thrC,-5.505000000000001,Essen
b3290,trkA,-2.0975,Essen
b1260,trpA,-5.6155,Essen
b1261,trpB,-5.0405,Essen
b1262,trpC,-2.8194999999999997,Essen
b1263,trpD,-3.2015000000000002,Essen
b2600,tyrA,-4.0395,Essen
b2479,gcvR,-2.6719999999999997,Essen
b3960,argH,-4.772,Essen
b0074,leuA,-4.9145,Essen
b3957,argE,-3.9255000000000004,Essen
b0142,folK,-3.1035,Essen
b2501,ppk,-2.5345,Essen
b0071,leuD,-5.369,Essen
b0072,leuC,-5.319,Essen
b0073,leuB,-5.003,Essen
b0630,lipB,-2.067,Essen
b3204,ptsN,-2.7635,Essen
b2188,lapC,-4.4675,Essen
b0688,pgm,-2.01,Essen
b0118,acnB,-2.719,Essen
b2320,pdxB,-2.8535,Essen
b1292,sapC,-2.1165000000000003,Essen
b1192,ldcA,-4.5785,Essen
b2340,sixA,-2.3635,Essen
b2830,rppH,-2.1665,Essen
b3386,rpe,-2.2225,Essen
b3252,csrD,-0.6435,Important
b0564,appY,-0.9295,Important
b3237,argR,-1.4285,Important
b2601,aroF,-1.055,Important
b0928,aspC,-1.748,Important
b3572,avtA,-0.5785,Important
b1709,btuD,-0.6305000000000001,Important
b0437,clpP,-1.2275,Important
b0438,clpX,-1.2885,Important
b2313,cvpA,-0.9805,Important
b0429,cyoD,-0.704,Important
b2425,cysP,-1.0350000000000001,Important
b2424,cysU,-1.7655,Important
b2423,cysW,-1.815,Important
b3162,deaD,-0.7735000000000001,Important
b4042,dgkA,-1.6949999999999998,Important
b0015,dnaJ,-0.558,Important
b0014,dnaK,-1.2905000000000002,Important
b1850,eda,-0.5815,Important
b3404,envZ,-0.965,Important
b3006,exbB,-0.5385,Important
b3005,exbD,-0.5035,Important
b0592,fepB,-1.4505,Important
b0588,fepC,-1.7745000000000002,Important
b0590,fepD,-1.686,Important
b0589,fepG,-1.4834999999999998,Important
b0585,fes,-1.7065,Important
b3844,fre,-1.3585,Important
b2167,fruA,-0.627,Important
b2168,fruK,-1.297,Important
b0080,cra,-0.6244999999999999,Important
b3463,ftsE,-0.8520000000000001,Important
b0683,fur,-1.7365,Important
b3426,glpD,-0.596,Important
b3926,glpK,-0.631,Important
b3212,gltB,-0.6675,Important
b3213,gltD,-0.727,Important
b2029,gnd,-0.5619999999999999,Important
b1712,ihfA,-1.7525,Important
b0912,ihfB,-1.4395,Important
b2318,truA,-0.724,Important
b4018,iclR,-0.9864999999999999,Important
b0078,ilvH,-0.9825,Important
b0077,ilvI,-1.02,Important
b3670,ilvN,-0.7829999999999999,Important
b3773,ilvY,-1.7205,Important
b1677,lpp,-0.8215,Important
b2149,mglA,-0.5225,Important
b2150,mglB,-0.7655,Important
b0088,murD,-1.2445,Important
b0750,nadA,-1.3425,Important
b2574,nadB,-0.578,Important
b2518,ndk,-1.041,Important
b3169,nusA,-1.1305,Important
b2215,ompC,-1.0150000000000001,Important
b0741,pal,-0.98,Important
b4025,pgi,-0.7495,Important
b3726,pstA,-1.4455,Important
b3727,pstC,-0.7549999999999999,Important
b2820,recB,-1.4009999999999998,Important
b2822,recC,-1.0805,Important
b2784,relA,-1.7215000000000003,Important
b3619,rfaD,-1.65,Important
b3842,rfaH,-0.646,Important
b2567,rnc,-1.707,Important
b1084,rne,-1.1135000000000002,Important
b1863,ruvC,-1.2530000000000001,Important
b0723,sdhA,-0.6755,Important
b0724,sdhB,-0.7330000000000001,Important
b0721,sdhC,-1.0265,Important
b0722,sdhD,-0.6489999999999999,Important
b3609,secB,-0.956,Important
b0053,surA,-1.1705,Important
b0406,tgt,-0.909,Important
b3706,mnmE,-1.9535,Important
b0436,tig,-0.536,Important
b0739,tolA,-1.9295,Important
b0740,tolB,-1.5630000000000002,Important
b3035,tolC,-0.5035000000000001,Important
b0737,tolQ,-1.884,Important
b0738,tolR,-1.599,Important
b1252,tonB,-0.8505,Important
b3849,trkH,-1.9855,Important
b1264,trpE,-1.747,Important
b3781,trxA,-1.766,Important
b0888,trxB,-1.1925,Important
b3811,xerC,-1.3605,Important
b2894,xerD,-0.9364999999999999,Important
b0113,pdhR,-1.4615,Important
b0407,yajC,-0.5145,Important
b0880,cspD,-0.5774999999999999,Important
b1257,yciE,-1.1705,Important
b1865,nudB,-0.568,Important
b2912,fau,-0.7304999999999999,Important
b3121,yhaC,-0.5835,Important
b3621,waaC,-1.2725,Important
b4179,rnr,-0.794,Important
b3672,ivbL,-1.365,Important
b0001,thrL,-0.6675000000000001,Important
b4246,pyrL,-1.018,Important
b0075,leuL,-1.4875,Important
b3860,dsbA,-0.5115000000000001,Important
b3247,rng,-1.4955,Important
b1576,ydfD,-0.6685,Important
b1236,galU,-1.827,Important
b3631,waaG,-0.8945000000000001,Important
b3630,waaP,-0.8680000000000001,Important
b0605,ahpC,-0.8049999999999999,Important
b4239,treC,-1.1275,Important
b2935,tktA,-0.9915,Important
b3962,sthA,-1.255,Important
b4480,hdfR,-1.17,Important
b3764,maoP,-1.726,Important
b3786,wecB,-0.5215,Important
b3787,wecC,-0.583,Important
b3790,rffC,-0.6795,Important
b3791,wecE,-0.8915,Important
b3839,tatC,-0.64,Important
b3792,wzxE,-0.866,Important
b3483,yhhH,-1.667,Important
b0109,nadC,-0.8835,Important
b3994,thiC,-0.9125000000000001,Important
b3993,thiE,-0.8215,Important
b3992,thiF,-0.8885000000000001,Important
b3991,thiG,-0.636,Important
b3990,thiH,-0.87,Important
b1286,rnb,-0.518,Important
b0755,gpmA,-0.7274999999999999,Important
b0200,gmhB,-1.767,Important
b0131,panD,-0.5974999999999999,Important
b0501,ybbD,-0.7055,Important
b2277,nuoM,-1.3005,Important
b2284,nuoF,-1.2235,Important
b2620,smpB,-1.0310000000000001,Important
b4045,yjbJ,-0.7045,Important
b3292,zntR,-0.774,Important
b2288,nuoA,-1.1115,Important
b2287,nuoB,-1.2954999999999999,Important
b2286,nuoC,-1.16,Important
b2285,nuoE,-1.959,Important
b2283,nuoG,-1.399,Important
b2282,nuoH,-1.258,Important
b2281,nuoI,-1.1365,Important
b2280,nuoJ,-1.1335,Important
b2279,nuoK,-1.093,Important
b2278,nuoL,-1.1764999999999999,Important
b2276,nuoN,-1.5670000000000002,Important
b4375,prfC,-1.3929999999999998,Important
b1235,rssB,-1.035,Important
b2207,napD,-0.5455,Important
b2943,galP,-1.593,Important
b0623,cspE,-0.619,Important
b3620,waaF,-1.6840000000000002,Important
b3469,zntA,-1.491,Important
b3493,pitA,-0.6725,Important
b1291,sapD,-1.3815,Important
b1290,sapF,-1.992,Important
b0101,yacG,-0.57,Important
b1859,znuB,-1.008,Important
b1269,rluB,-0.7195,Important
b2330,prmB,-1.8425,Important
b4242,mgtA,-1.9050000000000002,Important
b4279,nanX,-0.5905,Important
b3026,qseC,-1.2175,Important
b1426,ydcH,-0.859,Important
b1273,yciN,-1.5025,Important
b2297,pta,-1.287,Important
b2911,ssrS,-0.8625,Important
b4508,peaD,-0.5735,Important
b4590,ybfK,-0.6,Important
b4702,mgtL,-1.8005,Important
b4704,arrS,-0.593,Important
b4647,mokA,-0.5005,Important
b4418,sraB,-0.6255,Important
b4606,ypfM,-0.5895,Important
b4414,tff,-0.833,Important
b4453,ldrD,-0.5630000000000001,Important
b4407,thiS,-1.113,Important
b0222,gmhA,-1.463,Important
b0326,yahL,-0.5165,Important
b0423,thiI,-0.8354999999999999,Important
b0506,allR,-0.7055,Important
b0580,ybdJ,-0.5785,Important
b0603,citR,-0.8755,Important
b0705,ybfL,-0.521,Important
b0767,pgl,-1.5990000000000002,Important
b0890,ftsK,-1.6680000000000001,Important
b1144,ymfJ,-0.6185,Important
b1167,ymgC,-1.115,Important
b1409,ynbB,-0.643,Important
b1497,ydeM,-0.749,Important
b1502,ydeQ,-0.5425,Important
b1545,pinQ,-1.5805,Important
b1730,ydjO,-0.6990000000000001,Important
b1827,kdgR,-0.7115,Important
b1857,znuA,-0.643,Important
b1858,znuC,-0.7105,Important
b4497,yeeL,-0.759,Important
b1984,asnW,-0.6859999999999999,Important
b2055,wcaE,-1.101,Important
b2082,ogrK,-0.6220000000000001,Important
b2103,thiD,-0.9159999999999999,Important
b2293,hxpA,-0.7090000000000001,Important
b2300,yfcE,-0.626,Important
b2456,eutN,-0.613,Important
b2611,ypjD,-0.8015,Important
b2625,yfjI,-0.5880000000000001,Important
b2735,ygbI,-0.51,Important
b2847,yqeI,-0.5865,Important
b2853,ygeI,-0.5815,Important
b3002,yqhA,-0.501,Important
b3052,hldE,-1.8485,Important
b3082,higA,-1.3795000000000002,Important
b3398,igaA,-0.7380000000000001,Important
b3442,yhhZ,-0.878,Important
b4481,wecF,-0.899,Important
b4128,ghoS,-0.552,Important
b4222,ytfP,-0.5405,Important
b4253,yjgL,-0.5369999999999999,Important
b2169,fruB,-0.56,Important
b1861,ruvA,-1.0565,Important
b1860,ruvB,-1.1165,Important
b4053,alr,0.055499999999999994,No_effect
b0764,modB,0.08299999999999999,No_effect
b2413,cysZ,-0.111,No_effect
b4123,dcuB,0.0245,No_effect
b2307,hisM,-0.095,No_effect
b4003,zraS,0.139,No_effect
b1456,rhsE,-0.0105,No_effect
b0006,yaaA,-0.16799999999999998,No_effect
b1856,mepM,0.08249999999999999,No_effect
b2470,acrD,-0.088,No_effect
b2516,rodZ,-0.1025,No_effect
b3126,garL,-0.276,No_effect
b3912,cpxR,0.48050000000000004,No_effect
b4352,yjiA,-0.057,No_effect
b4015,aceA,0.1825,No_effect
b4016,aceK,0.011999999999999997,No_effect
b0902,pflA,-0.4445,No_effect
b2213,ada,-0.1355,No_effect
b1623,add,-0.1065,No_effect
b1241,adhE,0.357,No_effect
b1002,agp,0.062,No_effect
b1415,aldA,0.32,No_effect
b1300,puuC,-0.0175,No_effect
b2212,alkB,0.063,No_effect
b1982,amn,0.0885,No_effect
b4150,ampC,0.019999999999999997,No_effect
b0110,ampD,-0.2495,No_effect
b0111,ampE,-0.05550000000000001,No_effect
b1739,osmE,-0.0545,No_effect
b1767,ansA,-0.036500000000000005,No_effect
b2957,ansB,0.1085,No_effect
b0050,apaG,-0.111,No_effect
b0980,appA,-0.1385,No_effect
b0469,apt,0.0235,No_effect
b0064,araC,0.056,No_effect
b0061,araD,-0.153,No_effect
b2841,araE,0.0205,No_effect
b1901,araF,-0.182,No_effect
b1900,araG,-0.2,No_effect
b4460,araH,0.2305,No_effect
b0396,araJ,0.0165,No_effect
b3210,arcB,0.3375,No_effect
b3359,argD,-0.134,No_effect
b0273,argF,0.077,No_effect
b4254,argI,-0.3325,No_effect
b2310,argT,-0.0005,No_effect
b0754,aroG,-0.1985,No_effect
b1704,aroH,-0.325,No_effect
b0388,aroL,0.1545,No_effect
b0390,aroM,-0.2705,No_effect
b0112,aroP,0.032,No_effect
b2716,ascB,-0.1155,No_effect
b2715,ascF,-0.177,No_effect
b2714,ascG,-0.2595,No_effect
b3801,aslA,-0.026,No_effect
b3800,aslB,-0.0615,No_effect
b3744,asnA,0.009999999999999998,No_effect
b0674,asnB,0.013999999999999999,No_effect
b3743,asnC,0.0595,No_effect
b4139,aspA,-0.062,No_effect
b3739,atpI,0.023,No_effect
b2480,bcp,-0.131,No_effect
b0311,betA,-0.0865,No_effect
b0312,betB,0.044,No_effect
b0313,betI,0.1015,No_effect
b0314,betT,-0.0885,No_effect
b3336,bfr,-0.1565,No_effect
b3721,bglB,0.0645,No_effect
b3722,bglF,0.033,No_effect
b3723,bglG,0.0,No_effect
b0774,bioA,-0.16699999999999998,No_effect
b0775,bioB,-0.1985,No_effect
b0777,bioC,-0.205,No_effect
b0778,bioD,-0.247,No_effect
b0776,bioF,0.029999999999999992,No_effect
b3412,bioH,0.0495,No_effect
b3973,birA,-0.17950000000000002,No_effect
b3551,bisC,0.022000000000000002,No_effect
b0435,bolA,0.3035,No_effect
b3966,btuB,-0.20650000000000002,No_effect
b1711,btuC,-0.2405,No_effect
b1710,btuE,-0.309,No_effect
b1270,btuR,0.1255,No_effect
b4131,cadA,0.006,No_effect
b4132,cadB,-0.005500000000000001,No_effect
b4133,cadC,0.072,No_effect
b2143,cdd,-0.2225,No_effect
b3918,cdh,0.0565,No_effect
b1738,chbB,-0.0335,No_effect
b1737,chbC,0.049,No_effect
b1735,chbR,-0.13999999999999999,No_effect
b1734,chbF,-0.16549999999999998,No_effect
b4400,creD,-0.101,No_effect
b1888,cheA,0.16999999999999998,No_effect
b1883,cheB,-0.1205,No_effect
b1884,cheR,0.027999999999999997,No_effect
b1887,cheW,0.091,No_effect
b1882,cheY,0.229,No_effect
b1881,cheZ,-0.23750000000000002,No_effect
b0765,modC,0.263,No_effect
b0827,moeA,-0.15100000000000002,No_effect
b0826,moeB,0.148,No_effect
b2155,cirA,0.1245,No_effect
b0882,clpA,0.285,No_effect
b2592,clpB,-0.028499999999999998,No_effect
b4213,cpdB,0.11049999999999999,No_effect
b2049,cpsB,-0.148,No_effect
b2048,cpsG,-0.203,No_effect
b3911,cpxA,-0.21649999999999997,No_effect
b0598,cstA,-0.0925,No_effect
b3806,cyaA,0.205,No_effect
b1418,cybB,0.0635,No_effect
b0340,cynS,-0.21150000000000002,No_effect
b0339,cynT,-0.1385,No_effect
b0341,cynX,-0.10450000000000001,No_effect
b0432,cyoA,-0.424,No_effect
b0431,cyoB,-0.3565,No_effect
b0430,cyoC,-0.419,No_effect
b0428,cyoE,-0.459,No_effect
b2421,cysM,-0.1205,No_effect
b3934,cytR,-0.06249999999999999,No_effect
b0632,dacA,-0.32899999999999996,No_effect
b3182,dacB,0.041499999999999995,No_effect
b0839,dacC,-0.1285,No_effect
b3387,dam,-0.2485,No_effect
b1343,dbpA,0.275,No_effect
b1961,dcm,0.37150000000000005,No_effect
b1538,dcp,0.0465,No_effect
b0381,ddlA,-0.0025,No_effect
b0092,ddlB,-0.27949999999999997,No_effect
b2317,dedA,0.096,No_effect
b4382,deoA,0.051000000000000004,No_effect
b4383,deoB,-0.1965,No_effect
b4381,deoC,-0.0565,No_effect
b4384,deoD,-0.067,No_effect
b0840,deoR,-0.33999999999999997,No_effect
b0160,dgt,0.10750000000000001,No_effect
b1575,dicB,-0.44099999999999995,No_effect
b1569,dicC,0.193,No_effect
b2321,flk,0.17,No_effect
b2133,dld,0.043000000000000003,No_effect
b0894,dmsA,0.059000000000000004,No_effect
b0895,dmsB,-0.0155,No_effect
b0896,dmsC,0.075,No_effect
b0211,mltD,-0.1075,No_effect
b3544,dppA,0.005000000000000001,No_effect
b2366,dsdA,-0.2155,No_effect
b2365,dsdX,0.035500000000000004,No_effect
b3076,ebgA,-0.10600000000000001,No_effect
b3077,ebgC,-0.048,No_effect
b3075,ebgR,-0.1305,No_effect
b2209,eco,0.145,No_effect
b1851,edd,0.061,No_effect
b0596,entA,-0.0030000000000000027,No_effect
b0595,entB,0.068,No_effect
b0593,entC,0.03,No_effect
b0583,entD,0.0615,No_effect
b0594,entE,-0.0685,No_effect
b0586,entF,-0.1505,No_effect
b3265,acrE,0.0365,No_effect
b3266,acrF,-0.005500000000000001,No_effect
b0566,envY,-0.1515,No_effect
b3845,fadA,0.005000000000000001,No_effect
b3846,fadB,0.17400000000000002,No_effect
b2344,fadL,0.1225,No_effect
b1187,fadR,-0.028000000000000025,No_effect
b4232,fbp,-0.194,No_effect
b3891,fdhE,0.0125,No_effect
b4079,fdhF,-0.03,No_effect
b4291,fecA,-0.011,No_effect
b4290,fecB,-0.104,No_effect
b4289,fecC,-0.075,No_effect
b4288,fecD,0.2535,No_effect
b4287,fecE,0.1135,No_effect
b4293,fecI,0.043000000000000003,No_effect
b4292,fecR,0.006499999999999999,No_effect
b0584,fepA,-0.36850000000000005,No_effect
b0587,fepE,-0.0045000000000000005,No_effect
b2731,fhlA,-0.006,No_effect
b0150,fhuA,0.07050000000000001,No_effect
b0153,fhuB,0.0095,No_effect
b0151,fhuC,0.198,No_effect
b0152,fhuD,0.197,No_effect
b1102,fhuE,-0.053500000000000006,No_effect
b3361,fic,0.008499999999999999,No_effect
b4314,fimA,0.21549999999999997,No_effect
b4312,fimB,0.0935,No_effect
b4316,fimC,0.063,No_effect
b4317,fimD,0.077,No_effect
b4313,fimE,-0.22899999999999998,No_effect
b4319,fimG,0.0315,No_effect
b4320,fimH,-0.0195,No_effect
b3261,fis,-0.0475,No_effect
b1891,flhC,-0.1095,No_effect
b1892,flhD,0.14200000000000002,No_effect
b1923,fliC,0.037,No_effect
b1944,fliL,0.017,No_effect
b1945,fliM,0.07100000000000001,No_effect
b1946,fliN,0.177,No_effect
b1334,fnr,0.017,No_effect
b3635,mutM,0.025500000000000002,No_effect
b4154,frdA,0.126,No_effect
b4153,frdB,0.194,No_effect
b4152,frdC,-0.032,No_effect
b4151,frdD,-0.020499999999999997,No_effect
b3465,rsmD,-0.15,No_effect
b3462,ftsX,-0.496,No_effect
b2800,fucA,-0.01,No_effect
b2802,fucI,-0.0395,No_effect
b2803,fucK,-0.02,No_effect
b2799,fucO,0.0195,No_effect
b2801,fucP,-0.0815,No_effect
b2805,fucR,-0.10200000000000001,No_effect
b2804,fucU,-0.2175,No_effect
b1612,fumA,-0.139,No_effect
b4122,fumB,0.041999999999999996,No_effect
b1611,fumC,0.399,No_effect
b2662,gabT,0.009000000000000008,No_effect
b2927,epd,-0.404,No_effect
b0124,gcd,0.105,No_effect
b2904,gcvH,0.232,No_effect
b1761,gdhA,-0.20049999999999998,No_effect
b0018,mokC,0.4175,No_effect
b3447,ggt,-0.1325,No_effect
b3740,rsmG,0.2455,No_effect
b3429,glgA,0.1275,No_effect
b3432,glgB,0.176,No_effect
b3430,glgC,0.1045,No_effect
b3428,glgP,-0.3075,No_effect
b3431,glgX,-0.2955,No_effect
b2553,glnB,0.128,No_effect
b3868,glnG,0.29700000000000004,No_effect
b0811,glnH,-0.0905,No_effect
b3869,glnL,0.013499999999999998,No_effect
b0810,glnP,-0.001,No_effect
b0809,glnQ,0.0855,No_effect
b2241,glpA,0.161,No_effect
b2242,glpB,-0.06,No_effect
b2243,glpC,0.0645,No_effect
b3425,glpE,-0.3635,No_effect
b3927,glpF,-0.323,No_effect
b3424,glpG,-0.013000000000000001,No_effect
b2239,glpQ,-0.194,No_effect
b3423,glpR,-0.2845,No_effect
b2240,glpT,0.0665,No_effect
b4077,gltP,0.237,No_effect
b3653,gltS,0.016999999999999994,No_effect
b3500,gor,-0.30050000000000004,No_effect
b3779,gpp,-0.472,No_effect
b0238,gpt,-0.40349999999999997,No_effect
b2614,grpE,0.3325,No_effect
b0849,grxA,-0.3755,No_effect
b2688,gshA,0.05650000000000001,No_effect
b2947,gshB,-0.3485,No_effect
b0104,guaC,-0.319,No_effect
b1619,hdhA,0.108,No_effect
b0962,helD,-0.068,No_effect
b3803,hemX,-0.1485,No_effect
b3802,hemY,-0.0935,No_effect
b4175,hflC,0.123,No_effect
b4174,hflK,0.23099999999999998,No_effect
b4173,hflX,-0.0645,No_effect
b0460,hha,-0.1685,No_effect
b1507,hipA,0.043,No_effect
b2306,hisP,-0.0665,No_effect
b0178,skp,0.015,No_effect
b2552,hmp,0.027500000000000004,No_effect
b4349,hsdM,-0.005999999999999998,No_effect
b4350,hsdR,0.096,No_effect
b4348,hsdS,0.0205,No_effect
b0473,htpG,-0.08399999999999999,No_effect
b1829,htpX,-0.028,No_effect
b0161,degP,-0.261,No_effect
b4000,hupA,-0.027000000000000024,No_effect
b0440,hupB,-0.4565,No_effect
b0972,hyaA,0.0695,No_effect
b0973,hyaB,-0.017,No_effect
b0974,hyaC,-0.34850000000000003,No_effect
b0975,hyaD,0.014499999999999999,No_effect
b0976,hyaE,-0.22250000000000003,No_effect
b0977,hyaF,-0.05500000000000001,No_effect
b2725,hycA,0.039,No_effect
b2724,hycB,0.1085,No_effect
b2723,hycC,-0.108,No_effect
b2722,hycD,-0.078,No_effect
b2721,hycE,0.0395,No_effect
b2720,hycF,0.029,No_effect
b2719,hycG,0.083,No_effect
b2718,hycH,0.14550000000000002,No_effect
b4004,zraR,0.006500000000000002,No_effect
b2726,hypA,0.1885,No_effect
b2727,hypB,0.13,No_effect
b2728,hypC,-0.0425,No_effect
b2729,hypD,-0.139,No_effect
b2730,hypE,-0.16499999999999998,No_effect
b2753,iap,-0.078,No_effect
b2916,argP,-0.202,No_effect
b0537,intD,0.05,No_effect
b1732,katE,0.317,No_effect
b2741,rpoS,0.30100000000000005,No_effect
b3942,katG,-0.097,No_effect
b3617,kbl,-0.149,No_effect
b0698,kdpA,0.13,No_effect
b0697,kdpB,0.083,No_effect
b0696,kdpC,-0.033999999999999996,No_effect
b0695,kdpD,-0.16,No_effect
b0694,kdpE,-0.0565,No_effect
b0047,kefC,0.012,No_effect
b2587,kgtP,0.4265,No_effect
b0051,rsmA,-0.314,No_effect
b0342,lacA,0.0295,No_effect
b0345,lacI,-0.0735,No_effect
b0343,lacY,-0.037,No_effect
b4036,lamB,-0.049,No_effect
b2569,lepA,-0.123,No_effect
b0076,leuO,-0.3095,No_effect
b1139,lit,-0.1905,No_effect
b3454,livF,-0.0275,No_effect
b3455,livG,0.006999999999999999,No_effect
b3457,livH,-0.088,No_effect
b3460,livJ,0.093,No_effect
b3458,livK,0.036500000000000005,No_effect
b3456,livM,-0.034,No_effect
b4024,lysC,-0.2455,No_effect
b4129,lysU,-0.022500000000000003,No_effect
b4034,malE,-0.1075,No_effect
b4033,malF,-0.03,No_effect
b4032,malG,0.1315,No_effect
b1620,malI,0.0635,No_effect
b4035,malK,-0.2845,No_effect
b4037,malM,0.091,No_effect
b3417,malP,-0.1205,No_effect
b3416,malQ,-0.09949999999999999,No_effect
b3418,malT,0.028000000000000004,No_effect
b1621,malX,-0.142,No_effect
b1622,malY,0.15,No_effect
b0403,malZ,-0.09100000000000001,No_effect
b1613,manA,-0.3085,No_effect
b1817,manX,-0.34650000000000003,No_effect
b1818,manY,-0.37150000000000005,No_effect
b1819,manZ,-0.119,No_effect
b2783,mazE,0.086,No_effect
b2781,mazG,-0.1445,No_effect
b1159,mcrA,-0.19849999999999998,No_effect
b4346,mcrB,-0.0695,No_effect
b4345,mcrC,-0.07300000000000001,No_effect
b4119,melA,0.031,No_effect
b4120,melB,-0.0405,No_effect
b2264,menD,-0.151,No_effect
b2328,mepA,0.078,No_effect
b2114,metG,-0.079,No_effect
b4019,metH,-0.077,No_effect
b3940,metL,-0.2705,No_effect
b2148,mglC,-0.2615,No_effect
b1176,minC,-0.0315,No_effect
b1175,minD,-0.34450000000000003,No_effect
b1890,motA,-0.16,No_effect
b1889,motB,-0.0295,No_effect
b2684,mprA,-0.2285,No_effect
b0149,mrcB,-0.43900000000000006,No_effect
b3250,mreC,-0.0215,No_effect
b2113,mrp,-0.121,No_effect
b4351,mrr,-0.10200000000000001,No_effect
b1855,lpxM,0.22500000000000003,No_effect
b3599,mtlA,0.0014999999999999996,No_effect
b3600,mtlD,-0.0765,No_effect
b3161,mtr,0.11249999999999999,No_effect
b2831,mutH,-0.256,No_effect
b2733,mutS,-0.006999999999999999,No_effect
b0099,mutT,-0.179,No_effect
b2961,mutY,0.0175,No_effect
b3924,fpr,-0.0475,No_effect
b0543,emrE,0.10300000000000001,No_effect
b0678,nagB,0.358,No_effect
b0675,umpH,0.154,No_effect
b0679,nagE,0.0015000000000000005,No_effect
b3225,nanA,0.0745,No_effect
b1224,narG,0.032,No_effect
b1225,narH,-0.222,No_effect
b1227,narI,0.10149999999999999,No_effect
b1226,narJ,0.026999999999999996,No_effect
b1223,narK,0.376,No_effect
b1221,narL,0.3295,No_effect
b1465,narV,-0.182,No_effect
b1466,narW,-0.0995,No_effect
b1222,narX,0.135,No_effect
b1467,narY,-0.25,No_effect
b1468,narZ,-0.1395,No_effect
b1109,ndh,-0.242,No_effect
b2159,nfo,-0.076,No_effect
b0019,nhaA,0.0885,No_effect
b3365,nirB,0.012499999999999999,No_effect
b3367,nirC,0.059,No_effect
b3366,nirD,0.047,No_effect
b3188,sfsB,-0.2545,No_effect
b3661,nlpA,-0.009000000000000001,No_effect
b2477,bamC,-0.1205,No_effect
b0553,nmpC,0.0945,No_effect
b1633,nth,-0.33899999999999997,No_effect
b2964,nupG,0.043500000000000004,No_effect
b1335,ogt,0.13,No_effect
b0957,ompA,-0.469,No_effect
b0929,ompF,-0.306,No_effect
b0565,ompT,-0.028499999999999998,No_effect
b1243,oppA,0.07749999999999999,No_effect
b1244,oppB,-0.1345,No_effect
b1245,oppC,-0.21700000000000003,No_effect
b1246,oppD,-0.0225,No_effect
b1247,oppF,0.1555,No_effect
b1283,osmB,-0.016,No_effect
b1482,osmC,0.064,No_effect
b3961,oxyR,-0.3085,No_effect
b3360,pabA,0.028,No_effect
b1812,pabB,-0.063,No_effect
b3258,panF,-0.067,No_effect
b3403,pck,0.251,No_effect
b2743,pcm,0.022499999999999992,No_effect
b0143,pcnB,-0.358,No_effect
b4260,pepA,-0.14600000000000002,No_effect
b0237,pepD,-0.189,No_effect
b0932,pepN,-0.1245,No_effect
b2908,pepP,-0.33799999999999997,No_effect
b3847,pepQ,0.005499999999999998,No_effect
b1723,pfkB,-0.023500000000000004,No_effect
b0903,pflB,-0.21350000000000002,No_effect
b0418,pgpA,0.022999999999999993,No_effect
b1278,pgpB,0.4155,No_effect
b0576,pheP,0.1235,No_effect
b4108,yjdM,-0.23399999999999999,No_effect
b4107,yjdN,-0.1785,No_effect
b4106,phnC,-0.102,No_effect
b4105,phnD,0.111,No_effect
b4102,phnF,-0.236,No_effect
b4101,phnG,-0.3295,No_effect
b4100,phnH,0.07250000000000001,No_effect
b4099,phnI,0.0105,No_effect
b4098,phnJ,-0.1295,No_effect
b4097,phnK,0.155,No_effect
b4096,phnL,0.1005,No_effect
b4095,phnM,-0.08750000000000001,No_effect
b4094,phnN,0.004500000000000004,No_effect
b4093,phnO,0.097,No_effect
b4092,phnP,-0.039,No_effect
b0383,phoA,0.159,No_effect
b0399,phoB,-0.16899999999999998,No_effect
b0241,phoE,0.0335,No_effect
b4399,creC,-0.051000000000000004,No_effect
b0400,phoR,-0.172,No_effect
b0708,phr,-0.053000000000000005,No_effect
b1158,pinE,0.053500000000000006,No_effect
b3821,pldA,-0.017,No_effect
b3825,pldB,-0.0235,No_effect
b4041,plsB,-0.497,No_effect
b4235,tldE,0.266,No_effect
b0931,pncB,-0.0895,No_effect
b3164,pnp,-0.4195,No_effect
b1603,pntA,-0.2875,No_effect
b1602,pntB,-0.15050000000000002,No_effect
b3863,polA,-0.379,No_effect
b0060,polB,-0.046,No_effect
b3396,mrcA,0.054000000000000006,No_effect
b1126,potA,-0.462,No_effect
b1125,potB,0.0029999999999999957,No_effect
b1124,potC,-0.123,No_effect
b1123,potD,0.1385,No_effect
b0692,potE,0.044500000000000005,No_effect
b0871,poxB,-0.1195,No_effect
b3363,ppiA,-0.121,No_effect
b1702,ppsA,-0.0245,No_effect
b1830,prc,-0.422,No_effect
b3935,priA,-0.324,No_effect
b4201,priB,-0.39849999999999997,No_effect
b0467,priC,-0.254,No_effect
b2677,proV,-0.01,No_effect
b2678,proW,0.032,No_effect
b2679,proX,0.1005,No_effect
b1304,pspA,-0.134,No_effect
b1305,pspB,-0.20450000000000002,No_effect
b1306,pspC,-0.21400000000000002,No_effect
b1307,pspD,-0.2535,No_effect
b1308,pspE,-0.081,No_effect
b2821,ptrA,-0.10450000000000001,No_effect
b1101,ptsG,0.0475,No_effect
b1658,purR,-0.0695,No_effect
b1014,putA,0.1325,No_effect
b1015,putP,0.0935,No_effect
b1854,pykA,0.037,No_effect
b1676,pykF,0.2695,No_effect
b4244,pyrI,-0.22999999999999998,No_effect
b0405,queA,-0.38549999999999995,No_effect
b1351,racC,-0.4395,No_effect
b3749,rbsA,0.062,No_effect
b3751,rbsB,-0.03,No_effect
b3750,rbsC,-0.073,No_effect
b3748,rbsD,0.1225,No_effect
b3752,rbsK,0.2665,No_effect
b3753,rbsR,0.47550000000000003,No_effect
b1951,rcsA,-0.121,No_effect
b2217,rcsB,-0.15849999999999997,No_effect
b2218,rcsC,-0.0005000000000000004,No_effect
b2699,recA,-0.1305,No_effect
b2819,recD,-0.1125,No_effect
b1350,recE,0.123,No_effect
b3700,recF,-0.2025,No_effect
b3652,recG,-0.268,No_effect
b2892,recJ,0.048,No_effect
b2616,recN,-0.021,No_effect
b2565,recO,-0.2375,No_effect
b3822,recQ,-0.0735,No_effect
b0472,recR,-0.011000000000000003,No_effect
b3778,rep,-0.0645,No_effect
b3784,rfe,-0.38849999999999996,No_effect
b1924,fliD,0.060000000000000005,No_effect
b3906,rhaR,-0.0945,No_effect
b3905,rhaS,-0.0645,No_effect
b3780,rhlB,-0.0945,No_effect
b3593,rhsA,0.0795,No_effect
b3482,rhsB,0.041,No_effect
b0700,rhsC,-0.0915,No_effect
b0497,rhsD,-0.004000000000000001,No_effect
b1066,rimJ,-0.037,No_effect
b0852,rimK,-0.11549999999999999,No_effect
b1427,rimL,0.416,No_effect
b0633,rlpA,-0.1065,No_effect
b0641,lptE,0.2195,No_effect
b0611,rna,0.012,No_effect
b1804,rnd,-0.10400000000000001,No_effect
b0183,rnhB,-0.015999999999999986,No_effect
b3643,rph,-0.144,No_effect
b4203,rplI,0.034499999999999996,No_effect
b3636,rpmG,-0.3415,No_effect
b3649,rpoZ,-0.3025,No_effect
b3341,rpsG,0.3055,No_effect
b4202,rpsR,0.114,No_effect
b1905,ftnA,-0.458,No_effect
b2011,sbcB,0.0645,No_effect
b0397,sbcC,0.0275,No_effect
b0377,sbmA,0.1185,No_effect
b3917,sbp,0.013999999999999999,No_effect
b1814,sdaA,-0.4355,No_effect
b1916,sdiA,0.1595,No_effect
b3591,selA,-0.0195,No_effect
b3590,selB,0.1095,No_effect
b1764,selD,-0.1235,No_effect
b1479,maeA,-0.0455,No_effect
b0146,sfsA,-0.0845,No_effect
b4392,slt,0.004,No_effect
b4387,ytjB,0.011500000000000003,No_effect
b2617,bamE,-0.023499999999999993,No_effect
b3908,sodA,0.05449999999999999,No_effect
b1656,sodB,0.155,No_effect
b3129,prlF,0.0835,No_effect
b1272,sohB,0.2125,No_effect
b4063,soxR,-0.11449999999999999,No_effect
b4062,soxS,0.10899999999999999,No_effect
b2938,speA,0.029,No_effect
b2937,speB,-0.098,No_effect
b2965,speC,0.0375,No_effect
b0120,speD,0.034499999999999996,No_effect
b0121,speE,-0.1635,No_effect
b0693,speF,-0.088,No_effect
b3651,trmH,-0.1625,No_effect
b1766,sppA,-0.1,No_effect
b2703,srlE,-0.1845,No_effect
b2704,srlB,-0.4305,No_effect
b2705,srlD,0.1665,No_effect
b2706,gutM,0.113,No_effect
b2708,gutQ,-0.075,No_effect
b2707,srlR,0.086,No_effect
b2576,srmB,0.057499999999999996,No_effect
b3228,sspB,0.0325,No_effect
b0728,sucC,-0.392,No_effect
b0729,sucD,-0.32599999999999996,No_effect
b0958,sulA,0.11699999999999999,No_effect
b3549,tag,-0.0435,No_effect
b1885,tap,-0.026500000000000003,No_effect
b1886,tar,-0.0815,No_effect
b3118,tdcA,0.0465,No_effect
b3117,tdcB,-0.027999999999999997,No_effect
b3116,tdcC,0.049999999999999996,No_effect
b3119,tdcR,0.262,No_effect
b3616,tdh,0.29100000000000004,No_effect
b1238,tdk,-0.1185,No_effect
b0452,tesB,0.1305,No_effect
b1845,ptrB,0.1865,No_effect
b3708,tnaA,0.1095,No_effect
b3709,tnaB,0.09,No_effect
b1763,topB,-0.027499999999999997,No_effect
b1197,treA,-0.010999999999999996,No_effect
b1421,trg,0.08249999999999999,No_effect
b1363,trkG,-0.432,No_effect
b3965,trmA,-0.1235,No_effect
b4393,trpR,-0.375,No_effect
b4355,tsr,-0.1785,No_effect
b0411,tsx,-0.11449999999999999,No_effect
b1610,tus,0.203,No_effect
b4054,tyrB,-0.10800000000000001,No_effect
b1907,tyrP,-0.21050000000000002,No_effect
b1323,tyrR,-0.2635,No_effect
b3831,udp,-0.027,No_effect
b3452,ugpA,-0.026999999999999996,No_effect
b3453,ugpB,-0.0155,No_effect
b3450,ugpC,0.018,No_effect
b3451,ugpE,-0.1855,No_effect
b3449,ugpQ,-0.09,No_effect
b3669,uhpA,0.016,No_effect
b3668,uhpB,-0.016,No_effect
b3667,uhpC,-0.073,No_effect
b3666,uhpT,-0.024499999999999994,No_effect
b1617,uidA,0.0885,No_effect
b1184,umuC,-0.023,No_effect
b1183,umuD,0.4115,No_effect
b2580,ung,-0.20500000000000002,No_effect
b2319,usg,0.0795,No_effect
b0480,ushA,-0.1325,No_effect
b4058,uvrA,-0.1065,No_effect
b0779,uvrB,0.002999999999999999,No_effect
b1913,uvrC,0.0055,No_effect
b3813,uvrD,-0.056999999999999995,No_effect
b1521,uxaB,-0.1205,No_effect
b4322,uxuA,0.027999999999999997,No_effect
b1960,vsr,0.13,No_effect
b2893,dsbC,-0.1605,No_effect
b2509,xseA,-0.0235,No_effect
b1749,xthA,0.1965,No_effect
b3565,xylA,0.128,No_effect
b3564,xylB,-0.013499999999999998,No_effect
b4031,xylE,-0.0605,No_effect
b0020,nhaR,-0.07200000000000001,No_effect
b0028,fkpB,0.1375,No_effect
b0030,rihC,0.06,No_effect
b0081,mraZ,-0.009000000000000008,No_effect
b0082,rsmH,0.058499999999999996,No_effect
b0097,secM,-0.383,No_effect
b0122,yacC,0.0495,No_effect
b0239,frsA,0.10300000000000001,No_effect
b0240,crl,0.2195,No_effect
b0389,yaiA,-0.16,No_effect
b0398,sbcD,0.11649999999999999,No_effect
b0404,acpH,0.2775,No_effect
b0410,yajD,0.1865,No_effect
b0456,ybaA,0.161,No_effect
b0471,ybaB,-0.4285,No_effect
b0476,aes,0.085,No_effect
b0477,gsk,-0.0745,No_effect
b0535,fimZ,0.127,No_effect
b0591,entS,-0.0075,No_effect
b0597,entH,0.1715,No_effect
b0707,ybgA,-0.044,No_effect
b0730,mngR,0.187,No_effect
b0736,ybgC,0.123,No_effect
b0885,aat,0.0205,No_effect
b0970,yccA,-0.189,No_effect
b1055,trhO,-0.059000000000000004,No_effect
b1063,yceB,-0.467,No_effect
b1086,rluC,0.0855,No_effect
b1088,yceD,-0.16299999999999998,No_effect
b1156,tfaE,-0.1,No_effect
b1253,yciA,0.3175,No_effect
b1255,yciC,-0.1385,No_effect
b1256,ompW,-0.049499999999999995,No_effect
b1258,yciF,-0.258,No_effect
b1259,yciG,0.11649999999999999,No_effect
b1282,yciH,-0.244,No_effect
b1562,hokD,0.1865,No_effect
b1563,relE,-0.21349999999999997,No_effect
b1703,ppsR,-0.006499999999999999,No_effect
b1708,nlpC,-0.321,No_effect
b1765,ydjA,-0.3315,No_effect
b1768,pncA,0.10099999999999999,No_effect
b1862,yebB,-0.113,No_effect
b1864,yebC,-0.2455,No_effect
b1908,yecA,0.07400000000000001,No_effect
b1914,uvrY,0.1955,No_effect
b2230,yfaA,0.054000000000000006,No_effect
b2327,yfcA,0.0625,No_effect
b2395,pdeA,-0.012,No_effect
b2405,xapR,0.053,No_effect
b2471,yffB,0.005500000000000001,No_effect
b2481,hyfA,-0.20350000000000001,No_effect
b2597,raiA,-0.1215,No_effect
b2605,yfiB,0.0255,No_effect
b2823,ppdC,0.0095,No_effect
b2824,ygdB,-0.184,No_effect
b2825,ppdB,-0.0395,No_effect
b2840,ygeA,-0.075,No_effect
b2923,argO,0.0635,No_effect
b2924,mscS,0.10850000000000001,No_effect
b2928,yggC,0.14100000000000001,No_effect
b2929,fumE,0.08199999999999999,No_effect
b3037,ygiB,-0.060000000000000005,No_effect
b3038,ygiC,-0.02600000000000001,No_effect
b3039,ygiD,-0.1485,No_effect
b3040,zupT,-0.076,No_effect
b3061,ttdA,-0.11449999999999999,No_effect
b3062,ttdB,-0.199,No_effect
b3115,tdcD,-0.043,No_effect
b3120,yhaB,-0.4675,No_effect
b3124,garK,-0.0575,No_effect
b3125,garR,-0.03900000000000001,No_effect
b3166,truB,0.17149999999999999,No_effect
b3291,mscL,0.139,No_effect
b3337,bfd,-0.2695,No_effect
b3356,yhfA,0.084,No_effect
b3388,damX,-0.22699999999999998,No_effect
b3448,yhhA,0.0315,No_effect
b3562,yiaA,0.0045000000000000005,No_effect
b3594,yibA,-0.187,No_effect
b3618,htrL,0.054,No_effect
b3641,slmA,-0.377,No_effect
b3644,yicC,-0.3235,No_effect
b3645,dinD,-0.0805,No_effect
b3654,xanP,0.013499999999999998,No_effect
b3697,yidA,-0.2605,No_effect
b3698,yidB,-0.131,No_effect
b3742,mioC,0.053,No_effect
b3810,yigA,-0.1725,No_effect
b3812,yigB,0.215,No_effect
b4011,yjaA,-0.18250000000000002,No_effect
b4012,yjaB,-0.04,No_effect
b4017,arpA,-0.1915,No_effect
b4030,psiE,0.07550000000000001,No_effect
b4109,rdcA,-0.034499999999999996,No_effect
b4155,epmA,0.24700000000000003,No_effect
b4178,nsrR,-0.2215,No_effect
b4360,yjjA,-0.0675,No_effect
b4363,yjjB,0.2225,No_effect
b4397,creA,0.026499999999999996,No_effect
b4398,creB,-0.129,No_effect
b1419,ydcA,-0.14450000000000002,No_effect
b2068,alkA,-0.027000000000000003,No_effect
b4138,dcuA,-0.006499999999999999,No_effect
b1474,fdnG,0.0245,No_effect
b1475,fdnH,0.34750000000000003,No_effect
b1476,fdnI,-0.0005000000000000004,No_effect
b4118,melR,-0.08650000000000001,No_effect
b1609,rstB,0.276,No_effect
b1692,ydiB,-0.028,No_effect
b0797,rhlE,-0.0235,No_effect
b0315,pdeL,-0.0005,No_effect
b3338,chiA,-0.0155,No_effect
b0773,ybhB,0.08549999999999999,No_effect
b0766,ybhA,0.016,No_effect
b0897,ycaC,-0.105,No_effect
b0898,ycaD,0.009999999999999998,No_effect
b2922,yggE,0.0985,No_effect
b2930,yggF,0.16949999999999998,No_effect
b1333,uspE,0.07800000000000001,No_effect
b2785,rlmD,-0.265,No_effect
b2782,mazF,0.27749999999999997,No_effect
b4224,chpS,0.182,No_effect
b1214,ychA,-0.14250000000000002,No_effect
b0925,ldtD,0.0055,No_effect
b0636,rlmH,-0.067,No_effect
b0382,iraP,0.0535,No_effect
b0385,dgcC,0.21300000000000002,No_effect
b0904,focA,-0.051,No_effect
b3765,yifB,0.016,No_effect
b0851,nfsA,-0.16799999999999998,No_effect
b3364,tsgA,0.037000000000000005,No_effect
b3322,gspB,-0.063,No_effect
b3615,waaH,0.0375,No_effect
b3563,yiaB,-0.075,No_effect
b3766,ilvL,0.162,No_effect
b4170,mutL,-0.138,No_effect
b2482,hyfB,-0.0615,No_effect
b4583,phnE,-0.2625,No_effect
b2554,glrR,0.116,No_effect
b2732,ygbA,0.09,No_effect
b0394,mak,-0.11349999999999999,No_effect
b2147,preA,-0.0935,No_effect
b2152,yeiB,-0.1635,No_effect
b2936,loiP,-0.005499999999999998,No_effect
b3003,yghA,0.0475,No_effect
b3785,wzzE,-0.0325,No_effect
b4389,radA,-0.045,No_effect
b3248,yhdE,0.2545,No_effect
b1572,ydfB,-0.08299999999999999,No_effect
b1573,ydfC,0.1005,No_effect
b1577,ydfE,-0.1175,No_effect
b0627,tatE,0.004499999999999997,No_effect
b1406,pdxI,-0.013499999999999998,No_effect
b1407,ydbD,-0.1195,No_effect
b3260,dusB,0.23750000000000002,No_effect
b3638,yicR,0.115,No_effect
b3907,rhaT,-0.0009999999999999992,No_effect
b3253,yhdH,0.009500000000000001,No_effect
b3571,malS,-0.1085,No_effect
b2909,ygfB,-0.077,No_effect
b1276,acnA,-0.0365,No_effect
b0337,codA,-0.1585,No_effect
b0336,codB,0.056,No_effect
b2661,gabD,0.147,No_effect
b2663,gabP,-0.0295,No_effect
b2498,upp,-0.008500000000000008,No_effect
b2906,ubiI,-0.046,No_effect
b3647,ligB,0.036,No_effect
b4390,nadR,0.006,No_effect
b2945,endA,-0.0085,No_effect
b2156,lysP,0.207,No_effect
b3632,waaQ,-0.0715,No_effect
b1242,ychE,0.10300000000000001,No_effect
b1053,mdtG,-0.006999999999999999,No_effect
b1132,hflD,-0.0355,No_effect
b1938,fliF,-0.015,No_effect
b3629,waaS,0.032,No_effect
b3628,waaB,-0.07300000000000001,No_effect
b3627,waaO,-0.08750000000000001,No_effect
b3626,waaJ,-0.057999999999999996,No_effect
b2685,emrA,0.0455,No_effect
b1922,fliA,0.22649999999999998,No_effect
b1921,fliZ,-0.0345,No_effect
b0799,dinG,0.0024999999999999953,No_effect
b3335,gspO,-0.0034999999999999996,No_effect
b3570,bax,-0.053500000000000006,No_effect
b2064,asmA,-0.10800000000000001,No_effect
b0144,gluQ,-0.034999999999999996,No_effect
b4169,amiB,-0.1235,No_effect
b3720,bglH,0.03,No_effect
b4396,rob,0.067,No_effect
b2786,barA,0.1555,No_effect
b2262,menB,0.22999999999999998,No_effect
b4039,ubiC,-0.089,No_effect
b2560,pgpC,-0.07400000000000001,No_effect
b2558,mltF,-0.018999999999999996,No_effect
b3017,ftsP,0.0675,No_effect
b1684,sufA,-0.1455,No_effect
b0979,appB,0.057499999999999996,No_effect
b0978,appC,-0.0515,No_effect
b3049,glgS,-0.005500000000000005,No_effect
b3209,elbB,0.077,No_effect
b0606,ahpF,-0.21550000000000002,No_effect
b4486,yjiV,-0.0215,No_effect
b1927,amyA,-0.0034999999999999996,No_effect
b1925,fliS,-0.1225,No_effect
b1926,fliT,0.3365,No_effect
b3495,uspA,0.046,No_effect
b4376,osmY,0.010499999999999999,No_effect
b1186,nhaB,0.12,No_effect
b1185,dsbB,-0.3105,No_effect
b3963,fabR,0.038,No_effect
b3964,yijD,-0.005500000000000005,No_effect
b3510,hdeA,0.0245,No_effect
b3509,hdeB,-0.012499999999999999,No_effect
b3508,yhiD,0.006499999999999999,No_effect
b0384,psiF,0.078,No_effect
b2502,ppx,-0.346,No_effect
b1189,dadA,0.0635,No_effect
b1190,dadX,0.037000000000000005,No_effect
b4234,yjgA,-0.123,No_effect
b0167,glnD,-0.112,No_effect
b0812,dps,-0.0405,No_effect
b4238,nrdD,0.046,No_effect
b2182,bcr,0.005999999999999998,No_effect
b0338,cynR,-0.2385,No_effect
b2237,inaA,-0.2075,No_effect
b3623,waaU,-0.06749999999999999,No_effect
b3622,waaL,-0.132,No_effect
b3625,waaY,-0.034,No_effect
b3624,waaZ,0.0975,No_effect
b3989,yjaZ,-0.004499999999999997,No_effect
b1128,roxA,0.013999999999999999,No_effect
b2398,yfeC,-0.16349999999999998,No_effect
b2399,yfeD,-0.1315,No_effect
b4219,msrA,0.055,No_effect
b1531,marA,-0.20950000000000002,No_effect
b1530,marR,-0.165,No_effect
b4269,ahr,-0.084,No_effect
b1090,plsX,-0.1625,No_effect
b1087,yceF,-0.255,No_effect
b2686,emrB,0.0040000000000000036,No_effect
b3498,prlC,-0.0795,No_effect
b2905,gcvT,0.006999999999999999,No_effect
b2917,scpA,0.007500000000000007,No_effect
b2918,argK,-0.024500000000000008,No_effect
b4069,acs,-0.11499999999999999,No_effect
b3788,rffG,-0.051000000000000004,No_effect
b3789,rffH,-0.121,No_effect
b3794,rffM,-0.4605,No_effect
b3795,yifK,0.037,No_effect
b2469,narQ,0.016499999999999997,No_effect
b4482,yigE,0.138,No_effect
b3816,corA,0.1825,No_effect
b3817,yigF,0.2945,No_effect
b3819,rarD,-0.042499999999999996,No_effect
b3820,yigI,0.14650000000000002,No_effect
b3823,rhtC,0.045,No_effect
b3824,rhtB,0.146,No_effect
b3826,yigL,-0.1675,No_effect
b3827,bioP,-0.0945,No_effect
b3832,rmuC,0.012,No_effect
b3834,ubiJ,-0.074,No_effect
b4483,tatD,0.0435,No_effect
b3848,yigZ,0.08199999999999999,No_effect
b1639,mliC,0.453,No_effect
b1042,csgA,-0.0645,No_effect
b1493,gadB,-0.092,No_effect
b4044,dinF,0.0875,No_effect
b4051,qorA,-0.07350000000000001,No_effect
b1096,pabC,-0.178,No_effect
b1097,mltG,0.158,No_effect
b3511,hdeD,0.0615,No_effect
b0236,prfH,0.0875,No_effect
b3259,prmA,-0.111,No_effect
b3262,yhdJ,0.052,No_effect
b3184,yhbE,0.032,No_effect
b4117,adiA,-0.074,No_effect
b0196,rcsF,0.0014999999999999996,No_effect
b0195,trmO,0.22449999999999998,No_effect
b0197,metQ,0.15999999999999998,No_effect
b1480,sra,-0.279,No_effect
b0009,mog,0.0885,No_effect
b0010,satP,-0.1265,No_effect
b3214,gltF,-0.0655,No_effect
b3215,yhcA,-0.088,No_effect
b1188,ycgB,-0.22349999999999998,No_effect
b3925,glpX,0.0485,No_effect
b3481,nikR,0.0275,No_effect
b0706,ybfD,0.1245,No_effect
b3484,yhhI,0.3365,No_effect
b2193,narP,-0.0395,No_effect
b3933,ftsN,0.21300000000000002,No_effect
b1805,fadD,-0.133,No_effect
b1661,cfa,0.0355,No_effect
b2261,menC,-0.241,No_effect
b1205,ychH,0.34550000000000003,No_effect
b3687,ibpA,0.30300000000000005,No_effect
b3686,ibpB,0.2265,No_effect
b3685,yidE,-0.122,No_effect
b1067,yceH,0.175,No_effect
b2575,yfiC,0.0735,No_effect
b1004,wrbA,-0.089,No_effect
b3747,kup,-0.055499999999999994,No_effect
b0494,tesA,-0.018,No_effect
b3512,gadE,-0.4165,No_effect
b1083,flgL,0.27949999999999997,No_effect
b1653,lhr,-0.0505,No_effect
b1127,pepT,0.20450000000000002,No_effect
b2712,hypF,-0.1045,No_effect
b2713,hydN,-0.013000000000000001,No_effect
b2669,stpA,-0.154,No_effect
b0007,yaaJ,-0.09,No_effect
b0008,talB,-0.151,No_effect
b0036,caiD,0.146,No_effect
b0037,caiC,-0.026000000000000002,No_effect
b0038,caiB,-0.0015,No_effect
b0039,caiA,0.0895,No_effect
b0040,caiT,-0.022000000000000002,No_effect
b0041,fixA,0.1025,No_effect
b0042,fixB,0.186,No_effect
b0043,fixC,0.053,No_effect
b0044,fixX,0.07,No_effect
b0045,yaaU,0.072,No_effect
b0046,kefF,-0.1135,No_effect
b0055,djlA,-0.033,No_effect
b0065,yabI,-0.009500000000000008,No_effect
b0066,thiQ,-0.333,No_effect
b0067,thiP,-0.253,No_effect
b0068,thiB,-0.2245,No_effect
b3406,greB,0.123,No_effect
b0798,ybiA,0.0435,No_effect
b0800,ybiB,-0.119,No_effect
b0801,hcxB,0.16749999999999998,No_effect
b0507,gcl,-0.0965,No_effect
b0629,ybeF,0.0235,No_effect
b0781,moaA,0.264,No_effect
b0782,moaB,0.078,No_effect
b0784,moaD,0.16899999999999998,No_effect
b0785,moaE,0.364,No_effect
b2521,sseA,0.22799999999999998,No_effect
b2522,sseB,-0.094,No_effect
b3053,glnE,-0.000999999999999994,No_effect
b3054,ygiF,0.047999999999999994,No_effect
b4473,smf,0.036000000000000004,No_effect
b3284,smg,-0.036000000000000004,No_effect
b1250,kch,0.016,No_effect
b1251,yciI,-0.037000000000000005,No_effect
b1249,clsA,-0.2645,No_effect
b2369,evgA,-0.148,No_effect
b2370,evgS,-0.0185,No_effect
b4111,proP,-0.055,No_effect
b4114,eptA,-0.0375,No_effect
b4112,basS,-0.0105,No_effect
b4113,basR,-0.022,No_effect
b4148,gdx,0.039,No_effect
b2078,baeS,0.0795,No_effect
b2079,baeR,-0.0505,No_effect
b1114,mfd,-0.12,No_effect
b0199,metN,0.016,No_effect
b0449,mdlB,-0.043,No_effect
b2797,sdaB,0.0455,No_effect
b0864,artP,-0.3005,No_effect
b0863,artI,-0.026500000000000003,No_effect
b0862,artQ,0.013999999999999985,No_effect
b0861,artM,-0.1585,No_effect
b0860,artJ,-0.252,No_effect
b0854,potF,0.013999999999999999,No_effect
b0855,potG,0.0915,No_effect
b0856,potH,0.08249999999999999,No_effect
b0857,potI,0.229,No_effect
b1548,nohA,0.477,No_effect
b0560,nohD,0.312,No_effect
b1528,ydeA,0.0905,No_effect
b1533,eamA,-0.089,No_effect
b1534,ydeE,0.0165,No_effect
b1535,dgcZ,0.016,No_effect
b1536,ydeI,-0.098,No_effect
b1537,ydeJ,-0.092,No_effect
b2166,psuK,-0.045,No_effect
b0207,dkgB,0.034,No_effect
b0208,yafC,-0.079,No_effect
b0209,yafD,0.0875,No_effect
b0210,yafE,0.2665,No_effect
b3807,cyaY,-0.481,No_effect
b1939,fliG,-0.1615,No_effect
b1940,fliH,0.1295,No_effect
b0495,ybbA,-0.261,No_effect
b1616,uidB,0.0805,No_effect
b1928,yedD,-0.0165,No_effect
b1929,yedE,-0.1215,No_effect
b1930,yedF,-0.026000000000000002,No_effect
b1931,yedK,-0.119,No_effect
b3349,slyD,0.28300000000000003,No_effect
b3348,slyX,-0.20850000000000002,No_effect
b3057,bacA,-0.2035,No_effect
b0783,moaC,0.14650000000000002,No_effect
b2219,atoS,-0.059,No_effect
b2220,atoC,0.0465,No_effect
b2221,atoD,-0.344,No_effect
b2222,atoA,0.259,No_effect
b2223,atoE,-0.052000000000000005,No_effect
b2224,atoB,0.1435,No_effect
b3059,plsY,-0.0465,No_effect
b0134,panB,-0.4405,No_effect
b3932,hslV,0.1755,No_effect
b0760,modF,0.086,No_effect
b0135,yadC,0.028499999999999998,No_effect
b2836,aas,0.034,No_effect
b3203,hpf,-0.154,No_effect
b3646,yicG,0.018999999999999996,No_effect
b3655,yicH,-0.04,No_effect
b3656,yicI,0.0,No_effect
b3657,yicJ,0.0125,No_effect
b3659,setC,0.002999999999999999,No_effect
b3660,yicL,0.057999999999999996,No_effect
b3662,nepI,-0.0325,No_effect
b3663,yicN,-0.1415,No_effect
b3664,adeQ,0.007000000000000001,No_effect
b3665,adeD,0.062,No_effect
b3673,emrD,-0.27449999999999997,No_effect
b3674,yidF,0.051500000000000004,No_effect
b3675,yidG,-0.4235,No_effect
b3676,yidH,-0.0505,No_effect
b3677,yidI,-0.22849999999999998,No_effect
b0756,galM,-0.096,No_effect
b0751,pnuC,-0.1285,No_effect
b2066,udk,-0.1575,No_effect
b3996,nudC,-0.08399999999999999,No_effect
b0463,acrA,0.14350000000000002,No_effect
b0462,acrB,0.06799999999999999,No_effect
b3678,yidJ,0.0235,No_effect
b3679,yidK,0.0205,No_effect
b3680,yidL,-0.09,No_effect
b4556,glvG,0.0235,No_effect
b3683,glvC,0.0625,No_effect
b3684,yidP,-0.1805,No_effect
b3688,yidQ,0.143,No_effect
b3689,yidR,0.028999999999999998,No_effect
b3690,cbrA,0.0985,No_effect
b3696,yidX,0.015000000000000001,No_effect
b3710,mdtL,-0.02,No_effect
b3711,yidZ,-0.032,No_effect
b3712,yieE,-0.047499999999999994,No_effect
b3713,yieF,-0.092,No_effect
b3714,adeP,0.0645,No_effect
b3715,yieH,-0.091,No_effect
b3716,cbrB,-0.0375,No_effect
b3717,cbrC,-0.11,No_effect
b3718,yieK,0.27649999999999997,No_effect
b3719,yieL,0.053000000000000005,No_effect
b3745,viaA,0.0995,No_effect
b3746,ravA,0.1455,No_effect
b3754,hsrA,-0.035,No_effect
b3755,yieP,-0.037500000000000006,No_effect
b1020,phoH,-0.021000000000000005,No_effect
b1019,efeB,0.09,No_effect
b0198,metI,0.005000000000000001,No_effect
b3995,rsd,-0.0405,No_effect
b0569,nfrB,0.10350000000000001,No_effect
b0568,nfrA,-0.14500000000000002,No_effect
b3264,envR,-0.0975,No_effect
b1496,yddA,-0.103,No_effect
b1495,yddB,-0.015,No_effect
b1494,pqqL,0.006999999999999999,No_effect
b0133,panC,-0.4005,No_effect
b0132,rpnC,-0.113,No_effect
b0130,yadE,0.153,No_effect
b3411,rpnA,-0.1635,No_effect
b1896,otsA,0.0035,No_effect
b1897,otsB,-0.2435,No_effect
b1216,chaA,-0.0235,No_effect
b0070,setA,-0.0865,No_effect
b4167,nnr,-0.1265,No_effect
b1271,yciK,-0.30900000000000005,No_effect
b1461,pptA,-0.1865,No_effect
b3592,yibF,-0.125,No_effect
b3597,yibH,-0.0255,No_effect
b3598,yibI,-0.019,No_effect
b3595,yibJ,-0.009500000000000001,No_effect
b3485,yhhJ,-0.202,No_effect
b0503,selU,0.20350000000000001,No_effect
b0685,ybfE,-0.161,No_effect
b0686,ybfF,0.27549999999999997,No_effect
b0691,ybfG,-0.1955,No_effect
b2960,trmB,-0.217,No_effect
b4696,yneO,0.042499999999999996,No_effect
b4070,nrfA,0.1325,No_effect
b2622,intA,0.187,No_effect
b2579,grcA,-0.2085,No_effect
b2577,yfiE,-0.078,No_effect
b2581,yfiF,0.05399999999999999,No_effect
b2053,gmd,0.0415,No_effect
b2052,fcl,-0.027500000000000004,No_effect
b2050,wcaI,-0.135,No_effect
b2934,cmtB,-0.48450000000000004,No_effect
b2933,cmtA,-0.0525,No_effect
b2807,ygdD,-0.14750000000000002,No_effect
b2806,rlmM,0.027999999999999997,No_effect
b4386,lplA,0.028999999999999998,No_effect
b2464,talA,0.21050000000000002,No_effect
b0106,hofC,-0.067,No_effect
b2996,hybA,-0.0615,No_effect
b2995,hybB,-0.022,No_effect
b2994,hybC,-0.0905,No_effect
b2993,hybD,-0.2655,No_effect
b2992,hybE,-0.0020000000000000018,No_effect
b2991,hybF,-0.2565,No_effect
b2990,hybG,0.4295,No_effect
b1846,yebE,0.194,No_effect
b1847,yebF,-0.213,No_effect
b1848,yebG,0.391,No_effect
b1849,purT,0.3555,No_effect
b2903,gcvP,0.0775,No_effect
b4187,aidB,-0.098,No_effect
b4186,yjfC,-0.047,No_effect
b0997,torA,0.055499999999999994,No_effect
b0996,torC,0.0775,No_effect
b2744,umpG,-0.0445,No_effect
b1232,purU,-0.16549999999999998,No_effect
b1056,yceI,-0.079,No_effect
b0451,amtB,0.16199999999999998,No_effect
b1301,puuB,0.0625,No_effect
b2435,amiA,0.383,No_effect
b3009,yghB,0.057,No_effect
b1464,yddE,0.10850000000000001,No_effect
b0981,etk,0.015,No_effect
b4090,rpiB,-0.094,No_effect
b3856,mobB,0.11349999999999999,No_effect
b3857,mobA,0.074,No_effect
b3858,yihD,-0.4845,No_effect
b3859,srkA,0.14200000000000002,No_effect
b3861,yihF,0.055999999999999994,No_effect
b3862,yihG,0.1135,No_effect
b3866,yihI,-0.0965,No_effect
b3867,hemN,-0.28600000000000003,No_effect
b3871,bipA,-0.2715,No_effect
b3872,yihL,0.09999999999999999,No_effect
b3873,yihM,0.022,No_effect
b3874,yihN,-0.0004999999999999987,No_effect
b3876,yihO,0.0405,No_effect
b3877,yihP,0.11599999999999999,No_effect
b3878,yihQ,0.092,No_effect
b3879,yihR,0.0205,No_effect
b3880,yihS,0.056499999999999995,No_effect
b3881,yihT,0.21150000000000002,No_effect
b3882,yihU,-0.1875,No_effect
b3883,yihV,0.0325,No_effect
b3884,csqR,0.02149999999999999,No_effect
b3885,yihX,0.081,No_effect
b3886,yihY,-0.008999999999999994,No_effect
b3887,dtd,0.0785,No_effect
b3888,fabY,0.10650000000000001,No_effect
b3889,yiiE,-0.0415,No_effect
b3890,yiiF,0.089,No_effect
b3892,fdoI,0.2975,No_effect
b3893,fdoH,0.059,No_effect
b3894,fdoG,-0.0245,No_effect
b3895,fdhD,0.102,No_effect
b3896,yiiG,0.096,No_effect
b3897,frvR,0.0485,No_effect
b3898,frvX,0.1035,No_effect
b3899,frvB,0.0945,No_effect
b3900,frvA,0.065,No_effect
b3901,rhaM,0.037000000000000005,No_effect
b3902,rhaD,-0.203,No_effect
b3909,kdgT,-0.153,No_effect
b3910,yiiM,0.182,No_effect
b3385,gph,-0.054,No_effect
b3915,fieF,-0.22349999999999998,No_effect
b3920,yiiQ,-0.11199999999999999,No_effect
b3921,yiiR,-0.012499999999999999,No_effect
b3922,yiiS,0.0535,No_effect
b3923,uspD,0.024499999999999997,No_effect
b3928,zapB,0.303,No_effect
b3929,rraA,0.46249999999999997,No_effect
b3930,menA,0.011,No_effect
b3931,hslU,-0.003499999999999996,No_effect
b3937,yiiX,0.020999999999999998,No_effect
b1429,tehA,-0.0615,No_effect
b1430,tehB,-0.092,No_effect
b1048,opgG,-0.0735,No_effect
b1049,opgH,-0.063,No_effect
b2582,trxC,0.129,No_effect
b3606,trmL,-0.189,No_effect
b3507,dctR,-0.0805,No_effect
b3506,slp,0.007000000000000003,No_effect
b2008,yeeA,0.083,No_effect
b2009,sbmC,-0.24750000000000003,No_effect
b2010,dacD,0.0455,No_effect
b2012,tsuB,0.1925,No_effect
b2013,tsuA,0.053,No_effect
b2014,plaP,-0.051,No_effect
b1349,recT,-0.1135,No_effect
b1348,ralR,0.04800000000000001,No_effect
b1347,rcbA,0.20350000000000001,No_effect
b3943,yijE,0.0655,No_effect
b3944,yijF,-0.222,No_effect
b3945,gldA,-0.035500000000000004,No_effect
b3946,fsaB,-0.003499999999999998,No_effect
b3947,ptsA,-0.077,No_effect
b3949,frwC,0.1555,No_effect
b3950,frwB,-0.21500000000000002,No_effect
b3951,pflD,0.025,No_effect
b3952,pflC,0.04,No_effect
b3953,frwD,-0.128,No_effect
b3954,yijO,-0.031,No_effect
b3955,eptC,0.0235,No_effect
b3998,nfi,0.017,No_effect
b3999,yjaG,0.1735,No_effect
b4001,yjaH,0.044,No_effect
b4002,zraP,-0.1315,No_effect
b4020,yjbB,0.08249999999999999,No_effect
b4021,pepE,-0.012499999999999997,No_effect
b4022,rluF,0.1175,No_effect
b4023,yjbD,0.14750000000000002,No_effect
b4026,yjbE,-0.012500000000000004,No_effect
b4027,yjbF,0.0,No_effect
b4028,yjbG,0.061,No_effect
b4029,yjbH,0.14400000000000002,No_effect
b4046,zur,-0.1055,No_effect
b4048,yjbM,-0.1935,No_effect
b4049,dusA,0.121,No_effect
b4050,pspG,0.0,No_effect
b4055,aphA,0.036000000000000004,No_effect
b4056,yjbQ,0.0305,No_effect
b4057,yjbR,-0.1745,No_effect
b4060,yjcB,-0.028499999999999998,No_effect
b4061,pdeC,0.0235,No_effect
b4064,ghxP,0.089,No_effect
b4065,yjcE,0.114,No_effect
b4066,yjcF,0.0505,No_effect
b4067,actP,-0.148,No_effect
b4068,yjcH,-0.244,No_effect
b4071,nrfB,0.237,No_effect
b4072,nrfC,-0.07,No_effect
b4073,nrfD,-0.052000000000000005,No_effect
b4074,nrfE,0.023500000000000004,No_effect
b4075,nrfF,-0.28049999999999997,No_effect
b4076,nrfG,-0.1455,No_effect
b4078,yjcO,0.1245,No_effect
b4080,mdtP,0.057,No_effect
b4081,mdtO,-0.027,No_effect
b4082,mdtN,0.0525,No_effect
b4083,yjcS,0.036500000000000005,No_effect
b4084,alsK,-0.096,No_effect
b4085,alsE,-0.0025000000000000022,No_effect
b4086,alsC,-0.020999999999999998,No_effect
b4087,alsA,0.044,No_effect
b3603,lldP,-0.028999999999999998,No_effect
b3604,lldR,-0.132,No_effect
b3605,lldD,0.0075,No_effect
b3602,yibL,0.041499999999999995,No_effect
b3601,mtlR,-0.1195,No_effect
b4116,adiY,0.055999999999999994,No_effect
b1082,flgK,0.0,No_effect
b3293,yhdN,0.228,No_effect
b2393,nupC,0.34299999999999997,No_effect
b0139,htrE,0.0435,No_effect
b0140,yadV,0.0024999999999999988,No_effect
b4315,fimI,0.0745,No_effect
b1948,fliP,-0.2225,No_effect
b1949,fliQ,0.092,No_effect
b1950,fliR,-0.1455,No_effect
b2039,rfbA,-0.0775,No_effect
b2038,rfbC,0.04300000000000001,No_effect
b2037,rfbX,-0.051,No_effect
b2036,glf,0.152,No_effect
b2035,wbbH,-0.0325,No_effect
b2034,wbbI,-0.0225,No_effect
b2033,wbbJ,0.054,No_effect
b2032,wbbK,-0.0035,No_effect
b4571,wbbL,-0.069,No_effect
b2109,yehB,-0.0975,No_effect
b2110,yehC,-0.3075,No_effect
b2111,yehD,0.178,No_effect
b2112,yehE,-0.0325,No_effect
b2118,yehI,-0.10500000000000001,No_effect
b2119,yehL,0.1115,No_effect
b2120,yehM,0.036500000000000005,No_effect
b2121,yehP,-0.006499999999999999,No_effect
b2122,yehQ,0.0205,No_effect
b2123,yehR,0.096,No_effect
b2124,yehS,0.008,No_effect
b2125,btsR,-0.40149999999999997,No_effect
b2126,btsS,-0.0335,No_effect
b2127,mlrA,-0.1335,No_effect
b2128,yehW,0.10450000000000001,No_effect
b2129,yehX,0.015999999999999997,No_effect
b2130,yehY,0.041,No_effect
b2131,osmF,-0.0185,No_effect
b2132,bglX,-0.075,No_effect
b2134,pbpG,0.0555,No_effect
b2135,yohC,0.019499999999999997,No_effect
b2136,yohD,-0.4335,No_effect
b2137,yohF,0.0015000000000000013,No_effect
b2139,mdtQ,0.155,No_effect
b2140,dusC,-0.013000000000000005,No_effect
b2141,yohJ,0.056,No_effect
b2142,yohK,-0.0075,No_effect
b2144,sanA,-0.49949999999999994,No_effect
b2154,yeiG,0.3305,No_effect
b2158,yeiH,0.038000000000000006,No_effect
b2160,yeiI,-0.154,No_effect
b2161,nupX,0.0315,No_effect
b2162,rihB,0.0845,No_effect
b2163,yeiL,-0.416,No_effect
b2164,psuT,0.012499999999999997,No_effect
b2165,psuG,-0.0075,No_effect
b2170,setB,0.0615,No_effect
b2171,yeiP,0.096,No_effect
b2172,yeiQ,0.14750000000000002,No_effect
b2177,yejA,-0.048,No_effect
b2178,yejB,-0.238,No_effect
b2179,yejE,-0.17099999999999999,No_effect
b2180,yejF,-0.011,No_effect
b2181,yejG,-0.0625,No_effect
b2187,yejL,-0.476,No_effect
b2183,rsuA,0.178,No_effect
b2184,radD,-0.027999999999999997,No_effect
b2186,yejK,0.0235,No_effect
b2190,yejO,0.017,No_effect
b2194,ccmH,-0.022000000000000006,No_effect
b2196,ccmF,0.0495,No_effect
b2197,ccmE,-0.08199999999999999,No_effect
b2199,ccmC,-0.03949999999999999,No_effect
b2200,ccmB,-0.2,No_effect
b2201,ccmA,0.1485,No_effect
b2202,napC,-0.14500000000000002,No_effect
b2203,napB,-0.048,No_effect
b2204,napH,-0.012000000000000004,No_effect
b2205,napG,0.082,No_effect
b2206,napA,-0.187,No_effect
b2208,napF,-0.229,No_effect
b2210,mqo,0.024,No_effect
b2211,yojI,0.019,No_effect
b2214,ftp,-0.16549999999999998,No_effect
b3476,nikA,0.0295,No_effect
b3477,nikB,0.1045,No_effect
b3478,nikC,0.11699999999999999,No_effect
b3479,nikD,-0.07150000000000001,No_effect
b3480,nikE,-0.023,No_effect
b2698,recX,-0.3875,No_effect
b2826,ppdA,0.0555,No_effect
b0069,sgrR,0.087,No_effect
b4225,chpB,0.0975,No_effect
b2593,yfiH,0.028999999999999998,No_effect
b2465,tktB,0.1015,No_effect
b3408,feoA,0.014000000000000005,No_effect
b3409,feoB,0.056,No_effect
b2173,yeiR,-0.031,No_effect
b2157,yeiE,-0.183,No_effect
b0107,hofB,-0.0745,No_effect
b0108,ppdD,-0.1375,No_effect
b2709,norR,-0.072,No_effect
b1414,ydcF,0.013999999999999999,No_effect
b2742,nlpD,-0.091,No_effect
b2624,alpA,0.1215,No_effect
b3391,hofQ,0.018999999999999996,No_effect
b4374,yjjG,-0.0010000000000000009,No_effect
b0464,acrR,0.0635,No_effect
b0814,ompX,-0.023499999999999993,No_effect
b1233,ychJ,-0.147,No_effect
b1234,rssA,-0.245,No_effect
b2944,yggI,-0.22449999999999998,No_effect
b2289,lrhA,-0.3845,No_effect
b2309,hisJ,-0.34650000000000003,No_effect
b2308,hisQ,0.011,No_effect
b4240,treB,-0.068,No_effect
b2497,uraA,-0.133,No_effect
b2528,iscA,-0.2705,No_effect
b2426,ucpA,-0.0040000000000000036,No_effect
b0813,rhtA,-0.1565,No_effect
b2077,mdtD,0.013999999999999999,No_effect
b0192,nlpE,0.1815,No_effect
b0193,yaeF,0.11249999999999999,No_effect
b2555,qseG,-0.0695,No_effect
b1659,punR,-0.14100000000000001,No_effect
b1660,punC,0.049499999999999995,No_effect
b2796,sdaC,-0.0205,No_effect
b3205,rapZ,-0.155,No_effect
b3206,npr,0.0985,No_effect
b1992,cobS,-0.395,No_effect
b1991,cobT,0.0275,No_effect
b4268,idnK,-0.016999999999999998,No_effect
b1469,narU,-0.16399999999999998,No_effect
b1353,sieB,0.0345,No_effect
b0393,rdgC,0.053500000000000006,No_effect
b0391,ppnP,-0.040999999999999995,No_effect
b0297,eaeH,-0.10400000000000001,No_effect
b4498,gatR,-0.14100000000000001,No_effect
b3289,rsmB,-0.0055,No_effect
b4395,ytjC,-0.308,No_effect
b0920,elyC,0.0755,No_effect
b0921,cmoM,-0.239,No_effect
b0401,brnQ,0.1765,No_effect
b2198,ccmD,-0.122,No_effect
b4380,yjjI,-0.074,No_effect
b1103,hinT,-0.345,No_effect
b3334,gspM,0.051500000000000004,No_effect
b4135,yjdC,-0.182,No_effect
b4137,cutA,-0.0085,No_effect
b4136,dsbD,-0.014499999999999999,No_effect
b0622,pagP,-0.031,No_effect
b0434,yajG,-0.14,No_effect
b0433,ampG,-0.03,No_effect
b2829,ptsP,0.161,No_effect
b2436,hemF,0.084,No_effect
b2437,eutR,0.122,No_effect
b0450,glnK,-0.248,No_effect
b1000,cbpA,-0.214,No_effect
b0999,cbpM,-0.1855,No_effect
b0998,torD,-0.0935,No_effect
b1001,yccE,-0.1825,No_effect
b1733,chbG,0.013,No_effect
b2069,yegD,0.0565,No_effect
b2671,ygaC,0.019000000000000003,No_effect
b4241,treR,-0.074,No_effect
b1557,cspB,0.27,No_effect
b1823,cspC,0.3665,No_effect
b1558,cspF,-0.015,No_effect
b1822,rlmA,0.236,No_effect
b4581,ybeM,0.044,No_effect
b0624,crcB,-0.23199999999999998,No_effect
b3459,panZ,-0.2045,No_effect
b3466,yhhL,-0.0625,No_effect
b3467,yhhM,0.045,No_effect
b3468,yhhN,0.007,No_effect
b3471,yhhQ,-0.187,No_effect
b3473,yhhS,-0.0665,No_effect
b3474,yhhT,-0.014000000000000005,No_effect
b3475,acpT,0.019,No_effect
b3486,rbbA,-0.034,No_effect
b3487,yhiI,0.057999999999999996,No_effect
b3488,yhiJ,-0.076,No_effect
b4660,yhiL,-0.4615,No_effect
b3491,yhiM,-0.0245,No_effect
b3492,yhiN,-0.0555,No_effect
b3494,uspB,0.13149999999999998,No_effect
b3496,dtpB,0.17,No_effect
b3497,rsmJ,0.012,No_effect
b3499,rlmJ,-0.126,No_effect
b3501,arsR,0.0445,No_effect
b3502,arsB,-0.0475,No_effect
b3503,arsC,0.0045000000000000005,No_effect
b3504,yhiS,-0.27899999999999997,No_effect
b3513,mdtE,0.13,No_effect
b3514,mdtF,-0.101,No_effect
b3515,gadW,0.0165,No_effect
b3516,gadX,-0.054000000000000006,No_effect
b3518,ccp,-0.047,No_effect
b3519,treF,-0.1005,No_effect
b3520,yhjB,-0.023,No_effect
b3521,rcdB,0.026000000000000002,No_effect
b3522,yhjD,0.035500000000000004,No_effect
b3523,yhjE,0.2245,No_effect
b3524,yhjG,0.0675,No_effect
b3525,pdeH,-0.0605,No_effect
b3526,kdgK,-0.081,No_effect
b3527,yhjJ,0.032,No_effect
b3529,pdeK,-0.27349999999999997,No_effect
b3530,bcsC,0.0045000000000000005,No_effect
b3531,bcsZ,-0.015000000000000001,No_effect
b3532,bcsB,-0.128,No_effect
b3533,bcsA,0.051000000000000004,No_effect
b3534,bcsQ,0.099,No_effect
b3535,yhjR,0.15100000000000002,No_effect
b3536,bcsE,-0.0465,No_effect
b3537,bcsF,0.19599999999999998,No_effect
b3538,bcsG,-0.014499999999999999,No_effect
b3539,yhjV,-0.016,No_effect
b3546,eptB,-0.0635,No_effect
b3547,yhjX,0.022,No_effect
b3548,yhjY,0.1605,No_effect
b3550,yiaC,-0.09000000000000001,No_effect
b3552,yiaD,-0.092,No_effect
b3553,ghrB,-0.06899999999999999,No_effect
b3554,yiaF,0.118,No_effect
b3561,wecH,0.042499999999999996,No_effect
b3567,xylG,0.002,No_effect
b3568,xylH,-0.1,No_effect
b3573,ysaA,0.07050000000000001,No_effect
b3574,plaR,0.085,No_effect
b3575,yiaK,-0.11750000000000001,No_effect
b3576,yiaL,0.134,No_effect
b3577,yiaM,0.014499999999999999,No_effect
b3578,yiaN,-0.08449999999999999,No_effect
b3579,yiaO,-0.06,No_effect
b3580,lyxK,0.016,No_effect
b3581,sgbH,0.036500000000000005,No_effect
b3582,sgbU,-0.085,No_effect
b3583,sgbE,-0.15150000000000002,No_effect
b3584,yiaT,-0.0955,No_effect
b3585,yiaU,0.041999999999999996,No_effect
b3586,yiaV,0.0885,No_effect
b3587,yiaW,-0.14200000000000002,No_effect
b3588,aldB,-0.039,No_effect
b3589,yiaY,0.017,No_effect
b3610,grxC,-0.034999999999999996,No_effect
b3611,yibN,0.28049999999999997,No_effect
b3612,gpmM,-0.0165,No_effect
b3613,envC,-0.44499999999999995,No_effect
b3614,yibQ,0.0055,No_effect
b1013,rutR,-0.1105,No_effect
b1100,ycfH,0.012499999999999997,No_effect
b2561,yfhH,-0.106,No_effect
b4403,yjtD,-0.14300000000000002,No_effect
b2523,pepB,0.073,No_effect
b0102,zapD,-0.09450000000000001,No_effect
b0117,yacH,0.0,No_effect
b0123,cueO,0.0315,No_effect
b0127,yadG,0.0415,No_effect
b0128,yadH,-0.08349999999999999,No_effect
b0129,yadI,-0.0049999999999999975,No_effect
b2244,rpnE,-0.1655,No_effect
b0136,yadK,-0.044000000000000004,No_effect
b0137,yadL,-0.0275,No_effect
b0138,yadM,0.0235,No_effect
b0141,yadN,-0.0025000000000000022,No_effect
b0148,hrpB,-0.044000000000000004,No_effect
b0147,thpR,-0.076,No_effect
b0155,clcA,0.10300000000000001,No_effect
b0157,yadS,0.161,No_effect
b0158,btuF,-0.3355,No_effect
b0162,cdaR,-0.093,No_effect
b0163,yaeH,-0.237,No_effect
b0164,yaeI,0.094,No_effect
b0267,yagA,0.14500000000000002,No_effect
b0266,yagB,0.017,No_effect
b0262,afuC,-0.077,No_effect
b2572,rseA,0.0165,No_effect
b4385,yjjJ,0.0375,No_effect
b4391,ettA,0.40249999999999997,No_effect
b1303,pspF,0.1185,No_effect
b1539,ydfG,-0.3365,No_effect
b1917,tcyN,-0.006499999999999999,No_effect
b3775,ppiC,0.1595,No_effect
b0191,arfB,-0.1055,No_effect
b3422,rtcR,0.0235,No_effect
b1701,fadK,-0.0215,No_effect
b0933,ssuB,-0.03949999999999999,No_effect
b0719,ybgD,0.009,No_effect
b2236,yfaE,-0.04349999999999998,No_effect
b2842,kduD,-0.004,No_effect
b2265,menF,-0.0355,No_effect
b3043,ygiL,-0.061,No_effect
b4271,intB,0.04,No_effect
b3355,prkB,-0.16849999999999998,No_effect
b2946,rsmE,-0.07300000000000001,No_effect
b0575,cusA,0.0375,No_effect
b1769,ydjE,-0.083,No_effect
b1140,intE,0.14550000000000002,No_effect
b3163,nlpI,-0.071,No_effect
b2798,ygdG,0.23149999999999998,No_effect
b2795,ppnN,0.0765,No_effect
b3362,yhfG,-0.1385,No_effect
b0913,ycaI,0.013499999999999998,No_effect
b2410,yfeH,0.222,No_effect
b1867,yecD,0.1215,No_effect
b1868,yecE,0.10500000000000001,No_effect
b3415,gntT,0.003000000000000001,No_effect
b2676,nrdF,-0.0435,No_effect
b0521,ybcF,-0.26,No_effect
b2216,rcsD,0.1325,No_effect
b2664,glaR,-0.0575,No_effect
b2660,lhgD,-0.002,No_effect
b0534,sfmF,0.10950000000000001,No_effect
b1206,dauA,0.1265,No_effect
b3063,ttdT,0.055,No_effect
b1778,msrB,0.3295,No_effect
b0735,ybgE,0.097,No_effect
b2067,dgcE,-0.021,No_effect
b0944,ycbF,-0.146,No_effect
b1198,dhaM,0.1255,No_effect
b1663,mdtK,-0.119,No_effect
b2517,rlmN,-0.126,No_effect
b1217,chaB,0.2025,No_effect
b1218,chaC,-0.174,No_effect
b1219,ychN,0.1535,No_effect
b1220,ychO,-0.051000000000000004,No_effect
b0796,cecR,-0.0915,No_effect
b0828,iaaA,-0.145,No_effect
b2468,aegA,0.13949999999999999,No_effect
b2467,nudK,-0.025499999999999995,No_effect
b2040,rfbD,-0.0445,No_effect
b2041,rfbB,-0.0495,No_effect
b2094,gatA,0.040499999999999994,No_effect
b2093,gatB,0.14350000000000002,No_effect
b2092,gatC,0.0945,No_effect
b2091,gatD,-0.0655,No_effect
b2096,gatY,0.07550000000000001,No_effect
b0803,ybiI,-0.024,No_effect
b0802,ybiJ,-0.247,No_effect
b0368,tauD,0.013500000000000002,No_effect
b0763,modA,0.004499999999999997,No_effect
b0461,tomB,0.1375,No_effect
b1299,puuR,0.036000000000000004,No_effect
b1694,ydiF,0.027000000000000003,No_effect
b3055,ygiM,-0.10550000000000001,No_effect
b2260,menE,-0.1775,No_effect
b2263,menH,0.07400000000000001,No_effect
b4231,yjfF,-0.0075,No_effect
b4233,mpl,-0.0415,No_effect
b4461,yfjD,0.052,No_effect
b2959,yggL,-0.05100000000000002,No_effect
b1110,ycfJ,-0.1885,No_effect
b2578,eamB,-0.1935,No_effect
b2602,yfiL,0.0245,No_effect
b0567,ybcH,-0.09,No_effect
b2711,norW,-0.018499999999999996,No_effect
b0481,ybaK,0.298,No_effect
b2835,lplT,-0.1155,No_effect
b4088,alsB,-0.026,No_effect
b4115,adiC,-0.056,No_effect
b4130,dtpC,0.0105,No_effect
b4156,yjeM,-0.0235,No_effect
b4194,ulaB,-0.1345,No_effect
b4195,ulaC,-0.021500000000000005,No_effect
b4208,cycA,-0.14,No_effect
b4227,ytfQ,-0.063,No_effect
b4485,ytfR,0.022499999999999992,No_effect
b4230,ytfT,0.013,No_effect
b3128,garD,-0.051500000000000004,No_effect
b4265,idnT,0.041,No_effect
b4296,yjhF,0.026000000000000002,No_effect
b4302,sgcA,-0.0235,No_effect
b4304,sgcC,0.0305,No_effect
b4305,sgcX,0.0030000000000000027,No_effect
b4321,gntP,0.027499999999999997,No_effect
b4337,mdtM,0.0795,No_effect
b4356,lgoT,-0.0405,No_effect
b4359,opgB,0.036,No_effect
b4394,yjjX,-0.292,No_effect
b0119,yacL,-0.082,No_effect
b1095,fabF,0.3145,No_effect
b0035,caiE,-0.20700000000000002,No_effect
b0058,rluA,0.1395,No_effect
b0056,yabP,-0.0675,No_effect
b0995,torR,-0.073,No_effect
b0478,ybaL,0.1345,No_effect
b3555,yiaG,0.012500000000000004,No_effect
b3543,dppB,0.0315,No_effect
b3542,dppC,-0.21000000000000002,No_effect
b3541,dppD,0.195,No_effect
b3540,dppF,0.1015,No_effect
b3437,gntK,-0.26,No_effect
b3438,gntR,-0.2545,No_effect
b4476,gntU,-0.111,No_effect
b3034,nudF,0.426,No_effect
b2761,cas3,-0.025,No_effect
b3028,mdaB,0.0075,No_effect
b3029,ygiN,-0.15050000000000002,No_effect
b0654,gltJ,0.1,No_effect
b0653,gltK,0.058,No_effect
b0652,gltL,-0.0335,No_effect
b1064,grxB,-0.2585,No_effect
b0892,rarA,0.035,No_effect
b0599,hcxA,0.061500000000000006,No_effect
b1813,nudL,-0.129,No_effect
b3060,ttdR,-0.0014999999999999944,No_effect
b2895,fldB,-0.2755,No_effect
b0901,ycaK,-0.014000000000000002,No_effect
b2956,yggM,-0.015,No_effect
b2958,yggN,-0.0735,No_effect
b2749,ygbE,-0.11199999999999999,No_effect
b0527,ybcI,-0.114,No_effect
b1958,yedI,0.2995,No_effect
b1962,yedJ,0.149,No_effect
b2687,luxS,-0.128,No_effect
b1473,yddG,-0.039999999999999994,No_effect
b3068,mug,-0.1825,No_effect
b3078,ygjI,0.0055,No_effect
b3089,sstT,-0.0665,No_effect
b3091,uxaA,-0.0615,No_effect
b3093,exuT,-0.062,No_effect
b3094,exuR,0.09050000000000001,No_effect
b3110,cyuP,-0.1085,No_effect
b3127,garP,0.028999999999999998,No_effect
b3135,agaA,0.266,No_effect
b3137,kbaY,-0.0655,No_effect
b3138,agaB,-0.097,No_effect
b3139,agaC,0.0,No_effect
b3149,diaA,0.191,No_effect
b3180,yhbY,-0.23399999999999999,No_effect
b3193,mlaD,-0.0435,No_effect
b3194,mlaE,0.076,No_effect
b3195,mlaF,-0.009,No_effect
b3196,yrbG,0.10600000000000001,No_effect
b3268,yhdW,-0.044,No_effect
b3269,yhdX,-0.0095,No_effect
b3270,yhdY,0.124,No_effect
b3271,yhdZ,0.0605,No_effect
b0850,ybjC,0.06,No_effect
b0468,ybaN,0.316,No_effect
b2017,yefM,-0.4745,No_effect
b2754,cas2,-0.1615,No_effect
b2233,yfaL,-0.07150000000000001,No_effect
b0643,ybeL,0.1995,No_effect
b1336,abgT,0.0030000000000000027,No_effect
b0742,cpoB,-0.20700000000000002,No_effect
b2586,yfiM,-0.135,No_effect
b1424,opgD,-0.28049999999999997,No_effect
b1853,yebK,0.1295,No_effect
b1915,yecF,0.015500000000000003,No_effect
b1831,proQ,-0.476,No_effect
b0376,ampH,-0.023500000000000004,No_effect
b1322,ycjF,-0.099,No_effect
b0412,yajI,0.093,No_effect
b0772,ybhC,0.10900000000000001,No_effect
b1154,ycfK,-0.11750000000000001,No_effect
b2910,zapA,0.226,No_effect
b2604,dgcN,-0.105,No_effect
b2988,gss,-0.031,No_effect
b2987,pitB,-0.0685,No_effect
b3352,yheS,-0.096,No_effect
b3370,frlA,0.037000000000000005,No_effect
b3410,feoC,-0.1205,No_effect
b2388,glk,-0.22649999999999998,No_effect
b1386,tynA,0.1765,No_effect
b2406,xapB,0.052000000000000005,No_effect
b2364,dsdC,-0.07450000000000001,No_effect
b2775,yqcE,-0.012,No_effect
b0445,ybaE,0.068,No_effect
b0731,mngA,-0.056499999999999995,No_effect
b0732,mngB,0.0375,No_effect
b1993,cobU,0.07450000000000001,No_effect
b0875,aqpZ,-0.10099999999999999,No_effect
b2367,emrY,-0.118,No_effect
b3528,dctA,0.1215,No_effect
b4477,dgoA,0.4545,No_effect
b3693,dgoK,-0.069,No_effect
b3691,dgoT,0.066,No_effect
b2976,glcB,0.0,No_effect
b0125,hpt,0.04150000000000001,No_effect
b3350,kefB,0.034,No_effect
b4323,uxuB,-0.071,No_effect
b4324,uxuR,-0.3145,No_effect
b3566,xylF,0.0205,No_effect
b3569,xylR,-0.10750000000000001,No_effect
b2675,nrdE,0.038,No_effect
b1977,asnT,-0.20850000000000002,No_effect
b1989,asnV,-0.1035,No_effect
b0216,aspV,-0.2965,No_effect
b4163,glyV,-0.313,No_effect
b4369,leuP,0.051500000000000004,No_effect
b4370,leuQ,0.007000000000000006,No_effect
b2814,metZ,0.20500000000000002,No_effect
b3545,proK,-0.05149999999999999,No_effect
b2189,proL,-0.32,No_effect
b3761,trpT,-0.3255,No_effect
b1231,tyrT,0.0795,No_effect
b3977,tyrU,-0.2325,No_effect
b0953,rmf,0.276,No_effect
b0578,nfsB,-0.1145,No_effect
b2441,eutB,0.015,No_effect
b2440,eutC,0.03849999999999999,No_effect
b4236,cybC,0.22050000000000003,No_effect
b3517,gadA,-0.022000000000000002,No_effect
b0356,frmA,-0.082,No_effect
b4565,sgcB,-0.175,No_effect
b4520,ymgF,0.08450000000000002,No_effect
b4503,yafF,-0.08449999999999999,No_effect
b4504,ykfH,-0.114,No_effect
b4506,ykgO,-0.0645,No_effect
b4509,ylcG,-0.046,No_effect
b4511,ybdZ,-0.08750000000000001,No_effect
b4513,kdpF,-0.182,No_effect
b4515,cydX,-0.29300000000000004,No_effect
b4521,ycgI,-0.145,No_effect
b4524,ymjB,0.034499999999999996,No_effect
b4527,ydaF,0.017,No_effect
b4529,ydbJ,0.2695,No_effect
b4532,hicA,0.157,No_effect
b4533,ynfO,0.11,No_effect
b4535,yniD,0.11049999999999999,No_effect
b4536,yobH,-0.1325,No_effect
b4538,yoeF,-0.02800000000000001,No_effect
b4541,yehK,-0.004500000000000004,No_effect
b4544,arnE,0.0845,No_effect
b4545,ypdJ,0.42000000000000004,No_effect
b4546,ypeB,-0.18100000000000002,No_effect
b4547,ypfN,-0.3565,No_effect
b4548,ypjJ,0.073,No_effect
b4550,arfA,0.214,No_effect
b4551,yheV,0.298,No_effect
b4553,ysaB,-0.0665,No_effect
b4554,yibT,0.06199999999999999,No_effect
b4555,yicS,0.061000000000000006,No_effect
b4557,yidD,-0.0655,No_effect
b4558,yifL,-0.14450000000000002,No_effect
b4559,ghoT,0.134,No_effect
b4566,topAI,-0.013500000000000005,No_effect
b4567,yjjZ,-0.3565,No_effect
b4568,ytjA,-0.289,No_effect
b4502,yeiW,0.026999999999999996,No_effect
b4522,ymiA,0.1825,No_effect
b4523,yciX,0.14450000000000002,No_effect
b4519,icdC,0.296,No_effect
b4578,yncK,0.058,No_effect
b4543,ypaA,-0.054000000000000006,No_effect
b4552,yrhC,0.3155,No_effect
b4561,insM,0.0255,No_effect
b4576,insB7,-0.008,No_effect
b4603,rseX,-0.051500000000000004,No_effect
b4588,ylcH,0.04750000000000001,No_effect
b4589,ylcI,0.105,No_effect
b4592,appX,-0.382,No_effect
b4593,ymgI,-0.0020000000000000018,No_effect
b4594,ymgJ,-0.495,No_effect
b4596,yciZ,0.489,No_effect
b4608,ohsC,-0.1595,No_effect
b4614,sokA,0.2885,No_effect
b4620,yjbT,0.073,No_effect
b4622,ytcA,0.1415,No_effect
b4625,symR,-0.194,No_effect
b4627,ykfL,0.16,No_effect
b4655,ythA,-0.018,No_effect
b4687,shoB,0.087,No_effect
b4675,yoaJ,0.10300000000000001,No_effect
b4685,yrbN,-0.351,No_effect
b4679,yohP,0.3045,No_effect
b4684,yqfG,-0.017,No_effect
b4686,yshB,-0.0975,No_effect
b4698,mgrR,-0.20099999999999998,No_effect
b4699,fnrS,-0.019000000000000017,No_effect
b4701,sokX,-0.17200000000000001,No_effect
b4644,ypjI,0.171,No_effect
b4642,yoeD,-0.49650000000000005,No_effect
b4641,yoeH,0.053000000000000005,No_effect
b4640,yoeG,-0.2965,No_effect
b4646,yrdE,-0.119,No_effect
b4648,ysaC,0.036,No_effect
b4649,ysaD,-0.3415,No_effect
b4650,yibS,-0.285,No_effect
b4651,yibW,-0.4355,No_effect
b4652,yibU,-0.002,No_effect
b4653,yicT,0.0765,No_effect
b4654,yjdQ,-0.005499999999999998,No_effect
b4656,yjhY,-0.0775,No_effect
b4657,yjhZ,-0.10200000000000001,No_effect
b4697,yrdF,-0.371,No_effect
b4632,ylbI,-0.069,No_effect
b4636,ybfI,-0.079,No_effect
b4630,ykgP,-0.3545,No_effect
b4633,xisD,-0.249,No_effect
b4634,aaaD,-0.1875,No_effect
b4692,oweE,0.15449999999999997,No_effect
b4693,aaaE,-0.018,No_effect
b4410,ecnA,0.1475,No_effect
b4467,glcF,-0.193,No_effect
b4408,csrB,0.1635,No_effect
b4431,rprA,-0.007000000000000006,No_effect
b4443,gcvB,-0.1935,No_effect
b4444,omrA,0.0665,No_effect
b4451,ryhB,-0.254,No_effect
b4456,glmZ,0.039,No_effect
b4457,csrC,0.08900000000000001,No_effect
b4440,ryfA,-0.091,No_effect
b4416,rybA,0.22250000000000003,No_effect
b4445,omrB,0.028999999999999998,No_effect
b4436,sibA,-0.199,No_effect
b4598,yncL,-0.133,No_effect
b4595,yciY,0.34099999999999997,No_effect
b4426,mcaS,-0.2815,No_effect
b4435,isrC,-0.08700000000000001,No_effect
b4441,glmY,-0.007500000000000007,No_effect
b4452,gadY,-0.0595,No_effect
b4454,rdlD,-0.125,No_effect
b4585,chiX,0.046499999999999986,No_effect
b4487,yjdP,-0.1715,No_effect
b4409,blr,0.18,No_effect
b4411,ecnB,-0.1215,No_effect
b4413,sokC,-0.24,No_effect
b4415,hokE,-0.08449999999999999,No_effect
b4501,torI,-0.007500000000000007,No_effect
b4577,sgrS,-0.352,No_effect
b4618,tisB,-0.14250000000000002,No_effect
b4613,dinQ,-0.0575,No_effect
b0424,yajL,-0.047,No_effect
b1293,sapB,-0.4295,No_effect
b1294,sapA,0.1255,No_effect
b1072,flgA,-0.105,No_effect
b1073,flgB,0.139,No_effect
b1074,flgC,0.3725,No_effect
b1075,flgD,0.029999999999999992,No_effect
b1076,flgE,-0.023999999999999997,No_effect
b1077,flgF,0.129,No_effect
b1078,flgG,0.03,No_effect
b1079,flgH,-0.08199999999999999,No_effect
b1080,flgI,0.027,No_effect
b1081,flgJ,0.15899999999999997,No_effect
b3081,fadH,-0.038,No_effect
b1879,flhA,-0.009500000000000001,No_effect
b4406,yaeP,0.3825,No_effect
b1941,fliI,0.099,No_effect
b1942,fliJ,-0.4155,No_effect
b1943,fliK,-0.004499999999999997,No_effect
b3224,nanT,0.0385,No_effect
b2901,bglA,-0.08349999999999999,No_effect
b0459,maa,0.1645,No_effect
b1380,ldhA,0.0030000000000000027,No_effect
b0005,yaaX,0.11250000000000002,No_effect
b0011,yaaW,-0.137,No_effect
b0034,caiF,0.0865,No_effect
b0186,ldcC,0.0305,No_effect
b0187,yaeR,-0.034,No_effect
b0189,rof,-0.39649999999999996,No_effect
b0190,yaeQ,0.159,No_effect
b0212,gloB,0.098,No_effect
b0213,yafS,-0.3215,No_effect
b0217,yafT,-0.027999999999999997,No_effect
b0218,yafU,-0.03849999999999999,No_effect
b0219,yafV,0.0785,No_effect
b0220,ivy,0.089,No_effect
b0221,fadE,-0.048,No_effect
b0223,yafJ,-0.3535,No_effect
b0224,dpaA,-0.033,No_effect
b0225,yafQ,0.1395,No_effect
b0226,dinJ,0.28700000000000003,No_effect
b0227,yafL,0.095,No_effect
b0228,rayT,0.005999999999999998,No_effect
b0229,lfhA,0.013499999999999998,No_effect
b0230,lafU,0.1735,No_effect
b0231,dinB,0.025499999999999995,No_effect
b0232,yafN,0.2555,No_effect
b0233,yafO,-0.1115,No_effect
b0234,yafP,-0.069,No_effect
b0235,ykfJ,0.1275,No_effect
b0245,ykfI,-0.051,No_effect
b0246,yafW,-0.278,No_effect
b0247,ykfG,-0.2425,No_effect
b0248,yafX,-0.0965,No_effect
b0249,ykfF,-0.47000000000000003,No_effect
b0250,ykfB,0.10300000000000001,No_effect
b0251,yafY,-0.32199999999999995,No_effect
b0252,yafZ,0.108,No_effect
b0253,ykfA,-0.0945,No_effect
b0254,perR,-0.302,No_effect
b4587,insN,0.1245,No_effect
b0258,ykfC,-0.068,No_effect
b0260,mmuP,0.041999999999999996,No_effect
b0261,mmuM,-0.177,No_effect
b0263,afuB,0.0215,No_effect
b0268,yagE,-0.14200000000000002,No_effect
b0269,yagF,0.098,No_effect
b0270,yagG,-0.123,No_effect
b0271,yagH,-0.0315,No_effect
b0272,xynR,-0.135,No_effect
b0276,yagJ,-0.0325,No_effect
b0277,yagK,-0.0775,No_effect
b0278,yagL,-0.08850000000000001,No_effect
b0279,yagM,-0.39699999999999996,No_effect
b0280,yagN,0.024,No_effect
b0281,intF,-0.059,No_effect
b0282,yagP,0.118,No_effect
b0283,paoD,0.077,No_effect
b0284,paoC,0.012499999999999997,No_effect
b0285,paoB,0.053,No_effect
b0286,paoA,-0.0235,No_effect
b0287,yagU,-0.08349999999999999,No_effect
b0288,ykgJ,-0.046,No_effect
b0289,ecpE,-0.077,No_effect
b0290,ecpD,0.0325,No_effect
b0291,ecpC,-0.041,No_effect
b0292,ecpB,0.1485,No_effect
b0293,ecpA,-0.1015,No_effect
b0294,matA,-0.3045,No_effect
b0295,ykgL,-0.045,No_effect
b0296,ykgM,-0.33,No_effect
b0300,ykgA,-0.006,No_effect
b0301,rclC,0.002,No_effect
b0303,rclB,-0.127,No_effect
b0304,rclA,0.047,No_effect
b0305,rclR,-0.041499999999999995,No_effect
b0306,ykgE,0.002,No_effect
b0307,ykgF,0.12150000000000001,No_effect
b0308,ykgG,-0.214,No_effect
b0310,ykgH,-0.21200000000000002,No_effect
b0316,yahB,0.0205,No_effect
b0317,yahC,-0.1695,No_effect
b0318,yahD,-0.14100000000000001,No_effect
b0319,yahE,-0.14550000000000002,No_effect
b0320,yahF,0.1325,No_effect
b0321,yahG,0.0165,No_effect
b0323,yahI,-0.21000000000000002,No_effect
b0324,yahJ,0.013,No_effect
b0325,yahK,0.07800000000000001,No_effect
b0327,yahM,-0.0375,No_effect
b0328,yahN,-0.0335,No_effect
b0329,yahO,-0.028500000000000004,No_effect
b0330,prpR,0.216,No_effect
b0331,prpB,-0.1255,No_effect
b0333,prpC,-0.089,No_effect
b0334,prpD,-0.1815,No_effect
b0335,prpE,0.089,No_effect
b0346,mhpR,-0.081,No_effect
b0352,mhpE,0.14200000000000002,No_effect
b0353,mhpT,0.028499999999999998,No_effect
b0354,yaiL,0.03,No_effect
b0355,frmB,-0.043,No_effect
b0357,frmR,-0.4375,No_effect
b0358,yaiO,0.0475,No_effect
b4579,yaiX,0.010499999999999995,No_effect
b0363,yaiP,0.049,No_effect
b0364,yaiS,-0.091,No_effect
b0365,tauA,-0.030999999999999993,No_effect
b0366,tauB,-0.022000000000000002,No_effect
b0367,tauC,0.027500000000000004,No_effect
b4580,yaiT,-0.0165,No_effect
b0375,iprA,-0.14,No_effect
b0378,yaiW,-0.12,No_effect
b0379,yaiY,-0.0985,No_effect
b0380,yaiZ,-0.21000000000000002,No_effect
b0387,yaiI,0.1345,No_effect
b0392,ykiA,-0.0009999999999999992,No_effect
b0402,proY,0.014499999999999999,No_effect
b0419,yajO,-0.0695,No_effect
b0425,panE,0.006999999999999992,No_effect
b0426,yajQ,0.156,No_effect
b0427,yajR,-0.2375,No_effect
b0441,ppiD,-0.039,No_effect
b0442,ybaV,0.0034999999999999892,No_effect
b0443,fadM,-0.0315,No_effect
b0444,queC,-0.115,No_effect
b0446,cof,-0.188,No_effect
b0447,decR,-0.2165,No_effect
b0448,mdlA,0.056999999999999995,No_effect
b0453,ybaY,0.051000000000000004,No_effect
b0454,ybaZ,0.101,No_effect
b0457,pdeB,0.0335,No_effect
b0458,ylaC,0.183,No_effect
b0465,mscK,-0.008000000000000002,No_effect
b0479,fsr,0.129,No_effect
b0482,ybaP,0.034,No_effect
b0483,ybaQ,-0.136,No_effect
b0484,copA,-0.27149999999999996,No_effect
b0485,glsA,0.01,No_effect
b0486,ybaT,0.037000000000000005,No_effect
b0487,cueR,-0.1205,No_effect
b0488,ybbJ,0.0545,No_effect
b0489,qmcA,0.0735,No_effect
b0490,fetA,-0.11349999999999999,No_effect
b0491,fetB,-0.0925,No_effect
b0492,cnoX,-0.108,No_effect
b0493,ybbO,0.067,No_effect
b0496,ybbP,-0.082,No_effect
b0499,ylbH,-0.1045,No_effect
b0502,ylbG,0.168,No_effect
b0504,allS,-0.0865,No_effect
b0505,allA,-0.3505,No_effect
b0508,hyi,-0.056,No_effect
b0509,glxR,-0.088,No_effect
b0511,ybbW,-0.076,No_effect
b0512,allB,0.014000000000000002,No_effect
b0513,ybbY,0.0835,No_effect
b0514,glxK,0.11049999999999999,No_effect
b0515,allE,0.0195,No_effect
b0516,allC,-0.005,No_effect
b0517,allD,-0.07,No_effect
b0518,fdrA,0.0295,No_effect
b4572,ylbE,-0.1585,No_effect
b0520,ylbF,-0.1205,No_effect
b0530,sfmA,-0.009000000000000001,No_effect
b0531,sfmC,-0.241,No_effect
b0532,sfmD,0.014499999999999999,No_effect
b0533,sfmH,0.086,No_effect
b0539,exoD,-0.018000000000000002,No_effect
b0542,renD,-0.1475,No_effect
b0545,ybcL,0.0295,No_effect
b0546,ybcM,-0.043,No_effect
b0547,ybcN,-0.1655,No_effect
b0548,ninE,-0.2995,No_effect
b0549,ybcO,0.315,No_effect
b0550,rusA,-0.248,No_effect
b0551,quuD,0.007,No_effect
b0554,essD,0.004,No_effect
b0555,rrrD,0.026000000000000002,No_effect
b0556,rzpD,-0.23399999999999999,No_effect
b0557,borD,0.024999999999999994,No_effect
b0559,ybcW,0.084,No_effect
b0561,tfaD,-0.11299999999999999,No_effect
b0562,ybcY,0.0305,No_effect
b0563,tfaX,-0.176,No_effect
b0570,cusS,-0.067,No_effect
b0571,cusR,-0.089,No_effect
b0572,cusC,0.1195,No_effect
b0573,cusF,0.0495,No_effect
b0574,cusB,-0.0305,No_effect
b0577,ybdG,-0.0034999999999999996,No_effect
b0579,ybdF,-0.33449999999999996,No_effect
b0581,ybdK,-0.042,No_effect
b0600,ybdL,0.133,No_effect
b0601,ybdM,0.0024999999999999988,No_effect
b0602,ybdN,-0.1195,No_effect
b0604,dsbG,0.009500000000000008,No_effect
b0607,uspG,0.2975,No_effect
b0608,ybdR,0.035,No_effect
b0610,rnk,0.0705,No_effect
b0612,citT,-0.1615,No_effect
b0613,citG,0.214,No_effect
b0615,citF,0.009500000000000008,No_effect
b0616,citE,-0.1375,No_effect
b0617,citD,0.1355,No_effect
b0618,citC,0.029,No_effect
b0619,dpiB,0.053,No_effect
b0620,dpiA,0.057,No_effect
b0621,dcuC,-0.132,No_effect
b0638,cobC,-0.0945,No_effect
b0644,ybeQ,0.012499999999999997,No_effect
b0645,ybeR,-0.0465,No_effect
b0646,djlB,-0.0025000000000000005,No_effect
b0647,ybeT,0.0235,No_effect
b0648,ybeU,0.038,No_effect
b0649,djlC,-0.026000000000000002,No_effect
b0650,hscC,0.017499999999999998,No_effect
b0651,rihA,0.033,No_effect
b0655,gltI,-0.1345,No_effect
b0658,ybeX,-0.175,No_effect
b0660,ybeZ,-0.177,No_effect
b0661,miaB,-0.256,No_effect
b0681,chiP,0.053000000000000005,No_effect
b0682,chiQ,0.064,No_effect
b0689,ybfP,-0.093,No_effect
b0703,ybfO,0.0595,No_effect
b0709,dtpD,-0.0025000000000000022,No_effect
b0710,ybgI,-0.4125,No_effect
b0711,pxpB,0.176,No_effect
b0712,pxpC,-0.1625,No_effect
b0713,pxpA,-0.010499999999999999,No_effect
b0714,nei,0.266,No_effect
b0715,abrB,-0.06099999999999999,No_effect
b0716,ybgO,-0.09,No_effect
b0717,ybgP,-0.005499999999999998,No_effect
b0718,ybgQ,-0.020499999999999997,No_effect
b0752,zitB,0.1235,No_effect
b0753,ybgS,0.14350000000000002,No_effect
b0761,modE,0.04050000000000001,No_effect
b0768,ybhD,-0.20750000000000002,No_effect
b0769,ybhH,-0.057499999999999996,No_effect
b0770,ybhI,0.0785,No_effect
b0771,ybhJ,-0.006999999999999999,No_effect
b0780,ybhK,-0.026499999999999996,No_effect
b0786,ybhL,0.17049999999999998,No_effect
b0787,ybhM,-0.0865,No_effect
b0788,ybhN,0.3695,No_effect
b0789,clsB,-0.22399999999999998,No_effect
b0790,ybhP,0.267,No_effect
b0791,ybhQ,-0.09899999999999999,No_effect
b0792,ybhR,-0.266,No_effect
b0793,ybhS,-0.106,No_effect
b0794,ybhF,-0.08399999999999999,No_effect
b0795,ybhG,-0.047,No_effect
b0804,ybiX,0.1635,No_effect
b0805,fiu,-0.1365,No_effect
b0806,mcbA,-0.05650000000000001,No_effect
b0807,rlmF,0.048,No_effect
b0808,ybiO,-0.161,No_effect
b0815,opgE,0.025,No_effect
b0817,mntR,-0.035,No_effect
b0818,ybiR,0.1705,No_effect
b0819,ldtB,-0.052500000000000005,No_effect
b0820,ybiT,0.0775,No_effect
b0821,ybiU,0.1945,No_effect
b0822,ybiV,-0.20950000000000002,No_effect
b0823,ybiW,0.08,No_effect
b0824,ybiY,-0.016,No_effect
b0825,fsaA,0.231,No_effect
b0829,gsiA,-0.006499999999999999,No_effect
b0830,gsiB,0.0515,No_effect
b0831,gsiC,0.0185,No_effect
b0832,gsiD,0.066,No_effect
b0833,pdeI,-0.006999999999999999,No_effect
b0834,dgcI,0.0025,No_effect
b0835,rimO,0.04700000000000001,No_effect
b0836,bssR,0.042,No_effect
b0837,yliI,-0.0905,No_effect
b0838,gstB,0.050499999999999996,No_effect
b0841,ybjG,0.14850000000000002,No_effect
b0842,mdfA,0.1225,No_effect
b0843,ybjH,0.14450000000000002,No_effect
b0844,ybjI,0.0575,No_effect
b0845,ybjJ,0.3225,No_effect
b0846,rcdA,-0.22649999999999998,No_effect
b0847,ybjL,0.162,No_effect
b0848,ybjM,-0.1615,No_effect
b0853,ybjN,-0.3355,No_effect
b0858,ybjO,-0.1275,No_effect
b0859,rlmC,0.11549999999999999,No_effect
b0865,ybjP,0.3255,No_effect
b0866,ybjQ,0.385,No_effect
b0867,amiD,-0.171,No_effect
b0868,ybjS,0.11599999999999999,No_effect
b0869,ybjT,-0.15050000000000002,No_effect
b0870,ltaE,0.03949999999999999,No_effect
b0872,hcr,-0.05950000000000001,No_effect
b0873,hcp,-0.0325,No_effect
b0874,lysO,-0.059000000000000004,No_effect
b0876,ybjD,0.005500000000000001,No_effect
b0877,ybjX,0.141,No_effect
b0878,macA,0.123,No_effect
b0879,macB,0.036,No_effect
b0881,clpS,0.145,No_effect
b0899,ycaM,0.033,No_effect
b0900,ycaN,0.043,No_effect
b0905,ycaO,0.049,No_effect
b0906,ycaP,0.1145,No_effect
b0909,ycaL,0.0805,No_effect
b0916,ycaQ,0.1095,No_effect
b0919,ycbJ,-0.0795,No_effect
b0926,mepK,-0.066,No_effect
b0927,gloC,0.0005000000000000004,No_effect
b0934,ssuC,-0.3125,No_effect
b0935,ssuD,-0.151,No_effect
b0936,ssuA,-0.22899999999999998,No_effect
b0937,ssuE,-0.1655,No_effect
b0938,elfA,-0.173,No_effect
b0939,elfD,0.0425,No_effect
b0940,elfC,0.09999999999999999,No_effect
b0941,elfG,-0.0625,No_effect
b0942,ycbU,0.013499999999999998,No_effect
b0943,ycbV,0.158,No_effect
b0946,zapC,-0.012999999999999998,No_effect
b0947,ycbX,-0.044,No_effect
b0948,rlmL,-0.114,No_effect
b0949,uup,-0.056499999999999995,No_effect
b0950,pqiA,0.183,No_effect
b0951,pqiB,-0.049,No_effect
b0952,pqiC,0.011500000000000003,No_effect
b0955,ycbZ,0.393,No_effect
b0959,sxy,-0.0385,No_effect
b0960,yccS,-0.03899999999999999,No_effect
b0961,yccF,0.0,No_effect
b0963,mgsA,0.22399999999999998,No_effect
b0964,yccT,-0.10800000000000001,No_effect
b0965,yccU,0.28850000000000003,No_effect
b0966,hspQ,0.077,No_effect
b0967,rlmI,0.1365,No_effect
b0968,yccX,-0.14100000000000001,No_effect
b0982,etp,0.11199999999999999,No_effect
b0983,gfcE,-0.1305,No_effect
b0984,gfcD,0.1315,No_effect
b0985,gfcC,0.127,No_effect
b0986,gfcB,0.03,No_effect
b0987,gfcA,0.20350000000000001,No_effect
b0989,cspH,0.0005,No_effect
b0990,cspG,0.175,No_effect
b0991,ymcE,0.1475,No_effect
b0992,yccM,0.0965,No_effect
b0993,torS,0.0040000000000000036,No_effect
b0994,torT,-0.30800000000000005,No_effect
b1006,rutG,0.010000000000000009,No_effect
b1007,rutF,0.019000000000000003,No_effect
b1008,rutE,0.0985,No_effect
b1009,rutD,-0.129,No_effect
b1010,rutC,-0.1215,No_effect
b1011,rutB,-0.023000000000000007,No_effect
b1012,rutA,-0.4225,No_effect
b4490,efeU,0.06649999999999999,No_effect
b1018,efeO,0.1305,No_effect
b1021,pgaD,0.10149999999999999,No_effect
b1022,pgaC,-0.0049999999999999975,No_effect
b1023,pgaB,0.043500000000000004,No_effect
b1024,pgaA,0.029500000000000002,No_effect
b1025,dgcT,-0.026500000000000003,No_effect
b1028,ymdE,0.053500000000000006,No_effect
b1029,ycdU,-0.131,No_effect
b1033,ghrA,0.10400000000000001,No_effect
b1034,ycdX,0.094,No_effect
b1035,ycdY,-0.028000000000000004,No_effect
b1036,ycdZ,-0.0825,No_effect
b1037,csgG,0.10099999999999999,No_effect
b1038,csgF,-0.1485,No_effect
b1039,csgE,-0.09,No_effect
b1040,csgD,-0.2885,No_effect
b1041,csgB,-0.052500000000000005,No_effect
b1043,csgC,-0.043,No_effect
b1044,ymdA,-0.1765,No_effect
b1045,ymdB,-0.10800000000000001,No_effect
b1046,clsC,0.0625,No_effect
b1047,opgC,-0.13,No_effect
b1057,yceJ,0.10250000000000001,No_effect
b1058,yceO,-0.3255,No_effect
b1059,solA,0.1565,No_effect
b1060,bssS,-0.23550000000000001,No_effect
b1061,dinI,-0.07899999999999999,No_effect
b1065,mdtH,0.0305,No_effect
b1068,yceM,-0.1055,No_effect
b1105,lpoB,-0.056999999999999995,No_effect
b1106,thiK,-0.257,No_effect
b1107,nagZ,0.052,No_effect
b1108,ycfP,0.034,No_effect
b1111,comR,-0.0115,No_effect
b1113,ldtC,-0.22749999999999998,No_effect
b1115,ycfT,0.047,No_effect
b1119,nagK,0.0845,No_effect
b1120,cobB,-0.041,No_effect
b1121,ycfZ,-0.07400000000000001,No_effect
b1122,ymfA,0.059500000000000004,No_effect
b1134,nudJ,-0.40399999999999997,No_effect
b1135,rluE,0.092,No_effect
b1138,ymfE,-0.3445,No_effect
b1141,xisE,-0.041,No_effect
b1143,ymfI,0.2545,No_effect
b1147,ymfL,0.023999999999999997,No_effect
b1148,ymfM,-0.05450000000000001,No_effect
b1150,ymfR,0.0675,No_effect
b1151,beeE,-0.3655,No_effect
b1152,jayE,0.1835,No_effect
b1153,ymfQ,0.1555,No_effect
b1155,tfaP,0.1555,No_effect
b1157,stfE,-0.014499999999999999,No_effect
b1160,iraM,-0.21550000000000002,No_effect
b1162,bluR,-0.262,No_effect
b1163,bluF,0.031,No_effect
b1164,ycgZ,-0.33099999999999996,No_effect
b1165,ymgA,-0.223,No_effect
b1168,pdeG,0.08,No_effect
b4491,ycgH,-0.0025000000000000022,No_effect
b1171,ymgD,0.134,No_effect
b1172,ymgG,0.0405,No_effect
b1177,ycgJ,-0.2855,No_effect
b1178,pliG,0.005999999999999998,No_effect
b1179,ycgL,0.0265,No_effect
b1180,ycgM,-0.12150000000000001,No_effect
b1181,ycgN,0.10350000000000001,No_effect
b1182,hlyE,-0.2915,No_effect
b1191,cvrA,0.0585,No_effect
b1194,ycgR,-0.016,No_effect
b1195,ymgE,-0.0915,No_effect
b1196,ycgY,-0.3225,No_effect
b1199,dhaL,-0.084,No_effect
b1200,dhaK,0.24,No_effect
b1201,dhaR,0.034499999999999996,No_effect
b1202,ycgV,0.0175,No_effect
b1213,ychQ,-0.176,No_effect
b4573,insZ,-0.13,No_effect
b1248,yciU,0.009500000000000001,No_effect
b1266,rnm,-0.487,No_effect
b1268,yciQ,0.022000000000000002,No_effect
b1279,lapA,0.07850000000000001,No_effect
b1284,yciT,0.0215,No_effect
b1285,pdeR,0.2215,No_effect
b1287,yciW,-0.013499999999999998,No_effect
b1289,ycjD,-0.019000000000000017,No_effect
b1295,ymjA,-0.39249999999999996,No_effect
b1296,puuP,-0.14600000000000002,No_effect
b1297,puuA,-0.2065,No_effect
b1298,puuD,-0.15650000000000003,No_effect
b1302,puuE,0.0635,No_effect
b1309,ycjM,-0.1475,No_effect
b1310,ycjN,0.05,No_effect
b1311,ycjO,0.036000000000000004,No_effect
b1312,ycjP,-0.159,No_effect
b1313,ycjQ,-0.1505,No_effect
b1314,ycjR,-0.025500000000000002,No_effect
b1315,ycjS,0.1815,No_effect
b1316,ycjT,0.028999999999999998,No_effect
b1317,ycjU,0.061,No_effect
b1319,ompG,0.005999999999999998,No_effect
b1320,ycjW,0.08800000000000001,No_effect
b1321,ycjX,0.03,No_effect
b1324,tpx,0.363,No_effect
b1325,ycjG,0.20550000000000002,No_effect
b1326,mpaA,0.021999999999999992,No_effect
b1327,ycjY,-0.10899999999999999,No_effect
b1328,pgrR,-0.1505,No_effect
b1329,mppA,0.1225,No_effect
b1330,ynaI,0.125,No_effect
b1332,ynaJ,0.266,No_effect
b1337,abgB,0.10250000000000001,No_effect
b1338,abgA,0.079,No_effect
b1339,abgR,-0.16749999999999998,No_effect
b1341,dgcM,0.1535,No_effect
b1342,zntB,0.097,No_effect
b1344,ttcA,-0.0755,No_effect
b1345,intR,-0.16149999999999998,No_effect
b1346,xisR,0.384,No_effect
b1355,ydaG,-0.14800000000000002,No_effect
b1357,ydaS,-0.15150000000000002,No_effect
b1358,ydaT,0.04799999999999999,No_effect
b1359,ydaU,-0.0305,No_effect
b1360,ydaV,-0.1635,No_effect
b1361,ydaW,0.20900000000000002,No_effect
b1362,rzpR,0.18300000000000002,No_effect
b1365,ynaK,0.14049999999999999,No_effect
b1366,ydaY,0.1395,No_effect
b1368,ynaA,0.21500000000000002,No_effect
b4570,lomR,0.28150000000000003,No_effect
b1370,insH5,0.068,No_effect
b1372,stfR,0.125,No_effect
b1376,uspF,0.08299999999999999,No_effect
b1377,ompN,0.081,No_effect
b1378,ydbK,-0.0275,No_effect
b1379,hslJ,0.2175,No_effect
b1381,ydbH,0.1715,No_effect
b1382,ynbE,-0.29100000000000004,No_effect
b1383,ydbL,-0.127,No_effect
b1384,feaR,0.229,No_effect
b1387,paaZ,0.036,No_effect
b1388,paaA,0.2875,No_effect
b1390,paaC,0.35750000000000004,No_effect
b1392,paaE,-0.015,No_effect
b1394,paaG,-0.101,No_effect
b1395,paaH,0.1025,No_effect
b1396,paaI,0.339,No_effect
b1397,paaJ,-0.045500000000000006,No_effect
b1399,paaX,0.0005000000000000004,No_effect
b1400,paaY,0.195,No_effect
b4492,ydbA,0.055,No_effect
b1408,ynbA,-0.097,No_effect
b1410,ynbC,-0.0245,No_effect
b1411,ynbD,0.21800000000000003,No_effect
b1412,azoR,0.23299999999999998,No_effect
b1413,hrpA,-0.2645,No_effect
b1422,ydcI,-0.162,No_effect
b1423,ydcJ,-0.2045,No_effect
b1428,ydcK,0.043,No_effect
b1431,ydcL,0.025499999999999995,No_effect
b1432,insQ,-0.095,No_effect
b1433,ydcO,-0.077,No_effect
b1434,sutR,-0.17850000000000002,No_effect
b1435,rlhA,0.11600000000000002,No_effect
b1438,hicB,0.127,No_effect
b1439,ydcR,-0.2065,No_effect
b1440,ydcS,0.004,No_effect
b1441,ydcT,0.2025,No_effect
b1442,ydcU,-0.182,No_effect
b1443,ydcV,-0.0655,No_effect
b1444,patD,-0.0805,No_effect
b1446,ydcY,0.38149999999999995,No_effect
b1448,mnaT,-0.3125,No_effect
b1449,curA,0.02500000000000001,No_effect
b1450,mcbR,0.013500000000000002,No_effect
b1451,pqqU,-0.041499999999999995,No_effect
b1452,yncE,-0.1255,No_effect
b1453,ansP,-0.1985,No_effect
b1454,yncG,0.009499999999999998,No_effect
b1462,yddH,0.1485,No_effect
b1463,nhoA,0.21050000000000002,No_effect
b1478,adhP,-0.362,No_effect
b1481,bdm,-0.0049999999999999975,No_effect
b1483,ddpF,0.006999999999999999,No_effect
b1484,ddpD,-0.0975,No_effect
b1485,ddpC,-0.1915,No_effect
b1486,ddpB,-0.3305,No_effect
b1487,ddpA,-0.006499999999999999,No_effect
b1488,ddpX,0.0995,No_effect
b1489,dosP,0.006999999999999999,No_effect
b1490,dosC,-0.21750000000000003,No_effect
b1491,digH,-0.08,No_effect
b1492,gadC,-0.216,No_effect
b1498,ydeN,-0.2265,No_effect
b1499,ydeO,-0.48,No_effect
b1501,ydeP,0.129,No_effect
b1503,ydeR,0.035500000000000004,No_effect
b1504,ydeS,-0.0405,No_effect
b1505,ydeT,-0.22849999999999998,No_effect
b1506,yneL,-0.071,No_effect
b1511,lsrK,0.12399999999999999,No_effect
b1512,lsrR,0.22699999999999998,No_effect
b1513,lsrA,0.08499999999999999,No_effect
b1514,lsrC,0.33599999999999997,No_effect
b1515,lsrD,-0.394,No_effect
b1516,lsrB,-0.0345,No_effect
b1517,lsrF,-0.11399999999999999,No_effect
b1518,lsrG,0.296,No_effect
b1519,tam,-0.3215,No_effect
b1520,yneE,-0.25,No_effect
b1522,dgcF,0.005000000000000001,No_effect
b1523,yneG,0.2695,No_effect
b1524,glsB,0.044499999999999984,No_effect
b1525,sad,-0.051500000000000004,No_effect
b1526,ptrR,0.1245,No_effect
b1527,yneK,-0.3785,No_effect
b1540,rspR,-0.27049999999999996,No_effect
b1542,ydfI,0.0175,No_effect
b1543,ydfJ,-0.106,No_effect
b1547,stfQ,-0.099,No_effect
b1550,gnsB,0.1,No_effect
b1551,ynfN,-0.43899999999999995,No_effect
b1553,rzpQ,0.4555,No_effect
b1556,essQ,0.173,No_effect
b1559,ydfT,-0.1005,No_effect
b1560,ydfU,-0.077,No_effect
b1565,ydfV,0.41300000000000003,No_effect
b1566,flxA,0.4125,No_effect
b1567,ydfW,-0.24,No_effect
b1579,intQ,-0.04,No_effect
b1580,rspB,-0.2895,No_effect
b1581,rspA,0.2025,No_effect
b1582,ynfA,0.3845,No_effect
b1584,speG,-0.3485,No_effect
b1585,ynfC,0.128,No_effect
b1586,ynfD,0.111,No_effect
b1587,ynfE,-0.0465,No_effect
b1588,ynfF,0.08449999999999999,No_effect
b1589,ynfG,-0.34299999999999997,No_effect
b1590,ynfH,0.1125,No_effect
b1591,dmsD,0.217,No_effect
b1592,clcB,0.2225,No_effect
b1593,bidA,-0.425,No_effect
b1594,mlc,0.032,No_effect
b1595,ynfL,-0.020999999999999998,No_effect
b1596,ynfM,-0.047,No_effect
b1597,asr,-0.213,No_effect
b1598,ydgD,-0.1305,No_effect
b1600,mdtJ,-0.235,No_effect
b1601,tqsA,0.0805,No_effect
b1604,ydgH,-0.2395,No_effect
b1605,ydgI,0.069,No_effect
b1606,folM,0.1215,No_effect
b1607,ydgC,-0.483,No_effect
b1608,rstA,-0.20400000000000001,No_effect
b1614,ydgA,-0.094,No_effect
b1615,uidC,-0.161,No_effect
b1618,uidR,-0.4835,No_effect
b1624,ydgJ,-0.0005000000000000004,No_effect
b1625,cnu,0.0195,No_effect
b1626,ydgK,-0.006499999999999999,No_effect
b1627,rsxA,-0.345,No_effect
b1628,rsxB,0.046,No_effect
b1629,rsxC,0.016999999999999998,No_effect
b1630,rsxD,-0.498,No_effect
b1632,rsxE,-0.1325,No_effect
b1634,dtpA,-0.011999999999999997,No_effect
b1635,gstA,-0.2385,No_effect
b1636,pdxY,0.16,No_effect
b1640,anmK,-0.2165,No_effect
b1642,slyA,-0.2435,No_effect
b1643,ydhI,-0.104,No_effect
b1644,ydhJ,0.04749999999999999,No_effect
b1645,ydhK,0.077,No_effect
b1647,ydhF,-0.1185,No_effect
b1650,nemA,0.1915,No_effect
b1651,gloA,0.1975,No_effect
b1657,ydhP,-0.0345,No_effect
b1664,ydhQ,-0.2555,No_effect
b1667,ydhR,0.3095,No_effect
b1668,ydhS,-0.0375,No_effect
b1669,ydhT,-0.10849999999999999,No_effect
b1670,ydhU,0.006499999999999992,No_effect
b1671,ydhX,-0.4305,No_effect
b1672,ydhW,0.1435,No_effect
b1673,ydhV,0.297,No_effect
b1674,ydhY,0.13,No_effect
b1675,fumD,-0.16299999999999998,No_effect
b1678,ldtE,-0.075,No_effect
b1679,sufE,0.05399999999999999,No_effect
b1680,sufS,0.29700000000000004,No_effect
b1681,sufD,0.2855,No_effect
b1682,sufC,0.4195,No_effect
b1683,sufB,0.4865,No_effect
b1685,ydiH,-0.2465,No_effect
b1686,menI,0.19,No_effect
b1687,ydiJ,-0.35350000000000004,No_effect
b1688,ydiK,-0.0895,No_effect
b1689,ydiL,-0.064,No_effect
b1690,ydiM,-0.27249999999999996,No_effect
b1691,ydiN,-0.0125,No_effect
b1695,ydiO,-0.1195,No_effect
b1696,ydiP,-0.007000000000000006,No_effect
b1697,ydiQ,0.085,No_effect
b1698,ydiR,0.0985,No_effect
b1699,ydiS,0.049,No_effect
b1706,selO,-0.1015,No_effect
b1707,rflP,-0.009999999999999998,No_effect
b4494,arpB,-0.3005,No_effect
b1722,ydiY,0.1095,No_effect
b1724,ydiZ,-0.251,No_effect
b1725,yniA,0.0015000000000000013,No_effect
b1726,yniB,-0.304,No_effect
b1727,hxpB,-0.3085,No_effect
b1729,tcyP,-0.068,No_effect
b1731,cedA,-0.036000000000000004,No_effect
b1741,cho,-0.1865,No_effect
b1742,ves,0.22399999999999998,No_effect
b1743,spy,0.15600000000000003,No_effect
b1744,astE,0.025,No_effect
b1745,astB,0.0675,No_effect
b1746,astD,0.0020000000000000018,No_effect
b1747,astA,0.07899999999999999,No_effect
b1748,astC,-0.088,No_effect
b1750,ydjX,-0.1225,No_effect
b1751,ydjY,-0.1885,No_effect
b1752,ydjZ,0.1095,No_effect
b1753,ynjA,-0.307,No_effect
b1754,ynjB,0.21200000000000002,No_effect
b1755,ynjC,-0.3335,No_effect
b1756,ynjD,0.10400000000000001,No_effect
b1757,ynjE,0.2855,No_effect
b1758,ynjF,-0.012500000000000011,No_effect
b1760,ynjH,0.122,No_effect
b1762,ynjI,-0.023999999999999994,No_effect
b1770,ydjF,-0.1045,No_effect
b1771,ydjG,0.08650000000000001,No_effect
b1772,ydjH,-0.21900000000000003,No_effect
b1773,ydjI,-0.1045,No_effect
b1774,ydjJ,0.0055,No_effect
b1775,ydjK,-0.064,No_effect
b1776,ydjL,0.1855,No_effect
b1777,yeaC,0.3775,No_effect
b1780,yeaD,-0.0435,No_effect
b1781,yeaE,0.0665,No_effect
b1782,mipA,-0.1255,No_effect
b1783,yeaG,-0.193,No_effect
b1784,yeaH,-0.46900000000000003,No_effect
b1785,cdgI,-0.096,No_effect
b1786,dgcJ,-0.0005000000000000004,No_effect
b1787,yeaK,-0.057999999999999996,No_effect
b1789,yeaL,-0.16949999999999998,No_effect
b1790,nimR,-0.08,No_effect
b1791,nimT,-0.075,No_effect
b1792,yeaO,-0.087,No_effect
b1793,yoaF,0.156,No_effect
b1794,dgcP,0.0835,No_effect
b1795,yeaQ,-0.06500000000000002,No_effect
b1796,yoaG,-0.049499999999999995,No_effect
b1797,yeaR,0.020000000000000004,No_effect
b1798,leuE,-0.036000000000000004,No_effect
b1799,dmlR,-0.107,No_effect
b1800,dmlA,0.0025000000000000022,No_effect
b1801,yeaV,-0.10049999999999999,No_effect
b1802,yeaW,0.148,No_effect
b1803,yeaX,0.12200000000000001,No_effect
b1806,yeaY,-0.095,No_effect
b1808,yoaA,-0.1395,No_effect
b1809,yoaB,-0.076,No_effect
b1810,yoaC,-0.0145,No_effect
b1811,yoaH,-0.23099999999999998,No_effect
b1815,pdeD,0.07150000000000001,No_effect
b1816,yoaE,-0.0325,No_effect
b1820,yobD,-0.1055,No_effect
b1821,mntP,0.39,No_effect
b1824,yobF,0.1335,No_effect
b1828,yebQ,0.17099999999999999,No_effect
b1832,msrC,0.0034999999999999892,No_effect
b1833,letA,0.0715,No_effect
b1834,letB,-0.0205,No_effect
b1835,rsmF,-0.0395,No_effect
b1836,yebV,-0.159,No_effect
b1837,yebW,-0.329,No_effect
b1838,pphA,0.152,No_effect
b1839,yebY,0.156,No_effect
b1840,yebZ,0.0975,No_effect
b1841,yobA,0.273,No_effect
b1843,yobB,0.025500000000000002,No_effect
b1844,exoX,-0.1275,No_effect
b1869,yecN,-0.21150000000000002,No_effect
b1871,cmoB,-0.3945,No_effect
b1872,torZ,0.006000000000000001,No_effect
b1873,torY,0.010500000000000002,No_effect
b1874,cutC,-0.33599999999999997,No_effect
b1875,yecM,-0.1595,No_effect
b1877,yecT,-0.1,No_effect
b1878,flhE,0.0785,No_effect
b1880,flhB,0.010500000000000002,No_effect
b1895,uspC,0.063,No_effect
b1902,ftnB,-0.0415,No_effect
b1904,yecR,-0.159,No_effect
b1919,dcyD,-0.159,No_effect
b1920,tcyJ,0.1425,No_effect
b1932,yedL,-0.186,No_effect
b1936,intG,-0.2925,No_effect
b1952,dsrB,-0.1515,No_effect
b1953,yodD,0.08950000000000001,No_effect
b1954,dsrA,0.218,No_effect
b1955,yedP,-0.33,No_effect
b1956,dgcQ,-0.066,No_effect
b1963,drpB,-0.188,No_effect
b4496,yedS,0.10300000000000001,No_effect
b1967,hchA,0.128,No_effect
b1968,hprS,-0.0065,No_effect
b1969,hprR,0.065,No_effect
b1970,hiuH,0.17350000000000002,No_effect
b1971,msrP,-0.0125,No_effect
b1972,msrQ,0.12250000000000001,No_effect
b1973,zinT,-0.13999999999999999,No_effect
b1974,yodB,-0.0465,No_effect
b1976,mtfA,-0.259,No_effect
b1978,yeeJ,0.0505,No_effect
b1981,shiA,0.1065,No_effect
b1983,yeeN,0.0185,No_effect
b1985,yeeO,-0.091,No_effect
b1987,cbl,0.020499999999999997,No_effect
b1988,nac,-0.1055,No_effect
b1990,ldtA,-0.06949999999999999,No_effect
b4582,yoeA,-0.1615,No_effect
b1999,yeeP,-0.1935,No_effect
b2000,flu,0.056999999999999995,No_effect
b2001,yeeR,0.008500000000000004,No_effect
b2002,yeeS,0.242,No_effect
b2003,yeeT,0.1565,No_effect
b2004,cbeA,0.2075,No_effect
b2005,cbtA,-0.1575,No_effect
b2006,yeeW,0.277,No_effect
b2007,tmaR,-0.059500000000000025,No_effect
b2015,yeeY,-0.0105,No_effect
b2016,yeeZ,0.05600000000000001,No_effect
b2027,wzzB,-0.0385,No_effect
b2028,ugd,-0.052,No_effect
b2042,galF,0.057499999999999996,No_effect
b2043,wcaM,-0.028,No_effect
b2044,wcaL,0.159,No_effect
b2045,wcaK,0.0625,No_effect
b2046,wzxC,0.0765,No_effect
b2047,wcaJ,0.083,No_effect
b2054,wcaF,-0.10200000000000001,No_effect
b2056,wcaD,0.0105,No_effect
b2057,wcaC,0.124,No_effect
b2058,wcaB,0.487,No_effect
b2059,wcaA,0.019,No_effect
b2060,wzc,0.0365,No_effect
b2061,wzb,-0.022999999999999993,No_effect
b2062,wza,0.14850000000000002,No_effect
b2063,yegH,0.0655,No_effect
b2070,yegI,0.0795,No_effect
b2071,yegJ,-0.11900000000000002,No_effect
b2072,pphC,-0.1105,No_effect
b2073,yegL,0.0595,No_effect
b2074,mdtA,-0.0025000000000000005,No_effect
b2075,mdtB,-0.08549999999999999,No_effect
b2076,mdtC,-0.11900000000000001,No_effect
b2080,yegP,-0.2575,No_effect
b2081,trhP,-0.437,No_effect
b2083,yegZ,0.026999999999999996,No_effect
b2085,yegR,0.0785,No_effect
b2086,yegS,-0.0255,No_effect
b2095,gatZ,0.04849999999999999,No_effect
b2097,fbaB,-0.078,No_effect
b2098,yegT,-0.063,No_effect
b2099,yegU,0.12250000000000001,No_effect
b2100,yegV,-0.089,No_effect
b2101,yegW,0.125,No_effect
b2102,yegX,-0.129,No_effect
b2105,rcnR,-0.010000000000000002,No_effect
b2106,rcnA,0.0165,No_effect
b2107,rcnB,0.16499999999999998,No_effect
b2145,yeiS,0.02049999999999999,No_effect
b2146,preT,-0.0935,No_effect
b2174,lpxT,-0.0975,No_effect
b2175,mepS,-0.29400000000000004,No_effect
b2176,pdeN,-0.1705,No_effect
b2225,yfaP,0.0875,No_effect
b2226,yfaQ,0.058,No_effect
b4500,yfaS,0.0245,No_effect
b2245,yfaU,0.0425,No_effect
b2246,yfaV,0.0975,No_effect
b2247,rhmD,0.081,No_effect
b2248,yfaX,0.216,No_effect
b2249,yfaY,0.026500000000000003,No_effect
b2250,yfaZ,-0.1765,No_effect
b2251,nudI,0.08349999999999999,No_effect
b2252,ais,-0.04,No_effect
b2253,arnB,0.0005000000000000004,No_effect
b2254,arnC,-0.109,No_effect
b2255,arnA,0.014499999999999999,No_effect
b2256,arnD,-0.11449999999999999,No_effect
b2257,arnT,0.2485,No_effect
b2258,arnF,-0.02200000000000002,No_effect
b2259,pmrD,0.025999999999999995,No_effect
b2266,elaB,0.0195,No_effect
b2267,elaA,0.007000000000000006,No_effect
b2268,rbn,-0.04,No_effect
b2270,yfbK,-0.137,No_effect
b2271,yfbL,-0.086,No_effect
b2272,yfbM,-0.0905,No_effect
b2274,yfbO,-0.059,No_effect
b2275,yfbP,0.0225,No_effect
b2290,alaA,-0.095,No_effect
b2291,yfbR,0.347,No_effect
b2292,yfbS,-0.053,No_effect
b2294,yfbU,0.1665,No_effect
b2295,yfbV,-0.11,No_effect
b2298,yfcC,0.127,No_effect
b2299,yfcD,-0.113,No_effect
b2301,yfcF,0.08650000000000001,No_effect
b2302,yfcG,-0.005499999999999998,No_effect
b2303,folX,0.15400000000000003,No_effect
b2304,yfcH,0.031,No_effect
b2305,rpnB,0.052,No_effect
b2322,yfcJ,-0.018500000000000003,No_effect
b2324,mnmC,-0.026,No_effect
b2325,yfcL,0.20500000000000002,No_effect
b2326,epmC,-0.217,No_effect
b2331,smrB,0.2385,No_effect
b2332,yfcO,0.1085,No_effect
b2333,yfcP,-0.1855,No_effect
b2334,yfcQ,0.033,No_effect
b2335,yfcR,0.063,No_effect
b2336,yfcS,-0.2125,No_effect
b4661,yfcU,0.1165,No_effect
b2339,yfcV,0.005000000000000001,No_effect
b2341,fadJ,0.1065,No_effect
b2342,fadI,0.1255,No_effect
b2343,yfcZ,-0.419,No_effect
b2346,mlaA,0.035500000000000004,No_effect
b2347,yfdC,0.07500000000000001,No_effect
b2349,intS,0.069,No_effect
b2350,yfdG,-0.3885,No_effect
b2351,yfdH,0.0895,No_effect
b2352,yfdI,-0.21700000000000003,No_effect
b2353,tfaS,0.0024999999999999996,No_effect
b2354,yfdK,0.047,No_effect
b2355,yfdL,-0.055999999999999994,No_effect
b2356,yfdM,-0.096,No_effect
b2357,yfdN,0.086,No_effect
b2358,yfdO,-0.1355,No_effect
b2359,yfdP,0.052500000000000005,No_effect
b2360,yfdQ,-0.0015000000000000005,No_effect
b2361,yfdR,-0.009999999999999998,No_effect
b2362,yfdS,0.006500000000000006,No_effect
b2363,yfdT,0.0625,No_effect
b2368,emrK,-0.0155,No_effect
b2371,yfdE,-0.023,No_effect
b2372,yfdV,0.0595,No_effect
b2373,oxc,0.038,No_effect
b2374,frc,0.055999999999999994,No_effect
b2375,yfdX,-0.183,No_effect
b2376,ypdI,0.037500000000000006,No_effect
b2377,yfdY,0.489,No_effect
b2378,lpxP,-0.0545,No_effect
b2379,alaC,0.1385,No_effect
b2380,pyrS,-0.114,No_effect
b2381,pyrR,0.0955,No_effect
b2382,ypdC,0.17,No_effect
b2383,fryA,-0.0255,No_effect
b2384,ypdE,-0.006000000000000002,No_effect
b2385,ypdF,-0.077,No_effect
b2386,fryC,-0.0685,No_effect
b2387,fryB,-0.094,No_effect
b2389,yfeO,0.023,No_effect
b2390,ypeC,0.129,No_effect
b2392,mntH,-0.013500000000000002,No_effect
b2408,yfeN,0.006999999999999999,No_effect
b2409,yfeR,-0.19,No_effect
b2418,pdxK,-0.1765,No_effect
b2419,yfeK,0.07250000000000001,No_effect
b2420,yfeS,0.10250000000000001,No_effect
b2427,murR,0.044000000000000004,No_effect
b2428,murQ,-0.08,No_effect
b2429,murP,-0.12,No_effect
b2430,yfeW,-0.0385,No_effect
b2431,yfeX,0.0155,No_effect
b2432,yfeY,0.0715,No_effect
b2433,yfeZ,0.372,No_effect
b2434,ypeA,0.1855,No_effect
b2438,eutK,-0.046,No_effect
b2439,eutL,-0.032,No_effect
b2442,intZ,0.1275,No_effect
b2443,yffL,-0.20450000000000002,No_effect
b2444,yffM,0.3885,No_effect
b2445,yffN,-0.199,No_effect
b2447,yffP,0.27999999999999997,No_effect
b2448,yffQ,0.028999999999999998,No_effect
b2449,yffR,-0.133,No_effect
b2450,yffS,-0.19,No_effect
b2451,eutA,0.0635,No_effect
b2452,eutH,0.009999999999999995,No_effect
b2453,eutG,-0.097,No_effect
b2454,eutJ,0.0775,No_effect
b2455,eutE,-0.0975,No_effect
b2457,eutM,-0.27749999999999997,No_effect
b2458,eutD,-0.006500000000000001,No_effect
b2459,eutT,-0.315,No_effect
b2460,eutQ,0.1055,No_effect
b2461,eutP,0.018000000000000002,No_effect
b2462,eutS,0.007500000000000001,No_effect
b2463,maeB,-0.006999999999999999,No_effect
b2466,ypfG,0.27249999999999996,No_effect
b2473,ypfH,-0.054,No_effect
b2474,tmcA,-0.0014999999999999996,No_effect
b2475,ypfJ,0.07550000000000001,No_effect
b2483,hyfC,0.017,No_effect
b2484,hyfD,-0.068,No_effect
b2485,hyfE,0.1345,No_effect
b2486,hyfF,-0.0985,No_effect
b2487,hyfG,-0.010499999999999999,No_effect
b2488,hyfH,-0.1475,No_effect
b2489,hyfI,0.0935,No_effect
b2490,hyfJ,-0.04900000000000001,No_effect
b2491,hyfR,0.1315,No_effect
b2492,focB,-0.0775,No_effect
b2493,yfgO,-0.1035,No_effect
b2494,bepA,0.05450000000000001,No_effect
b2495,yfgD,-0.0665,No_effect
b2503,pdeF,0.017,No_effect
b2504,yfgG,-0.10500000000000001,No_effect
b2505,yfgH,0.0745,No_effect
b2506,yfgI,-0.0215,No_effect
b2510,yfgJ,0.12,No_effect
b2512,bamB,-0.3175,No_effect
b2513,yfgM,-0.0355,No_effect
b2519,pbpC,0.0295,No_effect
b2520,yfhM,-0.0535,No_effect
b2531,iscR,-0.21500000000000002,No_effect
b2532,trmJ,-0.017,No_effect
b2534,yfhR,0.0455,No_effect
b2535,csiE,-0.031,No_effect
b2536,hcaT,0.09749999999999999,No_effect
b2537,hcaR,-0.010499999999999995,No_effect
b2540,hcaC,-0.2565,No_effect
b2541,hcaB,-0.20800000000000002,No_effect
b2542,hcaD,0.084,No_effect
b2543,yphA,-0.07550000000000001,No_effect
b2544,yphB,-0.007500000000000001,No_effect
b2545,yphC,0.052500000000000005,No_effect
b2546,yphD,0.006000000000000001,No_effect
b2547,yphE,-0.114,No_effect
b2548,yphF,0.0235,No_effect
b2549,yphG,-0.027499999999999997,No_effect
b2550,yphH,-0.0615,No_effect
b2556,glrK,0.10099999999999999,No_effect
b2562,yfhL,-0.27249999999999996,No_effect
b2570,rseC,0.025500000000000002,No_effect
b2571,rseB,0.065,No_effect
b2583,tapT,-0.21,No_effect
b2584,patZ,-0.007500000000000007,No_effect
b2603,yfiR,-0.016999999999999998,No_effect
b2618,yfjF,-0.456,No_effect
b2623,yfjH,-0.1835,No_effect
b2626,yfjJ,0.0065,No_effect
b2627,abpB,0.044,No_effect
b2628,abpA,-0.0010000000000000009,No_effect
b2629,yfjM,-0.17850000000000002,No_effect
b2630,rnlA,0.048,No_effect
b2632,yfjP,-0.0655,No_effect
b2633,yfjQ,0.007999999999999998,No_effect
b2634,yfjR,-0.363,No_effect
b2635,ypjK,-0.086,No_effect
b2636,yfjS,0.1205,No_effect
b2637,yfjT,-0.2155,No_effect
b2638,yfjU,0.2735,No_effect
b2641,yfjV,-0.048,No_effect
b2642,yfjW,-0.003500000000000003,No_effect
b2643,yfjX,-0.154,No_effect
b2644,yfjY,-0.0555,No_effect
b2645,yfjZ,0.138,No_effect
b2646,ypjF,-0.269,No_effect
b2647,ypjA,0.0045,No_effect
b2648,pinH,0.0365,No_effect
b2650,ypjC,-0.351,No_effect
b2652,ileY,-0.28300000000000003,No_effect
b4462,ygaQ,-0.22049999999999997,No_effect
b2659,glaH,-0.1865,No_effect
b2665,kbp,0.19899999999999998,No_effect
b2666,yqaE,0.24,No_effect
b2667,ygaV,0.08499999999999999,No_effect
b2668,ygaP,-0.0085,No_effect
b2670,alaE,-0.033999999999999996,No_effect
b2672,ygaM,-0.07100000000000001,No_effect
b2673,nrdH,0.2635,No_effect
b2674,nrdI,-0.14450000000000002,No_effect
b2681,ygaY,-0.0125,No_effect
b2682,ygaZ,-0.2285,No_effect
b2683,ygaH,-0.2055,No_effect
b2689,yqaA,-0.4535,No_effect
b2690,yqaB,0.041999999999999996,No_effect
b2700,pncC,-0.249,No_effect
b2701,mltB,-0.163,No_effect
b2710,norV,-0.0765,No_effect
b2717,hycI,0.106,No_effect
b2734,pphB,-0.0945,No_effect
b2736,ygbJ,0.0945,No_effect
b2737,ygbK,-0.08549999999999999,No_effect
b2738,ygbL,-0.1825,No_effect
b2739,ygbM,0.15200000000000002,No_effect
b2740,ygbN,-0.125,No_effect
b2745,truD,-0.0155,No_effect
b2755,cas1,-0.094,No_effect
b2756,casE,-0.0395,No_effect
b2757,casD,-0.074,No_effect
b2758,casC,-0.023999999999999997,No_effect
b2759,casB,0.0024999999999999988,No_effect
b2760,casA,0.0625,No_effect
b2765,queD,0.048,No_effect
b2766,ygcN,-0.177,No_effect
b2767,ygcO,0.065,No_effect
b2768,ygcP,-0.122,No_effect
b2769,ygcQ,-0.02,No_effect
b2770,ygcR,-0.030000000000000002,No_effect
b2771,ygcS,0.057,No_effect
b4463,ygcU,0.0725,No_effect
b2774,ygcW,-0.053,No_effect
b2776,ygcE,0.061,No_effect
b2777,queE,-0.0014999999999999979,No_effect
b2778,ygcG,-0.086,No_effect
b2787,gudD,-0.009000000000000001,No_effect
b2788,gudX,0.076,No_effect
b2789,gudP,-0.0025,No_effect
b2790,yqcA,-0.10449999999999998,No_effect
b2791,truC,-0.052500000000000005,No_effect
b2792,yqcC,-0.05699999999999998,No_effect
b2793,syd,-0.017,No_effect
b2794,queF,0.263,No_effect
b2809,ygdI,-0.0175,No_effect
b2810,csdA,-0.064,No_effect
b2811,csdE,-0.02149999999999999,No_effect
b2812,tcdA,-0.028,No_effect
b2813,mltA,-0.0755,No_effect
b2817,amiC,-0.20450000000000002,No_effect
b2832,ygdQ,0.0805,No_effect
b2833,ygdR,-0.0285,No_effect
b2834,tas,0.1305,No_effect
b2843,kduI,0.0605,No_effect
b2844,yqeF,-0.033,No_effect
b2845,yqeG,0.045,No_effect
b2846,yqeH,-0.23950000000000002,No_effect
b2859,ygeO,-0.183,No_effect
b2863,ygeQ,0.034499999999999996,No_effect
b2865,actS,0.0435,No_effect
b2866,xdhA,-0.055499999999999994,No_effect
b2867,xdhB,-0.276,No_effect
b2868,xdhC,-0.1085,No_effect
b2869,ygeV,0.0015000000000000005,No_effect
b2870,ygeW,0.0625,No_effect
b2871,ygeX,0.0040000000000000036,No_effect
b2872,ygeY,-0.1335,No_effect
b2873,hyuA,-0.015000000000000001,No_effect
b2874,yqeA,-0.007999999999999993,No_effect
b2875,yqeB,-0.053000000000000005,No_effect
b2876,yqeC,-0.08499999999999999,No_effect
b2877,mocA,-0.007499999999999998,No_effect
b2878,ygfK,-0.0024999999999999996,No_effect
b2879,ssnA,-0.074,No_effect
b2880,ygfM,-0.0905,No_effect
b2881,xdhD,-0.096,No_effect
b2882,xanQ,-0.075,No_effect
b2883,guaD,0.024000000000000004,No_effect
b4464,ghxQ,0.037,No_effect
b2886,ygfS,0.1365,No_effect
b2887,ygfT,0.0675,No_effect
b2888,uacT,-0.019999999999999997,No_effect
b2889,idi,-0.2865,No_effect
b2896,ygfX,-0.032,No_effect
b2897,sdhE,-0.10999999999999999,No_effect
b2899,trhA,-0.08,No_effect
b2900,yqfB,-0.11149999999999999,No_effect
b2902,ygfF,-0.28500000000000003,No_effect
b2915,yqfE,0.277,No_effect
b2919,scpB,-0.0645,No_effect
b2920,scpC,0.10350000000000001,No_effect
b2921,srsR,0.051000000000000004,No_effect
b4465,yggP,-0.1245,No_effect
b2939,yqgB,-0.22400000000000003,No_effect
b2940,yqgC,-0.16549999999999998,No_effect
b2948,yqgE,0.005499999999999998,No_effect
b2950,yggR,0.254,No_effect
b2951,yggS,-0.2165,No_effect
b2952,yggT,-0.023500000000000007,No_effect
b2953,yggU,0.1215,No_effect
b2954,rdgB,-0.06199999999999999,No_effect
b2955,hemW,0.0885,No_effect
b2962,yggX,0.0215,No_effect
b2963,mltC,0.0485,No_effect
b2966,yqgA,0.1205,No_effect
b2968,yghD,-0.2855,No_effect
b2969,yghE,-0.123,No_effect
b2970,yghF,0.1745,No_effect
b2971,yghG,0.1655,No_effect
b2972,pppA,0.034999999999999996,No_effect
b4466,yghJ,-0.0245,No_effect
b2975,glcA,0.0005000000000000004,No_effect
b2977,glcG,0.1485,No_effect
b4468,glcE,0.14,No_effect
b2979,glcD,0.0155,No_effect
b2980,glcC,0.020000000000000004,No_effect
b2981,yghO,-0.056999999999999995,No_effect
b2983,yghQ,0.0685,No_effect
b2984,yghR,-0.012,No_effect
b2985,yghS,0.097,No_effect
b2986,yghT,-0.06,No_effect
b2989,yghU,0.1535,No_effect
b2997,hybO,0.1865,No_effect
b2998,yghW,-0.132,No_effect
b4658,yghX,0.14450000000000002,No_effect
b3001,gpr,-0.0595,No_effect
b3010,yqhC,0.0815,No_effect
b3011,yqhD,0.10149999999999999,No_effect
b3012,dkgA,-0.0155,No_effect
b3013,yqhG,-0.082,No_effect
b3014,yqhH,0.1605,No_effect
b4469,ygiQ,-0.10450000000000001,No_effect
b3020,ygiS,-0.004499999999999999,No_effect
b3021,mqsA,-0.2725,No_effect
b3022,mqsR,0.07100000000000001,No_effect
b3023,ygiV,0.05399999999999999,No_effect
b3024,ygiW,-0.17250000000000001,No_effect
b3025,qseB,-0.06899999999999999,No_effect
b3027,ygiZ,0.005499999999999998,No_effect
b3031,yqiA,0.05,No_effect
b3032,cpdA,-0.195,No_effect
b3033,yqiB,-0.19799999999999998,No_effect
b3042,ubiK,-0.4035,No_effect
b3047,yqiH,-0.0935,No_effect
b3048,yqiI,-0.1965,No_effect
b3050,yqiJ,0.039,No_effect
b3051,yqiK,0.013000000000000005,No_effect
b3070,nfeF,-0.123,No_effect
b3071,nfeR,-0.16999999999999998,No_effect
b3072,aer,0.0315,No_effect
b3073,patA,-0.265,No_effect
b3074,ygjH,-0.177,No_effect
b3079,ygjJ,-0.096,No_effect
b3080,ygjK,-0.10450000000000001,No_effect
b3083,higB,-0.10750000000000001,No_effect
b3084,rlmG,0.0405,No_effect
b3085,ygjP,0.1005,No_effect
b3086,ygjQ,0.16799999999999998,No_effect
b3087,ygjR,-0.129,No_effect
b3088,alx,0.0745,No_effect
b3090,ygjV,-0.11499999999999999,No_effect
b3095,yqjA,0.10850000000000001,No_effect
b3096,mzrA,-0.0385,No_effect
b3097,yqjC,0.10250000000000001,No_effect
b3098,yqjD,-0.289,No_effect
b3099,yqjE,0.0435,No_effect
b3100,yqjK,0.12000000000000001,No_effect
b3101,yqjF,-0.361,No_effect
b3102,yqjG,0.0325,No_effect
b3103,yhaH,-0.0555,No_effect
b3104,yhaI,0.045,No_effect
b3105,yhaJ,-0.08900000000000001,No_effect
b3106,yhaK,0.06499999999999999,No_effect
b3107,yhaL,0.08449999999999999,No_effect
b4470,cyuA,-0.1765,No_effect
b4471,tdcG,0.045,No_effect
b3113,tdcF,0.06749999999999999,No_effect
b3114,tdcE,-0.005000000000000001,No_effect
b3130,yhaV,-0.1765,No_effect
b3131,agaR,-0.132,No_effect
b3132,kbaZ,0.10049999999999999,No_effect
b3133,agaV,-0.08149999999999999,No_effect
b3134,agaW,0.037000000000000005,No_effect
b3136,agaS,-0.0885,No_effect
b3140,agaD,-0.08299999999999999,No_effect
b3141,agaI,-0.0475,No_effect
b3142,yraH,0.011999999999999997,No_effect
b3143,yraI,-0.083,No_effect
b3144,yraJ,0.0435,No_effect
b3145,yraK,-0.055,No_effect
b3146,rsmI,-0.1565,No_effect
b3147,lpoA,0.005999999999999998,No_effect
b3148,yraN,0.0695,No_effect
b3150,dolP,-0.21200000000000002,No_effect
b3151,yraQ,0.089,No_effect
b3152,yraR,-0.2015,No_effect
b3153,yhbO,0.0345,No_effect
b3154,yhbP,0.0955,No_effect
b3155,yhbQ,-0.0245,No_effect
b3156,yhbS,-0.07,No_effect
b3158,ubiU,-0.049,No_effect
b3159,ubiV,0.041999999999999996,No_effect
b3160,yhbW,-0.075,No_effect
b3173,yhbX,0.028499999999999998,No_effect
b3183,obgE,0.143,No_effect
b3190,ibaG,0.2885,No_effect
b3191,mlaB,0.10099999999999999,No_effect
b3192,mlaC,0.067,No_effect
b3197,kdsD,0.11549999999999999,No_effect
b3207,yrbL,0.0075,No_effect
b3208,mtgA,-0.1615,No_effect
b3211,yhcC,0.132,No_effect
b3216,yhcD,0.023,No_effect
b4569,yhcE,0.036000000000000004,No_effect
b3219,yhcF,0.0545,No_effect
b3220,yhcG,-0.1395,No_effect
b3221,nanQ,0.2205,No_effect
b3222,nanK,-0.1005,No_effect
b3223,nanE,0.128,No_effect
b3226,nanR,0.109,No_effect
b3227,dcuD,-0.07550000000000001,No_effect
b3232,zapE,0.002,No_effect
b3234,degQ,-0.077,No_effect
b3238,yhcN,0.09449999999999997,No_effect
b3239,yhcO,-0.2115,No_effect
b3240,aaeB,-0.051500000000000004,No_effect
b3241,aaeA,-0.11750000000000001,No_effect
b3242,aaeX,-0.137,No_effect
b3243,aaeR,0.1915,No_effect
b3244,tldD,-0.052,No_effect
b4472,yhdP,0.0049999999999999906,No_effect
b3257,yhdT,-0.092,No_effect
b3263,yhdU,0.008500000000000008,No_effect
b3267,yhdV,-0.10650000000000001,No_effect
b3279,yrdA,-0.006500000000000001,No_effect
b3280,yrdB,-0.0865,No_effect
b3283,yrdD,0.1615,No_effect
b3323,gspA,-0.058499999999999996,No_effect
b3324,gspC,0.0555,No_effect
b3325,gspD,0.005000000000000001,No_effect
b3326,gspE,-0.0365,No_effect
b3327,gspF,-0.07250000000000001,No_effect
b3328,gspG,0.027000000000000003,No_effect
b3329,gspH,0.1325,No_effect
b3330,gspI,-0.0945,No_effect
b3331,gspJ,-0.004999999999999999,No_effect
b3332,gspK,0.027000000000000003,No_effect
b3333,gspL,-0.006999999999999999,No_effect
b3346,yheO,-0.0010000000000000009,No_effect
b3347,fkpA,-0.092,No_effect
b3351,kefG,-0.009500000000000001,No_effect
b3353,yheT,0.082,No_effect
b3354,yheU,-0.0635,No_effect
b3358,yhfK,-0.0015000000000000013,No_effect
b3369,yhfL,-0.01,No_effect
b3371,frlB,-0.025,No_effect
b4474,frlC,-0.031,No_effect
b3374,frlD,0.004,No_effect
b3375,frlR,-0.26,No_effect
b3376,yhfS,0.0014999999999999996,No_effect
b3377,yhfT,0.026500000000000003,No_effect
b3378,yhfU,-0.0040000000000000036,No_effect
b3379,php,0.059000000000000004,No_effect
b3380,yhfW,-0.061,No_effect
b3381,yhfX,-0.062,No_effect
b3382,yhfY,-0.199,No_effect
b3383,yhfZ,0.0905,No_effect
b3392,hofP,-0.0775,No_effect
b3393,hofO,-0.175,No_effect
b3394,hofN,0.0885,No_effect
b3395,hofM,-0.11399999999999999,No_effect
b3397,nudE,-0.108,No_effect
b3399,yrfG,-0.0024999999999999988,No_effect
b3400,hslR,0.05650000000000001,No_effect
b3401,hslO,0.029000000000000005,No_effect
b3402,yhgE,0.019999999999999997,No_effect
b3407,yhgF,-0.0695,No_effect
b3413,yhgH,-0.131,No_effect
b3414,nfuA,-0.2995,No_effect
b4475,rtcA,-0.101,No_effect
b3421,rtcB,0.009999999999999998,No_effect
b3427,yzgL,-0.1275,No_effect
b3434,yhgN,-0.016,No_effect
b3439,yhhW,-0.052,No_effect
b3440,yhhX,-0.0325,No_effect
b3441,yhhY,0.0475,No_effect
b3443,yrhA,-0.0010000000000000009,No_effect
b3446,yrhB,-0.010000000000000002,No_effect
b3472,dcrB,-0.0685,No_effect
b3557,insJ,0.076,No_effect
b3558,insK,-0.065,No_effect
b4479,dgoR,0.219,No_effect
b3777,yifN,-0.048999999999999995,No_effect
b3830,ysgA,-0.051000000000000004,No_effect
b3836,tatA,0.11349999999999999,No_effect
b3838,tatB,-0.309,No_effect
b3875,ompL,-0.0015000000000000013,No_effect
b4484,cpxP,-0.047,No_effect
b4089,alsR,-0.149,No_effect
b4110,rdcB,0.1555,No_effect
b4121,yjdF,-0.108,No_effect
b4124,dcuR,-0.0235,No_effect
b4125,dcuS,0.04650000000000001,No_effect
b4126,yjdI,0.04,No_effect
b4127,yjdJ,-0.036,No_effect
b4140,fxsA,-0.106,No_effect
b4141,yjeH,-0.046,No_effect
b4144,yjeI,0.064,No_effect
b4145,yjeJ,0.0625,No_effect
b4146,epmB,0.15949999999999998,No_effect
b4149,blc,-0.092,No_effect
b4157,yjeN,-0.1535,No_effect
b4158,yjeO,0.2535,No_effect
b4159,mscM,-0.051,No_effect
b4166,queG,-0.2525,No_effect
b4176,yjeT,0.34299999999999997,No_effect
b4180,rlmB,0.14400000000000002,No_effect
b4181,yjfI,0.281,No_effect
b4182,yjfJ,-0.138,No_effect
b4183,yjfK,0.0565,No_effect
b4184,yjfL,-0.0315,No_effect
b4185,yjfM,-0.023999999999999997,No_effect
b4188,yjfN,-0.122,No_effect
b4189,bsmA,-0.124,No_effect
b4190,yjfP,-0.055999999999999994,No_effect
b4191,ulaR,-0.135,No_effect
b4192,ulaG,0.0985,No_effect
b4193,ulaA,-0.0010000000000000009,No_effect
b4196,ulaD,-0.1775,No_effect
b4197,ulaE,-0.009000000000000001,No_effect
b4198,ulaF,-0.017,No_effect
b4199,yjfY,0.0495,No_effect
b4204,yjfZ,0.0095,No_effect
b4205,ytfA,-0.07050000000000001,No_effect
b4206,ytfB,-0.0115,No_effect
b4207,fklB,-0.024999999999999998,No_effect
b4209,ytfE,-0.0005000000000000004,No_effect
b4210,ytfF,-0.0034999999999999996,No_effect
b4211,qorB,-0.208,No_effect
b4212,ytfH,0.10099999999999999,No_effect
b4215,ytfI,-0.219,No_effect
b4216,ytfJ,0.0795,No_effect
b4217,ytfK,-0.19599999999999998,No_effect
b4218,paeA,-0.089,No_effect
b4220,tamA,0.014499999999999999,No_effect
b4221,tamB,-0.0825,No_effect
b4243,ridA,0.014499999999999999,No_effect
b4248,yjgH,0.098,No_effect
b4249,bdcA,0.0835,No_effect
b4251,bdcR,0.0475,No_effect
b4252,tabA,0.065,No_effect
b4255,rraB,0.3225,No_effect
b4256,yjgM,0.11049999999999999,No_effect
b4257,yjgN,0.202,No_effect
b4263,yjgR,-0.07300000000000001,No_effect
b4264,idnR,-0.08249999999999999,No_effect
b4266,idnO,-0.004,No_effect
b4267,idnD,-0.035,No_effect
b4575,yjgX,0.004499999999999999,No_effect
b4277,yjgZ,-0.0925,No_effect
b4278,insG,0.053000000000000005,No_effect
b4280,nanY,-0.055999999999999994,No_effect
b4281,yjhD,0.049999999999999996,No_effect
b4282,yjhE,0.16399999999999998,No_effect
b4623,insO,-0.020999999999999998,No_effect
b4286,yjhV,-0.206,No_effect
b4294,insA7,-0.315,No_effect
b4295,yjhU,-0.013499999999999998,No_effect
b4297,yjhG,-0.0125,No_effect
b4298,yjhH,0.0075,No_effect
b4299,yjhI,0.011000000000000003,No_effect
b4300,sgcR,-0.0655,No_effect
b4301,sgcE,-0.0465,No_effect
b4303,sgcQ,-0.102,No_effect
b4306,yjhP,0.004500000000000004,No_effect
b4307,yjhQ,0.203,No_effect
b4308,yjhR,-0.043,No_effect
b4309,nanS,-0.0495,No_effect
b4310,nanM,-0.028999999999999998,No_effect
b4311,nanC,-0.081,No_effect
b4325,yjiC,0.1265,No_effect
b4326,iraD,0.0445,No_effect
b4327,hypT,0.1035,No_effect
b4328,iadA,0.0995,No_effect
b4329,yjiG,-0.1475,No_effect
b4330,yjiH,-0.06799999999999999,No_effect
b4331,kptA,-0.053500000000000006,No_effect
b4332,yjiJ,0.0365,No_effect
b4333,yjiK,-0.1565,No_effect
b4334,yjiL,-0.1365,No_effect
b4335,yjiM,0.056499999999999995,No_effect
b4336,yjiN,0.093,No_effect
b4584,rpnD,-0.1215,No_effect
b4340,yjiR,0.049999999999999996,No_effect
b4341,yjiS,0.08600000000000001,No_effect
b4342,yjiT,-0.047,No_effect
b4347,symE,0.1005,No_effect
b4353,yjiX,-0.11500000000000002,No_effect
b4354,btsT,-0.028499999999999998,No_effect
b4357,lgoR,-0.10799999999999998,No_effect
b4358,lgoD,0.0125,No_effect
b4364,yjjP,-0.0675,No_effect
b4365,yjjQ,-0.002,No_effect
b4366,bglJ,0.105,No_effect
b4367,fhuF,0.0665,No_effect
b4371,rsmC,0.2745,No_effect
b4377,yjjU,-0.0305,No_effect
b4378,yjjV,-0.081,No_effect
b4379,yjjW,0.0495,No_effect
b1385,feaB,0.1725,No_effect
b4237,nrdG,-0.0865,No_effect
b3092,uxaC,0.0445,No_effect
b0013,yaaI,0.0465,No_effect
b4493,gapC,-0.0205,No_effect
b4499,yehH,-0.0045,No_effect
b2702,srlA,0.2375,No_effect
b4488,ilvG,-0.4215,No_effect
b2407,xapA,0.0475,No_effect
b4478,dgoD,0.18,No_effect
b2104,thiM,-0.4615,No_effect
b2538,hcaE,-0.026500000000000003,No_effect
b0347,mhpA,0.0175,No_effect
b0348,mhpB,0.0615,No_effect
b0349,mhpC,0.034,No_effect
b0350,mhpD,-0.074,No_effect
b0351,mhpF,-0.1255,No_effect
b2539,hcaF,0.23,No_effect
b4014,aceB,0.5135000000000001,Enhancing
b2314,dedD,0.8075,Enhancing
b2837,galR,1.0045,Enhancing
b2151,galS,1.1795,Enhancing
b3181,greA,0.9125000000000001,Enhancing
b4172,hfq,1.0639999999999998,Enhancing
b3769,ilvM,0.5335,Enhancing
b0344,lacZ,0.8190000000000001,Enhancing
b0677,nagA,1.7970000000000002,Enhancing
b0676,nagC,1.7025000000000001,Enhancing
b4373,rimI,0.6695,Enhancing
b3229,sspA,0.958,Enhancing
b0059,rapA,0.8755,Enhancing
b1959,yedA,0.611,Enhancing
b1842,holE,0.5085000000000001,Enhancing
b2051,gmm,0.569,Enhancing
b2808,gcvA,0.527,Enhancing
b2195,ccmG,0.5065,Enhancing
b3658,selC,0.5670000000000001,Enhancing
b3979,thrT,0.9115,Enhancing
b4458,oxyS,0.7484999999999999,Enhancing
b4505,insX,0.6375,Enhancing
b4609,ryfD,0.5635,Enhancing
b4676,yoaK,0.5005,Enhancing
b4631,ykgQ,0.589,Enhancing
b4450,arcZ,0.5940000000000001,Enhancing
b4438,cyaR,0.5535,Enhancing
b0746,valZ,0.571,Enhancing
b1070,flgN,0.8180000000000001,Enhancing
b1085,yceQ,1.052,Enhancing
b1104,ycfL,0.656,Enhancing
b1161,ycgX,0.5975,Enhancing
b1583,ynfB,0.5095,Enhancing
b1648,ydhL,0.748,Enhancing
b1728,ydjM,0.5745,Enhancing
b1918,tcyL,0.575,Enhancing
b2229,yfaT,0.5565,Enhancing
b2446,yffO,0.7390000000000001,Enhancing
b3157,ubiT,0.579,Enhancing
b3198,kdsC,0.6875,Enhancing
b3199,lptC,0.5555,Enhancing
b4402,yjjY,0.5125,Enhancing
