genes,Glycerol,Galactose,Mannose,Glucosamine,Pyruvate,Fructose,Glucose,Xylose,Succinate,Acetate
b0002,0.0,0.0,0.0,0.0,0.0,0.0,0.0,0.0,0.0,0.0
b0003,2.253724808290889e-06,2.0703812471546597e-06,2.100531774616112e-06,2.034969284542095e-06,2.0386852552483586e-06,2.2514890867527433e-06,2.2590080689251687e-06,1.5085181716007723e-06,2.080259858388136e-06,1.1191929269679697e-06
b0004,4.5637927367890376e-05,4.1925220254881746e-05,4.253576843597616e-05,4.1208128011977316e-05,4.128337641877915e-05,4.559265400674294e-05,4.574491339573455e-05,3.054749297491556e-05,4.212526213235965e-05,2.266365677110133e-05
b0007,0.0,0.0,0.0,0.0,0.0,0.0,0.0,0.0,0.0,0.0
b0008,0.0,3.4415239494251e-05,3.485379832256994e-05,3.3637151382029e-05,3.440890840052742e-05,3.7088790401944275e-05,2.56578428504017e-05,8.756334461246933e-05,9.032647627437073e-06,3.872961361368702e-06
b0009,0.0,0.0,0.0,0.0,0.0,0.0,0.0,0.0,0.0,0.0
b0014,3.8160841053258e-09,4.11321922019006e-09,4.001079296576327e-09,3.7604225011752476e-09,3.2618261611041756e-09,4.420810651901631e-09,4.146551706841288e-09,2.842486664049251e-09,2.618542189749905e-09,2.2535713552053257e-09
b0015,7.6321682106516e-09,8.22643844038012e-09,8.002158593152654e-09,7.520845002350495e-09,6.523652322208351e-09,8.841621303803261e-09,8.293103413682577e-09,5.684973328098502e-09,5.23708437949981e-09,4.5071427104106514e-09
b0019,0.0,0.0,0.0,0.0,0.0,0.0,0.0,0.0,0.0,0.0
b0023,0.00011573978607592318,0.00010839222394457357,0.0001097192945098295,0.0001060497610148695,0.00010719540534965844,0.00011559502110622409,0.00011617525131999729,8.50991896569336e-05,0.00010784678697575907,6.446935677224193e-05
b0025,2.5403082660820823e-07,1.575868827615779e-07,1.614875057024862e-07,1.5231469226164982e-07,1.6073226645530398e-07,1.779461711376268e-07,1.7985396357376407e-07,8.813352771262717e-08,4.089429646185804e-07,1.0531491319253791e-07
b0026,1.500439631151206e-06,1.377730032067858e-06,1.4078536567861132e-06,1.3544248355088086e-06,1.3536404193781503e-06,1.5069687050177428e-06,1.5122464590345231e-06,9.946609692136744e-07,1.387586426929567e-06,7.426472979893023e-07
b0027,1.6544816430100617e-08,1.5219453051255004e-08,1.5448265044129413e-08,1.4802986635856213e-08,1.501994281372147e-08,1.651207409980453e-08,1.661676819696297e-08,1.1165682480024899e-08,1.514444040306987e-08,7.814884460372308e-09
b0029,1.1119449160031192e-06,9.96897478092314e-07,1.006498262579872e-06,9.59835816112794e-07,1.0034669988723808e-06,1.0833466127941698e-06,1.0910601851151877e-06,7.281985824992575e-07,1.1350752770395684e-06,5.693159330943192e-07
b0030,0.0,0.0,0.0,0.0,0.0,0.0,0.0,0.0,0.0,0.0
b0031,7.416277788002276e-06,6.880538426897341e-06,7.033711593865427e-06,6.748342551278868e-06,6.7844009504596925e-06,7.493328232488789e-06,7.535993777340716e-06,5.011908547802532e-06,6.744379625982543e-06,3.605822265659019e-06
b0032,0.0,0.0,0.0,0.0,0.0,0.0,0.0,0.0,0.0,0.0
b0033,0.0,0.0,0.0,0.0,0.0,0.0,0.0,0.0,0.0,0.0
b0036,0.0,0.0,0.0,0.0,0.0,0.0,0.0,0.0,0.0,0.0
b0037,0.0,0.0,0.0,0.0,0.0,0.0,0.0,0.0,0.0,0.0
b0038,0.0,0.0,0.0,0.0,0.0,0.0,0.0,0.0,0.0,0.0
b0040,0.0,0.0,0.0,0.0,0.0,0.0,0.0,0.0,0.0,0.0
b0047,0.0,0.0,0.0,0.0,0.0,0.0,0.0,0.0,0.0,0.0
b0048,3.0998975848164956e-06,2.9147114379731465e-06,2.9464577508054287e-06,2.857181840064871e-06,2.887106392481715e-06,3.095285767436096e-06,3.110037593143046e-06,2.3696029877696506e-06,2.9043218697871925e-06,1.9380313377008003e-06
b0049,0.0,0.0,0.0,0.0,0.0,0.0,0.0,0.0,0.0,0.0
b0051,1.026275969184438e-09,9.218244010053621e-10,9.400986126988946e-10,8.894775453937433e-10,9.056501355672543e-10,1.0239775507232601e-09,1.0323747395342e-09,6.198960511077849e-10,9.149219480364215e-10,3.9288498817575303e-10
b0052,6.839598574122393e-08,5.968137898598261e-08,6.104216467830092e-08,5.715676279132973e-08,5.7865641642610444e-08,6.823121986718749e-08,6.888913392175423e-08,3.6023800081305516e-08,6.013803260829486e-08,2.0883659983649397e-08
b0053,1.6209613499143163e-09,1.5431531349560215e-09,1.529424280111756e-09,1.2848887630382953e-09,3.212297271568169e-09,1.6905632625906114e-09,1.7872207785142934e-09,8.780029997813277e-10,2.9066251680809907e-09,1.0902763471862595e-09
b0058,7.337147994382703e-10,6.589413900271664e-10,6.729729713853469e-10,6.375960691956935e-10,6.511317985404358e-10,7.309993137232598e-10,7.379803052726428e-10,4.467595679514882e-10,6.620886337126424e-10,2.8351486364798595e-10
b0061,0.0,0.0,0.0,0.0,0.0,0.0,0.0,0.0,0.0,0.0
b0062,0.0,0.0,0.0,0.0,0.0,0.0,0.0,0.0,0.0,0.0
b0063,0.0,0.0,0.0,0.0,0.0,0.0,0.0,0.0,0.0,0.0
b0066,0.0,0.0,0.0,0.0,0.0,0.0,0.0,0.0,0.0,0.0
b0067,0.0,0.0,0.0,0.0,0.0,0.0,0.0,0.0,0.0,0.0
b0068,0.0,0.0,0.0,0.0,0.0,0.0,0.0,0.0,0.0,0.0
b0070,0.0,0.0,0.0,0.0,0.0,0.0,0.0,0.0,0.0,0.0
b0071,1.1065723802848283e-05,1.0241266028794697e-05,1.0482549978848659e-05,1.001302915222491e-05,1.0133076177767972e-05,1.105872332462008e-05,1.1126544052088733e-05,7.908981535417256e-06,1.0254179235988829e-05,5.606214078413353e-06
b0072,1.1065723802848283e-05,1.0241266028794697e-05,1.0482549978848659e-05,1.001302915222491e-05,1.0133076177767972e-05,1.105872332462008e-05,1.1126544052088733e-05,7.908981535417256e-06,1.0254179235988829e-05,5.606214078413353e-06
b0073,3.093993627164363e-05,2.8634739481776777e-05,2.9309373167837018e-05,2.799658561658718e-05,2.833223897158477e-05,3.092036282537744e-05,3.1109990636730954e-05,2.211363567708334e-05,2.867084501041343e-05,1.567506196627224e-05
b0074,1.516056877310537e-05,1.4031022346070612e-05,1.436159285224013e-05,1.371832695212771e-05,1.3882797096076527e-05,1.5150977784434934e-05,1.5243895411998158e-05,1.0835681481770829e-05,1.4048714055102571e-05,7.680780363473393e-06
b0077,0.0,0.0,0.0,0.0,0.0,0.0,0.0,0.0,0.0,0.0
b0078,0.0,0.0,0.0,0.0,0.0,0.0,0.0,0.0,0.0,0.0
b0082,0.0,0.0,0.0,0.0,0.0,0.0,0.0,0.0,0.0,0.0
b0084,1.5030838399089928e-07,1.3826758654049346e-07,1.4034632575734626e-07,1.3448406447029807e-07,1.3645479706217973e-07,1.5001091163736048e-07,1.5096203252525435e-07,1.0143950634419928e-07,1.375858929565626e-07,7.099772496423584e-08
b0085,1.0384832471389856e-06,9.552931675011302e-07,9.696552130141946e-07,9.291527475142024e-07,9.42768573371154e-07,1.036428005458949e-06,1.0429993162658136e-06,7.008473189551291e-07,9.505833346375342e-07,4.90524520340824e-07
b0086,5.192416235694928e-07,4.776465837505651e-07,4.848276065070973e-07,4.645763737571012e-07,4.71384286685577e-07,5.182140027294745e-07,5.214996581329068e-07,3.5042365947756456e-07,4.752916673187671e-07,2.45262260170412e-07
b0087,1.1868379967302705e-07,1.0917636200012927e-07,1.1081773863019378e-07,1.0618888543019466e-07,1.0774497981384628e-07,1.1844891490959427e-07,1.1919992185895025e-07,8.009683645201484e-08,1.0863809538714689e-07,5.605994518180851e-08
b0088,2.864781371417892e-07,2.635291496554843e-07,2.674910932452952e-07,2.5631799931426283e-07,2.600740892058357e-07,2.8591117391971014e-07,2.877239493147073e-07,1.9333719143589775e-07,2.6222988541725096e-07,1.353171090595377e-07
b0090,4.88697998653639e-07,4.4954972588288357e-07,4.5630833553609036e-07,4.3724835177138817e-07,4.4365579923348315e-07,4.877308260983275e-07,4.908232076544992e-07,3.2981050303770693e-07,4.473333339470738e-07,2.3083506839568127e-07
b0091,5.934189983651338e-07,5.45881810000645e-07,5.540886931509675e-07,5.30944427150972e-07,5.387248990692302e-07,5.922445745479699e-07,5.959996092947497e-07,4.0048418226007313e-07,5.431904769357331e-07,2.802997259090419e-07
b0092,1.8708646122546925e-06,1.720994716410062e-06,1.7468684536937485e-06,1.673901817378949e-06,1.698431213334611e-06,1.8671620210579598e-06,1.8790004718741474e-06,1.262601444211112e-06,1.712509784507298e-06,8.836974203263517e-07
b0096,5.538121739936591e-07,5.094477810331819e-07,5.171069085833846e-07,4.955073704758123e-07,5.027685469457572e-07,5.527161352602089e-07,5.56220546076622e-07,3.737544909053511e-07,5.069360767909412e-07,2.615915584151847e-07
b0098,1.8660441961680044e-06,1.7343217767360941e-06,1.747420822409937e-06,1.6108665972344714e-06,2.3047252483598194e-06,1.8876251214068449e-06,1.92978561683845e-06,1.1827227883945122e-06,2.208446258191032e-06,9.947285876490411e-07
b0099,7.144008735691912e-08,6.571721549265876e-08,6.670521966981237e-08,6.391894489700153e-08,6.485561459421336e-08,7.129870169127078e-08,7.175076003634782e-08,4.821319345107937e-08,6.539321327871958e-08,3.374451603374717e-08
b0103,3.030630984190459e-07,2.775074753872177e-07,2.8190753846708613e-07,2.6951197179076607e-07,2.736745661492509e-07,3.0243026360674017e-07,3.0445575577800047e-07,2.0043579201125905e-07,2.7606531324821284e-07,1.381305251229495e-07
b0104,0.0,0.0,0.0,0.0,0.0,0.0,0.0,0.0,0.0,0.0
b0109,1.4822513503496805e-06,1.43148229337745e-06,1.3839415346309558e-06,1.3261044102574726e-06,1.3455913766580497e-06,1.4792960090409682e-06,1.488683357921255e-06,1.000144688429197e-06,1.3568408915847772e-06,6.999305096913758e-07
b0110,0.0,0.0,0.0,0.0,0.0,0.0,0.0,0.0,0.0,0.0
b0112,0.0,0.0,0.0,0.0,0.0,0.0,0.0,0.0,0.0,0.0
b0114,7.167050437074886e-06,9.123646194074357e-06,8.819920228406642e-06,8.444707085175885e-06,3.041833473632159e-05,9.42871371369968e-06,1.0836409750968391e-05,6.384092723374226e-06,1.2182295802165509e-05,0.0
b0115,7.167050437074886e-06,9.123646194074357e-06,8.819920228406642e-06,8.444707085175885e-06,3.041833473632159e-05,9.42871371369968e-06,1.0836409750968391e-05,6.384092723374226e-06,1.2182295802165509e-05,0.0
b0116,3.732406205341804e-06,6.223124863294347e-06,6.117569582981274e-06,5.881371547564149e-06,1.5345171182942068e-05,6.563021256207823e-06,7.2729476931209685e-06,4.3056303699347435e-06,6.228582147159009e-06,2.559466070726814e-06
b0118,2.7895851339634866e-05,2.5798389851630436e-05,2.6246905279140204e-05,2.518337966805767e-05,2.5452462022343892e-05,2.7869385587705388e-05,2.8035437516705382e-05,5.645563143867183e-05,2.54198699724712e-05,0.00022397964831230252
b0120,0.0,0.0,0.0,0.0,0.0,0.0,0.0,0.0,0.0,0.0
b0121,0.0,0.0,0.0,0.0,0.0,0.0,0.0,0.0,0.0,0.0
b0123,0.0,0.0,0.0,0.0,0.0,0.0,0.0,0.0,0.0,0.0
b0124,0.0,0.0,0.0,0.0,0.0,0.0,0.0,0.0,0.0,0.0
b0125,0.0,0.0,0.0,0.0,0.0,0.0,0.0,0.0,0.0,0.0
b0126,0.0,0.0,0.0,0.0,0.0,0.0,0.0,0.0,0.0,0.0
b0131,2.7708626141169906e-06,2.5372112035402763e-06,2.5774403516990724e-06,2.464109456372718e-06,2.5021674619360074e-06,2.7650766958330525e-06,2.783595481398861e-06,1.832555812674368e-06,2.5240257211265174e-06,1.2629076582669666e-06
b0133,9.698019149409456e-06,8.880239212390957e-06,9.021041230946744e-06,8.624383097304504e-06,8.757586116776017e-06,9.677768435415674e-06,9.742584184896003e-06,6.413945344360281e-06,8.8340900239428e-06,4.4201768039343784e-06
b0134,1.9396038298818942e-05,1.776047842478194e-05,1.8042082461893516e-05,1.7248766194609032e-05,1.751517223355206e-05,1.9355536870831374e-05,1.9485168369792037e-05,1.2827890688720582e-05,1.7668180047885625e-05,8.84035360786877e-06
b0142,1.2500814962141595e-06,1.1499408540705629e-06,1.167229267141385e-06,1.1184741400730555e-06,1.134864285996297e-06,1.2476074846193263e-06,1.2555177461167217e-06,8.436498783305407e-07,1.1442713597101452e-06,5.904723335756644e-07
b0149,0.0,0.0,0.0,0.0,0.0,0.0,0.0,0.0,0.0,0.0
b0150,0.0,0.0,0.0,0.0,0.0,0.0,0.0,0.0,0.0,0.0
b0151,0.0,0.0,0.0,0.0,0.0,0.0,0.0,0.0,0.0,0.0
b0152,0.0,0.0,0.0,0.0,0.0,0.0,0.0,0.0,0.0,0.0
b0153,0.0,0.0,0.0,0.0,0.0,0.0,0.0,0.0,0.0,0.0
b0154,1.2614272150639393e-05,1.0312961156258093e-05,1.0189337477444773e-05,9.558277737315523e-06,1.114637327187735e-05,1.1257071475041466e-05,1.1361960689824225e-05,7.457739524150728e-06,1.7493668950814105e-05,8.34427854556216e-06
b0155,0.0,0.0,0.0,0.0,0.0,0.0,0.0,0.0,0.0,0.0
b0156,1.0963084180663651e-09,9.607212601161395e-10,9.770667570544715e-10,9.18719798782963e-10,9.549011423281306e-10,1.0747767902938206e-09,1.0845518518309367e-09,1.6819232842307818e-09,4.903362598108818e-09,5.415514602491416e-09
b0158,0.0,0.0,0.0,0.0,0.0,0.0,0.0,0.0,0.0,0.0
b0159,5.798658605009966e-05,5.222726289298477e-05,5.325636609870649e-05,5.035458777352616e-05,5.1409827033147365e-05,5.798527185527178e-05,5.844570259291468e-05,3.541531034911594e-05,5.203327412843576e-05,2.2321766706495447e-05
b0160,0.0,0.0,0.0,0.0,0.0,0.0,0.0,0.0,0.0,0.0
b0166,4.326162043001329e-05,4.013647415690117e-05,4.102998429754835e-05,3.936533154912675e-05,3.957567221101489e-05,4.371108135618463e-05,4.39599637011542e-05,2.9236133195514787e-05,3.934221448489819e-05,2.1033963216344288e-05
b0168,3.346624231914481e-08,2.9767169923812284e-08,3.011557294586279e-08,2.8307951835087548e-08,2.7770533950852807e-08,3.3090698733774575e-08,3.313038206223166e-08,1.8971111264397643e-08,2.731700659400851e-08,1.1276539427609245e-08
b0169,0.00011573978607592318,0.00010839222394457357,0.0001097192945098295,0.0001060497610148695,0.00010719540534965844,0.00011559502110622409,0.00011617525131999729,8.50991896569336e-05,0.00010784678697575907,6.446935677224193e-05
b0170,2.494118335050755e-05,2.308853219002348e-05,2.342041918202499e-05,2.2500224307745617e-05,2.2790939137575395e-05,2.4903005254168857e-05,2.504974041596499e-05,1.731116202882398e-05,2.2956095588172247e-05,1.2355917594648282e-05
b0171,0.0,0.0,0.0,0.0,0.0,0.0,0.0,0.0,0.0,0.0
b0172,1.0665119925384135e-07,9.834622924721372e-08,9.970750154919704e-08,9.643369172388491e-08,9.713376450436235e-08,1.0670947037142031e-07,1.0727333208302715e-07,7.08694854530299e-08,9.799847542243922e-08,4.967333343857551e-08
b0173,2.897795841705098e-07,2.5979752459375453e-07,2.622995472177848e-07,2.5013903086575843e-07,2.615095815243174e-07,2.823266930312079e-07,2.843368967269883e-07,1.8977296392404893e-07,2.9580749644061476e-07,1.4836718256397406e-07
b0174,1.1745373870045496e-07,1.0804483787978818e-07,1.0966920297719618e-07,1.0508832407263394e-07,1.0662829080469165e-07,1.1722128832639417e-07,1.1796451170005507e-07,7.926669794265176e-08,1.0751214996208932e-07,5.5478929483940314e-08
b0175,6.804473689155568e-07,6.25938555137336e-07,6.353490258411812e-07,6.088104879653034e-07,6.177322157312542e-07,6.791007163778949e-07,6.834064605648686e-07,4.592174361753949e-07,6.228526659612075e-07,3.2140725254145533e-07
b0177,1.6209613499143163e-09,1.5431531349560215e-09,1.529424280111756e-09,1.2848887630382953e-09,3.212297271568169e-09,1.6905632625906114e-09,1.7872207785142934e-09,8.780029997813277e-10,2.9066251680809907e-09,1.0902763471862595e-09
b0179,3.230571014963018e-07,2.971778722693567e-07,3.016456966736416e-07,2.890459661108911e-07,2.9328165238502566e-07,3.224177455684559e-07,3.2446198521136355e-07,2.180234530281219e-07,2.9571271146138306e-07,1.525950757421914e-07
b0180,2.0524845780364987e-05,1.8109019604571817e-05,1.851900949328607e-05,1.737068815918143e-05,1.7754117590616697e-05,2.0464907867631237e-05,2.0659944993345945e-05,1.1378500149515187e-05,1.7974633178269447e-05,6.662373577593767e-06
b0181,8.718771854038033e-06,8.020334660294219e-06,8.140913782326951e-06,7.800868088577577e-06,7.915182190011692e-06,8.701516704893819e-06,8.756687320178054e-06,5.884089026297206e-06,7.980792416043794e-06,4.11828635025703e-06
b0182,1.118274582102583e-07,1.0286926347785421e-07,1.0441581807933745e-07,1.000543728845392e-07,1.0152057197943192e-07,1.1160614269677314e-07,1.1231376411162581e-07,7.54696568174268e-08,1.0236209242894024e-07,5.2821372372297e-08
b0185,1.5663301802796493e-06,1.4408892479532643e-06,1.4625544272892464e-06,1.4014559516186399e-06,1.4220033421023812e-06,1.5632848711171264e-06,1.5732011852315462e-06,1.0570580031476118e-06,1.4337493048715228e-06,7.398370107991027e-07
b0186,0.0,0.0,0.0,0.0,0.0,0.0,0.0,0.0,0.0,0.0
b0188,7.882341727544113e-12,6.663522750100809e-12,6.7485922723291955e-12,6.295630859724709e-12,7.318125359229431e-12,7.445701042902825e-12,7.537938952865373e-12,5.056864761932926e-12,7.628009076803917e-12,2.929369917674234e-12
b0194,1.8017330557618608e-06,1.697591158127781e-06,1.7209297742756628e-06,1.647737368588487e-06,1.6406422804855117e-06,1.798736261792971e-06,1.8207820117466374e-06,1.2990222567969013e-06,1.6557051639141102e-06,9.423646815606815e-07
b0197,0.0,0.0,0.0,0.0,0.0,0.0,0.0,0.0,0.0,0.0
b0198,0.0,0.0,0.0,0.0,0.0,0.0,0.0,0.0,0.0,0.0
b0199,0.0,0.0,0.0,0.0,0.0,0.0,0.0,0.0,0.0,0.0
b0200,0.0,0.0,0.0,0.0,0.0,0.0,0.0,0.0,0.0,0.0
b0207,0.0,0.0,0.0,0.0,0.0,0.0,0.0,0.0,0.0,0.0
b0212,0.0,0.0,0.0,0.0,0.0,0.0,0.0,0.0,0.0,0.0
b0221,2.1491757670764214e-06,1.977003787623002e-06,2.0067277158259266e-06,1.9229031981401e-06,1.951082800586321e-06,2.1449221876053606e-06,2.1585223581683213e-06,1.4504034378385874e-06,1.9672563257996275e-06,1.015128091599083e-06
b0222,0.0,0.0,0.0,0.0,0.0,0.0,0.0,0.0,0.0,0.0
b0237,0.0,0.0,0.0,0.0,0.0,0.0,0.0,0.0,0.0,0.0
b0238,9.722501536674323e-09,8.658687287336913e-09,8.736163925907297e-09,8.341344428731937e-09,8.684631279850876e-09,9.533669151996621e-09,9.595389353382816e-09,5.746679154879499e-09,8.698530170436581e-09,3.6043394025513325e-09
b0241,0.00036561099301325733,0.00036290011144073396,0.00035699794010650443,0.00030638564293544366,0.0007604306342977437,0.0003816877241754466,0.00040223746788130006,0.00024106322835555606,0.0006852362790631223,0.0003578105692296888
b0242,2.3422529724904233e-06,2.206868505566119e-06,2.2372087065583654e-06,2.1420585791650367e-06,2.1328349646311682e-06,2.3383571403308658e-06,2.3670166152706323e-06,1.6887289338359744e-06,2.1524167130883467e-06,1.2250740860288878e-06
b0243,4.182594593732895e-06,3.9408366170823525e-06,3.995015547425649e-06,3.825104605651848e-06,3.808633865412798e-06,4.175637750590828e-06,4.22681538441184e-06,3.015587381849952e-06,3.843601273372045e-06,2.1876322964801553e-06
b0260,0.0,0.0,0.0,0.0,0.0,0.0,0.0,0.0,0.0,0.0
b0261,0.0,0.0,0.0,0.0,0.0,0.0,0.0,0.0,0.0,0.0
b0273,0.0,0.0,0.0,0.0,0.0,0.0,0.0,0.0,0.0,0.0
b0306,0.0,0.0,0.0,0.0,0.0,0.0,0.0,0.0,0.0,0.0
b0307,0.0,0.0,0.0,0.0,0.0,0.0,0.0,0.0,0.0,0.0
b0308,0.0,0.0,0.0,0.0,0.0,0.0,0.0,0.0,0.0,0.0
b0311,0.0,0.0,0.0,0.0,0.0,0.0,0.0,0.0,0.0,0.0
b0312,0.0,0.0,0.0,0.0,0.0,0.0,0.0,0.0,0.0,0.0
b0314,0.0,0.0,0.0,0.0,0.0,0.0,0.0,0.0,0.0,0.0
b0323,0.0,0.0,0.0,0.0,0.0,0.0,0.0,0.0,0.0,0.0
b0331,0.0,0.0,0.0,0.0,0.0,0.0,0.0,0.0,0.0,0.0
b0333,0.0,0.0,0.0,0.0,0.0,0.0,0.0,0.0,0.0,0.0
b0334,0.0,0.0,0.0,0.0,0.0,0.0,0.0,0.0,0.0,0.0
b0336,0.0,0.0,0.0,0.0,0.0,0.0,0.0,0.0,0.0,0.0
b0337,0.0,0.0,0.0,0.0,0.0,0.0,0.0,0.0,0.0,0.0
b0339,1.412677830582342e-05,1.2775401994223566e-05,1.3070188209479345e-05,1.2418269121485017e-05,1.250434043791742e-05,1.4156672945651138e-05,1.4248634638616607e-05,8.945852662429784e-06,1.2530686908321942e-05,5.897345198016893e-06
b0340,0.0,0.0,0.0,0.0,0.0,0.0,0.0,0.0,0.0,0.0
b0341,0.0,0.0,0.0,0.0,0.0,0.0,0.0,0.0,0.0,0.0
b0343,0.0,0.0,0.0,0.0,0.0,0.0,0.0,0.0,0.0,0.0
b0344,0.0,0.0,0.0,0.0,0.0,0.0,0.0,0.0,0.0,0.0
b0347,0.0,0.0,0.0,0.0,0.0,0.0,0.0,0.0,0.0,0.0
b0348,0.0,0.0,0.0,0.0,0.0,0.0,0.0,0.0,0.0,0.0
b0349,0.0,0.0,0.0,0.0,0.0,0.0,0.0,0.0,0.0,0.0
b0350,0.0,0.0,0.0,0.0,0.0,0.0,0.0,0.0,0.0,0.0
b0351,3.8734459804470803e-10,3.50810802851671e-10,3.539498054368405e-10,3.3795350713095954e-10,3.465155656523542e-10,3.8626110614081207e-10,3.8876172923550734e-10,2.3282941872754526e-10,3.4687508698127533e-10,1.4603151235270442e-10
b0352,0.0,0.0,0.0,0.0,0.0,0.0,0.0,0.0,0.0,0.0
b0353,0.0,0.0,0.0,0.0,0.0,0.0,0.0,0.0,0.0,0.0
b0355,0.0,0.0,0.0,0.0,0.0,0.0,0.0,0.0,0.0,0.0
b0356,0.0,0.0,0.0,0.0,0.0,0.0,0.0,0.0,0.0,0.0
b0365,0.0,0.0,0.0,0.0,0.0,0.0,0.0,0.0,0.0,0.0
b0366,0.0,0.0,0.0,0.0,0.0,0.0,0.0,0.0,0.0,0.0
b0367,0.0,0.0,0.0,0.0,0.0,0.0,0.0,0.0,0.0,0.0
b0368,0.0,0.0,0.0,0.0,0.0,0.0,0.0,0.0,0.0,0.0
b0369,2.365176028244887e-06,1.933680216798393e-06,1.910500777020896e-06,1.7921770757466614e-06,2.0899449884770043e-06,2.1107009015702757e-06,2.1303676293420435e-06,1.3983261607782622e-06,3.2800629282776463e-06,1.5645522272929055e-06
b0381,0.0,0.0,0.0,0.0,0.0,0.0,0.0,0.0,0.0,0.0
b0383,0.0,0.0,0.0,0.0,0.0,0.0,0.0,0.0,0.0,0.0
b0386,1.8298851347581425e-06,1.72411601997353e-06,1.7478193019987224e-06,1.6734832649726846e-06,1.6662773161180998e-06,1.8268415158834884e-06,1.849231730680181e-06,1.3193194795593546e-06,1.6815755571002704e-06,9.570891297100685e-07
b0388,1.2848362419000385e-05,1.1945128361532583e-05,1.2027390384111202e-05,1.1569002871797105e-05,1.2095000321788733e-05,1.2775256699374399e-05,1.2885944834525313e-05,9.039996515575388e-06,1.0884907466929283e-05,6.508709056957267e-06
b0394,0.0,0.0,0.0,0.0,0.0,0.0,0.0,0.0,0.0,0.0
b0401,0.0,0.0,0.0,0.0,0.0,0.0,0.0,0.0,0.0,0.0
b0403,0.0,0.0,0.0,0.0,0.0,0.0,0.0,0.0,0.0,0.0
b0404,0.0,0.0,0.0,0.0,0.0,0.0,0.0,0.0,0.0,0.0
b0405,5.997661973565449e-10,5.431970970553151e-10,5.48057543421427e-10,5.2328879989143e-10,5.365463315746997e-10,5.980885133967153e-10,6.019604899573751e-10,3.6051416699204016e-10,5.37103016091288e-10,2.2611588053668338e-10
b0406,3.5985971841392695e-09,3.2591825823318906e-09,3.2883452605285623e-09,3.13973279934858e-09,3.2192779894481978e-09,3.5885310803802914e-09,3.611762939744251e-09,2.163085001952241e-09,3.222618096547728e-09,1.3566952832201003e-09
b0408,3.5519121362774853e-06,3.234575246515658e-06,3.266569787857922e-06,3.0352025887748147e-06,3.793716099939805e-06,3.5666822439658756e-06,3.6462924246276944e-06,2.246042697185646e-06,4.65871365982479e-06,2.03650888427621e-06
b0409,3.5519121362774853e-06,3.234575246515658e-06,3.266569787857922e-06,3.0352025887748147e-06,3.793716099939805e-06,3.5666822439658756e-06,3.6462924246276944e-06,2.246042697185646e-06,4.65871365982479e-06,2.03650888427621e-06
b0411,0.0,0.0,0.0,0.0,0.0,0.0,0.0,0.0,0.0,0.0
b0414,4.971848574681574e-07,4.353995504171437e-07,4.4243374489612105e-07,4.2307116957203623e-07,4.311995476645246e-07,4.747863674009047e-07,4.780461749666384e-07,3.108054732386481e-07,5.03836656599183e-07,2.2931985055165718e-07
b0415,2.651652573163505e-06,2.322130935558099e-06,2.359646639445978e-06,2.256379571050859e-06,2.2997309208774636e-06,2.5321939594714906e-06,2.5495795998220704e-06,1.6576291906061224e-06,2.6871288351956415e-06,1.223039202942171e-06
b0416,2.5301896410108002e-09,2.2773142983394874e-09,2.32654797387407e-09,2.1956451180858174e-09,2.242194386810894e-09,2.529317818236268e-09,2.5509040530330223e-09,1.4988674086730206e-09,2.2086074235365482e-09,9.468279867787993e-10
b0417,7.476209171272734e-09,1.063486549757373e-08,1.0865470550115595e-08,1.0233179167631487e-08,1.1526521597416565e-08,1.1972575604851174e-08,1.0763346281963174e-08,1.2758441075952105e-08,1.055116105925318e-08,3.5492521399797915e-09
b0418,2.774784709481376e-07,2.552503727781476e-07,2.590878527638353e-07,2.482656797394346e-07,2.5190432201456307e-07,2.7692933872994574e-07,2.7868519731680606e-07,1.8726327455727924e-07,2.539923113781848e-07,1.3106595651042114e-07
b0420,9.243693174974427e-07,8.282710946960171e-07,8.368891502439732e-07,7.972380502925596e-07,8.321742819734946e-07,9.028219906037237e-07,9.091140755609909e-07,6.001475372623724e-07,9.366404893284942e-07,4.6216909754472294e-07
b0421,2.5654354987390276e-06,2.2390039434684e-06,2.246545095567647e-06,2.133442806129211e-06,2.3004767717971808e-06,2.435489493977931e-06,2.454067551284245e-06,1.632653665909569e-06,2.90586821894811e-06,1.4357637757763488e-06
b0423,5.916657063497901e-09,7.3775376270733326e-09,7.52384887773848e-09,7.096948646711452e-09,7.82201940247051e-09,8.264951382551723e-09,7.647329510128651e-09,7.910354168748918e-09,7.3312615005274784e-09,2.6234523859644908e-09
b0425,1.5006935890220784e-06,1.3741484575052704e-06,1.3959364828032928e-06,1.3345566990536782e-06,1.3551688379121021e-06,1.497559947378832e-06,1.5075896841956246e-06,9.92508522650793e-07,1.3670072268914973e-06,6.839882340727639e-07
b0428,2.506544976735401e-08,2.048934251219059e-08,2.0242626061319264e-08,1.898795140930331e-08,2.2149752230685618e-08,2.2363826065910613e-08,2.2572228698454698e-08,1.4819900267078186e-08,3.478592216030174e-08,1.6596741403599662e-08
b0429,0.0002457194425428369,0.00020942255490899767,0.000205362882325522,0.00019678786812811965,0.00022789253054652644,0.00021945238394723154,0.00022079853976807574,0.00017684685456781357,0.0003564283085997512,0.00023673159994642504
b0430,0.0002457194425428369,0.00020942255490899767,0.000205362882325522,0.00019678786812811965,0.00022789253054652644,0.00021945238394723154,0.00022079853976807574,0.00017684685456781357,0.0003564283085997512,0.00023673159994642504
b0431,0.0002457194425428369,0.00020942255490899767,0.000205362882325522,0.00019678786812811965,0.00022789253054652644,0.00021945238394723154,0.00022079853976807574,0.00017684685456781357,0.0003564283085997512,0.00023673159994642504
b0432,0.0002457194425428369,0.00020942255490899767,0.000205362882325522,0.00019678786812811965,0.00022789253054652644,0.00021945238394723154,0.00022079853976807574,0.00017684685456781357,0.0003564283085997512,0.00023673159994642504
b0433,0.0,0.0,0.0,0.0,0.0,0.0,0.0,0.0,0.0,0.0
b0436,0.00011573978607592318,0.00010839222394457357,0.0001097192945098295,0.0001060497610148695,0.00010719540534965844,0.00011559502110622409,0.00011617525131999729,8.50991896569336e-05,0.00010784678697575907,6.446935677224193e-05
b0444,8.298895408224409e-09,7.516155319159037e-09,7.583408752592647e-09,7.2406865170706176e-09,7.424129447491838e-09,8.2756814895807e-09,8.32925758080031e-09,4.988392774112116e-09,7.4318322266729685e-09,3.12873925036653e-09
b0446,0.0,0.0,0.0,0.0,0.0,0.0,0.0,0.0,0.0,0.0
b0451,0.0,0.0,0.0,0.0,0.0,0.0,0.0,0.0,0.0,0.0
b0452,3.432503844272596e-06,3.1575206577477473e-06,3.2049939747608484e-06,3.071114343815932e-06,3.116121484600816e-06,3.4257102807331503e-06,3.4474317237456306e-06,2.221054678053404e-06,3.141952831931495e-06,1.5544969581667222e-06
b0459,0.0,0.0,0.0,0.0,0.0,0.0,0.0,0.0,0.0,0.0
b0462,0.0,0.0,0.0,0.0,0.0,0.0,0.0,0.0,0.0,0.0
b0463,0.0,0.0,0.0,0.0,0.0,0.0,0.0,0.0,0.0,0.0
b0469,4.3965454383739886e-07,3.952739069808919e-07,4.030231972774167e-07,3.813008403559539e-07,3.886464912517064e-07,4.389920765358831e-07,4.425376379661566e-07,2.667764030187865e-07,3.934662850641471e-07,1.6871200989066456e-07
b0474,7.730371680509674e-05,7.123608980395696e-05,7.226143848297078e-05,6.941589361469063e-05,0.00016031362850204656,7.712862761410504e-05,7.758670255503308e-05,5.274201939514044e-05,0.00011594527118448217,3.701562924282392e-05
b0475,4.986127246604115e-08,4.0758282780984426e-08,4.02675037886692e-08,3.7771650921034546e-08,4.406124132142808e-08,4.4487086216495786e-08,4.490164971088218e-08,2.948038403439134e-08,6.919765489611639e-08,3.301495296729583e-08
b0477,0.0,0.0,0.0,0.0,0.0,0.0,0.0,0.0,0.0,0.0
b0480,0.0,0.0,0.0,0.0,0.0,0.0,0.0,0.0,0.0,0.0
b0484,0.0,0.0,0.0,0.0,0.0,0.0,0.0,0.0,0.0,0.0
b0485,0.0,0.0,0.0,0.0,0.0,0.0,0.0,0.0,0.0,0.0
b0494,0.0,0.0,0.0,0.0,0.0,0.0,0.0,0.0,0.0,0.0
b0505,0.0,0.0,0.0,0.0,0.0,0.0,0.0,0.0,0.0,0.0
b0507,0.0,0.0,0.0,0.0,0.0,0.0,0.0,0.0,0.0,0.0
b0508,0.0,0.0,0.0,0.0,0.0,0.0,0.0,0.0,0.0,0.0
b0509,0.0,0.0,0.0,0.0,0.0,0.0,0.0,0.0,0.0,0.0
b0511,0.0,0.0,0.0,0.0,0.0,0.0,0.0,0.0,0.0,0.0
b0512,0.0,0.0,0.0,0.0,0.0,0.0,0.0,0.0,0.0,0.0
b0514,0.0,0.0,0.0,0.0,0.0,0.0,0.0,0.0,0.0,0.0
b0516,0.0,0.0,0.0,0.0,0.0,0.0,0.0,0.0,0.0,0.0
b0517,0.0,0.0,0.0,0.0,0.0,0.0,0.0,0.0,0.0,0.0
b0521,1.7457402157099484e-05,1.5812758461237958e-05,1.608520870833736e-05,1.53543166499301e-05,1.55210475022154e-05,1.7403939990425276e-05,1.7513400978789218e-05,1.1207197471342773e-05,1.5456767095803527e-05,7.4110852155312924e-06
b0522,6.832332376091859e-07,6.155249828560142e-07,6.308462447814627e-07,5.982364783718869e-07,6.013357588657484e-07,6.852937517129395e-07,6.897684614665956e-07,4.2639444750318297e-07,6.017528048944642e-07,2.76947089109274e-07
b0523,8.0936860455242e-06,7.291603643063549e-06,7.4731016689496326e-06,7.0868013591746565e-06,7.123515912717325e-06,8.118095212599433e-06,8.171103312758129e-06,5.051134224268473e-06,7.1284563041344185e-06,3.280757824832937e-06
b0524,1.485021811317998e-06,1.3660607369936446e-06,1.3865983343990922e-06,1.3286801688000344e-06,1.3481506787311153e-06,1.482082833986594e-06,1.4914797500216176e-06,1.0022054355902539e-06,1.3593257178690019e-06,7.014457033363503e-07
b0526,2.2683818464046254e-07,2.0986337718641514e-07,2.063138836447996e-07,2.0589762054203696e-07,2.0017936759087869e-07,2.2121663469693816e-07,2.2336726168585058e-07,1.6065127556922561e-07,2.0382126237156798e-07,1.1647469647454797e-07
b0529,5.03795712946479e-06,6.427137852214162e-06,6.553857940787176e-06,6.25720941857893e-06,4.491617909521996e-06,7.097080981024628e-06,7.144561768001304e-06,4.512811101334454e-06,4.467180754899125e-06,2.9463178380056664e-06
b0572,0.0,0.0,0.0,0.0,0.0,0.0,0.0,0.0,0.0,0.0
b0573,0.0,0.0,0.0,0.0,0.0,0.0,0.0,0.0,0.0,0.0
b0574,0.0,0.0,0.0,0.0,0.0,0.0,0.0,0.0,0.0,0.0
b0575,0.0,0.0,0.0,0.0,0.0,0.0,0.0,0.0,0.0,0.0
b0576,0.0,0.0,0.0,0.0,0.0,0.0,0.0,0.0,0.0,0.0
b0578,0.0,0.0,0.0,0.0,0.0,0.0,0.0,0.0,0.0,0.0
b0583,0.0,0.0,0.0,0.0,0.0,0.0,0.0,0.0,0.0,0.0
b0584,0.0,0.0,0.0,0.0,0.0,0.0,0.0,0.0,0.0,0.0
b0585,0.0,0.0,0.0,0.0,0.0,0.0,0.0,0.0,0.0,0.0
b0586,0.0,0.0,0.0,0.0,0.0,0.0,0.0,0.0,0.0,0.0
b0588,0.0,0.0,0.0,0.0,0.0,0.0,0.0,0.0,0.0,0.0
b0589,0.0,0.0,0.0,0.0,0.0,0.0,0.0,0.0,0.0,0.0
b0590,0.0,0.0,0.0,0.0,0.0,0.0,0.0,0.0,0.0,0.0
b0591,0.0,0.0,0.0,0.0,0.0,0.0,0.0,0.0,0.0,0.0
b0592,0.0,0.0,0.0,0.0,0.0,0.0,0.0,0.0,0.0,0.0
b0593,0.0,0.0,0.0,0.0,0.0,0.0,0.0,0.0,0.0,0.0
b0594,0.0,0.0,0.0,0.0,0.0,0.0,0.0,0.0,0.0,0.0
b0595,0.0,0.0,0.0,0.0,0.0,0.0,0.0,0.0,0.0,0.0
b0596,0.0,0.0,0.0,0.0,0.0,0.0,0.0,0.0,0.0,0.0
b0604,0.0,0.0,0.0,0.0,0.0,0.0,0.0,0.0,0.0,0.0
b0612,0.0,0.0,0.0,0.0,0.0,0.0,0.0,0.0,0.0,0.0
b0613,0.0,0.0,0.0,0.0,0.0,0.0,0.0,0.0,0.0,0.0
b0615,0.0,0.0,0.0,0.0,0.0,0.0,0.0,0.0,0.0,0.0
b0616,0.0,0.0,0.0,0.0,0.0,0.0,0.0,0.0,0.0,0.0
b0617,0.0,0.0,0.0,0.0,0.0,0.0,0.0,0.0,0.0,0.0
b0621,0.0,0.0,0.0,0.0,0.0,0.0,0.0,0.0,0.0,0.0
b0622,0.0,0.0,0.0,0.0,0.0,0.0,0.0,0.0,0.0,0.0
b0627,0.0,0.0,0.0,0.0,0.0,0.0,0.0,0.0,0.0,0.0
b0628,8.118755804531127e-11,2.5272253109245747e-10,2.5682289296671124e-10,2.4318252584909114e-10,2.76902390252795e-10,2.8636631885321966e-10,3.0072764934804233e-10,1.4709774940785278e-10,1.1999290206395685e-10,1.9140442357306443e-10
b0630,3.4422932621238673e-10,1.0715250963169653e-09,1.0889103329622394e-09,1.0310761675445367e-09,1.1740459339529059e-09,1.2141723109367296e-09,1.2750633057777848e-09,6.236837115500669e-10,5.087611513321724e-10,8.11540753595982e-10
b0632,0.0,0.0,0.0,0.0,0.0,0.0,0.0,0.0,0.0,0.0
b0635,0.0,0.0,0.0,0.0,0.0,0.0,0.0,0.0,0.0,0.0
b0636,1.0262759691844365e-09,9.218244010053611e-10,9.400986126988934e-10,8.894775453937421e-10,9.056501355672532e-10,1.0239775507232589e-09,1.0323747395341987e-09,6.198960511077841e-10,9.149219480364203e-10,3.9288498817575257e-10
b0638,0.0,0.0,0.0,0.0,0.0,0.0,0.0,0.0,0.0,0.0
b0639,1.62341814562108e-07,1.5678139403657799e-07,1.515745490310096e-07,1.4524000683772336e-07,1.47374293633977e-07,1.6201813432353477e-07,1.6304627253423284e-07,1.095396563517693e-07,1.4860638336404715e-07,7.665905582334122e-08
b0642,2.332395195862361e-06,2.158618822472398e-06,2.2094758234215546e-06,2.1105118387888747e-06,2.1358149378579243e-06,2.330919659143833e-06,2.345214678768944e-06,1.6670279202724326e-06,2.1613406238619306e-06,1.181658517457443e-06
b0650,0.0,0.0,0.0,0.0,0.0,0.0,0.0,0.0,0.0,0.0
b0651,0.0,0.0,0.0,0.0,0.0,0.0,0.0,0.0,0.0,0.0
b0652,0.0,0.0,0.0,0.0,0.0,0.0,0.0,0.0,0.0,0.0
b0653,0.0,0.0,0.0,0.0,0.0,0.0,0.0,0.0,0.0,0.0
b0654,0.0,0.0,0.0,0.0,0.0,0.0,0.0,0.0,0.0,0.0
b0655,0.0,0.0,0.0,0.0,0.0,0.0,0.0,0.0,0.0,0.0
b0657,1.6544816430100617e-08,1.5219453051255004e-08,1.5448265044129413e-08,1.4802986635856213e-08,1.501994281372147e-08,1.651207409980453e-08,1.661676819696297e-08,1.1165682480024899e-08,1.514444040306987e-08,7.814884460372308e-09
b0661,4.5524592289290726e-10,4.100001306292115e-10,4.172268211951479e-10,3.920062016345695e-10,4.1294827907417355e-10,4.5087393737810623e-10,4.5622483947759207e-10,2.864787461803861e-10,4.239357173813958e-10,1.7813127455151206e-10
b0662,0.0,0.0,0.0,0.0,0.0,0.0,0.0,0.0,0.0,0.0
b0674,0.0,0.0,0.0,0.0,0.0,0.0,0.0,0.0,0.0,0.0
b0677,0.0,0.0,0.0,0.0,0.0,0.0,0.0,0.0,0.0,0.0
b0678,0.0,0.0,0.0,0.0007530302825843339,0.0,0.0,0.0,0.0,0.0,0.0
b0679,0.0,0.0,0.0,0.0,0.0,0.0,0.0,0.0,0.0,0.0
b0680,1.008593037937914e-06,9.386723295635307e-07,9.5647676393289e-07,9.006906743735315e-07,9.431452784050372e-07,1.0059060885253009e-06,1.0093332558969074e-06,7.449070407628327e-07,9.302365223448997e-07,5.00967094640937e-07
b0684,7.6091273558857414e-06,7.1425922263419705e-06,7.219004327767766e-06,6.997311345154121e-06,7.081450195948187e-06,7.588429961919899e-06,7.625092153720687e-06,5.796299499606207e-06,7.1668323838220726e-06,4.751251416911838e-06
b0688,0.0,0.0,0.0,0.0,0.0,0.0,0.0,0.0,0.0,0.0
b0692,0.0,0.0,0.0,0.0,0.0,0.0,0.0,0.0,0.0,0.0
b0693,0.0,0.0,0.0,0.0,0.0,0.0,0.0,0.0,0.0,0.0
b0696,0.0,0.0,0.0,0.0,0.0,0.0,0.0,0.0,0.0,0.0
b0697,0.0,0.0,0.0,0.0,0.0,0.0,0.0,0.0,0.0,0.0
b0698,0.0,0.0,0.0,0.0,0.0,0.0,0.0,0.0,0.0,0.0
b4513,0.0,0.0,0.0,0.0,0.0,0.0,0.0,0.0,0.0,0.0
b0709,0.0,0.0,0.0,0.0,0.0,0.0,0.0,0.0,0.0,0.0
b0720,1.639773393899631e-05,1.5164804532797444e-05,1.5428450784646754e-05,1.4803289365641714e-05,1.4961461303093756e-05,1.6382176845815993e-05,1.647978545860389e-05,3.318573835293078e-05,1.4942303050641373e-05,0.0001316596735499801
b0721,5.378526365326093e-07,4.971337798165356e-07,5.065200771941573e-07,4.885566672957538e-07,4.91332116536301e-07,5.400084681968988e-07,5.42865650441136e-07,2.585666753888195e-06,2.7627324521704937e-05,1.2841863004109747e-05
b0722,5.378526365326093e-07,4.971337798165356e-07,5.065200771941573e-07,4.885566672957538e-07,4.91332116536301e-07,5.400084681968988e-07,5.42865650441136e-07,2.585666753888195e-06,2.7627324521704937e-05,1.2841863004109747e-05
b0723,5.378526365326093e-07,4.971337798165356e-07,5.065200771941573e-07,4.885566672957538e-07,4.91332116536301e-07,5.400084681968988e-07,5.42865650441136e-07,2.585666753888195e-06,2.7627324521704937e-05,1.2841863004109747e-05
b0724,5.378526365326093e-07,4.971337798165356e-07,5.065200771941573e-07,4.885566672957538e-07,4.91332116536301e-07,5.400084681968988e-07,5.42865650441136e-07,2.585666753888195e-06,2.7627324521704937e-05,1.2841863004109747e-05
b0726,8.932859208261634e-07,8.256585096246544e-07,8.412476259115441e-07,8.114133180317492e-07,8.160228886876294e-07,8.968664072690596e-07,9.016117231765272e-07,6.097668842692282e-07,8.246054764575277e-07,1.189414747605814e-05
b0727,1.7865718416523268e-06,1.6513170192493089e-06,1.6824952518230882e-06,1.6228266360634985e-06,1.6320457773752588e-06,1.7937328145381193e-06,1.8032234463530544e-06,1.2195337685384563e-06,1.6492109529150554e-06,2.378829495211628e-05
b0728,0.0,0.0,0.0,0.0,0.0,0.0,0.0,0.0,0.0,5.3263872726345904e-05
b0729,0.0,0.0,0.0,0.0,0.0,0.0,0.0,0.0,0.0,5.3263872726345904e-05
b0731,0.0,0.0,0.0,0.0,0.0,0.0,0.0,0.0,0.0,0.0
b0732,0.0,0.0,0.0,0.0,0.0,0.0,0.0,0.0,0.0,0.0
b0733,0.0,0.0,0.0,0.0,0.0,0.0,0.0,0.0,0.0,0.0
b0734,0.0,0.0,0.0,0.0,0.0,0.0,0.0,0.0,0.0,0.0
b0736,0.0,0.0,0.0,0.0,0.0,0.0,0.0,0.0,0.0,0.0
b0750,1.4822513503496805e-06,1.43148229337745e-06,1.3839415346309558e-06,1.3261044102574726e-06,1.3455913766580497e-06,1.4792960090409682e-06,1.488683357921255e-06,1.000144688429197e-06,1.3568408915847772e-06,6.999305096913758e-07
b0751,0.0,0.0,0.0,0.0,0.0,0.0,0.0,0.0,0.0,0.0
b0752,0.0,0.0,0.0,0.0,0.0,0.0,0.0,0.0,0.0,0.0
b0754,8.34809387404519e-06,7.761226656568103e-06,7.814675575921404e-06,7.516842913773799e-06,7.858604450912952e-06,8.300594170171267e-06,8.37251266942035e-06,5.8736465451397305e-06,8.061561035083272e-06,4.228968053234192e-06
b0755,0.0,0.0,0.0,0.0,0.0,0.0,0.0,0.0,0.0,0.0
b0756,0.0,0.0,0.0,0.0,0.0,0.0,0.0,0.0,0.0,0.0
b0757,0.0,8.914809135838747e-05,0.0,0.0,0.0,0.0,0.0,0.0,0.0,0.0
b0758,0.0,0.00012144181029679467,0.0,0.0,0.0,0.0,0.0,0.0,0.0,0.0
b0759,0.0,0.00022647335481272644,0.0,0.0,0.0,0.0,0.0,0.0,0.0,0.0
b0763,0.0,0.0,0.0,0.0,0.0,0.0,0.0,0.0,0.0,0.0
b0764,0.0,0.0,0.0,0.0,0.0,0.0,0.0,0.0,0.0,0.0
b0765,0.0,0.0,0.0,0.0,0.0,0.0,0.0,0.0,0.0,0.0
b0766,0.0,0.0,0.0,0.0,0.0,0.0,0.0,0.0,0.0,0.0
b0767,9.91426779763804e-07,9.03481360937065e-06,9.162030810728026e-06,8.826695607225166e-06,8.987696515238042e-06,9.778036537063583e-06,1.2592511713303186e-05,6.697545370556823e-06,0.0,0.0
b0774,2.256930397304461e-07,1.9912878265665778e-07,2.0363658603802934e-07,1.9101088303524588e-07,1.9522627508575846e-07,2.2503123161331026e-07,2.2717544065970698e-07,1.251254433150477e-07,1.9765300466193985e-07,7.326583719973312e-08
b0775,1.1284651986522291e-07,9.956439132832874e-08,1.0181829301901454e-07,9.55054415176228e-08,9.76131375428791e-08,1.1251561580665499e-07,1.1358772032985332e-07,6.256272165752376e-08,9.88265023309698e-08,3.6632918599866505e-08
b0776,2.256930397304461e-07,1.9912878265665778e-07,2.0363658603802934e-07,1.9101088303524588e-07,1.9522627508575846e-07,2.2503123161331026e-07,2.2717544065970698e-07,1.251254433150477e-07,1.9765300466193985e-07,7.326583719973312e-08
b0777,8.138626108796978e-11,7.180517784578521e-11,7.343100967153426e-11,6.887731577986801e-11,7.039766629622462e-11,8.114755841392885e-11,8.192093603796193e-11,4.511590100385237e-11,7.127291071291518e-11,2.6414885222865668e-11
b0778,4.513860794608922e-07,3.9825756531331556e-07,4.072731720760587e-07,3.8202176607049175e-07,3.904525501715169e-07,4.500624632266205e-07,4.5435088131941396e-07,2.502508866300954e-07,3.953060093238797e-07,1.4653167439946623e-07
b0781,0.0,0.0,0.0,0.0,0.0,0.0,0.0,0.0,0.0,0.0
b0783,0.0,0.0,0.0,0.0,0.0,0.0,0.0,0.0,0.0,0.0
b0784,0.0,0.0,0.0,0.0,0.0,0.0,0.0,0.0,0.0,0.0
b0785,0.0,0.0,0.0,0.0,0.0,0.0,0.0,0.0,0.0,0.0
b0789,0.0,0.0,0.0,0.0,0.0,0.0,0.0,0.0,0.0,0.0
b0805,0.0,0.0,0.0,0.0,0.0,0.0,0.0,0.0,0.0,0.0
b0807,5.131379845922182e-10,4.6091220050268055e-10,4.700493063494467e-10,4.4473877269687107e-10,4.528250677836266e-10,5.119887753616294e-10,5.161873697670994e-10,3.0994802555389207e-10,4.5746097401821017e-10,1.9644249408787628e-10
b0809,0.0,0.0,0.0,0.0,0.0,0.0,0.0,0.0,0.0,0.0
b0810,0.0,0.0,0.0,0.0,0.0,0.0,0.0,0.0,0.0,0.0
b0811,0.0,0.0,0.0,0.0,0.0,0.0,0.0,0.0,0.0,0.0
b0813,0.0,0.0,0.0,0.0,0.0,0.0,0.0,0.0,0.0,0.0
b0822,0.0,0.0,0.0,0.0,0.0,0.0,0.0,0.0,0.0,0.0
b0825,0.0,0.0,0.0,0.0,0.0,0.0,0.0,0.0,0.0,0.0
b0826,0.0,0.0,0.0,0.0,0.0,0.0,0.0,0.0,0.0,0.0
b0827,0.0,0.0,0.0,0.0,0.0,0.0,0.0,0.0,0.0,0.0
b0828,0.0,0.0,0.0,0.0,0.0,0.0,0.0,0.0,0.0,0.0
b0829,0.0,0.0,0.0,0.0,0.0,0.0,0.0,0.0,0.0,0.0
b0830,0.0,0.0,0.0,0.0,0.0,0.0,0.0,0.0,0.0,0.0
b0831,0.0,0.0,0.0,0.0,0.0,0.0,0.0,0.0,0.0,0.0
b0832,0.0,0.0,0.0,0.0,0.0,0.0,0.0,0.0,0.0,0.0
b0837,0.0,0.0,0.0,0.0,0.0,0.0,0.0,0.0,0.0,0.0
b0839,0.0,0.0,0.0,0.0,0.0,0.0,0.0,0.0,0.0,0.0
b0841,4.393008091857574e-06,4.041096114444169e-06,4.101850664243925e-06,3.9305165005279125e-06,3.988114380254621e-06,4.384313976323214e-06,4.412112038187186e-06,2.9647353019981002e-06,4.021172505721471e-06,2.0750245062194986e-06
b0842,0.0,0.0,0.0,0.0,0.0,0.0,0.0,0.0,0.0,0.0
b0849,0.0,0.0,0.0,0.0,0.0,0.0,0.0,0.0,0.0,0.0
b0854,0.0,0.0,0.0,0.0,0.0,0.0,0.0,0.0,0.0,0.0
b0855,0.0,0.0,0.0,0.0,0.0,0.0,0.0,0.0,0.0,0.0
b0856,0.0,0.0,0.0,0.0,0.0,0.0,0.0,0.0,0.0,0.0
b0857,0.0,0.0,0.0,0.0,0.0,0.0,0.0,0.0,0.0,0.0
b0859,5.131379845922182e-10,4.6091220050268055e-10,4.700493063494467e-10,4.4473877269687107e-10,4.528250677836266e-10,5.119887753616294e-10,5.161873697670994e-10,3.0994802555389207e-10,4.5746097401821017e-10,1.9644249408787628e-10
b0860,0.0,0.0,0.0,0.0,0.0,0.0,0.0,0.0,0.0,0.0
b0861,0.0,0.0,0.0,0.0,0.0,0.0,0.0,0.0,0.0,0.0
b0862,0.0,0.0,0.0,0.0,0.0,0.0,0.0,0.0,0.0,0.0
b0863,0.0,0.0,0.0,0.0,0.0,0.0,0.0,0.0,0.0,0.0
b0864,0.0,0.0,0.0,0.0,0.0,0.0,0.0,0.0,0.0,0.0
b0870,0.0,0.0,0.0,0.0,0.0,0.0,0.0,0.0,0.0,0.0
b0871,0.0,0.0,0.0,0.0,0.0,0.0,0.0,0.0,0.0,0.0
b0875,0.0,0.0,0.0,0.0,0.0,0.0,0.0,0.0,0.0,0.0
b0884,1.0665119925384135e-07,9.834622924721372e-08,9.970750154919704e-08,9.643369172388491e-08,9.713376450436235e-08,1.0670947037142031e-07,1.0727333208302715e-07,7.08694854530299e-08,9.799847542243922e-08,4.967333343857551e-08
b0886,0.0,0.0,0.0,0.0,0.0,0.0,0.0,0.0,0.0,0.0
b0887,0.0,0.0,0.0,0.0,0.0,0.0,0.0,0.0,0.0,0.0
b0888,6.3487298850657405e-06,5.847707126324855e-06,5.8217525044265476e-06,5.702245390136566e-06,5.70040120155146e-06,6.273987342807229e-06,6.308943218830508e-06,4.432847415937927e-06,5.968018408921338e-06,3.226877021804856e-06
b0891,1.6544816430100617e-08,1.5219453051255004e-08,1.5448265044129413e-08,1.4802986635856213e-08,1.501994281372147e-08,1.651207409980453e-08,1.661676819696297e-08,1.1165682480024899e-08,1.514444040306987e-08,7.814884460372308e-09
b0893,2.5520600666977814e-06,2.375788625381994e-06,2.4229163026374225e-06,2.285815805046956e-06,2.348234437133193e-06,2.5469564510750764e-06,2.572845601739829e-06,1.7784488049653228e-06,2.3814845377136372e-06,1.2679768009602716e-06
b0894,0.0,0.0,0.0,0.0,0.0,0.0,0.0,0.0,0.0,0.0
b0895,0.0,0.0,0.0,0.0,0.0,0.0,0.0,0.0,0.0,0.0
b0896,0.0,0.0,0.0,0.0,0.0,0.0,0.0,0.0,0.0,0.0
b0902,2.5009305113715355e-11,0.0,0.0,0.0,2.0360305957830132e-11,0.0,0.0,0.0,2.1135660694758425e-11,0.0
b0903,4.510887917621916e-06,0.0,0.0,0.0,3.8542680070773165e-06,0.0,0.0,0.0,3.98456475364721e-06,0.0
b0904,0.0,0.0,0.0,0.0,0.0,0.0,0.0,0.0,0.0,0.0
b0907,0.0001118741811078025,0.00010159814586314128,0.00010355068906187517,9.804643513317873e-05,9.550679230695663e-05,0.0001133879412345553,0.0001143454633508995,6.78125071889151e-05,9.80612572889438e-05,4.35008658709433e-05
b0908,5.855837517871064e-06,5.444174793186623e-06,5.481666967084168e-06,5.2727498533854625e-06,5.5124812293786e-06,5.822518468968478e-06,5.872966278071479e-06,4.120116558904522e-06,5.654846755930546e-06,2.9664436171471925e-06
b0910,1.7826690468949416e-05,1.614316865150986e-05,1.6511836542902798e-05,1.5691807614788646e-05,1.581525436963965e-05,1.786010057623023e-05,1.7975571444738574e-05,1.1387968781098284e-05,1.585501544019142e-05,7.586175240227112e-06
b0911,0.00011573978607592318,0.00010839222394457357,0.0001097192945098295,0.0001060497610148695,0.00010719540534965844,0.00011559502110622409,0.00011617525131999729,8.50991896569336e-05,0.00010784678697575907,6.446935677224193e-05
b0914,4.307515239461081e-07,3.9624518037464913e-07,4.0220240023189757e-07,3.854024097593521e-07,3.9105017132631323e-07,4.29899034492349e-07,4.326247462668202e-07,2.9070379271562676e-07,3.942916391829614e-07,2.0346419852770886e-07
b0915,1.130517922587163e-06,1.0399551944245758e-06,1.0555900637421728e-06,1.0114981024295015e-06,1.0263206190223468e-06,1.1282805368990155e-06,1.135434224416381e-06,7.629593036370812e-07,1.0348279567157784e-06,5.339968297433258e-07
b0918,2.7690608699683002e-06,2.5472389051659134e-06,2.585534542916927e-06,2.4775368523790653e-06,2.5138427347287895e-06,2.763580676301049e-06,2.781102730383115e-06,1.8687724545267584e-06,2.53468038395471e-06,1.3079577920759253e-06
b0928,4.8526232269751585e-05,4.4580767261621726e-05,4.51688137439862e-05,4.346178361088521e-05,4.4033593080994516e-05,4.849907971209213e-05,4.875000234519625e-05,3.230333096006845e-05,4.4187707911141405e-05,2.252731562890542e-05
b0929,0.0,0.0,0.0,0.0,0.0,0.0,0.0,0.0,0.0,0.0
b0930,2.031230468293455e-06,1.8946248017731104e-06,1.9219297358010163e-06,1.8691558017559931e-06,1.8879258264343041e-06,2.033291549646362e-06,2.0367301157042948e-06,1.3761618880493586e-06,1.8898228264134197e-06,9.981250202740481e-07
b0931,0.0,0.0,0.0,0.0,0.0,0.0,0.0,0.0,0.0,0.0
b0932,0.0,0.0,0.0,0.0,0.0,0.0,0.0,0.0,0.0,0.0
b0933,0.0,0.0,0.0,0.0,0.0,0.0,0.0,0.0,0.0,0.0
b0934,0.0,0.0,0.0,0.0,0.0,0.0,0.0,0.0,0.0,0.0
b0935,0.0,0.0,0.0,0.0,0.0,0.0,0.0,0.0,0.0,0.0
b0936,0.0,0.0,0.0,0.0,0.0,0.0,0.0,0.0,0.0,0.0
b0937,5.137606597193543e-11,3.3809702082196155e-11,3.4297484062819407e-11,3.229398756833302e-11,3.4008746112340886e-11,3.766356214529017e-11,3.81101332087842e-11,2.1916043733084094e-11,3.503135096838551e-11,1.7887042532973466e-11
b0945,6.5441459432760125e-06,5.884287258516234e-06,6.038203177281654e-06,5.71783112393517e-06,5.74683837357237e-06,6.5668181459594965e-06,6.609911140575728e-06,4.05800506031372e-06,5.746593576830992e-06,2.608176719030266e-06
b0948,2.052551938368876e-09,1.8436488020107242e-09,1.8801972253977892e-09,1.7789550907874866e-09,1.8113002711345085e-09,2.0479551014465202e-09,2.0647494790684e-09,1.2397921022155697e-09,1.829843896072843e-09,7.857699763515061e-10
b0954,0.0,0.0,0.0,0.0,0.0,0.0,0.0,0.0,0.0,0.0
b0957,0.0,0.0,0.0,0.0,0.0,0.0,0.0,0.0,0.0,0.0
b0963,0.0,0.0,0.0,0.0,0.0,0.0,0.0,0.0,0.0,0.0
b0967,1.0262759691844365e-09,9.218244010053611e-10,9.400986126988934e-10,8.894775453937421e-10,9.056501355672532e-10,1.0239775507232589e-09,1.0323747395341987e-09,6.198960511077841e-10,9.149219480364203e-10,3.9288498817575257e-10
b0968,0.0,0.0,0.0,0.0,0.0,0.0,0.0,0.0,0.0,0.0
b0969,4.985506336845344e-10,4.471591969514228e-10,4.6102204093261415e-10,4.356056871480635e-10,4.3793154207010824e-10,5.018907594377924e-10,5.057172512973635e-10,2.953778706855948e-10,4.353730858479713e-10,1.874082859240913e-10
b0972,0.0,0.0,0.0,0.0,0.0,0.0,0.0,0.0,0.0,0.0
b0973,0.0,0.0,0.0,0.0,0.0,0.0,0.0,0.0,0.0,0.0
b0974,0.0,0.0,0.0,0.0,0.0,0.0,0.0,0.0,0.0,0.0
b0978,0.0,0.0,0.0,0.0,0.0,0.0,0.0,0.0,0.0,0.0
b0979,0.0,0.0,0.0,0.0,0.0,0.0,0.0,0.0,0.0,0.0
b0980,0.0,0.0,0.0,0.0,0.0,0.0,0.0,0.0,0.0,0.0
b0996,0.0,0.0,0.0,0.0,0.0,0.0,0.0,0.0,0.0,0.0
b0997,0.0,0.0,0.0,0.0,0.0,0.0,0.0,0.0,0.0,0.0
b0998,0.0,0.0,0.0,0.0,0.0,0.0,0.0,0.0,0.0,0.0
b1002,0.0,0.0,0.0,0.0,0.0,0.0,0.0,0.0,0.0,0.0
b1006,0.0,0.0,0.0,0.0,0.0,0.0,0.0,0.0,0.0,0.0
b1007,0.0,0.0,0.0,0.0,0.0,0.0,0.0,0.0,0.0,0.0
b1008,0.0,0.0,0.0,0.0,0.0,0.0,0.0,0.0,0.0,0.0
b1009,0.0,0.0,0.0,0.0,0.0,0.0,0.0,0.0,0.0,0.0
b1010,0.0,0.0,0.0,0.0,0.0,0.0,0.0,0.0,0.0,0.0
b1011,0.0,0.0,0.0,0.0,0.0,0.0,0.0,0.0,0.0,0.0
b1012,0.0,0.0,0.0,0.0,0.0,0.0,0.0,0.0,0.0,0.0
b1014,0.0,0.0,0.0,0.0,0.0,0.0,0.0,0.0,0.0,0.0
b1015,0.0,0.0,0.0,0.0,0.0,0.0,0.0,0.0,0.0,0.0
b1033,0.0,0.0,0.0,0.0,0.0,0.0,0.0,0.0,0.0,0.0
b1054,0.0,0.0,0.0,0.0,0.0,0.0,0.0,0.0,0.0,0.0
b1059,0.0,0.0,0.0,0.0,0.0,0.0,0.0,0.0,0.0,0.0
b1062,1.924748806845886e-05,1.7306727230930098e-05,1.775942110965192e-05,1.6817150364515203e-05,1.6902465804624614e-05,1.9314171017527927e-05,1.9440915119340373e-05,1.1935309000922704e-05,1.69017458142088e-05,7.671107997147839e-06
b1064,0.0,0.0,0.0,0.0,0.0,0.0,0.0,0.0,0.0,0.0
b1069,2.0795219785013288e-07,1.9129371063073882e-07,1.9416965392428114e-07,1.8605919403744452e-07,1.8878570977113439e-07,2.0754064376329103e-07,2.088565229831134e-07,1.4034192726325866e-07,1.903505850693108e-07,9.822561161702073e-08
b1084,9.775985780320603e-08,8.776487651269028e-08,8.964812348570094e-08,8.472131669674362e-08,8.581014779208621e-08,9.761883818751728e-08,9.840339379424767e-08,5.871157342179584e-08,8.564853696632065e-08,3.683514065804462e-08
b1086,1.5394139537766537e-09,1.3827366015080407e-09,1.4101479190483392e-09,1.3342163180906123e-09,1.3584752033508788e-09,1.5359663260848872e-09,1.548562109301297e-09,9.298440766616756e-10,1.3723829220546293e-09,5.893274822636284e-10
b1089,0.00011573978607592318,0.00010839222394457357,0.0001097192945098295,0.0001060497610148695,0.00010719540534965844,0.00011559502110622409,0.00011617525131999729,8.50991896569336e-05,0.00010784678697575907,6.446935677224193e-05
b1090,9.065178924482083e-06,8.338991964120309e-06,8.464361836796901e-06,8.110805671318374e-06,8.229661990488043e-06,9.04723822188367e-06,9.104600852503453e-06,6.117870629684971e-06,8.297878930151047e-06,4.28191058506116e-06
b1091,3.3211341229018256e-06,2.9302102613481536e-06,2.996556391831971e-06,2.810730914347971e-06,2.872781195825964e-06,3.311452340936814e-06,3.3430155105415096e-06,1.8410766285389605e-06,2.9084520525885747e-06,1.0779612038303547e-06
b1092,1.3185241168766103e-05,1.2129294331498175e-05,1.2311669277880437e-05,1.1797349404509571e-05,1.1970314968999828e-05,1.3159606128314224e-05,1.3243080455079497e-05,8.898244467726414e-06,1.2069191119929857e-05,6.22790721916915e-06
b1093,3.117540068885894e-05,2.8178698401459607e-05,2.8691485601951442e-05,2.7250479817219853e-05,2.7733234535154403e-05,3.1101296936386116e-05,3.1340747401004606e-05,1.9438893759371463e-05,2.8010516115827428e-05,1.2763073229864238e-05
b1094,7.548518921602013e-05,6.943886328101497e-05,7.048290047305283e-05,6.753859895476089e-05,6.852856242523344e-05,7.53369781428434e-05,7.58147510629228e-05,5.0942244687825755e-05,6.909572512348745e-05,3.565434782993209e-05
b1095,0.0,0.0,0.0,0.0,0.0,0.0,0.0,0.0,0.0,0.0
b1096,1.4286645671018974e-07,1.314218118937787e-07,1.3339763053044408e-07,1.278256160083493e-07,1.2969877554243403e-07,1.425837125279231e-07,1.4348774241333973e-07,9.641712895206185e-08,1.3077386968115955e-07,6.74825524086474e-08
b1098,3.239009776021386e-07,3.0477763867902445e-07,3.0805485839422057e-07,2.9883999145366424e-07,3.0192831407369915e-07,3.234245594747322e-07,3.249485085893587e-07,2.4858914488828774e-07,3.0370521048789707e-07,2.0419870572983355e-07
b1101,0.0,0.0,0.0,0.0,0.0,0.0,8.13888100261292e-05,0.0,0.0,0.0
b1102,0.0,0.0,0.0,0.0,0.0,0.0,0.0,0.0,0.0,0.0
b1106,0.0,0.0,0.0,0.0,0.0,0.0,0.0,0.0,0.0,0.0
b1107,0.0,0.0,0.0,0.0,0.0,0.0,0.0,0.0,0.0,0.0
b1109,0.0,0.0,0.0,0.0,0.0,0.0,0.0,0.0,0.0,0.0
b1114,2.5895144284460235e-09,2.3303814313796292e-09,2.380895780348914e-09,2.2477532770189916e-09,2.294785634220214e-09,2.588551014581407e-09,2.6105751483083424e-09,1.5333463257356497e-09,2.2604731489028735e-09,9.684988164882695e-10
b1116,3.3089632860201235e-08,3.043890610251001e-08,3.0896530088258826e-08,2.9605973271712425e-08,3.003988562744294e-08,3.302414819960906e-08,3.323353639392594e-08,2.2331364960049797e-08,3.028888080613974e-08,1.5629768920744617e-08
b1117,1.6544816430100617e-08,1.5219453051255004e-08,1.5448265044129413e-08,1.4802986635856213e-08,1.501994281372147e-08,1.651207409980453e-08,1.661676819696297e-08,1.1165682480024899e-08,1.514444040306987e-08,7.814884460372308e-09
b1118,1.6544816430100617e-08,1.5219453051255004e-08,1.5448265044129413e-08,1.4802986635856213e-08,1.501994281372147e-08,1.651207409980453e-08,1.661676819696297e-08,1.1165682480024899e-08,1.514444040306987e-08,7.814884460372308e-09
b1119,0.0,0.0,0.0,0.0,0.0,0.0,0.0,0.0,0.0,0.0
b1123,0.0,0.0,0.0,0.0,0.0,0.0,0.0,0.0,0.0,0.0
b1124,0.0,0.0,0.0,0.0,0.0,0.0,0.0,0.0,0.0,0.0
b1125,0.0,0.0,0.0,0.0,0.0,0.0,0.0,0.0,0.0,0.0
b1126,0.0,0.0,0.0,0.0,0.0,0.0,0.0,0.0,0.0,0.0
b1131,1.549829156205729e-05,1.4072997069239284e-05,1.4306840669078416e-05,1.3713965086237216e-05,1.3658953576660666e-05,1.5462534392537466e-05,1.5567093269065833e-05,9.963062914367109e-06,1.3778643649876205e-05,6.5293327635972e-06
b1133,4.985506336845344e-10,4.471591969514228e-10,4.6102204093261415e-10,4.356056871480635e-10,4.3793154207010824e-10,5.018907594377924e-10,5.057172512973635e-10,2.953778706855948e-10,4.353730858479713e-10,1.874082859240913e-10
b1134,0.0,0.0,0.0,0.0,0.0,0.0,0.0,0.0,0.0,0.0
b1135,5.131379845922182e-10,4.6091220050268055e-10,4.700493063494467e-10,4.4473877269687107e-10,4.528250677836266e-10,5.119887753616294e-10,5.161873697670994e-10,3.0994802555389207e-10,4.5746097401821017e-10,1.9644249408787628e-10
b1136,4.323038947553575e-05,3.997993922282964e-05,4.067500661406873e-05,3.902685378214635e-05,3.94438525263381e-05,4.3189375320787635e-05,4.344670711813753e-05,2.9993041512809783e-05,3.939334440623636e-05,0.00019988781287927837
b1185,0.0,0.0,0.0,0.0,0.0,0.0,0.0,0.0,0.0,0.0
b1186,0.0,0.0,0.0,0.0,0.0,0.0,0.0,0.0,0.0,0.0
b1189,0.0,0.0,0.0,0.0,0.0,0.0,0.0,0.0,0.0,0.0
b1190,0.0,0.0,0.0,0.0,0.0,0.0,0.0,0.0,0.0,0.0
b1192,0.0,0.0,0.0,0.0,0.0,0.0,0.0,0.0,0.0,0.0
b1193,0.0,0.0,0.0,0.0,0.0,0.0,0.0,0.0,0.0,0.0
b1197,0.0,0.0,0.0,0.0,0.0,0.0,0.0,0.0,0.0,0.0
b1198,0.0,0.0,0.0,0.0,0.0,0.0,0.0,0.0,0.0,0.0
b1199,0.0,0.0,0.0,0.0,0.0,0.0,0.0,0.0,0.0,0.0
b1200,0.0,0.0,0.0,0.0,0.0,0.0,0.0,0.0,0.0,0.0
b1206,9.94860865398905e-07,9.14109085903978e-07,9.188323316170804e-07,9.008004279691285e-07,8.996195256973799e-07,9.820974109463133e-07,9.876366279100828e-07,6.958500701030299e-07,9.357327872920958e-07,5.001684051664502e-07
b1207,3.670809682961888e-05,3.324687002580423e-05,3.386174480810511e-05,3.228605634212198e-05,3.239447929224883e-05,3.665423148357031e-05,3.6896730987193336e-05,2.350924970906754e-05,3.2673632134512484e-05,1.531463870393347e-05
b1208,7.35594329048218e-07,6.594860239687623e-07,6.658373121682237e-07,6.349683091207722e-07,6.638320146386526e-07,7.166754515407592e-07,7.217782763069711e-07,4.817313699610478e-07,7.508959525030999e-07,3.7662438650855e-07
b1209,1.6544816430100617e-08,1.5219453051255004e-08,1.5448265044129413e-08,1.4802986635856213e-08,1.501994281372147e-08,1.651207409980453e-08,1.661676819696297e-08,1.1165682480024899e-08,1.514444040306987e-08,7.814884460372308e-09
b1210,7.460220932137388e-07,6.099199999132461e-07,6.026087579693803e-07,5.652871826416846e-07,6.592089199221946e-07,6.657557348516082e-07,6.719589997434168e-07,4.410590150592041e-07,1.0345950501799677e-06,4.934899194007987e-07
b1211,2.7563970739729573e-09,2.3617352783836906e-09,2.4280456647577963e-09,9.204004120660784e-08,2.326605431907269e-09,2.7295803532308443e-09,2.7601589263325497e-09,6.776367171793791e-08,2.3943671630731903e-09,4.723658815513028e-08
b1215,1.615285507481509e-05,1.4858893613467836e-05,1.5082284833682077e-05,1.4452298305544554e-05,1.4664082619251278e-05,1.612088727842279e-05,1.6223099260568176e-05,1.0901172651406094e-05,1.4785635573069148e-05,7.629753787109568e-06
b1216,0.0,0.0,0.0,0.0,0.0,0.0,0.0,0.0,0.0,0.0
b1223,0.0,0.0,0.0,0.0,0.0,0.0,0.0,0.0,0.0,0.0
b1224,0.0,0.0,0.0,0.0,0.0,0.0,0.0,0.0,0.0,0.0
b1225,0.0,0.0,0.0,0.0,0.0,0.0,0.0,0.0,0.0,0.0
b1226,0.0,0.0,0.0,0.0,0.0,0.0,0.0,0.0,0.0,0.0
b1227,0.0,0.0,0.0,0.0,0.0,0.0,0.0,0.0,0.0,0.0
b1232,0.0,0.0,0.0,0.0,0.0,0.0,0.0,0.0,0.0,0.0
b1236,0.0,0.0,0.0,0.0,0.0,0.0,0.0,0.0,0.0,0.0
b1238,4.989864248634643e-07,4.6952591939867915e-07,4.745746480603952e-07,4.60378662780262e-07,4.651363855707412e-07,4.982524777790975e-07,5.006002012284394e-07,3.8296460105174265e-07,4.678737875867438e-07,3.145788039548155e-07
b1241,0.0,0.0,0.0,0.0,0.0,0.0,0.0,0.0,0.0,0.0
b1243,0.0,0.0,0.0,0.0,0.0,0.0,0.0,0.0,0.0,0.0
b1244,0.0,0.0,0.0,0.0,0.0,0.0,0.0,0.0,0.0,0.0
b1245,0.0,0.0,0.0,0.0,0.0,0.0,0.0,0.0,0.0,0.0
b1246,0.0,0.0,0.0,0.0,0.0,0.0,0.0,0.0,0.0,0.0
b1247,0.0,0.0,0.0,0.0,0.0,0.0,0.0,0.0,0.0,0.0
b1249,0.0,0.0,0.0,0.0,0.0,0.0,0.0,0.0,0.0,0.0
b1250,7.419597133907337e-11,7.487678461968161e-11,3.6508403687003304e-11,3.405804458248019e-11,2.798840530449074e-11,4.069035083115269e-11,3.3413873165777455e-11,4.5363686127742084e-11,2.8240426918758733e-11,9.747275740592945e-12
b1252,0.0,0.0,0.0,0.0,0.0,0.0,0.0,0.0,0.0,0.0
b1260,1.97005933030012e-06,1.4364388631934456e-06,1.4220857435874952e-06,1.3564734640710004e-06,1.4226724027081109e-06,1.5136846679840496e-06,1.522002655887493e-06,1.1576509140967646e-06,1.5018937631185775e-06,7.801980702610298e-07
b1261,1.97005933030012e-06,1.4364388631934456e-06,1.4220857435874952e-06,1.3564734640710004e-06,1.4226724027081109e-06,1.5136846679840496e-06,1.522002655887493e-06,1.1576509140967646e-06,1.5018937631185775e-06,7.801980702610298e-07
b1262,8.066552565518868e-06,7.4760066083086735e-06,7.401305192346302e-06,7.0598233180944415e-06,7.404358484466787e-06,7.878035655193983e-06,7.92132697383439e-06,6.025042976532493e-06,7.816669393843855e-06,4.060573741435756e-06
b1263,5.558695131976882e-06,5.15174744138785e-06,5.1002703830176114e-06,4.864953794345501e-06,5.102374419396075e-06,5.428787340115756e-06,5.45861956896801e-06,4.151882330348194e-06,5.386499592597355e-06,2.7981583590040386e-06
b1264,1.5254188492174485e-06,1.4137441372335137e-06,1.3996177868444606e-06,1.3350421352982803e-06,1.4001951771626817e-06,1.4897695125187645e-06,1.4979560820508146e-06,1.139360842081947e-06,1.478164895675427e-06,7.678714882861606e-07
b1269,5.131379845922182e-10,4.6091220050268055e-10,4.700493063494467e-10,4.4473877269687107e-10,4.528250677836266e-10,5.119887753616294e-10,5.161873697670994e-10,3.0994802555389207e-10,4.5746097401821017e-10,1.9644249408787628e-10
b1270,0.0,0.0,0.0,0.0,0.0,0.0,0.0,0.0,0.0,0.0
b1276,0.0,0.0,0.0,0.0,0.0,0.0,0.0,0.0,0.0,0.0
b1277,6.629131432908775e-07,5.805327338895259e-07,5.899116598614957e-07,5.640948927627159e-07,5.749327302193671e-07,6.33048489867874e-07,6.373948999555189e-07,4.144072976515314e-07,6.717822087989117e-07,3.0575980073554337e-07
b1278,0.0,0.0,0.0,0.0,0.0,0.0,0.0,0.0,0.0,0.0
b1281,5.453454952730009e-06,4.903572715430194e-06,5.031835981068044e-06,4.7648592699459734e-06,4.789031977976974e-06,5.472348454966246e-06,5.508259283813105e-06,3.381670883594766e-06,4.788827980692492e-06,2.1734805991918878e-06
b1286,0.0,0.0,0.0,0.0,0.0,0.0,0.0,0.0,0.0,0.0
b1288,1.505052199150553e-05,1.3279072017835227e-05,1.3579704491156553e-05,1.2737676517122455e-05,1.301883548161827e-05,1.5006567551809382e-05,1.5149582393438719e-05,8.343762919969608e-06,1.318052158665082e-05,4.8855615933546385e-06
b1291,0.0,0.0,0.0,0.0,0.0,0.0,0.0,0.0,0.0,0.0
b1296,0.0,0.0,0.0,0.0,0.0,0.0,0.0,0.0,0.0,0.0
b1297,0.0,0.0,0.0,0.0,0.0,0.0,0.0,0.0,0.0,0.0
b1298,0.0,0.0,0.0,0.0,0.0,0.0,0.0,0.0,0.0,0.0
b1300,0.0,0.0,0.0,0.0,0.0,0.0,0.0,0.0,0.0,0.0
b1301,0.0,0.0,0.0,0.0,0.0,0.0,0.0,0.0,0.0,0.0
b1302,0.0,0.0,0.0,0.0,0.0,0.0,0.0,0.0,0.0,0.0
b1308,0.0,0.0,0.0,0.0,0.0,0.0,0.0,0.0,0.0,0.0
b1319,0.0,0.0,0.0,0.0,0.0,0.0,0.0,0.0,0.0,0.0
b1325,0.0,0.0,0.0,0.0,0.0,0.0,0.0,0.0,0.0,0.0
b1326,0.0,0.0,0.0,0.0,0.0,0.0,0.0,0.0,0.0,0.0
b1329,0.0,0.0,0.0,0.0,0.0,0.0,0.0,0.0,0.0,0.0
b1344,1.7585842161567838e-10,1.6112682272947172e-10,1.6141186565883692e-10,1.5288500914611996e-10,1.60807827303722e-10,1.7352358916904564e-10,1.7562802652112288e-10,1.090598129299686e-10,1.6430211455250206e-10,6.56698605075312e-11
b1363,0.0,0.0,0.0,0.0,0.0,0.0,0.0,0.0,0.0,0.0
b1377,0.0,0.0,0.0,0.0,0.0,0.0,0.0,0.0,0.0,0.0
b1378,0.0,0.0,0.0,0.0,0.0,0.0,0.0,0.0,0.0,0.0
b1380,0.0,0.0,0.0,0.0,0.0,0.0,0.0,0.0,0.0,0.0
b1385,0.0,0.0,0.0,0.0,0.0,0.0,0.0,0.0,0.0,0.0
b1386,0.0,0.0,0.0,0.0,0.0,0.0,0.0,0.0,0.0,0.0
b1387,0.0,0.0,0.0,0.0,0.0,0.0,0.0,0.0,0.0,0.0
b1388,0.0,0.0,0.0,0.0,0.0,0.0,0.0,0.0,0.0,0.0
b1389,0.0,0.0,0.0,0.0,0.0,0.0,0.0,0.0,0.0,0.0
b1390,0.0,0.0,0.0,0.0,0.0,0.0,0.0,0.0,0.0,0.0
b1391,0.0,0.0,0.0,0.0,0.0,0.0,0.0,0.0,0.0,0.0
b1392,0.0,0.0,0.0,0.0,0.0,0.0,0.0,0.0,0.0,0.0
b1393,0.0,0.0,0.0,0.0,0.0,0.0,0.0,0.0,0.0,0.0
b1394,0.0,0.0,0.0,0.0,0.0,0.0,0.0,0.0,0.0,0.0
b1395,0.0,0.0,0.0,0.0,0.0,0.0,0.0,0.0,0.0,0.0
b1397,0.0,0.0,0.0,0.0,0.0,0.0,0.0,0.0,0.0,0.0
b1398,0.0,0.0,0.0,0.0,0.0,0.0,0.0,0.0,0.0,0.0
b1415,1.0000651969713276e-05,9.199526832564503e-06,9.33783413713108e-06,8.947793120584444e-06,9.078914287970376e-06,9.98085987695461e-06,1.0044141968933773e-05,6.7491990266443254e-06,9.154170877681162e-06,4.723778668605315e-06
b1440,0.0,0.0,0.0,0.0,0.0,0.0,0.0,0.0,0.0,0.0
b1441,0.0,0.0,0.0,0.0,0.0,0.0,0.0,0.0,0.0,0.0
b1442,0.0,0.0,0.0,0.0,0.0,0.0,0.0,0.0,0.0,0.0
b1443,0.0,0.0,0.0,0.0,0.0,0.0,0.0,0.0,0.0,0.0
b1444,0.0,0.0,0.0,0.0,0.0,0.0,0.0,0.0,0.0,0.0
b1453,0.0,0.0,0.0,0.0,0.0,0.0,0.0,0.0,0.0,0.0
b1463,0.0,0.0,0.0,0.0,0.0,0.0,0.0,0.0,0.0,0.0
b1465,0.0,0.0,0.0,0.0,0.0,0.0,0.0,0.0,0.0,0.0
b1466,0.0,0.0,0.0,0.0,0.0,0.0,0.0,0.0,0.0,0.0
b1467,0.0,0.0,0.0,0.0,0.0,0.0,0.0,0.0,0.0,0.0
b1468,0.0,0.0,0.0,0.0,0.0,0.0,0.0,0.0,0.0,0.0
b1469,0.0,0.0,0.0,0.0,0.0,0.0,0.0,0.0,0.0,0.0
b1473,0.0,0.0,0.0,0.0,0.0,0.0,0.0,0.0,0.0,0.0
b1474,0.0,0.0,0.0,0.0,0.0,0.0,0.0,0.0,0.0,0.0
b1475,0.0,0.0,0.0,0.0,0.0,0.0,0.0,0.0,0.0,0.0
b1476,0.0,0.0,0.0,0.0,0.0,0.0,0.0,0.0,0.0,0.0
b1478,0.0,0.0,0.0,0.0,0.0,0.0,0.0,0.0,0.0,0.0
b1479,0.0,0.0,0.0,0.0,0.0,0.0,0.0,0.0,2.9881608107526002e-05,3.7964581214859458e-06
b1480,0.00011573978607592318,0.00010839222394457357,0.0001097192945098295,0.0001060497610148695,0.00010719540534965844,0.00011559502110622409,0.00011617525131999729,8.50991896569336e-05,0.00010784678697575907,6.446935677224193e-05
b1483,0.0,0.0,0.0,0.0,0.0,0.0,0.0,0.0,0.0,0.0
b1484,0.0,0.0,0.0,0.0,0.0,0.0,0.0,0.0,0.0,0.0
b1485,0.0,0.0,0.0,0.0,0.0,0.0,0.0,0.0,0.0,0.0
b1486,0.0,0.0,0.0,0.0,0.0,0.0,0.0,0.0,0.0,0.0
b1487,0.0,0.0,0.0,0.0,0.0,0.0,0.0,0.0,0.0,0.0
b1488,0.0,0.0,0.0,0.0,0.0,0.0,0.0,0.0,0.0,0.0
b1489,0.0,0.0,0.0,0.0,0.0,0.0,0.0,0.0,0.0,0.0
b1492,0.0,0.0,0.0,0.0,0.0,0.0,0.0,0.0,0.0,0.0
b1493,0.0,0.0,0.0,0.0,0.0,0.0,0.0,0.0,0.0,0.0
b1519,0.0,0.0,0.0,0.0,0.0,0.0,0.0,0.0,0.0,0.0
b1521,0.0,0.0,0.0,0.0,0.0,0.0,0.0,0.0,0.0,0.0
b1524,0.0,0.0,0.0,0.0,0.0,0.0,0.0,0.0,0.0,0.0
b1525,0.0,0.0,0.0,0.0,0.0,0.0,0.0,0.0,0.0,0.0
b1528,0.0,0.0,0.0,0.0,0.0,0.0,0.0,0.0,0.0,0.0
b1533,0.0,0.0,0.0,0.0,0.0,0.0,0.0,0.0,0.0,0.0
b1539,0.0,0.0,0.0,0.0,0.0,0.0,0.0,0.0,0.0,0.0
b1584,0.0,0.0,0.0,0.0,0.0,0.0,0.0,0.0,0.0,0.0
b1587,0.0,0.0,0.0,0.0,0.0,0.0,0.0,0.0,0.0,0.0
b1588,0.0,0.0,0.0,0.0,0.0,0.0,0.0,0.0,0.0,0.0
b1589,0.0,0.0,0.0,0.0,0.0,0.0,0.0,0.0,0.0,0.0
b1590,0.0,0.0,0.0,0.0,0.0,0.0,0.0,0.0,0.0,0.0
b1591,0.0,0.0,0.0,0.0,0.0,0.0,0.0,0.0,0.0,0.0
b1592,0.0,0.0,0.0,0.0,0.0,0.0,0.0,0.0,0.0,0.0
b1599,0.0,0.0,0.0,0.0,0.0,0.0,0.0,0.0,0.0,0.0
b1600,0.0,0.0,0.0,0.0,0.0,0.0,0.0,0.0,0.0,0.0
b1602,0.0,0.0,0.0,0.0,0.0,0.0,0.0,0.0,0.0,0.0
b1603,0.0,0.0,0.0,0.0,0.0,0.0,0.0,0.0,0.0,0.0
b1605,0.0,0.0,0.0,0.0,0.0,0.0,0.0,0.0,0.0,0.0
b1606,0.0,0.0,0.0,0.0,0.0,0.0,0.0,0.0,0.0,0.0
b1611,4.070282886569821e-06,3.7232664010026563e-06,3.781211074443398e-06,3.635035922438931e-06,3.6531595394282703e-06,4.063078366840637e-06,4.08761852994784e-06,8.633560266083071e-06,7.63094758812642e-05,3.5519640911986436e-05
b1612,0.0,0.0,0.0,0.0,0.0,0.0,0.0,0.0,0.0,0.0
b1613,0.0,0.0,0.0003017243184612781,0.0,0.0,0.0,0.0,0.0,0.0,0.0
b1621,0.0,0.0,0.0,0.0,0.0,0.0,0.0,0.0,0.0,0.0
b1622,1.1936650519690941e-05,1.0946147626516205e-05,1.1074291368444038e-05,1.0802813891475705e-05,1.0871874846590707e-05,1.1824742354876881e-05,1.1877117862634844e-05,8.31864732540414e-06,1.1362195418015592e-05,5.945693544250527e-06
b1623,7.181653523934104e-11,0.0,0.0,0.0,5.846650371354718e-11,0.0,0.0,0.0,6.0693006630538e-11,0.0
b1634,0.0,0.0,0.0,0.0,0.0,0.0,0.0,0.0,0.0,0.0
b1636,0.0,0.0,0.0,0.0,0.0,0.0,0.0,0.0,0.0,0.0
b1637,1.3199198615660935e-06,1.2356321994509223e-06,1.2274527830947983e-06,1.1898922782596975e-06,1.2605212761811002e-06,1.314098182185501e-06,1.3227094497361533e-06,9.250884363752132e-07,1.2516718742249932e-06,6.577094949430043e-07
b1638,0.0,0.0,0.0,0.0,0.0,0.0,0.0,0.0,0.0,0.0
b1640,0.0,0.0,0.0,0.0,0.0,0.0,0.0,0.0,0.0,0.0
b1646,0.0,0.0,0.0,0.0,0.0,0.0,0.0,0.0,0.0,0.0
b1651,0.0,0.0,0.0,0.0,0.0,0.0,0.0,0.0,0.0,0.0
b1652,2.14735778930238e-08,1.9265984607029904e-08,1.967917312539314e-08,1.8613573560521164e-08,1.8795084951820072e-08,2.1452311432126794e-08,2.161606521989902e-08,1.3002074805644783e-08,1.893848607825519e-08,8.141637532124877e-09
b1654,6.201501595133863e-08,5.585216290617793e-08,5.683649729105517e-08,5.3401151402290154e-08,5.625387770880914e-08,6.141946830974828e-08,6.214832743967227e-08,3.9027068333979934e-08,5.775057472664218e-08,2.4267821355431213e-08
b1656,0.0,0.0,0.0,0.0,0.0,0.0,0.0,0.0,0.0,0.0
b1661,0.0,0.0,0.0,0.0,0.0,0.0,0.0,0.0,0.0,0.0
b1662,1.590991543898103e-05,1.3932785613348592e-05,1.4157879836675868e-05,1.3538277426305154e-05,1.3798385525264782e-05,1.5193163756828944e-05,1.529747759893242e-05,9.945775143636734e-06,1.612277301117385e-05,7.3382352176530265e-06
b1676,3.709079385037685e-05,4.338050235812558e-05,6.44176730585942e-06,6.139268563778283e-06,0.0,6.846204846650249e-06,0.0,3.0773491438318694e-05,0.0,0.0
b1677,0.003731709120941161,0.0035791209297180164,0.0036059251276016227,0.003529812155342102,0.003555581068611144,0.0037280146162033067,0.003739814390945434,0.003065630051994323,0.003570287049865722,0.0025647107814788816
b1679,7.1675580229702495e-09,6.444789290901111e-09,6.560944849187301e-09,6.1709213603414815e-09,6.4051096753337e-09,7.2185898489804585e-09,7.293657162049128e-09,1.1079134505945224e-08,2.8806661801126596e-08,3.5507959263500865e-08
b1680,7.1675580229702495e-09,6.444789290901111e-09,6.560944849187301e-09,6.1709213603414815e-09,6.4051096753337e-09,7.2185898489804585e-09,7.293657162049128e-09,1.1079134505945224e-08,2.8806661801126596e-08,3.5507959263500865e-08
b1681,2.115936334566499e-09,1.897285178597622e-09,1.931809811468752e-09,1.8169350393380011e-09,1.8837205758880135e-09,2.1252423651642773e-09,2.146952032525552e-09,3.2730057178146625e-09,8.366625298423949e-09,1.0502309668178926e-08
b1682,4.231872669132998e-09,3.794570357195244e-09,3.863619622937504e-09,3.6338700786760022e-09,3.767441151776027e-09,4.250484730328555e-09,4.293904065051104e-09,6.546011435629325e-09,1.6733250596847898e-08,2.100461933635785e-08
b1683,2.115936334566499e-09,1.897285178597622e-09,1.931809811468752e-09,1.8169350393380011e-09,1.8837205758880135e-09,2.1252423651642773e-09,2.146952032525552e-09,3.2730057178146625e-09,8.366625298423949e-09,1.0502309668178926e-08
b1684,0.0,0.0,0.0,0.0,0.0,0.0,0.0,0.0,0.0,0.0
b1692,0.0,0.0,0.0,0.0,0.0,0.0,0.0,0.0,0.0,0.0
b1693,2.0842811504286915e-06,1.937757129778297e-06,1.951101801843525e-06,1.8767414732389007e-06,1.962069590117814e-06,2.072421827937941e-06,2.0903778277881617e-06,1.4664821650338185e-06,2.0127420656702024e-06,1.0558528128829032e-06
b1701,0.0,0.0,0.0,0.0,0.0,0.0,0.0,0.0,0.0,0.0
b1702,0.0,0.0,0.0,0.0,8.610131957462863e-06,0.0,0.0,0.0,4.321945170394242e-06,0.0
b1704,0.0,0.0,0.0,0.0,0.0,0.0,0.0,0.0,0.0,0.0
b1709,0.0,0.0,0.0,0.0,0.0,0.0,0.0,0.0,0.0,0.0
b1710,0.0,0.0,0.0,0.0,0.0,0.0,0.0,0.0,0.0,0.0
b1711,0.0,0.0,0.0,0.0,0.0,0.0,0.0,0.0,0.0,0.0
b1713,1.8350894578449918e-06,1.6994412590582492e-06,1.7374775356544914e-06,1.666637788758804e-06,1.724292696889788e-06,1.83386762564769e-06,1.8544799364002216e-06,1.2680477855788136e-06,1.793361061143732e-06,9.428165926676648e-07
b1714,1.8350894578449918e-06,1.6994412590582492e-06,1.7374775356544914e-06,1.666637788758804e-06,1.724292696889788e-06,1.83386762564769e-06,1.8544799364002216e-06,1.2680477855788136e-06,1.793361061143732e-06,9.428165926676648e-07
b1716,0.00011573978607592318,0.00010839222394457357,0.0001097192945098295,0.0001060497610148695,0.00010719540534965844,0.00011559502110622409,0.00011617525131999729,8.50991896569336e-05,0.00010784678697575907,6.446935677224193e-05
b1717,0.00011573978607592318,0.00010839222394457357,0.0001097192945098295,0.0001060497610148695,0.00010719540534965844,0.00011559502110622409,0.00011617525131999729,8.50991896569336e-05,0.00010784678697575907,6.446935677224193e-05
b1718,1.0665119925384135e-07,9.834622924721372e-08,9.970750154919704e-08,9.643369172388491e-08,9.713376450436235e-08,1.0670947037142031e-07,1.0727333208302715e-07,7.08694854530299e-08,9.799847542243922e-08,4.967333343857551e-08
b1719,2.6139500057127665e-06,2.4026413942409204e-06,2.4174994814620224e-06,2.3610479384768075e-06,2.371854965659345e-06,2.595321088550075e-06,2.6034913256961183e-06,1.7691032872219405e-06,2.407547185095943e-06,1.3032608608993116e-06
b1723,0.0,9.77981881445359e-06,9.635570007232471e-06,9.227338447499356e-06,0.0,1.0291077730204264e-05,7.920327649038987e-06,4.236279717506099e-06,0.0,0.0
b1732,0.0,0.0,0.0,0.0,0.0,0.0,0.0,0.0,0.0,0.0
b1734,0.0,0.0,0.0,0.0,0.0,0.0,0.0,0.0,0.0,0.0
b1740,1.363671242321709e-05,1.3169637099072571e-05,1.2732262118604822e-05,1.2200160574368777e-05,1.2379440665254085e-05,1.360952328317694e-05,1.3695886892875577e-05,9.201331133548633e-06,1.2482936202579978e-05,6.4393606891606726e-06
b1744,0.0,0.0,0.0,0.0,0.0,0.0,0.0,0.0,0.0,0.0
b1745,0.0,0.0,0.0,0.0,0.0,0.0,0.0,0.0,0.0,0.0
b1746,0.0,0.0,0.0,0.0,0.0,0.0,0.0,0.0,0.0,0.0
b1747,0.0,0.0,0.0,0.0,0.0,0.0,0.0,0.0,0.0,0.0
b1748,9.693113891844962e-06,8.873279794089034e-06,8.913029047419603e-06,8.607109274031366e-06,8.771821364460104e-06,9.571438390074414e-06,9.627779225786248e-06,6.531061931763152e-06,8.6847611787855e-06,4.481021138837754e-06
b1759,0.0,0.0,0.0,0.0,0.0,0.0,0.0,0.0,0.0,0.0
b1761,1.386403509494159e-05,1.2835237345735164e-05,1.3039304011240329e-05,1.251775430065473e-05,1.2473851163470071e-05,1.3931324659957781e-05,1.4013083116576723e-05,9.452966360140272e-06,1.2551211149751626e-05,6.634326895821195e-06
b1764,0.0,0.0,0.0,0.0,0.0,0.0,0.0,0.0,0.0,0.0
b1767,0.0,0.0,0.0,0.0,0.0,0.0,0.0,0.0,0.0,0.0
b1768,0.0,0.0,0.0,0.0,0.0,0.0,0.0,0.0,0.0,0.0
b1773,1.929896126425015e-05,7.405332606255282e-05,7.296106615897539e-05,6.98699143313707e-05,4.278882495681902e-05,7.792460669758034e-05,5.997315666520419e-05,3.207734306376163e-05,1.4661927472040331e-05,7.159797478486616e-06
b1778,0.0,0.0,0.0,0.0,0.0,0.0,0.0,0.0,0.0,0.0
b1779,0.00018380974949723096,0.0002009810945461135,0.0001984031804804273,0.0001900871878015129,3.480650248925133e-05,0.00021189968585847728,0.000195692176734793,0.00012215988541599838,2.0748343188448283e-05,1.0043210214392145e-05
b1781,0.0,0.0,0.0,0.0,0.0,0.0,0.0,0.0,0.0,0.0
b1800,0.0,0.0,0.0,0.0,0.0,0.0,0.0,0.0,0.0,0.0
b1801,0.0,0.0,0.0,0.0,0.0,0.0,0.0,0.0,0.0,0.0
b1804,0.0,0.0,0.0,0.0,0.0,0.0,0.0,0.0,0.0,0.0
b1805,0.0,0.0,0.0,0.0,0.0,0.0,0.0,0.0,0.0,0.0
b1812,6.771622092655825e-08,6.22916579139389e-08,6.322816165590999e-08,6.058712347891115e-08,6.147496858798444e-08,6.758220509140034e-08,6.801069956697387e-08,4.5700045731984654e-08,6.198454455067851e-08,3.198555863159507e-08
b1814,0.0,0.0,0.0,0.0,0.0,0.0,0.0,0.0,0.0,0.0
b1817,0.0,0.0,3.8823277710730074e-05,3.720805776868631e-05,0.0,4.1486383191029006e-05,0.0,0.0,0.0,0.0
b1818,0.0,0.0,7.764655542146015e-05,7.441611553737262e-05,0.0,8.297276638205801e-05,0.0,0.0,0.0,0.0
b1819,0.0,0.0,3.8823277710730074e-05,3.720805776868631e-05,0.0,4.1486383191029006e-05,0.0,0.0,0.0,0.0
b1822,1.0262759691844365e-09,9.218244010053611e-10,9.400986126988934e-10,8.894775453937421e-10,9.056501355672532e-10,1.0239775507232589e-09,1.0323747395341987e-09,6.198960511077841e-10,9.149219480364203e-10,3.9288498817575257e-10
b1835,5.131379845922182e-10,4.6091220050268055e-10,4.700493063494467e-10,4.4473877269687107e-10,4.528250677836266e-10,5.119887753616294e-10,5.161873697670994e-10,3.0994802555389207e-10,4.5746097401821017e-10,1.9644249408787628e-10
b1849,6.297361468412496e-06,1.0828188115163217e-05,1.004170608528664e-05,9.59593287118323e-06,5.692323579954494e-05,1.0763223085585505e-05,1.3721810509088172e-05,0.0,1.780140587251398e-05,6.571717585483614e-05
b1850,0.0,0.0,0.0,0.0,0.0,0.0,7.043888456103753e-05,0.0,0.0,0.0
b1851,0.0,0.0,0.0,0.0,0.0,0.0,2.9210895276032576e-05,0.0,0.0,0.0
b1852,1.1769195321067099e-06,1.0725198091123874e-05,1.0876217220477148e-05,1.0478141882125366e-05,1.066926554066968e-05,1.1607475631094844e-05,1.4948530033856693e-05,7.950634504402942e-06,0.0,0.0
b1854,0.0,0.0,0.0,0.0,0.0,0.0,0.0,0.0,0.0,0.0
b1855,0.0,0.0,0.0,0.0,0.0,0.0,0.0,0.0,0.0,0.0
b1857,0.0,0.0,0.0,0.0,0.0,0.0,0.0,0.0,0.0,0.0
b1858,0.0,0.0,0.0,0.0,0.0,0.0,0.0,0.0,0.0,0.0
b1859,0.0,0.0,0.0,0.0,0.0,0.0,0.0,0.0,0.0,0.0
b1865,0.0,0.0,0.0,0.0,0.0,0.0,0.0,0.0,0.0,0.0
b1866,2.7964790929067613e-06,2.6096596413891856e-06,2.625018667992346e-06,2.515526621369343e-06,2.5909511473368758e-06,2.807596719554553e-06,2.817512207663059e-06,1.9280195723640317e-06,2.550649180798604e-06,1.3575367236845558e-06
b1870,5.526365508481039e-10,4.949560367250677e-10,5.059390828423252e-10,4.745350234882943e-10,4.815973759020466e-10,5.52516821249657e-10,5.568541496954841e-10,3.7302409684130995e-10,5.426064437657608e-10,2.3123056962294437e-10
b1871,5.526365508481039e-10,4.949560367250677e-10,5.059390828423252e-10,4.745350234882943e-10,4.815973759020466e-10,5.52516821249657e-10,5.568541496954841e-10,3.7302409684130995e-10,5.426064437657608e-10,2.3123056962294437e-10
b1872,0.0,0.0,0.0,0.0,0.0,0.0,0.0,0.0,0.0,0.0
b1873,0.0,0.0,0.0,0.0,0.0,0.0,0.0,0.0,0.0,0.0
b1876,1.384832211491982e-06,1.2677044567456916e-06,1.2733833383733222e-06,1.2296773053020733e-06,1.2532093313355032e-06,1.367448720894284e-06,1.3754980025788587e-06,9.330773412209614e-07,1.2407712489188613e-06,6.401928712154929e-07
b1896,0.0,0.0,0.0,0.0,0.0,0.0,0.0,0.0,0.0,0.0
b1897,0.0,0.0,0.0,0.0,0.0,0.0,0.0,0.0,0.0,0.0
b4460,0.0,0.0,0.0,0.0,0.0,0.0,0.0,0.0,0.0,0.0
b1900,0.0,0.0,0.0,0.0,0.0,0.0,0.0,0.0,0.0,0.0
b1901,0.0,0.0,0.0,0.0,0.0,0.0,0.0,0.0,0.0,0.0
b1907,0.0,0.0,0.0,0.0,0.0,0.0,0.0,0.0,0.0,0.0
b1912,1.8046001362550316e-07,1.6600381857397736e-07,1.6849954982166117e-07,1.6146127588001933e-07,1.638276916682581e-07,1.8010288174698843e-07,1.812448163389824e-07,1.2178794615197073e-07,1.6518562977322727e-07,8.523963757220985e-08
b1919,0.0,0.0,0.0,0.0,0.0,0.0,0.0,0.0,0.0,0.0
b1922,8.933784445939041e-11,6.947511384263888e-11,6.955776928405921e-11,6.340779906409283e-11,7.379135479386004e-11,8.038977980404206e-11,8.149161032062814e-11,4.0474881413846497e-11,1.1296509525558647e-10,3.445700384059202e-11
b1927,0.0,0.0,0.0,0.0,0.0,0.0,0.0,0.0,0.0,0.0
b1981,0.0,0.0,0.0,0.0,0.0,0.0,0.0,0.0,0.0,0.0
b1982,0.0,0.0,0.0,0.0,0.0,0.0,0.0,0.0,0.0,0.0
b1991,0.0,0.0,0.0,0.0,0.0,0.0,0.0,0.0,0.0,0.0
b1992,0.0,0.0,0.0,0.0,0.0,0.0,0.0,0.0,0.0,0.0
b1993,0.0,0.0,0.0,0.0,0.0,0.0,0.0,0.0,0.0,0.0
b2010,0.0,0.0,0.0,0.0,0.0,0.0,0.0,0.0,0.0,0.0
b2019,1.5860149061833024e-05,1.4776990836404556e-05,1.4621553316811942e-05,1.4527908399847528e-05,1.4031864549200095e-05,1.5529570316906226e-05,1.5648722338601568e-05,1.119018132276305e-05,1.4540313021403023e-05,7.513964903965558e-06
b2020,1.125558965678472e-05,1.0486896722609677e-05,1.0376586224834276e-05,1.0310128541827272e-05,9.958097422012962e-06,1.1020985386191508e-05,1.110554488545917e-05,7.94141900325119e-06,1.031893182164085e-05,5.332491222169102e-06
b2021,1.0573432707888692e-05,9.851327224269712e-06,9.74770221120797e-06,9.685272266565026e-06,9.354576366133403e-06,1.0353046877937493e-05,1.0432481559067722e-05,7.460120881842039e-06,9.69354201426869e-06,5.009309935977043e-06
b2022,1.836438312422773e-05,1.7110199915836873e-05,1.6930219629992794e-05,1.682178867350768e-05,1.6247422109600124e-05,1.798160773536512e-05,1.8119573234170256e-05,1.2957052057936173e-05,1.683615191951931e-05,8.700380415118024e-06
b2023,2.8484828217182117e-06,2.653947601001996e-06,2.62603102199105e-06,2.609212394607762e-06,2.5201229174610153e-06,2.7891108780827517e-06,2.8105105815564686e-06,2.0097566009961945e-06,2.6114402646784023e-06,1.3495081205413178e-06
b2024,3.4892327936032694e-06,3.2509379840090063e-06,3.2167417296986316e-06,3.19613984796646e-06,3.087010200824024e-06,3.4165054697193737e-06,3.4427189144923492e-06,2.4618398910078734e-06,3.198868864708669e-06,1.653072278872425e-06
b2025,2.8484828217182117e-06,2.653947601001996e-06,2.62603102199105e-06,2.609212394607762e-06,2.5201229174610153e-06,2.7891108780827517e-06,2.8105105815564686e-06,2.0097566009961945e-06,2.6114402646784023e-06,1.3495081205413178e-06
b2026,3.1720298123666e-06,2.9553981672809065e-06,2.924310663362384e-06,2.905581679969501e-06,2.8063729098400142e-06,3.1059140633812403e-06,3.1297444677203087e-06,2.2380362645526062e-06,2.9080626042806e-06,1.5027929807931093e-06
b2027,0.0,0.0,0.0,0.0,0.0,0.0,0.0,0.0,0.0,0.0
b2028,0.0,0.0,0.0,0.0,0.0,0.0,0.0,0.0,0.0,0.0
b2029,8.29193306711546e-06,7.556389564200915e-05,7.662789405336175e-05,7.382327235133783e-05,7.51698254001728e-05,8.177994194635007e-05,5.917731453897193e-05,5.601583400829349e-05,0.0,0.0
b2032,0.0,0.0,0.0,0.0,0.0,0.0,0.0,0.0,0.0,0.0
b2033,0.0,0.0,0.0,0.0,0.0,0.0,0.0,0.0,0.0,0.0
b2034,0.0,0.0,0.0,0.0,0.0,0.0,0.0,0.0,0.0,0.0
b2035,0.0,0.0,0.0,0.0,0.0,0.0,0.0,0.0,0.0,0.0
b2036,0.0,0.0,0.0,0.0,0.0,0.0,0.0,0.0,0.0,0.0
b2037,0.0,0.0,0.0,0.0,0.0,0.0,0.0,0.0,0.0,0.0
b2038,0.0,0.0,0.0,0.0,0.0,0.0,0.0,0.0,0.0,0.0
b2039,0.0,0.0,0.0,0.0,0.0,0.0,0.0,0.0,0.0,0.0
b2040,0.0,0.0,0.0,0.0,0.0,0.0,0.0,0.0,0.0,0.0
b2041,0.0,0.0,0.0,0.0,0.0,0.0,0.0,0.0,0.0,0.0
b2045,0.0,0.0,0.0,0.0,0.0,0.0,0.0,0.0,0.0,0.0
b2048,0.0,0.0,0.0,0.0,0.0,0.0,0.0,0.0,0.0,0.0
b2049,0.0,0.0,0.0,0.0,0.0,0.0,0.0,0.0,0.0,0.0
b2051,0.0,0.0,0.0,0.0,0.0,0.0,0.0,0.0,0.0,0.0
b2052,0.0,0.0,0.0,0.0,0.0,0.0,0.0,0.0,0.0,0.0
b2053,0.0,0.0,0.0,0.0,0.0,0.0,0.0,0.0,0.0,0.0
b2065,0.0,0.0,0.0,0.0,0.0,0.0,0.0,0.0,0.0,0.0
b2066,0.0,0.0,0.0,0.0,0.0,0.0,0.0,0.0,0.0,0.0
b2091,0.0,0.0,0.0,0.0,0.0,0.0,0.0,0.0,0.0,0.0
b2092,0.0,0.0,0.0,0.0,0.0,0.0,0.0,0.0,0.0,0.0
b2093,0.0,0.0,0.0,0.0,0.0,0.0,0.0,0.0,0.0,0.0
b2094,0.0,0.0,0.0,0.0,0.0,0.0,0.0,0.0,0.0,0.0
b2095,0.0,0.0,0.0,0.0,0.0,0.0,0.0,0.0,0.0,0.0
b2096,0.0,0.0,0.0,0.0,0.0,0.0,0.0,0.0,0.0,0.0
b2097,0.0,0.0,0.0,0.0,0.0,0.0,0.0,0.0,0.0,0.0
b2103,3.439056218785472e-09,4.892038128883934e-09,4.998116453053193e-09,4.707262417110503e-09,5.30219993481164e-09,5.507384778231561e-09,4.95113928970308e-09,5.868882894937991e-09,4.8535340872564815e-09,1.6326559843907104e-09
b2104,0.0,0.0,0.0,0.0,0.0,0.0,0.0,0.0,0.0,0.0
b2114,1.5878552422308583e-06,1.4543006890588657e-06,1.4713052549762086e-06,1.4331519963553151e-06,1.4408636994416171e-06,1.572822081388065e-06,1.5795669377387886e-06,1.0981164307341955e-06,1.5024933702279568e-06,7.8040302096613e-07
b2128,0.0,0.0,0.0,0.0,0.0,0.0,0.0,0.0,0.0,0.0
b2129,0.0,0.0,0.0,0.0,0.0,0.0,0.0,0.0,0.0,0.0
b2130,0.0,0.0,0.0,0.0,0.0,0.0,0.0,0.0,0.0,0.0
b2131,0.0,0.0,0.0,0.0,0.0,0.0,0.0,0.0,0.0,0.0
b2132,0.0,0.0,0.0,0.0,0.0,0.0,0.0,0.0,0.0,0.0
b2133,0.0,0.0,0.0,0.0,0.0,0.0,0.0,0.0,0.0,0.0
b2134,0.0,0.0,0.0,0.0,0.0,0.0,0.0,0.0,0.0,0.0
b2140,8.387456164149687e-09,7.530809872912414e-09,7.670206874110253e-09,7.2777333387851085e-09,7.388064452145898e-09,8.370048942031723e-09,8.435192521869669e-09,5.051749545543836e-09,7.485214579379628e-09,3.2203666874196974e-09
b2143,9.019127649572424e-07,8.487578310486267e-07,8.578843729740631e-07,8.322224165662143e-07,8.407410429770768e-07,9.006865752927814e-07,9.049305341040808e-07,6.922817052855424e-07,8.456863026444753e-07,5.686613077303768e-07
b2146,0.0,0.0,0.0,0.0,0.0,0.0,0.0,0.0,0.0,0.0
b2147,0.0,0.0,0.0,0.0,0.0,0.0,0.0,0.0,0.0,0.0
b2148,0.0,0.0,0.0,0.0,0.0,0.0,0.0,0.0,0.0,0.0
b2149,0.0,0.0,0.0,0.0,0.0,0.0,0.0,0.0,0.0,0.0
b2150,0.0,0.0,0.0,0.0,0.0,0.0,0.0,0.0,0.0,0.0
b2153,2.987473027780512e-05,2.7412293494985694e-05,2.7797552883126798e-05,2.662120430057898e-05,2.7056724663970374e-05,2.9811618863734838e-05,3.0001283903238107e-05,1.980217517342114e-05,2.724938919994462e-05,1.3646638200873841e-05
b2154,0.0,0.0,0.0,0.0,0.0,0.0,0.0,0.0,0.0,0.0
b2155,0.0,0.0,0.0,0.0,0.0,0.0,0.0,0.0,0.0,0.0
b2156,0.0,0.0,0.0,0.0,0.0,0.0,0.0,0.0,0.0,0.0
b2162,0.0,0.0,0.0,0.0,0.0,0.0,0.0,0.0,0.0,0.0
b2167,0.0,0.0,0.0,0.0,0.0,0.0,0.0,0.0,0.0,0.0
b2168,0.0,0.0,0.0,0.0,0.0,0.0,0.0,0.0,0.0,0.0
b2169,0.0,0.0,0.0,0.0,0.0,0.0,0.0,0.0,0.0,0.0
b2170,0.0,0.0,0.0,0.0,0.0,0.0,0.0,0.0,0.0,0.0
b2174,0.0,0.0,0.0,0.0,0.0,0.0,0.0,0.0,0.0,0.0
b2183,5.131379845922182e-10,4.6091220050268055e-10,4.700493063494467e-10,4.4473877269687107e-10,4.528250677836266e-10,5.119887753616294e-10,5.161873697670994e-10,3.0994802555389207e-10,4.5746097401821017e-10,1.9644249408787628e-10
b2185,0.00011573978607592318,0.00010839222394457357,0.0001097192945098295,0.0001060497610148695,0.00010719540534965844,0.00011559502110622409,0.00011617525131999729,8.50991896569336e-05,0.00010784678697575907,6.446935677224193e-05
b2197,0.0,0.0,0.0,0.0,0.0,0.0,0.0,0.0,0.0,0.0
b2198,0.0,0.0,0.0,0.0,0.0,0.0,0.0,0.0,0.0,0.0
b2199,0.0,0.0,0.0,0.0,0.0,0.0,0.0,0.0,0.0,0.0
b2200,0.0,0.0,0.0,0.0,0.0,0.0,0.0,0.0,0.0,0.0
b2201,0.0,0.0,0.0,0.0,0.0,0.0,0.0,0.0,0.0,0.0
b2202,0.0,0.0,0.0,0.0,0.0,0.0,0.0,0.0,0.0,0.0
b2203,0.0,0.0,0.0,0.0,0.0,0.0,0.0,0.0,0.0,0.0
b2204,0.0,0.0,0.0,0.0,0.0,0.0,0.0,0.0,0.0,0.0
b2205,0.0,0.0,0.0,0.0,0.0,0.0,0.0,0.0,0.0,0.0
b2206,0.0,0.0,0.0,0.0,0.0,0.0,0.0,0.0,0.0,0.0
b2207,0.0,0.0,0.0,0.0,0.0,0.0,0.0,0.0,0.0,0.0
b2210,6.973755572561683e-06,6.3791910333064606e-06,6.478476549333977e-06,6.22802277909932e-06,6.259073692717543e-06,6.961416189048623e-06,7.003462533216117e-06,0.0,2.015607624976213e-05,0.0
b2215,0.0,0.0,0.0,0.0,0.0,0.0,0.0,0.0,0.0,0.0
b2221,0.0,0.0,0.0,0.0,0.0,0.0,0.0,0.0,0.0,0.0
b2222,0.0,0.0,0.0,0.0,0.0,0.0,0.0,0.0,0.0,0.0
b2223,0.0,0.0,0.0,0.0,0.0,0.0,0.0,0.0,0.0,0.0
b2224,5.320687535701337e-06,4.894441789226248e-06,4.968029228605979e-06,4.760505136735295e-06,4.830269309177872e-06,5.310156957821677e-06,5.3438268771714305e-06,3.590740075585473e-06,4.870310048442223e-06,2.5131331012096066e-06
b2232,2.3956154419036853e-08,2.2037091786657464e-08,2.2368401300828335e-08,2.143407393392795e-08,2.1748169349208346e-08,2.3908743267060115e-08,2.406033294061377e-08,1.616743134115288e-08,2.1928443444299507e-08,1.1315619378533946e-08
b2234,1.2681084505283114e-07,1.193371487602651e-07,1.2062035988548913e-07,1.1701223446113889e-07,1.1820997137741602e-07,1.2663844018887215e-07,1.272351497866743e-07,9.733627405310811e-08,1.1890528536097871e-07,7.995498432218757e-08
b2235,1.2681084505283114e-07,1.193371487602651e-07,1.2062035988548913e-07,1.1701223446113889e-07,1.1820997137741602e-07,1.2663844018887215e-07,1.272351497866743e-07,9.733627405310811e-08,1.1890528536097871e-07,7.995498432218757e-08
b2239,0.0,0.0,0.0,0.0,0.0,0.0,0.0,0.0,0.0,0.0
b2240,0.0,0.0,0.0,0.0,0.0,0.0,0.0,0.0,0.0,0.0
b2241,0.0,0.0,0.0,0.0,0.0,0.0,0.0,0.0,0.0,0.0
b2242,0.0,0.0,0.0,0.0,0.0,0.0,0.0,0.0,0.0,0.0
b2243,0.0,0.0,0.0,0.0,0.0,0.0,0.0,0.0,0.0,0.0
b2251,0.0,0.0,0.0,0.0,0.0,0.0,0.0,0.0,0.0,0.0
b2253,0.0,0.0,0.0,0.0,0.0,0.0,0.0,0.0,0.0,0.0
b2254,0.0,0.0,0.0,0.0,0.0,0.0,0.0,0.0,0.0,0.0
b2255,0.0,0.0,0.0,0.0,0.0,0.0,0.0,0.0,0.0,0.0
b2256,0.0,0.0,0.0,0.0,0.0,0.0,0.0,0.0,0.0,0.0
b2257,0.0,0.0,0.0,0.0,0.0,0.0,0.0,0.0,0.0,0.0
b4544,0.0,0.0,0.0,0.0,0.0,0.0,0.0,0.0,0.0,0.0
b2258,0.0,0.0,0.0,0.0,0.0,0.0,0.0,0.0,0.0,0.0
b2260,0.0,0.0,0.0,0.0,0.0,0.0,0.0,0.0,0.0,0.0
b2261,0.0,0.0,0.0,0.0,0.0,0.0,0.0,0.0,0.0,0.0
b2262,0.0,0.0,0.0,0.0,0.0,0.0,0.0,0.0,0.0,0.0
b2263,0.0,0.0,0.0,0.0,0.0,0.0,0.0,0.0,0.0,0.0
b2264,0.0,0.0,0.0,0.0,0.0,0.0,0.0,0.0,0.0,0.0
b2265,0.0,0.0,0.0,0.0,0.0,0.0,0.0,0.0,0.0,0.0
b2268,0.0,0.0,0.0,0.0,0.0,0.0,0.0,0.0,0.0,0.0
b2276,1.6624532988591323e-06,1.4097864455002821e-06,1.3784051158216112e-06,1.3207225403976315e-06,1.5452003292807343e-06,1.4723913252577981e-06,1.4814415428172375e-06,1.1480255736373457e-06,1.096325548368884e-06,1.1171158706884314e-06
b2277,1.6624532988591323e-06,1.4097864455002821e-06,1.3784051158216112e-06,1.3207225403976315e-06,1.5452003292807343e-06,1.4723913252577981e-06,1.4814415428172375e-06,1.1480255736373457e-06,1.096325548368884e-06,1.1171158706884314e-06
b2278,1.6624532988591323e-06,1.4097864455002821e-06,1.3784051158216112e-06,1.3207225403976315e-06,1.5452003292807343e-06,1.4723913252577981e-06,1.4814415428172375e-06,1.1480255736373457e-06,1.096325548368884e-06,1.1171158706884314e-06
b2279,1.6624532988591323e-06,1.4097864455002821e-06,1.3784051158216112e-06,1.3207225403976315e-06,1.5452003292807343e-06,1.4723913252577981e-06,1.4814415428172375e-06,1.1480255736373457e-06,1.096325548368884e-06,1.1171158706884314e-06
b2280,1.6624532988591323e-06,1.4097864455002821e-06,1.3784051158216112e-06,1.3207225403976315e-06,1.5452003292807343e-06,1.4723913252577981e-06,1.4814415428172375e-06,1.1480255736373457e-06,1.096325548368884e-06,1.1171158706884314e-06
b2281,1.6624532988591323e-06,1.4097864455002821e-06,1.3784051158216112e-06,1.3207225403976315e-06,1.5452003292807343e-06,1.4723913252577981e-06,1.4814415428172375e-06,1.1480255736373457e-06,1.096325548368884e-06,1.1171158706884314e-06
b2282,1.6624532988591323e-06,1.4097864455002821e-06,1.3784051158216112e-06,1.3207225403976315e-06,1.5452003292807343e-06,1.4723913252577981e-06,1.4814415428172375e-06,1.1480255736373457e-06,1.096325548368884e-06,1.1171158706884314e-06
b2283,1.6624532988591323e-06,1.4097864455002821e-06,1.3784051158216112e-06,1.3207225403976315e-06,1.5452003292807343e-06,1.4723913252577981e-06,1.4814415428172375e-06,1.1480255736373457e-06,1.096325548368884e-06,1.1171158706884314e-06
b2284,1.6624532988591323e-06,1.4097864455002821e-06,1.3784051158216112e-06,1.3207225403976315e-06,1.5452003292807343e-06,1.4723913252577981e-06,1.4814415428172375e-06,1.1480255736373457e-06,1.096325548368884e-06,1.1171158706884314e-06
b2285,1.6624532988591323e-06,1.4097864455002821e-06,1.3784051158216112e-06,1.3207225403976315e-06,1.5452003292807343e-06,1.4723913252577981e-06,1.4814415428172375e-06,1.1480255736373457e-06,1.096325548368884e-06,1.1171158706884314e-06
b2286,1.6624532988591323e-06,1.4097864455002821e-06,1.3784051158216112e-06,1.3207225403976315e-06,1.5452003292807343e-06,1.4723913252577981e-06,1.4814415428172375e-06,1.1480255736373457e-06,1.096325548368884e-06,1.1171158706884314e-06
b2287,1.6624532988591323e-06,1.4097864455002821e-06,1.3784051158216112e-06,1.3207225403976315e-06,1.5452003292807343e-06,1.4723913252577981e-06,1.4814415428172375e-06,1.1480255736373457e-06,1.096325548368884e-06,1.1171158706884314e-06
b2288,1.6624532988591323e-06,1.4097864455002821e-06,1.3784051158216112e-06,1.3207225403976315e-06,1.5452003292807343e-06,1.4723913252577981e-06,1.4814415428172375e-06,1.1480255736373457e-06,1.096325548368884e-06,1.1171158706884314e-06
b2290,1.137381485408295e-05,1.0508350172487691e-05,1.0737281131737175e-05,1.022643745485755e-05,1.0325510592946513e-05,1.1400940442450896e-05,1.1460781977059794e-05,7.959116872960248e-06,1.0338423432106745e-05,5.583627242573775e-06
b2291,1.436588479077694e-06,1.3519220139535713e-06,1.366458990802461e-06,1.325584005594931e-06,1.3391526799001364e-06,1.4346353745053108e-06,1.4413952548073507e-06,1.102683053983184e-06,1.3470296091778466e-06,9.057774930388566e-07
b2296,0.0,0.0,0.0,0.0,0.0,0.0,0.0,0.0,0.0,0.0
b2297,0.0,0.0,0.0,0.0,0.0,0.0,0.0,0.0,0.0,0.0
b2303,0.0,0.0,0.0,0.0,0.0,0.0,0.0,0.0,0.0,0.0
b2306,0.0,0.0,0.0,0.0,0.0,0.0,0.0,0.0,0.0,0.0
b2307,0.0,0.0,0.0,0.0,0.0,0.0,0.0,0.0,0.0,0.0
b2308,0.0,0.0,0.0,0.0,0.0,0.0,0.0,0.0,0.0,0.0
b2309,0.0,0.0,0.0,0.0,0.0,0.0,0.0,0.0,0.0,0.0
b2310,0.0,0.0,0.0,0.0,0.0,0.0,0.0,0.0,0.0,0.0
b2311,2.3956154419036853e-08,2.2037091786657464e-08,2.2368401300828335e-08,2.143407393392795e-08,2.1748169349208346e-08,2.3908743267060115e-08,2.406033294061377e-08,1.616743134115288e-08,2.1928443444299507e-08,1.1315619378533946e-08
b2312,1.7249121003266293e-06,1.5539884160473927e-06,1.592669192697904e-06,1.510340513122614e-06,1.5181698027097214e-06,1.7301310074783965e-06,1.7414232563196879e-06,1.076519333720293e-06,1.5192189954228104e-06,6.991912795216483e-07
b2315,8.69621910409848e-07,7.99958855005607e-07,8.119855771418311e-07,7.78068967007341e-07,7.89470807649596e-07,8.679008588656161e-07,8.734036494724998e-07,5.868868718821138e-07,7.960148589287949e-07,4.1076336248741767e-07
b2316,1.5663301802796493e-06,1.4408892479532643e-06,1.4625544272892464e-06,1.4014559516186399e-06,1.4220033421023812e-06,1.5632848711171264e-06,1.5732011852315462e-06,1.0570580031476118e-06,1.4337493048715228e-06,7.398370107991027e-07
b2318,4.047224767790324e-09,3.643846187076014e-09,3.7195870978998255e-09,3.531084715625539e-09,3.5805833441212074e-09,4.039749950994763e-09,4.07372988523296e-09,2.4388351673396486e-09,3.5895972373888065e-09,1.5423697939363054e-09
b2320,2.9407046687557296e-06,2.5660176970894626e-06,2.624525061157828e-06,2.4574711128129915e-06,2.4879495586596603e-06,2.9336205135998437e-06,2.9619077136589886e-06,1.5488534295890458e-06,2.5856516481844677e-06,8.978988422943375e-07
b2323,3.009403340224563e-05,2.7329540759512095e-05,2.7803566262309007e-05,2.6470383216974096e-05,2.6917374406715e-05,3.002565809148651e-05,3.0245963939849087e-05,1.9175845595661328e-05,2.7174094577753975e-05,1.2824544381523236e-05
b2324,5.003601415532607e-10,4.488404303562532e-10,4.6257596126609527e-10,4.3804909653896757e-10,4.3941425404678417e-10,5.036509038525502e-10,5.074700863029239e-10,2.9655583972659937e-10,4.370615329971492e-10,1.8800864270662944e-10
b2328,0.0,0.0,0.0,0.0,0.0,0.0,0.0,0.0,0.0,0.0
b2329,2.927918758935532e-06,2.7220873965933116e-06,2.740833483542084e-06,2.6363749266927312e-06,2.7562406146893e-06,2.911259234484239e-06,2.9364831390357394e-06,2.060058279452261e-06,2.827423377965273e-06,1.4832218085735963e-06
b2341,7.069318785425815e-05,6.502990576387168e-05,6.600761995646467e-05,6.325036591801956e-05,6.417728252094378e-05,7.055327414941973e-05,7.100062687939244e-05,4.7550798601428534e-05,6.47092809875347e-05,3.328049761270766e-05
b2342,0.0,0.0,0.0,0.0,0.0,0.0,0.0,0.0,0.0,0.0
b2344,0.0,0.0,0.0,0.0,0.0,0.0,0.0,0.0,0.0,0.0
b2366,0.0,0.0,0.0,0.0,0.0,0.0,0.0,0.0,0.0,0.0
b2373,0.0,0.0,0.0,0.0,0.0,0.0,0.0,0.0,0.0,0.0
b2374,0.0,0.0,0.0,0.0,0.0,0.0,0.0,0.0,0.0,0.0
b2378,0.0,0.0,0.0,0.0,0.0,0.0,0.0,0.0,0.0,0.0
b2379,0.0,0.0,0.0,0.0,0.0,0.0,0.0,0.0,0.0,0.0
b2388,0.0,0.0,0.0,0.0,0.0,0.0,0.0,0.0,0.0,0.0
b2392,0.0,0.0,0.0,0.0,0.0,0.0,0.0,0.0,0.0,0.0
b2393,0.0,0.0,0.0,0.0,0.0,0.0,0.0,0.0,0.0,0.0
b2400,1.5317665309528852e-06,1.4098835131864983e-06,1.4493802039898553e-06,1.3904408562637972e-06,1.384681830320614e-06,1.5371983099008619e-06,1.5448879044152335e-06,1.0496606300369164e-06,1.370300079877561e-06,7.43283832228834e-07
b2406,0.0,0.0,0.0,0.0,0.0,0.0,0.0,0.0,0.0,0.0
b2407,0.0,0.0,0.0,0.0,0.0,0.0,0.0,0.0,0.0,0.0
b2411,0.0,0.0,0.0,0.0,0.0,0.0,0.0,0.0,0.0,0.0
b2414,0.0,0.0,0.0,0.0,0.0,0.0,0.0,0.0,0.0,0.0
b2415,0.0,0.0,3.8823277710730074e-05,3.720805776868631e-05,0.0,4.1486383191029006e-05,4.06944050130646e-05,0.0,0.0,0.0
b2416,0.0,0.0,7.764655542146015e-05,7.441611553737262e-05,0.0,8.297276638205801e-05,8.13888100261292e-05,0.0,0.0,0.0
b2417,0.0,0.0,0.0,0.0,0.0,0.0,4.06944050130646e-05,0.0,0.0,0.0
b2418,0.0,0.0,0.0,0.0,0.0,0.0,0.0,0.0,0.0,0.0
b2421,4.630228141387435e-06,4.254397535431693e-06,4.276380212587987e-06,4.192457092665024e-06,4.186961000577127e-06,4.570825155459337e-06,4.596605482295905e-06,3.2385881170283843e-06,4.355037407971132e-06,2.327856995466372e-06
b2422,0.0,0.0,0.0,0.0,0.0,0.0,0.0,0.0,0.0,0.0
b2423,0.0,0.0,0.0,0.0,0.0,0.0,0.0,0.0,0.0,0.0
b2424,0.0,0.0,0.0,0.0,0.0,0.0,0.0,0.0,0.0,0.0
b2425,0.0,0.0,0.0,0.0,0.0,0.0,0.0,0.0,0.0,0.0
b2428,0.0,0.0,0.0,0.0,0.0,0.0,0.0,0.0,0.0,0.0
b2429,0.0,0.0,0.0,0.0,0.0,0.0,0.0,0.0,0.0,0.0
b2435,0.0,0.0,0.0,0.0,0.0,0.0,0.0,0.0,0.0,0.0
b2436,5.664927469988464e-07,4.6307024336936e-07,4.574943178910175e-07,4.2913799088283195e-07,5.00596402736303e-07,5.054345874129304e-07,5.101445998359053e-07,3.3493777651979075e-07,7.86180690327888e-07,3.750953490250161e-07
b2440,0.0,0.0,0.0,0.0,0.0,0.0,0.0,0.0,0.0,0.0
b2441,0.0,0.0,0.0,0.0,0.0,0.0,0.0,0.0,0.0,0.0
b2458,8.077051841035981e-06,1.3888330404624333e-05,1.287958155652022e-05,1.2307828866489844e-05,7.301024862851707e-05,1.3805005679755729e-05,1.7599716228885477e-05,0.0,2.283224153430469e-05,7.119986228655422e-05
b2463,0.0,0.0,0.0,0.0,0.0,0.0,0.0,0.0,6.705411370385205e-06,0.0
b2464,0.0,0.0,0.0,0.0,0.0,0.0,0.0,0.0,0.0,0.0
b2465,9.36055079765116e-06,2.5520239486267416e-06,2.5889726035902714e-06,2.5010504907405315e-06,2.541932289795205e-06,2.7564526781004385e-06,1.650361219251111e-06,7.846324601333492e-06,1.292904675177044e-05,6.408957616419746e-06
b2467,0.0,0.0,0.0,0.0,0.0,0.0,0.0,0.0,0.0,0.0
b2470,0.0,0.0,0.0,0.0,0.0,0.0,0.0,0.0,0.0,0.0
b2472,2.425885257757749e-07,2.2506434106673503e-07,2.3007467830400886e-07,2.2074017691099059e-07,2.219196572580269e-07,2.4510886741785715e-07,2.4650446935226597e-07,1.639409338066246e-07,2.2061054851344728e-07,1.1794745728791161e-07
b2474,1.14161713676434e-10,1.013488299846567e-10,1.0305056688039591e-10,9.896473091184271e-11,9.998731158753171e-11,1.1282230293381656e-10,1.1354870180932974e-10,6.913913974453809e-11,1.0510230773208e-10,4.372356186925514e-11
b2476,3.006226245480423e-05,2.7083099245664666e-05,2.7757234770384406e-05,2.6322405048363065e-05,2.6458773390092975e-05,3.0152925075369387e-05,3.0349812304530257e-05,1.8761355690140077e-05,2.6477123415356464e-05,1.2185671920808075e-05
b2477,1.6209613499143163e-09,1.5431531349560215e-09,1.529424280111756e-09,1.2848887630382953e-09,3.212297271568169e-09,1.6905632625906114e-09,1.7872207785142934e-09,8.780029997813277e-10,2.9066251680809907e-09,1.0902763471862595e-09
b2478,9.438899002911982e-06,8.757048906960248e-06,8.95199657401054e-06,8.588799610718555e-06,8.634692118766877e-06,9.536963204985726e-06,9.591264807524543e-06,6.37879269720322e-06,8.583755887614141e-06,4.5892283381114764e-06
b2480,0.0,0.0,0.0,0.0,0.0,0.0,0.0,0.0,0.0,0.0
b2481,0.0,0.0,0.0,0.0,0.0,0.0,0.0,0.0,0.0,0.0
b2482,0.0,0.0,0.0,0.0,0.0,0.0,0.0,0.0,0.0,0.0
b2483,0.0,0.0,0.0,0.0,0.0,0.0,0.0,0.0,0.0,0.0
b2484,0.0,0.0,0.0,0.0,0.0,0.0,0.0,0.0,0.0,0.0
b2485,0.0,0.0,0.0,0.0,0.0,0.0,0.0,0.0,0.0,0.0
b2486,0.0,0.0,0.0,0.0,0.0,0.0,0.0,0.0,0.0,0.0
b2487,0.0,0.0,0.0,0.0,0.0,0.0,0.0,0.0,0.0,0.0
b2488,0.0,0.0,0.0,0.0,0.0,0.0,0.0,0.0,0.0,0.0
b2489,0.0,0.0,0.0,0.0,0.0,0.0,0.0,0.0,0.0,0.0
b2490,0.0,0.0,0.0,0.0,0.0,0.0,0.0,0.0,0.0,0.0
b2492,0.0,0.0,0.0,0.0,0.0,0.0,0.0,0.0,0.0,0.0
b2497,0.0,0.0,0.0,0.0,0.0,0.0,0.0,0.0,0.0,0.0
b2498,0.0,0.0,0.0,0.0,0.0,0.0,0.0,0.0,0.0,0.0
b2499,1.0521963811992408e-05,9.47932933788907e-06,9.715282075457185e-06,9.21307713004792e-06,9.260835796529272e-06,1.0553799145618187e-05,1.0622681863550065e-05,6.566767935693769e-06,9.267235872079118e-06,4.2650668050820426e-06
b2500,9.394610546421787e-07,8.46368690882952e-07,8.674358995943909e-07,8.225961723257064e-07,8.268603389758273e-07,9.423034951444801e-07,9.484537378169693e-07,5.863185656869432e-07,8.274317742927776e-07,3.808095361680392e-07
b2501,5.763643442776372e-09,5.2200247369340405e-09,5.266732737402353e-09,5.028709642967086e-09,5.156112097274214e-09,5.747521206817192e-09,5.784730193273567e-09,3.4644751967847532e-09,5.161461733645639e-09,2.172932249111253e-09
b2502,0.0,0.0,0.0,0.0,0.0,0.0,0.0,0.0,0.0,0.0
b2507,1.1054651988766691e-05,9.952830949481505e-06,1.0203242686688854e-05,9.673822079882011e-06,9.724788033620472e-06,1.1086354742294713e-05,1.1159365646138272e-05,6.885802258444922e-06,9.730537607957761e-06,4.464096271493183e-06
b2508,3.07070055380467e-05,2.7646752637448573e-05,2.8342340796357867e-05,2.68717279996722e-05,2.7013006120653104e-05,3.0795429839707474e-05,3.099823790593959e-05,1.91272284956803e-05,2.7028965965502044e-05,1.2400267420814371e-05
b2512,1.6209613499143163e-09,1.5431531349560215e-09,1.529424280111756e-09,1.2848887630382953e-09,3.212297271568169e-09,1.6905632625906114e-09,1.7872207785142934e-09,8.780029997813277e-10,2.9066251680809907e-09,1.0902763471862595e-09
b2514,1.0736100903394658e-06,1.0002886104643078e-06,9.897666860611159e-07,9.834276455281399e-07,9.498492925612368e-07,1.0512324522213443e-06,1.0592981275361058e-06,7.574891972331906e-07,9.842673429872812e-07,5.086376242684376e-07
b2515,2.751306217819752e-07,2.4666421785200366e-07,2.4903975801378735e-07,2.3749398112719267e-07,2.482897267337982e-07,2.68054489834657e-07,2.6996307354082677e-07,1.8017954477810813e-07,2.8085381051408863e-07,1.4086691202802894e-07
b2517,5.131379845922182e-10,4.6091220050268055e-10,4.700493063494467e-10,4.4473877269687107e-10,4.528250677836266e-10,5.119887753616294e-10,5.161873697670994e-10,3.0994802555389207e-10,4.5746097401821017e-10,1.9644249408787628e-10
b2518,0.0003297612388303789,0.0003042869697380904,0.00030888339583519283,0.00029648779883461424,0.0002999620326815977,0.000329277207020866,0.0003312507017725977,0.00022622304205525105,0.0003022508598502742,0.00015993385270731309
b2519,2.0795219785013288e-07,1.9129371063073882e-07,1.9416965392428114e-07,1.8605919403744452e-07,1.8878570977113439e-07,2.0754064376329103e-07,2.088565229831134e-07,1.4034192726325866e-07,1.903505850693108e-07,9.822561161702073e-08
b2521,0.0,0.0,0.0,0.0,0.0,0.0,0.0,0.0,0.0,0.0
b2523,0.0,0.0,0.0,0.0,0.0,0.0,0.0,0.0,0.0,0.0
b2526,0.0,0.0,0.0,0.0,0.0,0.0,0.0,0.0,0.0,0.0
b2527,0.0,0.0,0.0,0.0,0.0,0.0,0.0,0.0,0.0,0.0
b2528,9.080058661068238e-09,8.304703597712252e-09,8.445625227837678e-09,7.94453817472894e-09,8.30357457449011e-09,9.297588364330827e-09,9.404653684068746e-09,1.3973748272430534e-08,4.0140774896802356e-08,4.445332561256452e-08
b2529,0.0,0.0,0.0,0.0,0.0,0.0,0.0,0.0,0.0,0.0
b2530,3.984294242770477e-05,3.606962146275706e-05,3.6685835471696605e-05,3.470473029797194e-05,3.572042107236198e-05,3.986935146138268e-05,4.016889884528221e-05,2.467032739369015e-05,3.608360021813053e-05,1.5246909455421636e-05
b2532,2.3525184953597733e-10,2.134360392902758e-10,2.1600914732737926e-10,2.0055091006282139e-10,2.098234853195085e-10,2.3237655147391306e-10,2.343855268877373e-10,1.2127850035324953e-10,1.7747048300452944e-10,7.567951337714839e-11
b2533,0.0,0.0,0.0,0.0,0.0,0.0,0.0,0.0,0.0,0.0
b2536,0.0,0.0,0.0,0.0,0.0,0.0,0.0,0.0,0.0,0.0
b2538,0.0,0.0,0.0,0.0,0.0,0.0,0.0,0.0,0.0,0.0
b2539,0.0,0.0,0.0,0.0,0.0,0.0,0.0,0.0,0.0,0.0
b2540,0.0,0.0,0.0,0.0,0.0,0.0,0.0,0.0,0.0,0.0
b2541,0.0,0.0,0.0,0.0,0.0,0.0,0.0,0.0,0.0,0.0
b2542,0.0,0.0,0.0,0.0,0.0,0.0,0.0,0.0,0.0,0.0
b2551,7.221529920705395e-05,7.577080519990542e-05,7.704618265213689e-05,7.370028706899739e-05,6.475178704810864e-05,8.314795931702505e-05,8.370656029800754e-05,5.4584539282660186e-05,6.514009704003699e-05,3.708240951673528e-05
b2552,0.0,0.0,0.0,0.0,0.0,0.0,0.0,0.0,0.0,0.0
b2557,7.5156884371374135e-06,6.770949527063602e-06,6.939487196755114e-06,6.580769378605637e-06,6.6148827118066045e-06,7.538427961155827e-06,7.587629902535739e-06,4.6905485254955354e-06,6.619454194342208e-06,3.0464762893443073e-06
b2558,0.0,0.0,0.0,0.0,0.0,0.0,0.0,0.0,0.0,0.0
b2559,4.4036826454746197e-10,3.9053141993959246e-10,3.950022750283798e-10,3.7396872183639037e-10,3.842125457848368e-10,4.3429504970735525e-10,4.378219035032924e-10,2.5672754054072533e-10,3.812568234195134e-10,1.5761526928172797e-10
b2563,4.879377965146119e-09,4.30501975892288e-09,4.402470227790782e-09,4.12952612424011e-09,4.220642546827207e-09,4.864976662358479e-09,4.911324437838152e-09,2.705192576921612e-09,4.273173825461016e-09,1.5840006209199716e-09
b2564,6.83959857412241e-08,5.968137898598277e-08,6.104216467830108e-08,5.7156762791329874e-08,5.786564164261058e-08,6.823121986718766e-08,6.88891339217544e-08,3.602380008130561e-08,6.013803260829502e-08,2.0883659983649453e-08
b2566,1.0262759691844365e-09,9.218244010053611e-10,9.400986126988934e-10,8.894775453937421e-10,9.056501355672532e-10,1.0239775507232589e-09,1.0323747395341987e-09,6.198960511077841e-10,9.149219480364203e-10,3.9288498817575257e-10
b2567,2.14735778930238e-08,1.9265984607029904e-08,1.967917312539314e-08,1.8613573560521164e-08,1.8795084951820072e-08,2.1452311432126794e-08,2.161606521989902e-08,1.3002074805644783e-08,1.893848607825519e-08,8.141637532124877e-09
b2573,3.17243163394496e-10,2.7390218586412846e-10,2.8158919208348745e-10,2.6127928356731824e-10,2.674046715521225e-10,3.165092561640896e-10,3.199653431993812e-10,1.6066303035618647e-10,2.7072659026399155e-10,8.772366060082475e-11
b2574,1.62341814562108e-07,1.5678139403657799e-07,2.4564648308751124e-07,2.353805247079691e-07,2.388394170401677e-07,1.6201813432353477e-07,1.6304627253423284e-07,1.7752341348494964e-07,1.4860638336404715e-07,1.24236077759733e-07
b2575,1.5533398977406597e-10,1.386351647847297e-10,1.4049727914545216e-10,1.319900327029484e-10,1.3485387541378128e-10,1.533951292189694e-10,1.549384438060536e-10,9.037658854851394e-11,1.381320159136117e-10,5.833745595701208e-11
b2578,0.0,0.0,0.0,0.0,0.0,0.0,0.0,0.0,0.0,0.0
b2579,0.0,0.0,0.0,0.0,0.0,0.0,0.0,0.0,0.0,0.0
b2582,0.0,0.0,0.0,0.0,0.0,0.0,0.0,0.0,0.0,0.0
b2585,2.521187448935981e-06,2.319221952394008e-06,2.354089543169634e-06,2.2557593024547576e-06,2.2888152514573228e-06,2.516197816659761e-06,2.5321513781398986e-06,1.7014886557275598e-06,2.3077876114597676e-06,1.1908755076075997e-06
b2587,0.0,0.0,0.0,0.0,0.0,0.0,0.0,0.0,0.0,0.0
b2594,1.5394139537766537e-09,1.3827366015080407e-09,1.4101479190483392e-09,1.3342163180906123e-09,1.3584752033508788e-09,1.5359663260848872e-09,1.548562109301297e-09,9.298440766616756e-10,1.3723829220546293e-09,5.893274822636284e-10
b2595,1.6209613499143163e-09,1.5431531349560215e-09,1.529424280111756e-09,1.2848887630382953e-09,3.212297271568169e-09,1.6905632625906114e-09,1.7872207785142934e-09,8.780029997813277e-10,2.9066251680809907e-09,1.0902763471862595e-09
b2599,4.967040500346441e-06,4.599972398083846e-06,4.7029278223655335e-06,4.511240279844546e-06,4.667350734957054e-06,4.963732020014073e-06,5.019533534439765e-06,3.432275538751407e-06,4.8540804223605575e-06,2.5522091062228087e-06
b2600,7.215229851163946e-06,6.723748222262352e-06,6.7614962237147695e-06,6.525093183994169e-06,6.843544611422335e-06,7.194975313088869e-06,7.2564388349891555e-06,5.0268687705206696e-06,6.9309452706191405e-06,3.6427051181735613e-06
b2601,0.0,0.0,0.0,0.0,0.0,0.0,0.0,0.0,0.0,0.0
b2606,0.00011573978607592318,0.00010839222394457357,0.0001097192945098295,0.0001060497610148695,0.00010719540534965844,0.00011559502110622409,0.00011617525131999729,8.50991896569336e-05,0.00010784678697575907,6.446935677224193e-05
b2607,3.153753408985157e-10,2.8838603334327013e-10,2.9345853752195744e-10,2.765865038168873e-10,2.7809576149265035e-10,3.1473305843253564e-10,3.1929561468942416e-10,1.985649082825236e-10,2.810317491767798e-10,1.2658884653331774e-10
b2608,5.131379845922182e-10,4.6091220050268055e-10,4.700493063494467e-10,4.4473877269687107e-10,4.528250677836266e-10,5.119887753616294e-10,5.161873697670994e-10,3.0994802555389207e-10,4.5746097401821017e-10,1.9644249408787628e-10
b2609,0.00011573978607592318,0.00010839222394457357,0.0001097192945098295,0.0001060497610148695,0.00010719540534965844,0.00011559502110622409,0.00011617525131999729,8.50991896569336e-05,0.00010784678697575907,6.446935677224193e-05
b2610,2.984254966462782e-06,2.693827539634699e-06,2.7306990575370242e-06,2.585105179630648e-06,2.6673615101804388e-06,2.9743511745002818e-06,3.0200439364600206e-06,1.9385800914585238e-06,3.6400661824920216e-06,1.6548092057175363e-06
b2614,7.6321682106516e-09,8.22643844038012e-09,8.002158593152654e-09,7.520845002350495e-09,6.523652322208351e-09,8.841621303803261e-09,8.293103413682577e-09,5.684973328098502e-09,5.23708437949981e-09,4.5071427104106514e-09
b2615,1.2163747266443155e-07,1.1188468251080647e-07,1.1356704674415272e-07,1.088202056986185e-07,1.104194305092969e-07,1.2139314398757045e-07,1.221633808285752e-07,8.207026183887634e-08,1.1135068869261348e-07,5.743755805515787e-08
b2617,1.6209613499143163e-09,1.5431531349560215e-09,1.529424280111756e-09,1.2848887630382953e-09,3.212297271568169e-09,1.6905632625906114e-09,1.7872207785142934e-09,8.780029997813277e-10,2.9066251680809907e-09,1.0902763471862595e-09
b2661,0.0,0.0,0.0,0.0,0.0,0.0,0.0,0.0,0.0,0.0
b2662,0.0,0.0,0.0,0.0,0.0,0.0,0.0,0.0,0.0,0.0
b2663,0.0,0.0,0.0,0.0,0.0,0.0,0.0,0.0,0.0,0.0
b2675,0.0,0.0,0.0,0.0,0.0,0.0,0.0,0.0,0.0,0.0
b2676,0.0,0.0,0.0,0.0,0.0,0.0,0.0,0.0,0.0,0.0
b2677,0.0,0.0,0.0,0.0,0.0,0.0,0.0,0.0,0.0,0.0
b2678,0.0,0.0,0.0,0.0,0.0,0.0,0.0,0.0,0.0,0.0
b2679,0.0,0.0,0.0,0.0,0.0,0.0,0.0,0.0,0.0,0.0
b2682,0.0,0.0,0.0,0.0,0.0,0.0,0.0,0.0,0.0,0.0
b2683,0.0,0.0,0.0,0.0,0.0,0.0,0.0,0.0,0.0,0.0
b2687,0.0005458136721893945,0.0004902477747907683,0.0004999561263141525,0.00047287676724818735,0.00048165071920307245,0.0005445061729606479,0.000548982526400021,0.0003307228906621617,0.00048777591502929444,0.0002093684858861533
b2688,0.0,0.0,0.0,0.0,0.0,0.0,0.0,0.0,0.0,0.0
b2690,2.1939940060685687e-06,7.940420065237358e-05,2.0485816513336215e-06,1.963012464942992e-06,1.991778495016299e-06,2.1896519158716923e-06,2.2035350637818724e-06,1.4806736855823225e-06,2.0082886692772036e-06,1.0363266431330243e-06
b2697,1.0510560620308719e-05,9.7156507585801e-06,9.935193152714969e-06,9.455492202367868e-06,9.54166157994787e-06,1.0541190817081142e-05,1.0595162642227786e-05,7.387100714657479e-06,9.550064382268912e-06,5.1887370205083485e-06
b2701,0.0,0.0,0.0,0.0,0.0,0.0,0.0,0.0,0.0,0.0
b2702,0.0,0.0,0.0,0.0,0.0,0.0,0.0,0.0,0.0,0.0
b2703,0.0,0.0,0.0,0.0,0.0,0.0,0.0,0.0,0.0,0.0
b2704,0.0,0.0,0.0,0.0,0.0,0.0,0.0,0.0,0.0,0.0
b2705,0.0,0.0,0.0,0.0,0.0,0.0,0.0,0.0,0.0,0.0
b2708,1.1568475044177063e-06,1.0641755847825086e-06,1.0801745877090319e-06,1.035055731660544e-06,1.0502234622971198e-06,1.154558010374277e-06,1.1618783061312072e-06,7.807285039453036e-07,1.0589289345264874e-06,5.464335306085378e-07
b2710,0.0,0.0,0.0,0.0,0.0,0.0,0.0,0.0,0.0,0.0
b2711,0.0,0.0,0.0,0.0,0.0,0.0,0.0,0.0,0.0,0.0
b2715,0.0,0.0,0.0,0.0,0.0,0.0,0.0,0.0,0.0,0.0
b2719,0.0,0.0,0.0,0.0,0.0,0.0,0.0,0.0,0.0,0.0
b2720,0.0,0.0,0.0,0.0,0.0,0.0,0.0,0.0,0.0,0.0
b2721,0.0,0.0,0.0,0.0,0.0,0.0,0.0,0.0,0.0,0.0
b2722,0.0,0.0,0.0,0.0,0.0,0.0,0.0,0.0,0.0,0.0
b2723,0.0,0.0,0.0,0.0,0.0,0.0,0.0,0.0,0.0,0.0
b2724,0.0,0.0,0.0,0.0,0.0,0.0,0.0,0.0,0.0,0.0
b2738,0.0,0.0,0.0,0.0,0.0,0.0,0.0,0.0,0.0,0.0
b2741,3.840689792191909e-09,8.409479215474102e-09,3.766618895708568e-09,3.498163845592459e-09,2.275159018369733e-09,4.23099455137243e-09,3.9283120504917265e-09,1.9946198842701604e-09,1.8494877447886874e-09,1.2384739335597839e-09
b2744,0.0,0.0,0.0,0.0,0.0,0.0,0.0,0.0,0.0,0.0
b2745,2.5444434735623796e-10,2.2724667952786042e-10,2.348681372202495e-10,2.218974890537434e-10,2.2213139870661765e-10,2.551631207051637e-10,2.570285693944365e-10,1.5176892267194215e-10,2.2047542642666827e-10,9.543887295151805e-11
b2746,1.0625251419585355e-05,9.52590923510433e-06,9.617650064652106e-06,9.171764465077806e-06,9.588684655891633e-06,1.0351978744477618e-05,1.04256862133229e-05,6.9583420105484586e-06,1.0846274869489206e-05,5.440130027345714e-06
b2747,2.656312854896335e-07,2.3814773087760795e-07,2.404412516163023e-07,2.2929411162694488e-07,2.3971711639729053e-07,2.587994686119401e-07,2.6064215533307217e-07,1.7395855026371123e-07,2.7115687173722977e-07,1.3600325068364268e-07
b2750,2.9393616477694935e-06,2.7007768447163e-06,2.7147318888686476e-06,2.6614558099087896e-06,2.657966780469533e-06,2.901651441432291e-06,2.9180173097343368e-06,2.055920661668044e-06,2.7646650533630114e-06,1.4777702879917851e-06
b2751,2.8704444779317646e-06,2.637453606950589e-06,2.6510814568807935e-06,2.599054505119948e-06,2.595647280529243e-06,2.8336184365957376e-06,2.8496005857572107e-06,2.007716918681674e-06,2.6998438731684484e-06,1.4431220350297984e-06
b2752,2.8704444779317646e-06,2.637453606950589e-06,2.6510814568807935e-06,2.599054505119948e-06,2.595647280529243e-06,2.8336184365957376e-06,2.8496005857572107e-06,2.007716918681674e-06,2.6998438731684484e-06,1.4431220350297984e-06
b2762,2.3531650568071877e-06,2.162161196477161e-06,2.173333187610142e-06,2.1306819515952842e-06,2.127888738938087e-06,2.3229753930395344e-06,2.336077417910107e-06,1.6459086156602616e-06,2.2133081862473826e-06,1.1830587115161493e-06
b2763,3.988816402300989e-06,3.6650484928705523e-06,3.683985975113325e-06,3.6116884754958055e-06,3.606953740705352e-06,3.937642335412645e-06,3.959851390215627e-06,2.7899561332692794e-06,3.7517470230623078e-06,2.0053858864382046e-06
b2764,7.977632804601977e-06,7.330096985741105e-06,7.36797195022665e-06,7.223376950991611e-06,7.213907481410704e-06,7.87528467082529e-06,7.919702780431253e-06,5.579912266538559e-06,7.5034940461246155e-06,4.010771772876409e-06
b2765,1.164093091227304e-08,1.0542974756560268e-08,1.0637311717529548e-08,1.0156572333604079e-08,1.0413889286564115e-08,1.160836855188147e-08,1.1683520189028149e-08,6.9972608148757805e-09,1.0424694040193276e-08,4.388709058791027e-09
b2779,0.00020247121323379308,0.00022434612905404357,0.00022093504353878086,0.00021170765052819162,5.591476611673519e-05,0.0002358438248694231,0.0002161118878953934,0.0001341973707800231,3.807373846526079e-05,1.945020570307313e-05
b2780,7.100789350374683e-06,6.4047430321645566e-06,6.564486101084282e-06,6.22640794269516e-06,6.261146394154972e-06,7.122053537211761e-06,7.16818452758551e-06,4.472736957508862e-06,6.263258692914328e-06,2.940921748363247e-06
b2781,0.0,0.0,0.0,0.0,0.0,0.0,0.0,0.0,0.0,0.0
b2784,0.0,0.0,0.0,0.0,0.0,0.0,0.0,0.0,0.0,0.0
b2785,5.131379845922182e-10,4.6091220050268055e-10,4.700493063494467e-10,4.4473877269687107e-10,4.528250677836266e-10,5.119887753616294e-10,5.161873697670994e-10,3.0994802555389207e-10,4.5746097401821017e-10,1.9644249408787628e-10
b2787,0.0,0.0,0.0,0.0,0.0,0.0,0.0,0.0,0.0,0.0
b2788,0.0,0.0,0.0,0.0,0.0,0.0,0.0,0.0,0.0,0.0
b2789,0.0,0.0,0.0,0.0,0.0,0.0,0.0,0.0,0.0,0.0
b2791,4.999878097136915e-10,4.497747710063174e-10,4.577714511401696e-10,4.3305327276816556e-10,4.406706595389345e-10,5.014602328548261e-10,5.045981134543329e-10,3.3290666360515886e-10,5.000051972392111e-10,2.1223770682453254e-10
b2794,8.019063330086575e-09,7.262716607245324e-09,7.3277023089973185e-09,6.996536391596269e-09,7.173793773951829e-09,7.996632166107943e-09,8.048401714624336e-09,4.8201881820691595e-09,7.181236821614527e-09,3.0232406793743215e-09
b2796,0.0,0.0,0.0,0.0,0.0,0.0,0.0,0.0,0.0,0.0
b2797,0.0,0.0,0.0,0.0,0.0,0.0,0.0,0.0,0.0,0.0
b2799,0.0,0.0,0.0,0.0,0.0,0.0,0.0,0.0,0.0,0.0
b2800,0.0,0.0,0.0,0.0,0.0,0.0,0.0,0.0,0.0,0.0
b2801,0.0,0.0,0.0,0.0,0.0,0.0,0.0,0.0,0.0,0.0
b2802,0.0,0.0,0.0,0.0,0.0,0.0,0.0,0.0,0.0,0.0
b2803,0.0,0.0,0.0,0.0,0.0,0.0,0.0,0.0,0.0,0.0
b2806,5.131379845922182e-10,4.6091220050268055e-10,4.700493063494467e-10,4.4473877269687107e-10,4.528250677836266e-10,5.119887753616294e-10,5.161873697670994e-10,3.0994802555389207e-10,4.5746097401821017e-10,1.9644249408787628e-10
b2810,0.0,0.0,0.0,0.0,0.0,0.0,0.0,0.0,0.0,0.0
b2811,0.0,0.0,0.0,0.0,0.0,0.0,0.0,0.0,0.0,0.0
b2813,0.0,0.0,0.0,0.0,0.0,0.0,0.0,0.0,0.0,0.0
b2817,0.0,0.0,0.0,0.0,0.0,0.0,0.0,0.0,0.0,0.0
b2818,3.947986567849961e-07,3.614069723178518e-07,3.630259517292377e-07,3.5056589844138155e-07,3.572745900737191e-07,3.898428370970557e-07,3.9213758845450036e-07,2.660088911375556e-07,3.53728645525115e-07,1.8251112556582088e-07
b2827,7.87867242816014e-07,7.413510130030335e-07,7.493226285264837e-07,7.26908087319725e-07,7.344202234225126e-07,7.867083879115121e-07,7.904152911633061e-07,6.046762983769171e-07,7.387424038894804e-07,4.966995544779744e-07
b2828,1.6544816430100617e-08,1.5219453051255004e-08,1.5448265044129413e-08,1.4802986635856213e-08,1.501994281372147e-08,1.651207409980453e-08,1.661676819696297e-08,1.1165682480024899e-08,1.514444040306987e-08,7.814884460372308e-09
b2835,1.6544816430100617e-08,1.5219453051255004e-08,1.5448265044129413e-08,1.4802986635856213e-08,1.501994281372147e-08,1.651207409980453e-08,1.661676819696297e-08,1.1165682480024899e-08,1.514444040306987e-08,7.814884460372308e-09
b2836,5.518682104349848e-05,5.07657169553278e-05,5.1528979969783664e-05,4.937650086980536e-05,5.010010658881803e-05,5.507759573047255e-05,5.542682680070891e-05,3.792547576069605e-05,5.051541694509803e-05,2.6543716316460788e-05
b2838,2.3880005763729975e-06,2.2171298159138416e-06,2.267868015250059e-06,2.1760893434447615e-06,2.18598661798666e-06,2.4153792802792846e-06,2.428997958816086e-06,1.6139985279398593e-06,2.1704162021663815e-06,1.163932888912491e-06
b2841,0.0,0.0,0.0,0.0,0.0,0.0,0.0,0.0,0.0,0.0
b2866,7.155362067055626e-11,0.0,0.0,0.0,5.825246253819707e-11,0.0,0.0,0.0,6.047081440679259e-11,0.0
b2867,7.155362067055626e-11,0.0,0.0,0.0,5.825246253819707e-11,0.0,0.0,0.0,6.047081440679259e-11,0.0
b2868,7.155362067055626e-11,0.0,0.0,0.0,5.825246253819707e-11,0.0,0.0,0.0,6.047081440679259e-11,0.0
b2871,0.0,0.0,0.0,0.0,0.0,0.0,0.0,0.0,0.0,0.0
b2874,0.0,0.0,0.0,0.0,0.0,0.0,0.0,0.0,0.0,0.0
b2877,0.0,0.0,0.0,0.0,0.0,0.0,0.0,0.0,0.0,0.0
b2882,0.0,0.0,0.0,0.0,0.0,0.0,0.0,0.0,0.0,0.0
b2883,0.0,0.0,0.0,0.0,0.0,0.0,0.0,0.0,0.0,0.0
b2889,2.8166559346067187e-08,2.470909209140498e-08,2.4850633734899342e-08,2.355747524112192e-08,2.530460184518796e-08,2.692628125147629e-08,2.7150747344673934e-08,1.789297430532145e-08,3.098921463772764e-08,1.4998922414933624e-08
b2890,2.939061867775618e-06,2.728761831002304e-06,2.791208675430912e-06,2.6782512160549097e-06,2.690430432040555e-06,2.972759607403188e-06,2.9895208734342e-06,1.986449612965687e-06,2.671266223571239e-06,1.4325269276139996e-06
b2891,1.0389480217986839e-07,9.598449396883003e-08,9.727945588443924e-08,4.393650517277069e-09,9.480715907245508e-08,1.0397989001818946e-07,1.0451317315669459e-07,3.1058137350919856e-09,9.560410825936604e-08,2.4367452834452308e-09
b2893,0.0,0.0,0.0,0.0,0.0,0.0,0.0,0.0,0.0,0.0
b2895,0.0,0.0,0.0,0.0,0.0,0.0,0.0,0.0,0.0,0.0
b2901,0.0,0.0,0.0,0.0,0.0,0.0,0.0,0.0,0.0,0.0
b2903,0.0,1.5236920146530598e-06,1.5674015311260287e-06,1.5237824519709148e-06,0.0,1.6991866648131386e-06,1.7044741971073515e-06,1.0119561942027586e-06,0.0,5.771081580504578e-07
b2904,0.0,7.618460073265299e-07,7.837007655630144e-07,7.618912259854574e-07,0.0,8.495933324065693e-07,8.522370985536758e-07,5.059780971013793e-07,0.0,2.885540790252289e-07
b2905,0.0,7.618460073265299e-07,7.837007655630144e-07,7.618912259854574e-07,0.0,8.495933324065693e-07,8.522370985536758e-07,5.059780971013793e-07,0.0,2.885540790252289e-07
b2907,0.0,0.0,0.0,0.0,0.0,0.0,0.0,0.0,0.0,0.0
b2912,0.0,0.0,0.0,0.0,0.0,0.0,0.0,0.0,0.0,0.0
b2913,2.201993640906542e-05,2.086528364736104e-05,2.1189977953068173e-05,2.029226034392129e-05,1.8985337470511776e-05,2.2706945349461692e-05,2.2869533267253622e-05,1.5286707017810646e-05,1.923451309498054e-05,1.060029894539844e-05
b2914,0.0,0.0,0.0,0.0,0.0,0.0,0.0,0.0,0.0,0.0
b2917,0.0,0.0,0.0,0.0,0.0,0.0,0.0,0.0,0.0,0.0
b2919,0.0,0.0,0.0,0.0,0.0,0.0,0.0,0.0,0.0,0.0
b2920,0.0,0.0,0.0,0.0,0.0,0.0,0.0,0.0,0.0,0.0
b2923,0.0,0.0,0.0,0.0,0.0,0.0,0.0,0.0,0.0,0.0
b2925,0.0,0.0,0.0,0.0,0.0,0.0,0.0,0.0,0.0,0.0
b2926,0.0001261695544439409,0.0001381210995472663,0.00013632625512502818,0.00013062667837273427,0.00011414072150127867,0.00014556678549586325,0.00013436870367789864,8.395520880086269e-05,6.667436388489573e-05,3.2711680121748036e-05
b2927,0.0,0.0,0.0,0.0,0.0,0.0,0.0,0.0,0.0,0.0
b2930,4.037602310258515e-06,0.0,0.0,0.0,8.951997785442071e-06,0.0,0.0,0.0,3.0674724625524024e-06,1.4979259476348752e-06
b2935,0.0,6.503477321967144e-06,6.586352159865547e-06,6.356441344107007e-06,6.502280929756612e-06,7.008700529849003e-06,4.848584567777272e-06,1.6546920326325684e-05,6.03626791949773e-06,2.588192674324161e-06
b2937,0.0,0.0,0.0,0.0,0.0,0.0,0.0,0.0,0.0,0.0
b2938,0.0,0.0,0.0,0.0,0.0,0.0,0.0,0.0,0.0,0.0
b2942,0.00029726059101287274,0.0002671557931462522,0.000272393446186276,0.0002577115655107644,0.0002627645857050594,0.00029670446195238716,0.0002991008783286863,0.00018030598430498305,0.00026602552261793805,0.00011402629281213643
b2943,0.0,5.477828818148758e-05,0.0,0.0,0.0,0.0,0.0,0.0,0.0,0.0
b2946,1.0262759691844365e-09,9.218244010053611e-10,9.400986126988934e-10,8.894775453937421e-10,9.056501355672532e-10,1.0239775507232589e-09,1.0323747395341987e-09,6.198960511077841e-10,9.149219480364203e-10,3.9288498817575257e-10
b2947,0.0,0.0,0.0,0.0,0.0,0.0,0.0,0.0,0.0,0.0
b2954,0.0,0.0,0.0,0.0,0.0,0.0,0.0,0.0,0.0,0.0
b2957,0.0,0.0,0.0,0.0,0.0,0.0,0.0,0.0,0.0,0.0
b2960,2.931489111903694e-09,2.631161035563004e-09,2.67967408861331e-09,2.541104272140492e-09,2.5791088238144614e-09,2.9253763204482982e-09,2.9484821898212014e-09,1.7548857907329248e-09,2.6110533843415734e-09,1.1204483622184787e-09
b2963,0.0,0.0,0.0,0.0,0.0,0.0,0.0,0.0,0.0,0.0
b2964,0.0,0.0,0.0,0.0,0.0,0.0,0.0,0.0,0.0,0.0
b2965,0.0,0.0,0.0,0.0,0.0,0.0,0.0,0.0,0.0,0.0
b2975,0.0,0.0,0.0,0.0,0.0,0.0,0.0,0.0,0.0,0.0
b2976,0.0,0.0,0.0,0.0,0.0,0.0,0.0,0.0,0.0,0.0
b4467,0.0,0.0,0.0,0.0,0.0,0.0,0.0,0.0,0.0,0.0
b4468,0.0,0.0,0.0,0.0,0.0,0.0,0.0,0.0,0.0,0.0
b2979,0.0,0.0,0.0,0.0,0.0,0.0,0.0,0.0,0.0,0.0
b2987,0.0,0.0,0.0,0.0,0.0,0.0,0.0,0.0,0.0,0.0
b2988,0.0,0.0,0.0,0.0,0.0,0.0,0.0,0.0,0.0,0.0
b2994,0.0,0.0,0.0,0.0,0.0,0.0,0.0,0.0,0.0,0.0
b2995,0.0,0.0,0.0,0.0,0.0,0.0,0.0,0.0,0.0,0.0
b2996,0.0,0.0,0.0,0.0,0.0,0.0,0.0,0.0,0.0,0.0
b2997,0.0,0.0,0.0,0.0,0.0,0.0,0.0,0.0,0.0,0.0
b3001,0.0,0.0,0.0,0.0,0.0,0.0,0.0,0.0,0.0,0.0
b3005,0.0,0.0,0.0,0.0,0.0,0.0,0.0,0.0,0.0,0.0
b3006,0.0,0.0,0.0,0.0,0.0,0.0,0.0,0.0,0.0,0.0
b3008,0.0,0.0,0.0,0.0,0.0,0.0,0.0,0.0,0.0,0.0
b3012,0.0,0.0,0.0,0.0,0.0,0.0,0.0,0.0,0.0,0.0
b3018,3.338984971301261e-07,3.0715078358946296e-07,3.117685426848708e-07,2.987459654713068e-07,3.031239011947513e-07,3.3323768902451374e-07,3.3535053679110625e-07,2.2534000015172322e-07,3.056365277535627e-07,1.577159415328479e-07
b3028,0.0,0.0,0.0,0.0,0.0,0.0,0.0,0.0,0.0,0.0
b3029,0.0,0.0,0.0,0.0,0.0,0.0,0.0,0.0,0.0,0.0
b3034,0.0,0.0,0.0,0.0,0.0,0.0,0.0,0.0,0.0,0.0
b3035,0.0,0.0,0.0,0.0,0.0,0.0,0.0,0.0,0.0,0.0
b3040,4.760887159960326e-09,4.5048693759263254e-09,3.983851785266571e-09,3.747268352649419e-09,4.203968109555419e-09,4.400539560066367e-09,4.435439818295976e-09,3.4439139886287837e-09,6.903050126385381e-09,4.297404107766298e-09
b3041,4.679386893817952e-07,4.097878121573117e-07,4.1640823049046685e-07,3.9818463018544584e-07,4.0583486839014084e-07,4.4685775755379266e-07,4.4992581173330666e-07,2.9252279834225696e-07,4.741992062109957e-07,2.1583044757803027e-07
b3052,0.0,0.0,0.0,0.0,0.0,0.0,0.0,0.0,0.0,0.0
b3057,0.0,0.0,0.0,0.0,0.0,0.0,0.0,0.0,0.0,0.0
b3058,1.1765472905545047e-07,1.0822972744193547e-07,1.0985687220154227e-07,1.0526815435981712e-07,1.0681075632906338e-07,1.174218809053485e-07,1.1816637610510337e-07,7.940234148993335e-08,1.076961279727197e-07,5.5573866689474366e-08
b3059,1.0086593993663219e-05,9.27858424178632e-06,9.418080109984368e-06,9.024687168795716e-06,9.156935499375536e-06,1.006663182762243e-05,1.0130457763434856e-05,6.80719906035028e-06,9.232838763779864e-06,4.76437301141334e-06
b3061,0.0,0.0,0.0,0.0,0.0,0.0,0.0,0.0,0.0,0.0
b3062,0.0,0.0,0.0,0.0,0.0,0.0,0.0,0.0,0.0,0.0
b3063,0.0,0.0,0.0,0.0,0.0,0.0,0.0,0.0,0.0,0.0
b3065,0.00011573978607592318,0.00010839222394457357,0.0001097192945098295,0.0001060497610148695,0.00010719540534965844,0.00011559502110622409,0.00011617525131999729,8.50991896569336e-05,0.00010784678697575907,6.446935677224193e-05
b3067,5.714540961910824e-06,5.1712953941908695e-06,5.3055255888267155e-06,5.042213774664902e-06,5.060545218654598e-06,5.7356590990482995e-06,5.770198676120904e-06,3.666991497520527e-06,5.054469182210971e-06,2.415242842569065e-06
b3073,0.0,0.0,0.0,0.0,0.0,0.0,0.0,0.0,0.0,0.0
b3084,5.131379845922182e-10,4.6091220050268055e-10,4.700493063494467e-10,4.4473877269687107e-10,4.528250677836266e-10,5.119887753616294e-10,5.161873697670994e-10,3.0994802555389207e-10,4.5746097401821017e-10,1.9644249408787628e-10
b3089,0.0,0.0,0.0,0.0,0.0,0.0,0.0,0.0,0.0,0.0
b3091,0.0,0.0,0.0,0.0,0.0,0.0,0.0,0.0,0.0,0.0
b3092,0.0,0.0,0.0,0.0,0.0,0.0,0.0,0.0,0.0,0.0
b3093,0.0,0.0,0.0,0.0,0.0,0.0,0.0,0.0,0.0,0.0
b4471,0.0,0.0,0.0,0.0,0.0,0.0,0.0,0.0,0.0,0.0
b3114,0.0,0.0,0.0,0.0,0.0,0.0,0.0,0.0,0.0,0.0
b3115,0.0,0.0,0.0,0.0,0.0,0.0,0.0,0.0,0.0,0.0
b3116,0.0,0.0,0.0,0.0,0.0,0.0,0.0,0.0,0.0,0.0
b3117,5.27585728946078e-06,4.844384860067551e-06,4.950305779346957e-06,4.762438949951833e-06,4.759680779962862e-06,5.2988148688508735e-06,5.317372547829299e-06,3.4974344958762662e-06,4.8790419909506194e-06,2.611302100564397e-06
b3124,0.0,0.0,0.0,0.0,0.0,0.0,0.0,0.0,0.0,0.0
b3125,0.0,0.0,0.0,0.0,0.0,0.0,0.0,0.0,0.0,0.0
b3126,0.0,0.0,0.0,0.0,0.0,0.0,0.0,0.0,0.0,0.0
b3127,0.0,0.0,0.0,0.0,0.0,0.0,0.0,0.0,0.0,0.0
b3128,0.0,0.0,0.0,0.0,0.0,0.0,0.0,0.0,0.0,0.0
b3132,0.0,0.0,0.0,0.0,0.0,0.0,0.0,0.0,0.0,0.0
b3137,0.0,0.0,0.0,0.0,0.0,0.0,0.0,0.0,0.0,0.0
b3146,5.131379845922182e-10,4.6091220050268055e-10,4.700493063494467e-10,4.4473877269687107e-10,4.528250677836266e-10,5.119887753616294e-10,5.161873697670994e-10,3.0994802555389207e-10,4.5746097401821017e-10,1.9644249408787628e-10
b3161,0.0,0.0,0.0,0.0,0.0,0.0,0.0,0.0,0.0,0.0
b3164,3.665994667620226e-08,3.2911828692258854e-08,3.361804630713785e-08,3.1770493761278856e-08,3.2178805422032333e-08,3.660706432031898e-08,3.690127267284287e-08,2.2016840033173443e-08,3.211820136237024e-08,1.3813177746766732e-08
b3165,0.00011573978607592318,0.00010839222394457357,0.0001097192945098295,0.0001060497610148695,0.00010719540534965844,0.00011559502110622409,0.00011617525131999729,8.50991896569336e-05,0.00010784678697575907,6.446935677224193e-05
b3166,4.164331495582619e-09,3.7401927123258854e-09,3.814277145223573e-09,3.6088404278065575e-09,3.6747822294826744e-09,4.154697605511403e-09,4.188777341264592e-09,2.5150996583059137e-09,3.7137999569493124e-09,1.5945866367143099e-09
b3167,5.131379845922182e-10,4.6091220050268055e-10,4.700493063494467e-10,4.4473877269687107e-10,4.528250677836266e-10,5.119887753616294e-10,5.161873697670994e-10,3.0994802555389207e-10,4.5746097401821017e-10,1.9644249408787628e-10
b3168,2.13302398507683e-07,1.9669245849442768e-07,1.994150030983943e-07,1.9286738344777006e-07,1.9426752900872493e-07,2.134189407428409e-07,2.1454666416605453e-07,1.4173897090605997e-07,1.9599695084487869e-07,9.934666687715115e-08
b3169,2.5895144284460235e-09,2.3303814313796292e-09,2.380895780348914e-09,2.2477532770189916e-09,2.294785634220214e-09,2.588551014581407e-09,2.6105751483083424e-09,1.5333463257356497e-09,2.2604731489028735e-09,9.684988164882695e-10
b3172,3.214789062392104e-05,2.9428853460167867e-05,2.9560684640809287e-05,2.8546080301655297e-05,2.9092359477431348e-05,3.174434530647447e-05,3.193120363129496e-05,2.1660723992629478e-05,2.8803618278473587e-05,1.4861620224645384e-05
b3175,3.5519121362774853e-06,3.234575246515658e-06,3.266569787857922e-06,3.0352025887748147e-06,3.793716099939805e-06,3.5666822439658756e-06,3.6462924246276944e-06,2.246042697185646e-06,4.65871365982479e-06,2.03650888427621e-06
b3176,7.061446902022657e-06,6.495773520428729e-06,6.593432122119552e-06,6.3180246850548276e-06,6.410609164949845e-06,7.047471731951897e-06,7.092155131965524e-06,4.765600353073613e-06,6.463747741702582e-06,3.3354537630430176e-06
b3177,1.0000651969713278e-06,9.199526832564504e-07,9.337834137131082e-07,8.947793120584444e-07,9.078914287970377e-07,9.980859876954612e-07,1.0044141968933774e-06,6.749199026644326e-07,9.154170877681163e-07,4.723778668605315e-07
b3179,5.131379845922182e-10,4.6091220050268055e-10,4.700493063494467e-10,4.4473877269687107e-10,4.528250677836266e-10,5.119887753616294e-10,5.161873697670994e-10,3.0994802555389207e-10,4.5746097401821017e-10,1.9644249408787628e-10
b3181,2.5895144284460235e-09,2.3303814313796292e-09,2.380895780348914e-09,2.2477532770189916e-09,2.294785634220214e-09,2.588551014581407e-09,2.6105751483083424e-09,1.5333463257356497e-09,2.2604731489028735e-09,9.684988164882695e-10
b3182,0.0,0.0,0.0,0.0,0.0,0.0,0.0,0.0,0.0,0.0
b3185,0.00011573978607592318,0.00010839222394457357,0.0001097192945098295,0.0001060497610148695,0.00010719540534965844,0.00011559502110622409,0.00011617525131999729,8.50991896569336e-05,0.00010784678697575907,6.446935677224193e-05
b3186,0.00011573978607592318,0.00010839222394457357,0.0001097192945098295,0.0001060497610148695,0.00010719540534965844,0.00011559502110622409,0.00011617525131999729,8.50991896569336e-05,0.00010784678697575907,6.446935677224193e-05
b3187,2.2223671043807296e-07,2.0443392961254466e-07,2.075074252695797e-07,1.988398471240989e-07,2.0175365084378627e-07,2.2179688615454703e-07,2.2320315486519513e-07,1.4998220059209624e-07,2.0342601950402598e-07,1.049728593023404e-07
b3189,2.5175351445793613e-06,2.3158622242451664e-06,2.3506793042768376e-06,2.2524915091253414e-06,2.2854995718088608e-06,2.5125527405065456e-06,2.5284831909474295e-06,1.6990238035275874e-06,2.304444447606146e-06,1.1891503523413927e-06
b3196,0.0,0.0,0.0,0.0,0.0,0.0,0.0,0.0,0.0,0.0
b3197,0.0,0.0,0.0,0.0,0.0,0.0,0.0,0.0,0.0,0.0
b3198,1.1630055653866859e-06,1.0698403401696835e-06,1.085924508025109e-06,1.0405654779992074e-06,1.0558139485860914e-06,1.1607038840464403e-06,1.1680631467609081e-06,7.848844309012385e-07,1.0645657612609782e-06,5.493422726718886e-07
b3199,1.1703672521542989e-07,1.0766123021534315e-07,1.092798280876486e-07,1.0471521335907263e-07,1.0624971251810232e-07,1.1680510014451956e-07,1.1754568474164911e-07,7.898526559046587e-08,1.0713043357881974e-07,5.528195438561193e-08
b3200,1.1703672521542989e-07,1.0766123021534315e-07,1.092798280876486e-07,1.0471521335907263e-07,1.0624971251810232e-07,1.1680510014451956e-07,1.1754568474164911e-07,7.898526559046587e-08,1.0713043357881974e-07,5.528195438561193e-08
b3201,2.3407345043085977e-07,2.153224604306863e-07,2.185596561752972e-07,2.0943042671814526e-07,2.1249942503620463e-07,2.336102002890391e-07,2.3509136948329822e-07,1.5797053118093174e-07,2.1426086715763948e-07,1.1056390877122386e-07
b3202,3.1234805571715027e-10,2.68406989943732e-10,2.762016131964272e-10,2.4542496139231075e-10,2.6115732596421826e-10,3.1152725452389597e-10,3.1490173515558765e-10,1.5632189842752738e-10,2.641037166726909e-10,8.2967764164855e-11
b3212,0.0,0.0,0.0,0.0,0.0,0.0,0.0,0.0,0.0,0.0
b3213,0.0,0.0,0.0,0.0,0.0,0.0,0.0,0.0,0.0,0.0
b3222,0.0,0.0,0.0,0.0,0.0,0.0,0.0,0.0,0.0,0.0
b3223,0.0,0.0,0.0,0.0,0.0,0.0,0.0,0.0,0.0,0.0
b3224,0.0,0.0,0.0,0.0,0.0,0.0,0.0,0.0,0.0,0.0
b3225,0.0,0.0,0.0,0.0,0.0,0.0,0.0,0.0,0.0,0.0
b3230,0.00011573978607592318,0.00010839222394457357,0.0001097192945098295,0.0001060497610148695,0.00010719540534965844,0.00011559502110622409,0.00011617525131999729,8.50991896569336e-05,0.00010784678697575907,6.446935677224193e-05
b3231,0.0001157423162655642,0.0001083945012588719,0.00010972162105780337,0.00010605195665998759,0.00010719764754404525,0.00011559755042404233,0.00011617780222405033,8.510068852434227e-05,0.0001078489955831826,6.447030360022871e-05
b3236,0.0,0.0,0.0,0.0,0.0,0.0,0.0,0.00021552508846214434,0.0,0.0006881001051298768
b3247,2.14735778930238e-08,1.9265984607029904e-08,1.967917312539314e-08,1.8613573560521164e-08,1.8795084951820072e-08,2.1452311432126794e-08,2.161606521989902e-08,1.3002074805644783e-08,1.893848607825519e-08,8.141637532124877e-09
b3255,1.5663301802796493e-06,1.4408892479532643e-06,1.4625544272892464e-06,1.4014559516186399e-06,1.4220033421023812e-06,1.5632848711171264e-06,1.5732011852315462e-06,1.0570580031476118e-06,1.4337493048715228e-06,7.398370107991027e-07
b3256,1.5663301802796493e-06,1.4408892479532643e-06,1.4625544272892464e-06,1.4014559516186399e-06,1.4220033421023812e-06,1.5632848711171264e-06,1.5732011852315462e-06,1.0570580031476118e-06,1.4337493048715228e-06,7.398370107991027e-07
b3258,0.0,0.0,0.0,0.0,0.0,0.0,0.0,0.0,0.0,0.0
b3260,0.0,0.0,0.0,0.0,0.0,0.0,0.0,0.0,0.0,0.0
b3265,0.0,0.0,0.0,0.0,0.0,0.0,0.0,0.0,0.0,0.0
b3266,0.0,0.0,0.0,0.0,0.0,0.0,0.0,0.0,0.0,0.0
b3281,9.879535583638211e-06,9.185008707753173e-06,9.248262728206836e-06,8.895793238997418e-06,9.300250270534014e-06,9.82332215076179e-06,9.908433959897316e-06,6.9511556678629985e-06,9.540438848369538e-06,5.004764080803417e-06
b3282,1.073204016433336e-09,9.6282495825014e-10,9.823523891001833e-10,9.35995989852734e-10,9.47569717048375e-10,1.072535737553908e-09,1.0794717010820026e-09,6.331087086199582e-10,9.638040522855012e-10,4.0884209035401315e-10
b3287,1.0665119925384135e-07,9.834622924721372e-08,9.970750154919704e-08,9.643369172388491e-08,9.713376450436235e-08,1.0670947037142031e-07,1.0727333208302715e-07,7.08694854530299e-08,9.799847542243922e-08,4.967333343857551e-08
b3288,1.0665119925384135e-07,9.834622924721372e-08,9.970750154919704e-08,9.643369172388491e-08,9.713376450436235e-08,1.0670947037142031e-07,1.0727333208302715e-07,7.08694854530299e-08,9.799847542243922e-08,4.967333343857551e-08
b3289,5.131379845922182e-10,4.6091220050268055e-10,4.700493063494467e-10,4.4473877269687107e-10,4.528250677836266e-10,5.119887753616294e-10,5.161873697670994e-10,3.0994802555389207e-10,4.5746097401821017e-10,1.9644249408787628e-10
b3290,0.0,0.0,0.0,0.0,0.0,0.0,0.0,0.0,0.0,0.0
b3294,0.00011573978607592318,0.00010839222394457357,0.0001097192945098295,0.0001060497610148695,0.00010719540534965844,0.00011559502110622409,0.00011617525131999729,8.50991896569336e-05,0.00010784678697575907,6.446935677224193e-05
b3295,1.1438735484702488e-05,1.0361102634244222e-05,1.0620319965721138e-05,1.0093014696794218e-05,1.0127304648646624e-05,1.1481731206190547e-05,1.155022586209297e-05,7.3389779161332225e-06,1.0114396451574354e-05,4.83354362638916e-06
b3296,0.0001157423162655642,0.0001083945012588719,0.00010972162105780337,0.00010605195665998759,0.00010719764754404525,0.00011559755042404233,0.00011617780222405033,8.510068852434227e-05,0.0001078489955831826,6.447030360022871e-05
b3297,0.00011573978607592318,0.00010839222394457357,0.0001097192945098295,0.0001060497610148695,0.00010719540534965844,0.00011559502110622409,0.00011617525131999729,8.50991896569336e-05,0.00010784678697575907,6.446935677224193e-05
b3298,0.00011573978607592318,0.00010839222394457357,0.0001097192945098295,0.0001060497610148695,0.00010719540534965844,0.00011559502110622409,0.00011617525131999729,8.50991896569336e-05,0.00010784678697575907,6.446935677224193e-05
b3299,0.00011573978607592318,0.00010839222394457357,0.0001097192945098295,0.0001060497610148695,0.00010719540534965844,0.00011559502110622409,0.00011617525131999729,8.50991896569336e-05,0.00010784678697575907,6.446935677224193e-05
b3300,3.5519121362774853e-06,3.234575246515658e-06,3.266569787857922e-06,3.0352025887748147e-06,3.793716099939805e-06,3.5666822439658756e-06,3.6462924246276944e-06,2.246042697185646e-06,4.65871365982479e-06,2.03650888427621e-06
b3301,0.00011573978607592318,0.00010839222394457357,0.0001097192945098295,0.0001060497610148695,0.00010719540534965844,0.00011559502110622409,0.00011617525131999729,8.50991896569336e-05,0.00010784678697575907,6.446935677224193e-05
b3302,0.00011573978607592318,0.00010839222394457357,0.0001097192945098295,0.0001060497610148695,0.00010719540534965844,0.00011559502110622409,0.00011617525131999729,8.50991896569336e-05,0.00010784678697575907,6.446935677224193e-05
b3303,0.00011573978607592318,0.00010839222394457357,0.0001097192945098295,0.0001060497610148695,0.00010719540534965844,0.00011559502110622409,0.00011617525131999729,8.50991896569336e-05,0.00010784678697575907,6.446935677224193e-05
b3304,0.00011573978607592318,0.00010839222394457357,0.0001097192945098295,0.0001060497610148695,0.00010719540534965844,0.00011559502110622409,0.00011617525131999729,8.50991896569336e-05,0.00010784678697575907,6.446935677224193e-05
b3305,0.00011573978607592318,0.00010839222394457357,0.0001097192945098295,0.0001060497610148695,0.00010719540534965844,0.00011559502110622409,0.00011617525131999729,8.50991896569336e-05,0.00010784678697575907,6.446935677224193e-05
b3306,0.00011573978607592318,0.00010839222394457357,0.0001097192945098295,0.0001060497610148695,0.00010719540534965844,0.00011559502110622409,0.00011617525131999729,8.50991896569336e-05,0.00010784678697575907,6.446935677224193e-05
b3307,0.00011573978607592318,0.00010839222394457357,0.0001097192945098295,0.0001060497610148695,0.00010719540534965844,0.00011559502110622409,0.00011617525131999729,8.50991896569336e-05,0.00010784678697575907,6.446935677224193e-05
b3308,0.00011573978607592318,0.00010839222394457357,0.0001097192945098295,0.0001060497610148695,0.00010719540534965844,0.00011559502110622409,0.00011617525131999729,8.50991896569336e-05,0.00010784678697575907,6.446935677224193e-05
b3309,0.00011573978607592318,0.00010839222394457357,0.0001097192945098295,0.0001060497610148695,0.00010719540534965844,0.00011559502110622409,0.00011617525131999729,8.50991896569336e-05,0.00010784678697575907,6.446935677224193e-05
b3310,0.00011573978607592318,0.00010839222394457357,0.0001097192945098295,0.0001060497610148695,0.00010719540534965844,0.00011559502110622409,0.00011617525131999729,8.50991896569336e-05,0.00010784678697575907,6.446935677224193e-05
b3311,0.00011573978607592318,0.00010839222394457357,0.0001097192945098295,0.0001060497610148695,0.00010719540534965844,0.00011559502110622409,0.00011617525131999729,8.50991896569336e-05,0.00010784678697575907,6.446935677224193e-05
b3312,0.00011573978607592318,0.00010839222394457357,0.0001097192945098295,0.0001060497610148695,0.00010719540534965844,0.00011559502110622409,0.00011617525131999729,8.50991896569336e-05,0.00010784678697575907,6.446935677224193e-05
b3313,0.00011573978607592318,0.00010839222394457357,0.0001097192945098295,0.0001060497610148695,0.00010719540534965844,0.00011559502110622409,0.00011617525131999729,8.50991896569336e-05,0.00010784678697575907,6.446935677224193e-05
b3314,0.00011573978607592318,0.00010839222394457357,0.0001097192945098295,0.0001060497610148695,0.00010719540534965844,0.00011559502110622409,0.00011617525131999729,8.50991896569336e-05,0.00010784678697575907,6.446935677224193e-05
b3315,0.00011573978607592318,0.00010839222394457357,0.0001097192945098295,0.0001060497610148695,0.00010719540534965844,0.00011559502110622409,0.00011617525131999729,8.50991896569336e-05,0.00010784678697575907,6.446935677224193e-05
b3316,0.00011573978607592318,0.00010839222394457357,0.0001097192945098295,0.0001060497610148695,0.00010719540534965844,0.00011559502110622409,0.00011617525131999729,8.50991896569336e-05,0.00010784678697575907,6.446935677224193e-05
b3317,0.00011573978607592318,0.00010839222394457357,0.0001097192945098295,0.0001060497610148695,0.00010719540534965844,0.00011559502110622409,0.00011617525131999729,8.50991896569336e-05,0.00010784678697575907,6.446935677224193e-05
b3318,0.00011573978607592318,0.00010839222394457357,0.0001097192945098295,0.0001060497610148695,0.00010719540534965844,0.00011559502110622409,0.00011617525131999729,8.50991896569336e-05,0.00010784678697575907,6.446935677224193e-05
b3319,0.0001157423162655642,0.0001083945012588719,0.00010972162105780337,0.00010605195665998759,0.00010719764754404525,0.00011559755042404233,0.00011617780222405033,8.510068852434227e-05,0.0001078489955831826,6.447030360022871e-05
b3320,0.0001157423162655642,0.0001083945012588719,0.00010972162105780337,0.00010605195665998759,0.00010719764754404525,0.00011559755042404233,0.00011617780222405033,8.510068852434227e-05,0.0001078489955831826,6.447030360022871e-05
b3321,0.0001157423162655642,0.0001083945012588719,0.00010972162105780337,0.00010605195665998759,0.00010719764754404525,0.00011559755042404233,0.00011617780222405033,8.510068852434227e-05,0.0001078489955831826,6.447030360022871e-05
b3339,2.494118335050755e-05,2.308853219002348e-05,2.3420419182024987e-05,2.2500224307745617e-05,2.2790939137575395e-05,2.4903005254168857e-05,2.504974041596499e-05,1.731116202882398e-05,2.2956095588172247e-05,1.235591759464828e-05
b3340,2.494118335050755e-05,2.308853219002348e-05,2.342041918202499e-05,2.2500224307745617e-05,2.2790939137575395e-05,2.4903005254168857e-05,2.504974041596499e-05,1.731116202882398e-05,2.2956095588172247e-05,1.2355917594648282e-05
b3341,0.00011573978607592318,0.00010839222394457357,0.0001097192945098295,0.0001060497610148695,0.00010719540534965844,0.00011559502110622409,0.00011617525131999729,8.50991896569336e-05,0.00010784678697575907,6.446935677224193e-05
b3342,0.00011573978607592318,0.00010839222394457357,0.0001097192945098295,0.0001060497610148695,0.00010719540534965844,0.00011559502110622409,0.00011617525131999729,8.50991896569336e-05,0.00010784678697575907,6.446935677224193e-05
b3343,9.971012673690688e-10,8.943183939028456e-10,9.220440818652283e-10,8.71211374296127e-10,8.758630841402165e-10,1.0037815188755848e-09,1.011434502594727e-09,5.907557413711896e-10,8.707461716959426e-10,3.748165718481826e-10
b3344,9.971012673690688e-10,8.943183939028456e-10,9.220440818652283e-10,8.71211374296127e-10,8.758630841402165e-10,1.0037815188755848e-09,1.011434502594727e-09,5.907557413711896e-10,8.707461716959426e-10,3.748165718481826e-10
b3345,9.971012673690688e-10,8.943183939028456e-10,9.220440818652283e-10,8.71211374296127e-10,8.758630841402165e-10,1.0037815188755848e-09,1.011434502594727e-09,5.907557413711896e-10,8.707461716959426e-10,3.748165718481826e-10
b3350,0.0,0.0,0.0,0.0,0.0,0.0,0.0,0.0,0.0,0.0
b3359,1.3843718537604234e-05,1.2843671730208357e-05,1.3129594975215454e-05,1.2596906095720542e-05,1.2664215107524748e-05,1.398754603397906e-05,1.4067188384369323e-05,9.355562622564719e-06,1.2589508635167402e-05,6.7308682292301635e-06
b3360,6.771622092655825e-08,6.22916579139389e-08,6.322816165590999e-08,6.058712347891115e-08,6.147496858798444e-08,6.758220509140034e-08,6.801069956697387e-08,4.5700045731984654e-08,6.198454455067851e-08,3.198555863159507e-08
b3365,0.0,0.0,0.0,0.0,0.0,0.0,0.0,0.0,0.0,0.0
b3366,0.0,0.0,0.0,0.0,0.0,0.0,0.0,0.0,0.0,0.0
b3367,0.0,0.0,0.0,0.0,0.0,0.0,0.0,0.0,0.0,0.0
b3368,1.6904408528333247e-09,1.4897186209623297e-09,1.508630285290519e-09,1.4478048475983624e-09,1.4564624973207642e-09,1.6671014175528526e-09,1.6818105973312107e-09,9.713265691062661e-10,1.5211947922755662e-09,5.840963607079122e-10
b3370,0.0,0.0,0.0,0.0,0.0,0.0,0.0,0.0,0.0,0.0
b3371,0.0,0.0,0.0,0.0,0.0,0.0,0.0,0.0,0.0,0.0
b4474,0.0,0.0,0.0,0.0,0.0,0.0,0.0,0.0,0.0,0.0
b3374,0.0,0.0,0.0,0.0,0.0,0.0,0.0,0.0,0.0,0.0
b3380,0.0,0.0,0.0,0.0,0.0,0.0,0.0,0.0,0.0,0.0
b3384,6.205040435014504e-07,5.750774314083585e-07,5.693311686420223e-07,5.4306333216111e-07,5.69566037266675e-07,6.060027427072286e-07,6.09332844141106e-07,4.634648443486526e-07,6.012822610649111e-07,3.123518262642884e-07
b3385,0.0,0.0,0.0,0.0,0.0,0.0,0.0,0.0,0.0,0.0
b3386,0.0,0.0,0.0,0.0,0.0,0.0,0.0,0.0,0.0,0.0
b3389,1.5765716394268275e-06,1.465739367396401e-06,1.4758334142149706e-06,1.419586498988396e-06,1.4841295617557794e-06,1.5676011262607467e-06,1.5811832287115548e-06,1.1092621504742961e-06,1.5224587419813035e-06,7.986578969242455e-07
b3390,0.0,0.0,0.0,0.0,0.0,0.0,0.0,0.0,1.5224587419813035e-06,0.0
b3396,0.0,0.0,0.0,0.0,0.0,0.0,0.0,0.0,0.0,0.0
b3397,0.0,0.0,0.0,0.0,0.0,0.0,0.0,0.0,0.0,0.0
b3403,0.0,0.0,0.0,0.0,0.0,0.0,0.0,0.0,0.0,2.0749317730166773e-05
b3406,2.5895144284460235e-09,2.3303814313796292e-09,2.380895780348914e-09,2.2477532770189916e-09,2.294785634220214e-09,2.588551014581407e-09,2.6105751483083424e-09,1.5333463257356497e-09,2.2604731489028735e-09,9.684988164882695e-10
b3409,0.0,0.0,0.0,0.0,0.0,0.0,0.0,0.0,0.0,0.0
b3412,5.6427217035830274e-08,4.9785544253116196e-08,5.0912596548005294e-08,4.775588858347318e-08,4.880983014301715e-08,5.626174949682115e-08,5.679785191053786e-08,3.128316308610132e-08,4.941656673382721e-08,1.83173421589217e-08
b3415,0.0,0.0,0.0,0.0,0.0,0.0,0.0,0.0,0.0,0.0
b3416,0.0,0.0,0.0,0.0,0.0,0.0,0.0,0.0,0.0,0.0
b3417,0.0,0.0,0.0,0.0,0.0,0.0,0.0,0.0,0.0,0.0
b3425,0.0,0.0,0.0,0.0,0.0,0.0,0.0,0.0,0.0,0.0
b3426,0.0,0.0,0.0,0.0,0.0,0.0,0.0,0.0,0.0,0.0
b3428,0.0,0.0,0.0,0.0,0.0,0.0,0.0,0.0,0.0,0.0
b3429,4.239102021122246e-06,3.899519042098073e-06,3.958145097289248e-06,3.792813510251646e-06,3.848393487173245e-06,4.230712498052191e-06,4.257536673598158e-06,2.8608678035642643e-06,3.88029344354728e-06,2.0023274244582133e-06
b3430,5.391243494142344e-06,4.959365582909417e-06,5.033925557418589e-06,4.823658656893102e-06,4.894344662441001e-06,5.380573790642634e-06,5.414688483135844e-06,3.6384203203215034e-06,4.934914677365862e-06,2.546538074918823e-06
b3431,0.0,0.0,0.0,0.0,0.0,0.0,0.0,0.0,0.0,0.0
b3432,0.0,0.0,0.0,0.0,0.0,0.0,0.0,0.0,0.0,0.0
b3433,5.331497216647745e-05,4.911511817263786e-05,4.992750960930185e-05,4.827169634822339e-05,4.844506569402436e-05,5.3383781277829385e-05,5.360974500686759e-05,3.600897093351601e-05,4.9213437897141384e-05,2.631660978352799e-05
b4476,0.0,0.0,0.0,0.0,0.0,0.0,0.0,0.0,0.0,0.0
b3437,0.0,0.0,0.0,0.0,0.0,0.0,0.0,0.0,0.0,0.0
b3447,0.0,0.0,0.0,0.0,0.0,0.0,0.0,0.0,0.0,0.0
b3449,0.0,0.0,0.0,0.0,0.0,0.0,0.0,0.0,0.0,0.0
b3450,0.0,0.0,0.0,0.0,0.0,0.0,0.0,0.0,0.0,0.0
b3451,0.0,0.0,0.0,0.0,0.0,0.0,0.0,0.0,0.0,0.0
b3452,0.0,0.0,0.0,0.0,0.0,0.0,0.0,0.0,0.0,0.0
b3453,0.0,0.0,0.0,0.0,0.0,0.0,0.0,0.0,0.0,0.0
b3454,0.0,0.0,0.0,0.0,0.0,0.0,0.0,0.0,0.0,0.0
b3455,0.0,0.0,0.0,0.0,0.0,0.0,0.0,0.0,0.0,0.0
b3456,0.0,0.0,0.0,0.0,0.0,0.0,0.0,0.0,0.0,0.0
b3457,0.0,0.0,0.0,0.0,0.0,0.0,0.0,0.0,0.0,0.0
b3458,0.0,0.0,0.0,0.0,0.0,0.0,0.0,0.0,0.0,0.0
b3460,0.0,0.0,0.0,0.0,0.0,0.0,0.0,0.0,0.0,0.0
b3461,2.6716158465697886e-10,2.34659426116743e-10,2.404265635814458e-10,2.2529784259058837e-10,2.295932980341552e-10,2.6708320510945877e-10,2.6958418641388694e-10,1.4538085161692304e-10,2.317604292250665e-10,8.534826334878869e-11
b3464,2.8526356199102407e-09,2.5830488377334737e-09,2.842308991366035e-09,2.6640981710884235e-09,2.5242098986153645e-09,3.1422656146305296e-09,2.978157448085277e-09,1.6770709315597767e-09,4.409774910526216e-09,1.7989213971099303e-09
b3465,5.131379845922182e-10,4.6091220050268055e-10,4.700493063494467e-10,4.4473877269687107e-10,4.528250677836266e-10,5.119887753616294e-10,5.161873697670994e-10,3.0994802555389207e-10,4.5746097401821017e-10,1.9644249408787628e-10
b3469,0.0,0.0,0.0,0.0,0.0,0.0,0.0,0.0,0.0,0.0
b3470,4.985506336845344e-10,4.471591969514228e-10,4.6102204093261415e-10,4.356056871480635e-10,4.3793154207010824e-10,5.018907594377924e-10,5.057172512973635e-10,2.953778706855948e-10,4.353730858479713e-10,1.874082859240913e-10
b3475,0.0,0.0,0.0,0.0,0.0,0.0,0.0,0.0,0.0,0.0
b3476,0.0,0.0,0.0,0.0,0.0,0.0,0.0,0.0,0.0,0.0
b3477,0.0,0.0,0.0,0.0,0.0,0.0,0.0,0.0,0.0,0.0
b3478,0.0,0.0,0.0,0.0,0.0,0.0,0.0,0.0,0.0,0.0
b3479,0.0,0.0,0.0,0.0,0.0,0.0,0.0,0.0,0.0,0.0
b3480,0.0,0.0,0.0,0.0,0.0,0.0,0.0,0.0,0.0,0.0
b3493,4.467443928419059e-06,4.037516167203873e-06,4.132256563911158e-06,3.923811085831317e-06,3.9510391184547065e-06,4.4776797016689115e-06,4.50682286136449e-06,2.822230412649819e-06,3.958256362513485e-06,1.8528117965316539e-06
b3496,0.0,0.0,0.0,0.0,0.0,0.0,0.0,0.0,0.0,0.0
b3500,7.620531571705088e-09,6.863228853073247e-09,6.984185671218815e-09,6.562043888305911e-09,6.912592586183822e-09,7.547349496176652e-09,7.636913086669362e-09,4.795729449168181e-09,7.0965096823612335e-09,2.9820834296574545e-09
b3502,0.0,0.0,0.0,0.0,0.0,0.0,0.0,0.0,0.0,0.0
b3503,0.0,0.0,0.0,0.0,0.0,0.0,0.0,0.0,0.0,0.0
b3517,0.0,0.0,0.0,0.0,0.0,0.0,0.0,0.0,0.0,0.0
b3519,0.0,0.0,0.0,0.0,0.0,0.0,0.0,0.0,0.0,0.0
b3526,0.0,0.0,0.0,0.0,0.0,0.0,0.0,0.0,0.0,0.0
b3528,0.0,0.0,0.0,0.0,0.0,0.0,0.0,0.0,0.00011899285396888918,0.0
b3540,0.0,0.0,0.0,0.0,0.0,0.0,0.0,0.0,0.0,0.0
b3541,0.0,0.0,0.0,0.0,0.0,0.0,0.0,0.0,0.0,0.0
b3542,0.0,0.0,0.0,0.0,0.0,0.0,0.0,0.0,0.0,0.0
b3543,0.0,0.0,0.0,0.0,0.0,0.0,0.0,0.0,0.0,0.0
b3544,0.0,0.0,0.0,0.0,0.0,0.0,0.0,0.0,0.0,0.0
b3546,0.0,0.0,0.0,0.0,0.0,0.0,0.0,0.0,0.0,0.0
b3551,0.0,0.0,0.0,0.0,0.0,0.0,0.0,0.0,0.0,0.0
b3553,0.0,0.0,0.0,0.0,0.0,0.0,0.0,0.0,0.0,0.0
b3559,3.870973455284655e-06,3.5604072028350994e-06,3.585168685114866e-06,3.4384478892966114e-06,3.5243788759779997e-06,3.842891341677917e-06,3.873276096607861e-06,2.7008262637709043e-06,3.560652289920081e-06,1.966329606223617e-06
b3560,3.870973455284655e-06,3.5604072028350994e-06,3.585168685114866e-06,3.4384478892966114e-06,3.5243788759779997e-06,3.842891341677917e-06,3.873276096607861e-06,2.7008262637709043e-06,3.560652289920081e-06,1.966329606223617e-06
b3564,0.0,0.0,0.0,0.0,0.0,0.0,0.0,0.0005881557363036292,0.0,0.0
b3565,0.0,0.0,0.0,0.0,0.0,0.0,0.0,0.00033063923196934605,0.0,0.0
b3566,0.0,0.0,0.0,0.0,0.0,0.0,0.0,0.0,0.0,0.0
b3567,0.0,0.0,0.0,0.0,0.0,0.0,0.0,0.0,0.0,0.0
b3568,0.0,0.0,0.0,0.0,0.0,0.0,0.0,0.0,0.0,0.0
b3571,0.0,0.0,0.0,0.0,0.0,0.0,0.0,0.0,0.0,0.0
b3572,0.0,0.0,0.0,0.0,0.0,0.0,0.0,0.0,0.0,0.0
b3575,0.0,0.0,0.0,0.0,0.0,0.0,0.0,0.0,0.0,0.0
b3577,0.0,0.0,0.0,0.0,0.0,0.0,0.0,0.0,0.0,0.0
b3578,0.0,0.0,0.0,0.0,0.0,0.0,0.0,0.0,0.0,0.0
b3579,0.0,0.0,0.0,0.0,0.0,0.0,0.0,0.0,0.0,0.0
b3580,0.0,0.0,0.0,0.0,0.0,0.0,0.0,0.0,0.0,0.0
b3581,0.0,0.0,0.0,0.0,0.0,0.0,0.0,0.0,0.0,0.0
b3583,0.0,0.0,0.0,0.0,0.0,0.0,0.0,0.0,0.0,0.0
b3588,0.0,0.0,0.0,0.0,0.0,0.0,0.0,0.0,0.0,0.0
b3590,0.0,0.0,0.0,0.0,0.0,0.0,0.0,0.0,0.0,0.0
b3591,0.0,0.0,0.0,0.0,0.0,0.0,0.0,0.0,0.0,0.0
b3599,0.0,0.0,0.0,0.0,0.0,0.0,0.0,0.0,0.0,0.0
b3600,0.0,0.0,0.0,0.0,0.0,0.0,0.0,0.0,0.0,0.0
b3603,3.0771236829886996e-09,2.8306236407890773e-09,2.87317973450187e-09,2.7531671140259824e-09,2.793512088606269e-09,3.071033808293725e-09,3.0905052212103908e-09,2.076676623582869e-09,2.816667962363434e-09,1.4534703595708658e-09
b3605,0.0,0.0,0.0,0.0,0.0,0.0,0.0,0.0,0.0,0.0
b3607,1.7017356908139193e-06,1.5636076469410175e-06,1.571686883029219e-06,1.5408428373156165e-06,1.5388228729034152e-06,1.6799034660923809e-06,1.6893784424777757e-06,1.1902698567551845e-06,1.6005955572101663e-06,8.555512193636661e-07
b3608,0.00018259197259906307,1.1827781658939258e-06,1.2005602611109278e-06,1.1504128808182859e-06,1.1672711834638308e-06,1.2832337476446384e-06,1.2913698990252526e-06,8.677408006161055e-07,1.1769468635144708e-06,6.073336198142878e-07
b3609,2.2791384284647458e-06,2.1695069759597156e-06,2.15029719843394e-06,1.8067815547316514e-06,4.512953428011282e-06,2.376850840656963e-06,2.5125907823848563e-06,1.2345478140751674e-06,4.083820777353339e-06,1.531825609842329e-06
b3610,0.0,0.0,0.0,0.0,0.0,0.0,0.0,0.0,0.0,0.0
b3612,0.0,0.0,0.0,0.0,0.0,0.0,0.0,0.0,0.0,0.0
b3616,0.0,0.0,0.0,0.0,0.0,0.0,0.0,0.0,0.0,0.0
b3617,0.0,0.0,0.0,0.0,0.0,0.0,0.0,0.0,0.0,0.0
b3619,0.0,0.0,0.0,0.0,0.0,0.0,0.0,0.0,0.0,0.0
b3620,0.0,0.0,0.0,0.0,0.0,0.0,0.0,0.0,0.0,0.0
b3621,0.0,0.0,0.0,0.0,0.0,0.0,0.0,0.0,0.0,0.0
b3622,0.0,0.0,0.0,0.0,0.0,0.0,0.0,0.0,0.0,0.0
b3623,0.0,0.0,0.0,0.0,0.0,0.0,0.0,0.0,0.0,0.0
b3624,0.0,0.0,0.0,0.0,0.0,0.0,0.0,0.0,0.0,0.0
b3625,0.0,0.0,0.0,0.0,0.0,0.0,0.0,0.0,0.0,0.0
b3626,0.0,0.0,0.0,0.0,0.0,0.0,0.0,0.0,0.0,0.0
b3627,0.0,0.0,0.0,0.0,0.0,0.0,0.0,0.0,0.0,0.0
b3628,0.0,0.0,0.0,0.0,0.0,0.0,0.0,0.0,0.0,0.0
b3629,0.0,0.0,0.0,0.0,0.0,0.0,0.0,0.0,0.0,0.0
b3630,0.0,0.0,0.0,0.0,0.0,0.0,0.0,0.0,0.0,0.0
b3631,0.0,0.0,0.0,0.0,0.0,0.0,0.0,0.0,0.0,0.0
b3632,0.0,0.0,0.0,0.0,0.0,0.0,0.0,0.0,0.0,0.0
b3633,1.9711958735367563e-07,1.8132887121520066e-07,1.8405500136018802e-07,1.7636703016935723e-07,1.7895151670950708e-07,1.9672947187227808e-07,1.979768045357472e-07,1.3303125947478622e-07,1.8043487478999638e-07,9.31088597748964e-08
b3634,3.526552417967079e-07,3.2291778954148964e-07,3.280378629435183e-07,3.136139308110732e-07,3.184576769736737e-07,3.51918852196934e-07,3.5427578854167327e-07,2.3323437615855594e-07,3.2123963723428396e-07,1.607337019612503e-07
b3636,0.00011573978607592318,0.00010839222394457357,0.0001097192945098295,0.0001060497610148695,0.00010719540534965844,0.00011559502110622409,0.00011617525131999729,8.50991896569336e-05,0.00010784678697575907,6.446935677224193e-05
b3637,0.00011573978607592318,0.00010839222394457357,0.0001097192945098295,0.0001060497610148695,0.00010719540534965844,0.00011559502110622409,0.00011617525131999729,8.50991896569336e-05,0.00010784678697575907,6.446935677224193e-05
b3639,2.586138439842524e-06,2.368063789970924e-06,2.405610994919134e-06,2.2998354926145364e-06,2.33535629780694e-06,2.5807382494441814e-06,2.598022449305603e-06,1.7103854251627431e-06,2.355757339718082e-06,1.1787138143825018e-06
b3640,0.0,0.0,0.0,0.0,0.0,0.0,0.0,0.0,0.0,0.0
b3642,3.704816375540366e-05,3.331252692512729e-05,3.418388618459547e-05,3.2370174143648276e-05,3.253439195663227e-05,3.717651717004235e-05,3.7420478159771385e-05,2.2973454030198182e-05,3.253300609668355e-05,1.4765587293930747e-05
b3643,1.2219982225400753e-08,1.0970609564086285e-08,1.1206015435712618e-08,1.0590164587092952e-08,1.0726268474010777e-08,1.220235477343966e-08,1.230042422428096e-08,7.33894667772448e-09,1.0706067120790081e-08,4.6043925822555776e-09
b3648,1.4577048744667784e-06,1.3119980279053857e-06,1.3448297102053013e-06,1.2743353977707972e-06,1.282261183640268e-06,1.4615408852665813e-06,1.4712957195474978e-06,9.058401824267719e-07,1.2833814303229134e-06,5.849237588736265e-07
b3649,2.5895144284460235e-09,2.3303814313796292e-09,2.380895780348914e-09,2.2477532770189916e-09,2.294785634220214e-09,2.588551014581407e-09,2.6105751483083424e-09,1.5333463257356497e-09,2.2604731489028735e-09,9.684988164882695e-10
b3650,0.0,0.0,0.0,0.0,0.0,0.0,0.0,0.0,0.0,0.0
b3651,1.841070771610328e-09,1.6535697417160854e-09,1.6934813335838973e-09,1.5919337488260748e-09,1.6384469244082707e-09,1.83536971115436e-09,1.8507504726311084e-09,1.1408062690935048e-09,1.6585737169797057e-09,7.137895052583886e-10
b3653,0.0,0.0,0.0,0.0,0.0,0.0,0.0,0.0,0.0,0.0
b3654,0.0,0.0,0.0,0.0,0.0,0.0,0.0,0.0,0.0,0.0
b3665,0.0,0.0,0.0,0.0,0.0,0.0,0.0,0.0,0.0,0.0
b3666,0.0,0.0,0.0,0.0,0.0,0.0,0.0,0.0,0.0,0.0
b3670,1.0412057627922565e-05,9.607260325521898e-06,9.790449041037668e-06,9.41129935667241e-06,9.440958328547568e-06,1.0432565544094761e-05,1.0482709688922423e-05,7.1110449048224466e-06,9.61535420531109e-06,5.19290254695671e-06
b3671,1.0412057627922565e-05,9.607260325521898e-06,9.790449041037668e-06,9.41129935667241e-06,9.440958328547568e-06,1.0432565544094761e-05,1.0482709688922423e-05,7.1110449048224466e-06,9.61535420531109e-06,5.19290254695671e-06
b3679,0.0,0.0,0.0,0.0,0.0,0.0,0.0,0.0,0.0,0.0
b3691,0.0,0.0,0.0,0.0,0.0,0.0,0.0,0.0,0.0,0.0
b4478,0.0,0.0,0.0,0.0,0.0,0.0,0.0,0.0,0.0,0.0
b4477,0.0,0.0,0.0,0.0,0.0,0.0,0.0,0.0,0.0,0.0
b3693,0.0,0.0,0.0,0.0,0.0,0.0,0.0,0.0,0.0,0.0
b3703,0.00011573978607592318,0.00010839222394457357,0.0001097192945098295,0.0001060497610148695,0.00010719540534965844,0.00011559502110622409,0.00011617525131999729,8.50991896569336e-05,0.00010784678697575907,6.446935677224193e-05
b3704,1.2219982225400753e-08,1.0970609564086285e-08,1.1206015435712618e-08,1.0590164587092952e-08,1.0726268474010777e-08,1.220235477343966e-08,1.230042422428096e-08,7.33894667772448e-09,1.0706067120790081e-08,4.6043925822555776e-09
b3705,2.3661760342386435e-06,2.0659739051139216e-06,2.073606650375915e-06,1.9694342087932067e-06,2.1221331136958093e-06,2.247605493277213e-06,2.2647149365477826e-06,1.580648626498476e-06,2.670172022393504e-06,1.3208388261778989e-06
b3706,1.0007202831065215e-09,8.976808607125064e-10,9.251519225321905e-10,8.760981930779351e-10,8.788285080935683e-10,1.0073018077051003e-09,1.0149401726058478e-09,5.931116794531987e-10,8.741230659942984e-10,3.760172854132589e-10
b3708,0.0,3.7380033041543368e-06,3.700652596173151e-06,3.5299116590472207e-06,3.7021792422333933e-06,3.939017827596992e-06,3.960663486917195e-06,3.0125214882662466e-06,3.908334696921928e-06,2.030286870717878e-06
b3709,0.0,0.0,0.0,0.0,0.0,0.0,0.0,0.0,0.0,0.0
b3714,0.0,0.0,0.0,0.0,0.0,0.0,0.0,0.0,0.0,0.0
b3722,0.0,0.0,0.0,0.0,0.0,0.0,0.0,0.0,0.0,0.0
b3725,0.0,0.0,0.0,0.0,0.0,0.0,0.0,0.0,0.0,0.0
b3726,0.0,0.0,0.0,0.0,0.0,0.0,0.0,0.0,0.0,0.0
b3727,0.0,0.0,0.0,0.0,0.0,0.0,0.0,0.0,0.0,0.0
b3728,0.0,0.0,0.0,0.0,0.0,0.0,0.0,0.0,0.0,0.0
b3729,1.2838994367313925e-05,1.181049730987042e-05,1.1988058403853732e-05,0.0,1.165565302718154e-05,1.2813584967185269e-05,1.2894827512664592e-05,8.664727914679296e-06,1.1752268621277423e-05,6.064461387350942e-06
b3730,3.530723451011333e-06,3.2478867602143685e-06,3.2967160610597796e-06,3.1590123425274176e-06,3.2053045824749262e-06,3.5237358659759524e-06,3.5460775659827666e-06,2.382800176536809e-06,3.231873870851295e-06,1.6677268815215107e-06
b3731,3.452156538492339e-06,2.7561071649052486e-06,2.8607808630769956e-06,2.7413287117881027e-06,3.208175741168859e-06,3.0563324083834845e-06,3.0751325963892435e-06,2.319628765001659e-06,3.9140008056503345e-06,2.967173711556188e-06
b3732,1.0356469615477016e-05,8.268321494715747e-06,8.582342589230988e-06,8.22398613536431e-06,9.624527223506577e-06,9.168997225150454e-06,9.22539778916773e-06,6.9588862950049775e-06,1.1742002416951004e-05,8.901521134668564e-06
b3733,3.452156538492339e-06,2.7561071649052486e-06,2.8607808630769956e-06,2.7413287117881027e-06,3.208175741168859e-06,3.0563324083834845e-06,3.0751325963892435e-06,2.319628765001659e-06,3.9140008056503345e-06,2.967173711556188e-06
b3734,1.0356469615477016e-05,8.268321494715747e-06,8.582342589230988e-06,8.22398613536431e-06,9.624527223506577e-06,9.168997225150454e-06,9.22539778916773e-06,6.9588862950049775e-06,1.1742002416951004e-05,8.901521134668564e-06
b3735,3.452156538492339e-06,2.7561071649052486e-06,2.8607808630769956e-06,2.7413287117881027e-06,3.208175741168859e-06,3.0563324083834845e-06,3.0751325963892435e-06,2.319628765001659e-06,3.9140008056503345e-06,2.967173711556188e-06
b3736,6.904313076984678e-06,5.512214329810497e-06,5.721561726153991e-06,5.4826574235762055e-06,6.416351482337718e-06,6.112664816766969e-06,6.150265192778487e-06,4.639257530003318e-06,7.828001611300669e-06,5.934347423112376e-06
b3737,3.452156538492339e-05,2.7561071649052487e-05,2.8607808630769958e-05,2.7413287117881028e-05,3.208175741168859e-05,3.056332408383485e-05,3.075132596389244e-05,2.3196287650016592e-05,3.914000805650334e-05,2.9671737115561878e-05
b3738,3.452156538492339e-06,2.7561071649052486e-06,2.8607808630769956e-06,2.7413287117881027e-06,3.208175741168859e-06,3.0563324083834845e-06,3.0751325963892435e-06,2.319628765001659e-06,3.9140008056503345e-06,2.967173711556188e-06
b3739,0.0,0.0,0.0,0.0,0.0,0.0,0.0,0.0,0.0,0.0
b3740,5.131379845922182e-10,4.6091220050268055e-10,4.700493063494467e-10,4.4473877269687107e-10,4.528250677836266e-10,5.119887753616294e-10,5.161873697670994e-10,3.0994802555389207e-10,4.5746097401821017e-10,1.9644249408787628e-10
b3741,1.0007202831065215e-09,8.976808607125064e-10,9.251519225321905e-10,8.760981930779351e-10,8.788285080935683e-10,1.0073018077051003e-09,1.0149401726058478e-09,5.931116794531987e-10,8.741230659942984e-10,3.760172854132589e-10
b3744,3.474473169449336e-06,3.2408055819803248e-06,3.2875113901859537e-06,3.197240187214203e-06,3.2293468083744717e-06,3.4779987033424656e-06,3.4838804610731404e-06,2.3539611242949587e-06,3.232591676759801e-06,1.7073191136266633e-06
b3747,0.0,0.0,0.0,0.0,0.0,0.0,0.0,0.0,0.0,0.0
b3748,0.0,0.0,0.0,0.0,0.0,0.0,0.0,0.0,0.0,0.0
b3749,0.0,0.0,0.0,0.0,0.0,0.0,0.0,0.0,0.0,0.0
b3750,0.0,0.0,0.0,0.0,0.0,0.0,0.0,0.0,0.0,0.0
b3751,0.0,0.0,0.0,0.0,0.0,0.0,0.0,0.0,0.0,0.0
b3752,0.0,0.0,0.0,0.0,0.0,0.0,0.0,0.0,0.0,0.0
b3770,4.221027956550196e-05,3.898811741966468e-05,3.967431065851722e-05,3.817866878763801e-05,3.839648268592505e-05,4.227942645976609e-05,4.2515879060190995e-05,2.8776857327798662e-05,3.919718173311789e-05,2.1090169111384137e-05
b3771,1.3626488849752752e-06,1.2567722041052074e-06,1.2810513810322775e-06,1.2315301682129654e-06,1.234997706330965e-06,1.3656252869453255e-06,1.3720283061981038e-06,9.281760152109295e-07,1.2585426816541532e-06,6.791416358149723e-07
b3772,0.0,0.0,0.0,0.0,0.0,0.0,0.0,0.0,0.0,0.0
b3774,0.00025074326237497265,0.00023125291411341126,0.0002357248837895793,0.0002266138054528311,0.00022724600863234813,0.0002512950980222456,0.0002524710694614491,0.00017076032010053294,0.0002315887768518571,0.00012496338347907105
b3779,0.0,0.0,0.0,0.0,0.0,0.0,0.0,0.0,0.0,0.0
b3780,2.4439964450801507e-08,2.194121912817257e-08,2.2412030871425235e-08,2.1180329174185904e-08,2.1452536948021553e-08,2.440470954687932e-08,2.460084844856192e-08,1.467789335544896e-08,2.1412134241580162e-08,9.208785164511155e-09
b3781,8.860991093688848e-06,8.161733295095757e-06,8.125478563967313e-06,7.958718211878712e-06,7.956124093708614e-06,8.756653182736195e-06,8.805439544771438e-06,6.187108650515423e-06,8.3297029019363e-06,4.5039641186112665e-06
b3783,1.526904037274067e-08,1.3744057287267108e-08,1.4041042328143987e-08,1.3255371350609937e-08,1.3528133249492358e-08,1.5263407176166236e-08,1.5392351415326094e-08,9.044355544066119e-09,1.3327320187301883e-08,5.714693622509286e-09
b3784,0.0,0.0,0.0,0.0,0.0,0.0,0.0,0.0,0.0,0.0
b3785,0.0,0.0,0.0,0.0,0.0,0.0,0.0,0.0,0.0,0.0
b3786,0.0,0.0,0.0,0.0,0.0,0.0,0.0,0.0,0.0,0.0
b3787,0.0,0.0,0.0,0.0,0.0,0.0,0.0,0.0,0.0,0.0
b3788,0.0,0.0,0.0,0.0,0.0,0.0,0.0,0.0,0.0,0.0
b3789,0.0,0.0,0.0,0.0,0.0,0.0,0.0,0.0,0.0,0.0
b3790,0.0,0.0,0.0,0.0,0.0,0.0,0.0,0.0,0.0,0.0
b3791,0.0,0.0,0.0,0.0,0.0,0.0,0.0,0.0,0.0,0.0
b3792,0.0,0.0,0.0,0.0,0.0,0.0,0.0,0.0,0.0,0.0
b4481,0.0,0.0,0.0,0.0,0.0,0.0,0.0,0.0,0.0,0.0
b3793,0.0,0.0,0.0,0.0,0.0,0.0,0.0,0.0,0.0,0.0
b3794,0.0,0.0,0.0,0.0,0.0,0.0,0.0,0.0,0.0,0.0
b3803,3.905892798391396e-09,3.4421087395596917e-09,3.4858055854926697e-09,3.345263762545952e-09,3.3652679239722724e-09,3.851965249238922e-09,3.885951933404913e-09,2.2443242807339214e-09,3.514836839242826e-09,1.3495992865007993e-09
b3804,1.4191056169469328e-07,1.160208130079036e-07,1.1463004662125377e-07,1.075306245447997e-07,1.2539669930862028e-07,1.2664205409421657e-07,1.2782205776052263e-07,8.389956964669575e-08,1.9680377569665884e-07,9.387313363757437e-08
b3805,1.0916197053437953e-06,8.9246779236849e-07,8.817695893942605e-07,8.271586503446137e-07,9.645899946816953e-07,9.741696468785897e-07,9.83246598157867e-07,6.453813049745831e-07,1.5138751976666077e-06,7.221010279813417e-07
b3806,0.0,0.0,0.0,0.0,0.0,0.0,0.0,0.0,0.0,0.0
b3807,0.0,0.0,0.0,0.0,0.0,0.0,0.0,0.0,0.0,0.0
b3809,1.2360462980003804e-06,1.1467564044828912e-06,1.172285265644239e-06,1.124723758546479e-06,1.1307334917432831e-06,1.2488880387481328e-06,1.2559989628901204e-06,8.353180913004228e-07,1.1240632709970915e-06,6.009703776098371e-07
b3816,0.0,0.0,0.0,0.0,0.0,0.0,0.0,0.0,0.0,0.0
b3821,0.0,0.0,0.0,0.0,0.0,0.0,0.0,0.0,0.0,0.0
b3823,0.0,0.0,0.0,0.0,0.0,0.0,0.0,0.0,0.0,0.0
b3824,0.0,0.0,0.0,0.0,0.0,0.0,0.0,0.0,0.0,0.0
b3825,0.0,0.0,0.0,0.0,0.0,0.0,0.0,0.0,0.0,0.0
b3826,0.0,0.0,0.0,0.0,0.0,0.0,0.0,0.0,0.0,0.0
b3829,0.00016497473277994468,0.00015118570585774554,0.0001529940092242696,0.00014910003074109225,0.0001501088614464853,0.0001634649331851366,0.00016420895050567013,0.00011449030317496687,0.0001567278167867242,8.156970416210725e-05
b3831,2.162690697126365e-10,0.0,0.0,0.0,1.760666443367016e-10,0.0,0.0,0.0,1.8277155864320938e-10,0.0
b3833,0.0,0.0,0.0,0.0,0.0,0.0,0.0,0.0,0.0,0.0
b3835,0.0,0.0,0.0,0.0,0.0,0.0,0.0,0.0,0.0,0.0
b3836,0.0,0.0,0.0,0.0,0.0,0.0,0.0,0.0,0.0,0.0
b3838,0.0,0.0,0.0,0.0,0.0,0.0,0.0,0.0,0.0,0.0
b3839,0.0,0.0,0.0,0.0,0.0,0.0,0.0,0.0,0.0,0.0
b3843,0.0,0.0,0.0,0.0,0.0,0.0,0.0,0.0,0.0,0.0
b3844,2.216470234669306e-06,2.0389069915222053e-06,2.0695616699943153e-06,1.9831123437030785e-06,2.0121743387835947e-06,2.21208346148588e-06,2.22610949899301e-06,1.4958172943687827e-06,2.028854307365966e-06,1.0469125270379847e-06
b3845,3.613809854266875e-05,3.324305121204665e-05,3.3742854843896736e-05,3.2333357461379985e-05,3.280719354845346e-05,3.606657521352379e-05,3.629526014330487e-05,2.430070411694695e-05,3.3079149070963764e-05,1.7007909141423313e-05
b3846,9.729128191635359e-07,8.949728148334055e-07,9.084284516932667e-07,8.704821349138686e-07,8.832389362011142e-07,9.70987290358528e-07,9.771439185535917e-07,5.518831391670211e-07,8.905604445202957e-07,3.8626053982856373e-07
b3849,0.0,0.0,0.0,0.0,0.0,0.0,0.0,0.0,0.0,0.0
b3850,5.058750166224989e-08,4.1351926975745845e-08,4.085399978974287e-08,3.832179483696734e-08,4.470299309161431e-08,4.513504041555235e-08,4.5555642025261824e-08,2.990976568757322e-08,7.020551841040922e-08,3.349581560016662e-08
b3856,0.0,0.0,0.0,0.0,0.0,0.0,0.0,0.0,0.0,0.0
b3857,0.0,0.0,0.0,0.0,0.0,0.0,0.0,0.0,0.0,0.0
b3860,0.0,0.0,0.0,0.0,0.0,0.0,0.0,0.0,0.0,0.0
b3867,0.0,0.0,0.0,0.0,0.0,0.0,0.0,0.0,0.0,0.0
b3870,2.0570839156059173e-05,1.870520697402829e-05,1.907040464322853e-05,1.708890468927775e-05,1.8331240035488323e-05,2.0554128739072205e-05,2.0680307156536525e-05,1.3449802526579946e-05,1.8402371703836636e-05,8.87521946112885e-06
b3875,0.0,0.0,0.0,0.0,0.0,0.0,0.0,0.0,0.0,0.0
b3882,0.0,0.0,0.0,0.0,0.0,0.0,0.0,0.0,0.0,0.0
b3892,0.0,0.0,0.0,0.0,0.0,0.0,0.0,0.0,0.0,0.0
b3893,0.0,0.0,0.0,0.0,0.0,0.0,0.0,0.0,0.0,0.0
b3894,0.0,0.0,0.0,0.0,0.0,0.0,0.0,0.0,0.0,0.0
b3902,0.0,0.0,0.0,0.0,0.0,0.0,0.0,0.0,0.0,0.0
b3903,0.0,0.0,0.0,0.0,0.0,0.0,0.0,0.0,0.0,0.0
b3904,0.0,0.0,0.0,0.0,0.0,0.0,0.0,0.0,0.0,0.0
b3907,0.0,0.0,0.0,0.0,0.0,0.0,0.0,0.0,0.0,0.0
b3908,0.0,0.0,0.0,0.0,0.0,0.0,0.0,0.0,0.0,0.0
b3909,0.0,0.0,0.0,0.0,0.0,0.0,0.0,0.0,0.0,0.0
b3915,0.0,0.0,0.0,0.0,0.0,0.0,0.0,0.0,0.0,0.0
b3916,0.0,0.0,0.0,0.0,0.0,0.0,0.0,0.0,0.0,0.0
b3917,0.0,0.0,0.0,0.0,0.0,0.0,0.0,0.0,0.0,0.0
b3918,0.0,0.0,0.0,0.0,0.0,0.0,0.0,0.0,0.0,0.0
b3919,8.025051965869593e-05,3.719328737392702e-05,3.6628233333707217e-05,3.507605614483716e-05,1.898497382650227e-05,3.911957201962088e-05,2.996194049335183e-05,1.594059038457039e-05,7.087997191193174e-06,3.4856961760629418e-06
b3924,3.2051038678127075e-06,3.0085918271676536e-06,3.0407778201410363e-06,2.947397185134566e-06,2.9828378430979956e-06,3.1963857746480355e-06,3.211828470572149e-06,2.4415114698799286e-06,3.0188022935722165e-06,2.00131977498429e-06
b3925,0.0,0.0,0.0,0.0,0.0,0.0,0.0,0.0,0.0,0.0
b3926,0.00014426331119772164,0.0,0.0,0.0,0.0,0.0,0.0,0.0,0.0,0.0
b3927,0.0,0.0,0.0,0.0,0.0,0.0,0.0,0.0,0.0,0.0
b3930,0.0,0.0,0.0,0.0,0.0,0.0,0.0,0.0,0.0,0.0
b3936,0.00011573978607592318,0.00010839222394457357,0.0001097192945098295,0.0001060497610148695,0.00010719540534965844,0.00011559502110622409,0.00011617525131999729,8.50991896569336e-05,0.00010784678697575907,6.446935677224193e-05
b3939,4.950472614521463e-06,4.539682549152878e-06,4.592827448058108e-06,4.4802379227994e-06,4.508879489080119e-06,4.904061076851036e-06,4.925782707755764e-06,3.4499825312253216e-06,4.712229545879658e-06,2.465850283259477e-06
b3940,5.789497612553194e-06,5.316502685250796e-06,5.390691067722213e-06,5.230110077851896e-06,5.244765153773801e-06,5.773400515652814e-06,5.794014444183371e-06,3.909200813408716e-06,5.379513961389038e-06,2.876908320064901e-06
b3941,1.8941543393252907e-05,1.7358358820704115e-05,1.7565978836860584e-05,1.7118892418421704e-05,1.7234721129040906e-05,1.8768196032367535e-05,1.8853620243243607e-05,1.3145182957125826e-05,1.7994675260697965e-05,9.365410477871573e-06
b3942,0.0,0.0,0.0,0.0,0.0,0.0,0.0,0.0,0.0,0.0
b3945,0.0,0.0,0.0,0.0,0.0,0.0,0.0,0.0,0.0,0.0
b3946,0.0,0.0,0.0,0.0,0.0,0.0,0.0,0.0,0.0,0.0
b3951,0.0,0.0,0.0,0.0,0.0,0.0,0.0,0.0,0.0,0.0
b3952,0.0,0.0,0.0,0.0,0.0,0.0,0.0,0.0,0.0,0.0
b3956,2.0580711867433256e-05,1.8964393783803918e-05,1.928032607957923e-05,1.85161027691562e-05,1.8701776400281115e-05,2.0586092835825472e-05,2.068915631904644e-05,1.9055523804730207e-07,0.0,0.0
b3957,3.4620805287299573e-06,3.1692611418642305e-06,3.183458345933307e-06,3.0741932632551847e-06,3.1330233283387592e-06,3.418621802235711e-06,3.438745006447148e-06,2.332693353052405e-06,3.1019281222971545e-06,1.600482178038733e-06
b3958,3.750587239457463e-06,3.4333662370195926e-06,3.4487465414277587e-06,3.3303760351931255e-06,3.3941086057003315e-06,3.7035069524220295e-06,3.7253070903177536e-06,2.5270844658067783e-06,3.360422132488593e-06,1.7338556928752985e-06
b3959,1.0715963541306994e-05,9.809617820055935e-06,9.853561546936411e-06,9.515360100551746e-06,9.697453159143763e-06,1.058144843549147e-05,1.0643734543764966e-05,7.220241330876479e-06,9.601206092824508e-06,4.953873408215118e-06
b3960,8.183099431543553e-06,7.490980880770016e-06,7.524537908569651e-06,7.266274985875907e-06,7.405327866982538e-06,8.080378805284426e-06,8.127942742511459e-06,5.513638834487514e-06,7.331830107247836e-06,3.7829578753642866e-06
b3962,9.420298849481476e-05,0.0,0.0,0.0,0.0,0.0,0.0,0.0,0.0,6.563165815907756e-06
b3965,4.067068809936095e-09,3.652568979878379e-09,3.7237625528304834e-09,3.5260760992036925e-09,3.58706584952106e-09,4.057912366068717e-09,4.091131111402858e-09,2.4518722881045646e-09,3.6254284537689176e-09,1.557959043912653e-09
b3966,0.0,0.0,0.0,0.0,0.0,0.0,0.0,0.0,0.0,0.0
b3967,3.956126655767564e-07,3.639212066670972e-07,3.6939246210064555e-07,3.5396295143398187e-07,3.5914993271282063e-07,3.9482971636531385e-07,3.9733307286316707e-07,2.669894548400492e-07,3.6212698462382255e-07,1.868664839393615e-07
b3972,1.932061855142301e-07,1.777289613955593e-07,1.804009698631062e-07,1.7286562744450296e-07,1.7539880434812188e-07,1.9282381496910699e-07,1.9404638442154692e-07,1.30390198875373e-07,1.768527134209368e-07,9.12603758773627e-08
b3974,7.183717888451455e-07,6.577954972141454e-07,6.68225276366426e-07,6.388431923929266e-07,6.487100827241498e-07,7.168717359567172e-07,7.216729025848898e-07,4.7510706254520637e-07,6.543770388105783e-07,3.274205039951394e-07
b3980,0.0,0.0,0.0,0.0,0.0,0.0,0.0,0.0,0.0,0.0
b3981,3.5519121362774853e-06,3.234575246515658e-06,3.266569787857922e-06,3.0352025887748147e-06,3.793716099939805e-06,3.5666822439658756e-06,3.6462924246276944e-06,2.246042697185646e-06,4.65871365982479e-06,2.03650888427621e-06
b3982,2.5895144284460235e-09,2.3303814313796292e-09,2.380895780348914e-09,2.2477532770189916e-09,2.294785634220214e-09,2.588551014581407e-09,2.6105751483083424e-09,1.5333463257356497e-09,2.2604731489028735e-09,9.684988164882695e-10
b3983,0.00011573978607592318,0.00010839222394457357,0.0001097192945098295,0.0001060497610148695,0.00010719540534965844,0.00011559502110622409,0.00011617525131999729,8.50991896569336e-05,0.00010784678697575907,6.446935677224193e-05
b3984,0.00011573978607592318,0.00010839222394457357,0.0001097192945098295,0.0001060497610148695,0.00010719540534965844,0.00011559502110622409,0.00011617525131999729,8.50991896569336e-05,0.00010784678697575907,6.446935677224193e-05
b3985,0.00011573978607592318,0.00010839222394457357,0.0001097192945098295,0.0001060497610148695,0.00010719540534965844,0.00011559502110622409,0.00011617525131999729,8.50991896569336e-05,0.00010784678697575907,6.446935677224193e-05
b3986,0.00046295914430369273,0.00043356889577829427,0.000438877178039318,0.000424199044059478,0.00042878162139863376,0.00046238008442489636,0.00046470100527998916,0.0003403967586277344,0.00043138714790303626,0.0002578774270889677
b3987,5.719367742351244e-06,5.180551317122111e-06,5.310159982860569e-06,5.046507348397109e-06,5.063652324323312e-06,5.740865603095274e-06,5.775112931046485e-06,3.6694889580666113e-06,5.057198225787177e-06,2.41677181319458e-06
b3988,5.719367742351244e-06,5.180551317122111e-06,5.310159982860569e-06,5.046507348397109e-06,5.063652324323312e-06,5.740865603095274e-06,5.775112931046485e-06,3.6694889580666113e-06,5.057198225787177e-06,2.41677181319458e-06
b3990,3.924057721130243e-09,5.5819500381677345e-09,5.702988323243499e-09,5.371115869624269e-09,6.049955938353845e-09,6.2840774873656815e-09,5.64938608796922e-09,6.696556779878344e-09,5.538015867793431e-09,1.862905376917745e-09
b3991,2.8658801823212243e-07,4.0766984407366096e-07,4.1650970442109915e-07,3.9227186809254164e-07,4.418499945676364e-07,4.589487315192965e-07,4.125949408085897e-07,4.890735745781656e-07,4.0446117393803984e-07,1.3605466536589244e-07
b4407,3.924057721130243e-09,5.5819500381677345e-09,5.702988323243499e-09,5.371115869624269e-09,6.049955938353845e-09,6.2840774873656815e-09,5.64938608796922e-09,6.696556779878344e-09,5.538015867793431e-09,1.862905376917745e-09
b3992,3.924057721130243e-09,5.5819500381677345e-09,5.702988323243499e-09,5.371115869624269e-09,6.049955938353845e-09,6.2840774873656815e-09,5.64938608796922e-09,6.696556779878344e-09,5.538015867793431e-09,1.862905376917745e-09
b3993,8.59764054696368e-08,1.2230095322209836e-07,1.2495291132632983e-07,1.1768156042776257e-07,1.3255499837029102e-07,1.3768461945578904e-07,1.23778482242577e-07,1.4672207237344976e-07,1.2133835218141204e-07,4.081639960976776e-08
b3994,2.456468727703908e-07,3.494312949202809e-07,3.5700831807522794e-07,3.362330297936072e-07,3.787285667722599e-07,3.9338462701653995e-07,3.5365280640736277e-07,4.1920592106699923e-07,3.466810062326057e-07,1.1661828459933642e-07
b3996,0.0,0.0,0.0,0.0,0.0,0.0,0.0,0.0,0.0,0.0
b3997,1.7484344043174244e-07,1.429229146201726e-07,1.412019499663632e-07,1.32449997186059e-07,1.5450506257293277e-07,1.5599832944843507e-07,1.5745203698639025e-07,1.0337585695055253e-07,2.426483612123107e-07,1.1577016945216527e-07
b4005,5.260981905996204e-06,4.739664668944535e-06,4.857641037728593e-06,4.60653856502396e-06,4.630417898264636e-06,5.2768995728090935e-06,5.311340931775032e-06,3.2833839678468845e-06,4.633617936039559e-06,2.1325334025410213e-06
b4006,2.8022049305569478e-05,2.546004543998326e-05,2.5863547798666332e-05,2.481796322978705e-05,2.4695161774713112e-05,2.79400584921973e-05,2.8130306442155858e-05,1.805662876511379e-05,2.4931724120166846e-05,1.1836114902310495e-05
b4013,6.1880907681518294e-06,5.674603186441097e-06,5.7410343100726355e-06,5.60029740349925e-06,5.636099361350149e-06,6.130076346063796e-06,6.157228384694705e-06,4.3124781640316526e-06,5.890286932349574e-06,3.0823128540743466e-06
b4014,7.028566642774953e-10,6.304868463218535e-10,6.497811678227687e-10,6.153282430278798e-10,6.172458818893183e-10,7.07479203166042e-10,7.128440146576285e-10,1.3668442593371636e-05,6.139410109941495e-10,3.499601708863652e-05
b4015,0.0,0.0,0.0,0.0,0.0,0.0,0.0,2.4545986103727353e-05,0.0,6.284779274862872e-05
b4019,0.0,0.0,0.0,0.0,0.0,0.0,0.0,0.0,0.0,0.0
b4022,5.131379845922182e-10,4.6091220050268055e-10,4.700493063494467e-10,4.4473877269687107e-10,4.528250677836266e-10,5.119887753616294e-10,5.161873697670994e-10,3.0994802555389207e-10,4.5746097401821017e-10,1.9644249408787628e-10
b4024,4.900428395029144e-06,4.514400175749144e-06,4.589070871471834e-06,4.4368773319888185e-06,4.452812519244245e-06,4.906752962208e-06,4.927522345160464e-06,3.30975289806739e-06,4.523437201375718e-06,2.418882662855247e-06
b4025,3.955807140415218e-06,2.6185498306058266e-05,3.035770922798489e-05,2.9242999235038763e-05,2.977400386785779e-05,3.239993260881269e-05,2.26491254433962e-05,2.2186084785879327e-05,6.830223647631517e-07,3.52456439797836e-07
b4031,0.0,0.0,0.0,0.0,0.0,0.0,0.0,4.143888706259204e-05,0.0,0.0
b4032,0.0,0.0,0.0,0.0,0.0,0.0,0.0,0.0,0.0,0.0
b4033,0.0,0.0,0.0,0.0,0.0,0.0,0.0,0.0,0.0,0.0
b4034,0.0,0.0,0.0,0.0,0.0,0.0,0.0,0.0,0.0,0.0
b4035,0.0,0.0,0.0,0.0,0.0,0.0,0.0,0.0,0.0,0.0
b4036,0.0,0.0,0.0,0.0,0.0,0.0,0.0,0.0,0.0,0.0
b4039,2.89873970136616e-07,2.6665295166853566e-07,2.70661859047277e-07,2.5935632233578034e-07,2.631569358831987e-07,2.893002862885387e-07,2.9113454982416663e-07,1.9562895729403797e-07,2.6533828630959827e-07,1.3692112082913921e-07
b4040,2.3595146460100893e-08,2.1705003197327633e-08,2.2031320033233255e-08,2.1111072539496264e-08,2.142043468487039e-08,2.354844977184428e-08,2.369775506044665e-08,1.592379576894815e-08,2.1597992134293825e-08,1.114509832642825e-08
b4041,0.0,0.0,0.0,0.0,0.0,0.0,0.0,0.0,0.0,0.0
b4042,0.0,0.0,0.0,0.0,0.0,0.0,0.0,0.0,0.0,0.0
b4049,0.0,0.0,0.0,0.0,0.0,0.0,0.0,0.0,0.0,0.0
b4053,1.4109294406711798e-06,1.2979037054403048e-06,1.317416618044787e-06,1.262388170401414e-06,1.2808872358543728e-06,1.4081370980868897e-06,1.4170651726675334e-06,9.522022800594238e-07,1.291504717429477e-06,6.66448389058462e-07
b4054,0.0,0.0,0.0,0.0,0.0,0.0,0.0,0.0,0.0,0.0
b4055,0.0,0.0,0.0,0.0,0.0,0.0,0.0,0.0,0.0,0.0
b4067,0.0,0.0,0.0,0.0,0.0,0.0,0.0,0.0,0.0,0.0
b4069,0.0,0.0,0.0,0.0,0.0,0.0,0.0,0.0,0.0,0.0
b4070,0.0,0.0,0.0,0.0,0.0,0.0,0.0,0.0,0.0,0.0
b4071,0.0,0.0,0.0,0.0,0.0,0.0,0.0,0.0,0.0,0.0
b4072,0.0,0.0,0.0,0.0,0.0,0.0,0.0,0.0,0.0,0.0
b4073,0.0,0.0,0.0,0.0,0.0,0.0,0.0,0.0,0.0,0.0
b4077,0.0,0.0,0.0,0.0,0.0,0.0,0.0,0.0,0.0,0.0
b4079,0.0,0.0,0.0,0.0,0.0,0.0,0.0,0.0,0.0,0.0
b4084,0.0,0.0,0.0,0.0,0.0,0.0,0.0,0.0,0.0,0.0
b4085,0.0,0.0,0.0,0.0,0.0,0.0,0.0,0.0,0.0,0.0
b4086,0.0,0.0,0.0,0.0,0.0,0.0,0.0,0.0,0.0,0.0
b4087,0.0,0.0,0.0,0.0,0.0,0.0,0.0,0.0,0.0,0.0
b4088,0.0,0.0,0.0,0.0,0.0,0.0,0.0,0.0,0.0,0.0
b4090,5.446233436527341e-06,1.4205406896786208e-05,1.4414796910626482e-05,1.3853209926331094e-05,1.4077235270467981e-05,1.543129413893826e-05,1.2387364911480582e-05,2.7080683913546636e-05,3.8993967361489485e-06,1.8655830458097315e-06
b4094,5.1926582326706104e-11,0.0,0.0,0.0,4.227390959920712e-11,0.0,0.0,0.0,4.388377126455298e-11,0.0
b4111,0.0,0.0,0.0,0.0,0.0,0.0,0.0,0.0,0.0,0.0
b4115,0.0,0.0,0.0,0.0,0.0,0.0,0.0,0.0,0.0,0.0
b4117,0.0,0.0,0.0,0.0,0.0,0.0,0.0,0.0,0.0,0.0
b4119,0.0,0.0,0.0,0.0,0.0,0.0,0.0,0.0,0.0,0.0
b4120,0.0,0.0,0.0,0.0,0.0,0.0,0.0,0.0,0.0,0.0
b4122,0.0,0.0,0.0,0.0,0.0,0.0,0.0,0.0,0.0,0.0
b4123,0.0,0.0,0.0,0.0,0.0,0.0,0.0,0.0,0.0,0.0
b4129,0.0,0.0,0.0,0.0,0.0,0.0,0.0,0.0,0.0,0.0
b4130,0.0,0.0,0.0,0.0,0.0,0.0,0.0,0.0,0.0,0.0
b4131,0.0,0.0,0.0,0.0,0.0,0.0,0.0,0.0,0.0,0.0
b4132,0.0,0.0,0.0,0.0,0.0,0.0,0.0,0.0,0.0,0.0
b4136,0.0,0.0,0.0,0.0,0.0,0.0,0.0,0.0,0.0,0.0
b4138,0.0,0.0,0.0,0.0,0.0,0.0,0.0,0.0,0.0,0.0
b4139,0.0,0.0,0.0,0.0,0.0,0.0,0.0,0.0,0.0,0.0
b4142,6.853525982421737e-08,5.9321223702619276e-08,6.010965145923288e-08,5.622233793632948e-08,4.9600346533954315e-08,6.68496800840966e-08,6.586868296698006e-08,3.419648860532308e-08,4.3919620176465316e-08,1.6506369354057096e-08
b4143,6.853525982421737e-08,5.9321223702619276e-08,6.010965145923288e-08,5.622233793632948e-08,4.9600346533954315e-08,6.68496800840966e-08,6.586868296698006e-08,3.419648860532308e-08,4.3919620176465316e-08,1.6506369354057096e-08
b4151,0.0,0.0,0.0,0.0,0.0,0.0,0.0,0.0,0.0,0.0
b4152,0.0,0.0,0.0,0.0,0.0,0.0,0.0,0.0,0.0,0.0
b4153,0.0,0.0,0.0,0.0,0.0,0.0,0.0,0.0,0.0,0.0
b4154,0.0,0.0,0.0,0.0,0.0,0.0,0.0,0.0,0.0,0.0
b4160,5.694014588158057e-06,5.237882504801894e-06,5.3166297517049865e-06,5.094554306531763e-06,5.169210023196326e-06,5.682745676367174e-06,5.718776242773221e-06,3.842753235736966e-06,5.212058441576046e-06,2.6895511144399586e-06
b4161,0.0,0.0,0.0,0.0,0.0,0.0,0.0,0.0,0.0,0.0
b4162,2.4439964450801507e-08,2.194121912817257e-08,2.2412030871425235e-08,2.1180329174185904e-08,2.1452536948021553e-08,2.440470954687932e-08,2.460084844856192e-08,1.467789335544896e-08,2.1412134241580162e-08,9.208785164511155e-09
b4166,5.997661973565449e-10,5.431970970553151e-10,5.48057543421427e-10,5.2328879989143e-10,5.365463315746997e-10,5.980885133967153e-10,6.019604899573751e-10,3.6051416699204016e-10,5.37103016091288e-10,2.2611588053668338e-10
b4169,0.0,0.0,0.0,0.0,0.0,0.0,0.0,0.0,0.0,0.0
b4171,9.104918457858145e-10,8.20000261258423e-10,8.344536423902958e-10,7.84012403269139e-10,8.258965581483471e-10,9.017478747562125e-10,9.124496789551841e-10,5.729574923607722e-10,8.478714347627916e-10,3.562625491030241e-10
b4177,2.5708374714958537e-05,2.3495779531063256e-05,2.372773501814768e-05,2.2945668408947014e-05,2.268254480496662e-05,2.5535914772579668e-05,2.5713546660632694e-05,1.6925494707074037e-05,2.303226723119104e-05,1.1169725198208045e-05
b4180,1.0262759691844365e-09,9.218244010053611e-10,9.400986126988934e-10,8.894775453937421e-10,9.056501355672532e-10,1.0239775507232589e-09,1.0323747395341987e-09,6.198960511077841e-10,9.149219480364203e-10,3.9288498817575257e-10
b4192,0.0,0.0,0.0,0.0,0.0,0.0,0.0,0.0,0.0,0.0
b4193,0.0,0.0,0.0,0.0,0.0,0.0,0.0,0.0,0.0,0.0
b4194,0.0,0.0,0.0,0.0,0.0,0.0,0.0,0.0,0.0,0.0
b4195,0.0,0.0,0.0,0.0,0.0,0.0,0.0,0.0,0.0,0.0
b4196,0.0,0.0,0.0,0.0,0.0,0.0,0.0,0.0,0.0,0.0
b4197,0.0,0.0,0.0,0.0,0.0,0.0,0.0,0.0,0.0,0.0
b4198,0.0,0.0,0.0,0.0,0.0,0.0,0.0,0.0,0.0,0.0
b4200,0.00011573978607592318,0.00010839222394457357,0.0001097192945098295,0.0001060497610148695,0.00010719540534965844,0.00011559502110622409,0.00011617525131999729,8.50991896569336e-05,0.00010784678697575907,6.446935677224193e-05
b4202,0.00011573978607592318,0.00010839222394457357,0.0001097192945098295,0.0001060497610148695,0.00010719540534965844,0.00011559502110622409,0.00011617525131999729,8.50991896569336e-05,0.00010784678697575907,6.446935677224193e-05
b4203,0.00011573978607592318,0.00010839222394457357,0.0001097192945098295,0.0001060497610148695,0.00010719540534965844,0.00011559502110622409,0.00011617525131999729,8.50991896569336e-05,0.00010784678697575907,6.446935677224193e-05
b4208,6.390666136239908e-08,5.8787271846223375e-08,5.967109003164272e-08,5.7178630616258596e-08,5.8016527592071e-08,6.378018495131991e-08,6.418457330866542e-08,4.312906578185408e-08,5.84974359776944e-08,3.0186124328666084e-08
b4213,0.0,0.0,0.0,0.0,0.0,0.0,0.0,0.0,0.0,0.0
b4214,2.940350368079858e-06,2.701649181416299e-06,2.7156239721958836e-06,2.662292585903676e-06,2.6588220196083414e-06,2.9026372435713915e-06,2.919012503436723e-06,2.056468821466967e-06,2.7655309370434985e-06,1.4780912579180167e-06
b4219,2.2831083339389718e-08,2.204908872658551e-08,0.0,0.0,0.0,2.278556228542028e-08,2.2930155403565318e-08,0.0,2.0899388937480673e-08,0.0
b4226,0.00010139125533366469,9.325150089961633e-05,9.46747214295133e-05,9.083727963628715e-05,9.178685879553213e-05,0.00010120214712438484,0.0001018107192538904,6.865461573690538e-05,9.245041004193462e-05,4.789424423788624e-05
b4227,0.0,0.0,0.0,0.0,0.0,0.0,0.0,0.0,0.0,0.0
b4485,0.0,0.0,0.0,0.0,0.0,0.0,0.0,0.0,0.0,0.0
b4230,0.0,0.0,0.0,0.0,0.0,0.0,0.0,0.0,0.0,0.0
b4231,0.0,0.0,0.0,0.0,0.0,0.0,0.0,0.0,0.0,0.0
b4232,0.0,0.0,0.0,0.0,0.0,0.0,0.0,0.0,0.0,0.0
b4233,0.0,0.0,0.0,0.0,0.0,0.0,0.0,0.0,0.0,0.0
b4237,0.0,0.0,0.0,0.0,0.0,0.0,0.0,0.0,0.0,0.0
b4238,4.537278436037446e-07,4.269394362444244e-07,4.3153024003081524e-07,4.1862184519673176e-07,4.229480376433082e-07,4.530604662737899e-07,4.551952487948561e-07,3.482293183813993e-07,4.2543715448478795e-07,2.860461833223601e-07
b4239,0.0,0.0,0.0,0.0,0.0,0.0,0.0,0.0,0.0,0.0
b4240,0.0,0.0,0.0,0.0,0.0,0.0,0.0,0.0,0.0,0.0
b4242,0.0,0.0,0.0,0.0,0.0,0.0,0.0,0.0,0.0,0.0
b4244,0.0,0.0,0.0,0.0,0.0,0.0,0.0,0.0,0.0,0.0
b4245,1.839088627436409e-05,1.6536498225295986e-05,1.696904514316195e-05,1.6068709782421178e-05,1.615022829283245e-05,1.845460152533121e-05,1.85757049313491e-05,1.1404132825262685e-05,1.6149540345303458e-05,7.329708389589714e-06
b4254,1.945846017662852e-05,1.781268263593055e-05,1.7892477351190664e-05,1.727835811209595e-05,1.7609009715696035e-05,1.921420245593203e-05,1.932730397524246e-05,1.3110792870929417e-05,1.743424057805654e-05,8.995434527398168e-06
b4258,1.9357264954705882e-06,1.7964054536979332e-06,1.8113649402509797e-06,1.7519073561056306e-06,1.7513390806449556e-06,1.936712262121601e-06,1.9478234839503383e-06,1.3229931688723786e-06,1.7753559483047155e-06,9.613109758746144e-07
b4260,0.0,0.0,0.0,0.0,0.0,0.0,0.0,0.0,0.0,0.0
b4261,1.1703672521542989e-07,1.0766123021534315e-07,1.092798280876486e-07,1.0471521335907263e-07,1.0624971251810232e-07,1.1680510014451956e-07,1.1754568474164911e-07,7.898526559046587e-08,1.0713043357881974e-07,5.528195438561193e-08
b4262,1.1703672521542989e-07,1.0766123021534315e-07,1.092798280876486e-07,1.0471521335907263e-07,1.0624971251810232e-07,1.1680510014451956e-07,1.1754568474164911e-07,7.898526559046587e-08,1.0713043357881974e-07,5.528195438561193e-08
b4265,0.0,0.0,0.0,0.0,0.0,0.0,0.0,0.0,0.0,0.0
b4266,0.0,0.0,0.0,0.0,0.0,0.0,0.0,0.0,0.0,0.0
b4267,0.0,0.0,0.0,0.0,0.0,0.0,0.0,0.0,0.0,0.0
b4268,0.0,0.0,0.0,0.0,0.0,0.0,0.0,0.0,0.0,0.0
b4287,0.0,0.0,0.0,0.0,0.0,0.0,0.0,0.0,0.0,0.0
b4288,0.0,0.0,0.0,0.0,0.0,0.0,0.0,0.0,0.0,0.0
b4289,0.0,0.0,0.0,0.0,0.0,0.0,0.0,0.0,0.0,0.0
b4290,0.0,0.0,0.0,0.0,0.0,0.0,0.0,0.0,0.0,0.0
b4291,0.0,0.0,0.0,0.0,0.0,0.0,0.0,0.0,0.0,0.0
b4293,0.0,0.0,0.0,0.0,0.0,0.0,0.0,0.0,0.0,0.0
b4301,7.772239924845588e-06,1.425187298212527e-05,1.4444253674751902e-05,1.394600716321613e-05,1.4225853529313467e-05,1.537404518640302e-05,1.0011878865205253e-05,1.4896760037358771e-05,1.3965306217082879e-05,6.706449213282129e-06
b4311,0.0,0.0,0.0,0.0,0.0,0.0,0.0,0.0,0.0,0.0
b4321,0.0,0.0,0.0,0.0,0.0,0.0,0.0,0.0,0.0,0.0
b4322,0.0,0.0,0.0,0.0,0.0,0.0,0.0,0.0,0.0,0.0
b4323,0.0,0.0,0.0,0.0,0.0,0.0,0.0,0.0,0.0,0.0
b4356,0.0,0.0,0.0,0.0,0.0,0.0,0.0,0.0,0.0,0.0
b4358,0.0,0.0,0.0,0.0,0.0,0.0,0.0,0.0,0.0,0.0
b4367,0.0,0.0,0.0,0.0,0.0,0.0,0.0,0.0,0.0,0.0
b4371,5.131379845922182e-10,4.6091220050268055e-10,4.700493063494467e-10,4.4473877269687107e-10,4.528250677836266e-10,5.119887753616294e-10,5.161873697670994e-10,3.0994802555389207e-10,4.5746097401821017e-10,1.9644249408787628e-10
b4374,2.40726968038725e-10,0.0,0.0,0.0,1.9597804494301316e-10,0.0,0.0,0.0,2.0344121891472226e-10,0.0
b4375,1.0665119925384135e-07,9.834622924721372e-08,9.970750154919704e-08,9.643369172388491e-08,9.713376450436235e-08,1.0670947037142031e-07,1.0727333208302715e-07,7.08694854530299e-08,9.799847542243922e-08,4.967333343857551e-08
b4381,0.0,0.0,0.0,0.0,0.0,0.0,0.0,0.0,0.0,0.0
b4382,0.0,0.0,0.0,0.0,0.0,0.0,0.0,0.0,0.0,0.0
b4383,0.0,0.0,0.0,0.0,0.0,0.0,0.0,0.0,0.0,0.0
b4384,3.009494799953096e-10,0.0,0.0,0.0,2.4500574736856813e-10,0.0,0.0,0.0,2.5433597880960495e-10,0.0
b4386,0.0,0.0,0.0,0.0,0.0,0.0,0.0,0.0,0.0,0.0
b4388,2.973657854026391e-07,2.8177290543363996e-07,2.861577036200969e-07,2.740345758800984e-07,2.5638538110076675e-07,3.0664342132966503e-07,3.0883907180626093e-07,2.064376369724598e-07,2.597503456445718e-07,1.4315055969477975e-07
b4390,0.0,0.0,0.0,0.0,0.0,0.0,0.0,0.0,0.0,0.0
b4392,0.0,0.0,0.0,0.0,0.0,0.0,0.0,0.0,0.0,0.0
b4394,0.0,0.0,0.0,0.0,0.0,0.0,0.0,0.0,0.0,0.0
b4395,5.9769527093656905e-05,6.622852222358424e-05,6.522130879644193e-05,6.24974160446982e-05,4.298191670071635e-05,6.962232588268498e-05,6.37966945541979e-05,3.961552939803782e-05,2.9262210734627392e-05,1.4950112215329737e-05
